InvoiceNo,OrderDate,CustomerKey,ProductKey,SalespersonKey,Quantity,UnitPrice,DiscountPct,GrossSales,NetSales,PaymentMethod,SalesChannel,OrderStatus,CustomerType
INV200001,19/10/2025,C0077,P0014,S010,5,18086.95,0.05,90434.75,85913.01,UPI ,ONLINE,Completed, repeat 
INV200002,19/09/2025,C0007,P0020,S001,4,539.69,0.0,2158.76,2158.76,UPI,Retail Store,Returned,Returning
INV200003,17/06/2025,C0118,P0026,S010,3,320.43,0.1,961.29,865.16,Wallet,Retail Store,Completed,New
INV200004,12/11/2025,C0028,P0001,S001,10,82882.52,0.0,828825.2,828825.2,Bank Transfer,Online,Completed,Repeat
INV200005,15/07/2025,C0146,P0011,S002,1,7158.64,0.05,7158.64,6800.71,UPI,Retail Store,Completed,New
INV200006,24/05/2025,C0107,P0002,S005,1,82156.45,0.0,82156.45,82156.45,Bank Transfer,Retail Store,Completed,New
INV200007,22/11/2025,C0175,P0002,S008,3,79584.49,0.0,238753.47,238753.47,UPI,Retail Store,Cancelled,Returning
INV200008,13/10/2025,C0070,P0018,S001,10,4889.91,0.1,48899.1,44009.19,UPI,Online,Completed,Repeat
INV200009,14/12/2025,C0097,P0002,S001,8,89329.49,0.1,714635.92,643172.33,Cash,Online,Completed,Returning
INV200010,23/01/2025,C0169,P0005,S005,5,9654.76,0.2,48273.8,38619.04,Bank Transfer,Online,Completed,New
INV200011,01/05/2025,C0177,P0029,S001,1,4733.05,0.15,4733.05,4023.09,Cash,Distributor,Returned,New
INV200012,25/01/2025,C0074,P0024,S002,10,491.3,0.05,4913.0,4667.35,Cash,Distributor,Completed,Repeat
INV200013,04/12/2025,C0096,P0010,S006,6,4991.37,0.1,29948.22,26953.4,Cash,Retail Store,Returned,Repeat
INV200014,30/05/2025,C0038,P0032,S009,7,2796.6,0.05,19576.2,18597.39,Credit Card,Distributor,Completed,New
INV200015,20/06/2025,C0092,P0030,S008,9,1857.46,0.2,16717.14,13373.71,Credit Card,Retail Store,Cancelled,Returning
INV200016,16/03/2025,C0154,P0022,S009,3,387.51,0.15,1162.53,988.15,UPI,Distributor,Returned,New
INV200017,03/08/2025,C0029,P0033,S009,1,706.42,0.15,706.42,600.46,Credit Card,Retail Store,Cancelled,Returning
INV200018,26/03/2025,C0059,P0022,S008,2,426.49,0.05,852.98,810.33,Bank Transfer,Distributor,Returned,Returning
INV200019,03/12/2025,C0101,P0015,S010,6,24090.85,0.2,144545.1,115636.08,Credit Card,Online,Returned,New
INV200020,22/12/2025,C0049,P0001,S009,2,73940.79,0.1,147881.58,133093.42,Credit Card,Distributor,Completed,New
INV200021,27/07/2025,C0078,P0014,S009,2,16805.41,0.0,33610.82,33610.82,Credit Card,Retail Store,Completed,New
INV200022,06/04/2025,C0175,P0005,S002,5,10386.08,0.1,51930.4,46737.36,Cash,Retail Store,Returned,New
INV200023,24/12/2025,C0153,P0020,S006,7,486.47,0.05,3405.29,3235.03,Cash,Distributor,Cancelled,Repeat
INV200024,22/11/2025,C0158,P0003,S008,1,48028.72,0.1,48028.72,43225.85,Credit Card,Retail Store,Returned,Repeat
INV200025,03/10/2025,C0026,P0028,S010,10,5774.02,0.05,57740.2,54853.19,Cash,Online,Returned,New
INV200026,07/09/2025,C0023,P0031,S005,9,939.84,0.0,8458.56,8458.56,Credit Card,Retail Store,Returned,Returning
INV200027,22/06/2025,C0062,P0031,S001,6,1015.51,0.05,6093.06,5788.41,Cash,Online,Cancelled,Repeat
INV200028,18/02/2025,C0003,P0009,S010,1,5309.39,0.15,5309.39,4512.98,Wallet,Online,Returned,Repeat
INV200029,23/12/2025,C0145,P0025,S009,1,418.59,0.05,418.59,397.66,Wallet,Retail Store,Completed,Repeat
INV200030,31/05/2025,C0042,P0003,S005,10,48876.2,0.05,488762.0,464323.9,UPI,Online,Completed,Repeat
INV200031,06/09/2025,C0064,P0001,S007,3,72680.32,0.1,218040.96,196236.86,UPI,Online,Completed,Returning
INV200032,26/10/2025,C0127,P0015,S008,2,23137.99,0.0,46275.98,46275.98,UPI,Distributor,Cancelled,Returning
INV200033,13/01/2025,C0113,P0032,S006,7,2691.18,0.0,18838.26,18838.26,Bank Transfer,Distributor,Cancelled,New
INV200034,03/08/2025,C0122,P0003,S005,7,51054.76,0.15,357383.32,303775.82,Credit Card,Online,Completed,Repeat
INV200035,07/12/2025,C0092,P0031,S007,9,1072.55,0.0,9652.95,9652.95,UPI,Online,Completed,New
INV200036,14/02/2025,C0147,P0012,S004,8,18631.9,0.2,149055.2,119244.16,Bank Transfer,Distributor,Completed,Repeat
INV200037,04/02/2025,C0169,P0012,S010,7,17425.44,0.0,121978.08,121978.08,UPI,Online,Completed,Repeat
INV200038,10/03/2025,C0180,P0026,S001,6,321.97,0.0,1931.82,1931.82,Credit Card,Online,Cancelled,Returning
INV200039,17/05/2025,C0150,P0001,S005,3,83679.91,0.05,251039.73,238487.74,Cash,Online,Completed,Returning
INV200040,01/09/2025,C0123,P0031,S004,2,988.96,0.0,1977.92,1977.92,Wallet,Online,Completed,Returning
INV200041,07/03/2025,C0131,P0010,S002,8,5678.83,0.15,45430.64,38616.04,Credit Card,Distributor,Completed,New
INV200042,17/11/2025,C0106,P0024,S004,5,459.9,0.1,2299.5,2069.55,Cash,Online,Completed,Repeat
INV200043,15/01/2025,C0050,P0024,S007,8,521.39,0.15,4171.12,3545.45,UPI,Distributor,Completed,Repeat
INV200044,11/11/2025,C0131,P0027,S003,4,1905.02,0.15,7620.08,6477.07,Cash,Online,Returned,Returning
INV200045,16/01/2025,C0107,P0005,S009,2,10294.07,0.2,20588.14,16470.51,UPI,Distributor,Completed,Repeat
INV200046,23/05/2025,C0101,P0018,S008,6,5540.16,0.05,33240.96,31578.91,Wallet,Retail Store,Completed,Repeat
INV200047,19/09/2025,C0125,P0025,S010,9,419.88,0.2,3778.92,3023.14,Wallet,Online,Returned,Repeat
INV200048,16/02/2025,C0178,P0032,S006,9,2652.83,0.15,23875.47,20294.15,Credit Card,Retail Store,Completed,Repeat
INV200049,28/05/2025,C0153,P0033,S004,6,803.37,0.05,4820.22,4579.21,Wallet,Online,Completed,Repeat
INV200050,09/04/2025,C0086,P0027,S005,5,1875.43,0.15,9377.15,7970.58,UPI,Distributor,Completed,Returning
INV200051,01/06/2025,C0049,P0024,S009,9,471.36,0.05,4242.24,4030.13,Cash,Distributor,Cancelled,New
INV200052,02/03/2025,C0075,P0016,S004,10,22056.52,0.2,220565.2,176452.16,UPI,Distributor,Returned,Repeat
INV200053,06/05/2025,C0101,P0031,S005,10,1013.06,0.1,10130.6,9117.54,UPI,Retail Store,Cancelled,New
INV200054,10/05/2025,C0032,P0025,S009,7,384.29,0.0,2690.03,2690.03,Bank Transfer,Retail Store,Returned,Returning
INV200055,26/10/2025,C0071,P0033,S010,7,725.96,0.0,5081.72,5081.72,Cash,Distributor,Returned,Returning
INV200056,25/02/2025,C0122,P0028,S007,6,5076.4,0.0,30458.4,30458.4,Credit Card,Retail Store,Completed,New
INV200057,05/02/2025,C0072,P0007,S009,9,27235.18,0.05,245116.62,232860.79,Credit Card,Distributor,Returned,New
INV200058,21/01/2025,C0170,P0004,S001,2,78251.24,0.05,156502.48,148677.36,Bank Transfer,Retail Store,Returned,New
INV200059,29/04/2025,C0057,P0018,S009,6,4964.29,0.0,29785.74,29785.74,Wallet,Distributor,Completed,New
INV200060,29/03/2025,C0099,P0014,S009,10,19515.25,0.0,195152.5,195152.5,Credit Card,Distributor,Cancelled,Repeat
INV200061,06/09/2025,C0032,P0007,S004,7,27766.24,0.0,194363.68,194363.68,Wallet,Online,Completed,New
INV200062,24/05/2025,C0028,P0001,S004,5,79401.11,0.1,397005.55,357304.99,Wallet,Retail Store,Returned,New
INV200063,29/04/2025,C0026,P0006,S007,8,12803.99,0.1,102431.92,92188.73,Cash,Distributor,Returned,New
INV200064,05/10/2025,C0070,P0014,S008,7,17733.32,0.15,124133.24,105513.25,Credit Card,Retail Store,Cancelled,Returning
INV200065,18/07/2025,C0114,P0014,S006,3,16962.16,0.2,50886.48,40709.18,Cash,Online,Returned,New
INV200066,22/04/2025,C0081,P0023,S007,5,83.98,0.0,419.9,419.9,UPI,Retail Store,Cancelled,Repeat
INV200067,13/01/2025,C0176,P0016,S002,8,21954.99,0.2,175639.92,140511.94,Cash,Distributor,Completed,Repeat
INV200068,15/07/2025,C0006,P0032,S007,8,2433.27,0.1,19466.16,17519.54,Bank Transfer,Retail Store,Completed,Repeat
INV200069,07/07/2025,C0067,P0031,S003,3,1064.01,0.0,3192.03,3192.03,Wallet,Distributor,Cancelled,New
INV200070,19/01/2025,C0098,P0024,S001,4,511.15,0.0,2044.6,2044.6,UPI,Online,Cancelled,Returning
INV200071,11/10/2025,C0013,P0017,S002,9,13772.9,0.05,123956.1,117758.29,Bank Transfer,Online,Returned,Repeat
INV200072,06/04/2025,C0059,P0027,S005,3,1766.96,0.15,5300.88,4505.75,Credit Card,Distributor,Completed,Returning
INV200073,02/12/2025,C0046,P0019,S009,8,233.31,0.1,1866.48,1679.83,UPI,Online,Completed,Returning
INV200074,31/12/2025,C0020,P0005,S002,5,9739.67,0.0,48698.35,48698.35,Cash,Distributor,Completed,Returning
INV200075,02/04/2025,C0040,P0012,S004,1,18242.19,0.05,18242.19,17330.08,Bank Transfer,Distributor,Completed,Returning
INV200076,16/09/2025,C0015,P0026,S003,3,319.86,0.0,959.58,959.58,UPI,Online,Cancelled,Repeat
INV200077,21/10/2025,C0072,P0030,S004,8,2028.92,0.0,16231.36,16231.36,UPI,Online,Cancelled,New
INV200078,04/02/2025,C0097,P0009,S001,5,5381.78,0.1,26908.9,24218.01,Cash,Distributor,Returned,Returning
INV200079,05/10/2025,C0104,P0030,S009,6,1987.23,0.15,11923.38,10134.87,Cash,Retail Store,Cancelled,Repeat
INV200080,27/03/2025,C0129,P0032,S003,1,2426.59,0.0,2426.59,2426.59,Bank Transfer,Retail Store,Completed,Returning
INV200081,31/07/2025,C0098,P0025,S005,6,400.68,0.0,2404.08,2404.08,UPI,Online,Completed,Repeat
INV200082,23/11/2025,C0038,P0029,S010,3,4703.13,0.2,14109.39,11287.51,Cash,Online,Completed,New
INV200083,27/04/2025,C0113,P0017,S008,7,14349.72,0.1,100448.04,90403.24,Bank Transfer,Online,Returned,New
INV200084,01/08/2025,C0014,P0016,S003,2,20526.89,0.05,41053.78,39001.09,Bank Transfer,Retail Store,Returned,Returning
INV200085,10/08/2025,C0020,P0019,S006,9,218.64,0.15,1967.76,1672.6,Cash,Online,Completed,Repeat
INV200086,10/04/2025,C0080,P0033,S003,1,711.5,0.0,711.5,711.5,Wallet,Retail Store,Completed,New
INV200087,18/09/2025,C0056,P0024,S001,8,481.62,0.1,3852.96,3467.66,Wallet,Retail Store,Completed,Returning
INV200088,17/06/2025,C0073,P0024,S001,9,464.94,0.15,4184.46,3556.79,Cash,Retail Store,Returned,Returning
INV200089,19/01/2025,C0171,P0033,S002,3,733.73,0.1,2201.19,1981.07,Cash,Distributor,Completed,New
INV200090,14/03/2025,C0051,P0006,S010,7,13333.5,0.05,93334.5,88667.77,Credit Card,ONLINE,Completed,New
INV200091,10/03/2025,C0050,P0027,S010,4,1989.53,0.1,7958.12,7162.31,UPI,Retail Store,Cancelled,Returning
INV200092,11/05/2025,C0054,P0001,S002,3,75460.56,0.0,226381.68,226381.68,Cash,Online,Completed,Repeat
INV200093,26/03/2025,C0173,P0032,S002,2,2587.51,0.2,5175.02,4140.02,Bank Transfer,Distributor,Completed,Repeat
INV200094,13/05/2025,C0148,P0022,S006,9,422.27,0.0,3800.43,3800.43,Wallet,Distributor,Completed,Returning
INV200095,06/05/2025,C0058,P0002,S007,8,82510.81,0.05,660086.48,627082.16,Wallet,Retail Store,Returned,Returning
INV200096,27/07/2025,C0014,P0020,S005,2,514.76,0.0,1029.52,1029.52,UPI,Online,Returned,New
INV200097,20/02/2025,C0179,P0033,S006,7,742.14,0.2,5194.98,4155.98,Wallet,Retail Store,Completed,New
INV200098,05/05/2025,C0042,P0031,S002,6,996.66,0.0,5979.96,5979.96,Cash,Online,Returned,Repeat
INV200099,16/01/2025,C0086,P0024,S002,5,493.69,0.0,2468.45,2468.45,Cash,Retail Store,Cancelled,New
INV200100,27/07/2025,C0111,P0016,S005,4,21969.84,0.15,87879.36,74697.46,Bank Transfer,Online,Cancelled,Repeat
INV200101,31/10/2025,C0097,P0006,S002,2,14205.41,0.0,28410.82,28410.82,Credit Card,Online,Cancelled,Repeat
INV200102,10/09/2025,C0024,P0010,S001,1,4994.41,0.1,4994.41,4494.97,UPI,Retail Store,Completed,Returning
INV200103,18/12/2025,C0180,P0023,S010,2,76.84,0.0,153.68,153.68,Bank Transfer,Retail Store,Completed,New
INV200104,26/10/2025,C0022,P0003,S010,1,51747.11,0.0,51747.11,51747.11,Cash,Retail Store,Completed,Repeat
INV200105,31/10/2025,C0075,P0005,S010,5,9012.73,0.0,45063.65,45063.65,Wallet,Retail Store,Completed,Returning
INV200106,25/12/2025,C0132,P0007,S008,10,29837.61,0.0,298376.1,298376.1,Credit Card,Retail Store,Completed,Returning
INV200107,25/03/2025,C0178,P0031,S008,6,975.84,0.15,5855.04,4976.78,Cash,Retail Store,Completed,Repeat
INV200108,08/12/2025,C0084,P0014,S004,8,18783.95,0.0,150271.6,150271.6,Credit Card,Online,Completed,Returning
INV200109,02/03/2025,C0038,P0007,S008,3,29993.94,0.0,89981.82,89981.82,Bank Transfer,Retail Store,Completed,Returning
INV200110,03/05/2025,C0124,P0028,S007,2,5531.95,0.2,11063.9,8851.12,Wallet,Distributor,Cancelled,Repeat
INV200111,30/12/2025,C0054,P0031,S001,6,989.43,0.0,5936.58,5936.58,Bank Transfer,Online,Completed,New
INV200112,10/05/2025,C0100,P0012,S008,8,18549.14,0.2,148393.12,118714.5,Bank Transfer,Retail Store,Completed,Repeat
INV200113,29/12/2025,C0109,P0021,S010,3,294.11,0.0,882.33,882.33,UPI,Retail Store,Returned,New
INV200114,07/09/2025,C0086,P0010,S001,3,5276.85,0.0,15830.55,15830.55,Cash,Retail Store,Completed,Returning
INV200115,03/04/2025,C0107,P0003,S001,6,48213.34,0.2,289280.04,231424.03,Wallet,Retail Store,Completed,New
INV200116,23/02/2025,C0124,P0033,S004,4,734.02,0.0,2936.08,2936.08,Wallet,Retail Store,Cancelled,Repeat
INV200117,28/09/2025,C0152,P0013,S007,1,5187.89,0.1,5187.89,4669.1,Wallet,Distributor,Completed,Returning
INV200118,22/08/2025,C0012,P0019,S006,1,222.58,0.1,222.58,200.32,Credit Card,Retail Store,Returned,Repeat
INV200119,08/11/2025,C0147,P0015,S006,10,24252.31,0.0,242523.1,242523.1,Bank Transfer,Distributor,Completed,New
INV200120,09/12/2025,C0149,P0017,S007,5,13945.29,0.0,69726.45,69726.45,Credit Card,Online,Returned,New
INV200121,23/07/2025,C0001,P0028,S001,2,5417.31,0.05,10834.62,10292.89,Wallet,Retail Store,Completed,Returning
INV200122,24/11/2025,C0079,P0004,S008,10,73100.91,0.0,731009.1,731009.1,Wallet,Retail Store,Completed,New
INV200123,19/07/2025,C0144,P0022,S003,9,391.51,0.2,3523.59,2818.87,Cash,Online,Completed,Returning
INV200124,06/05/2025,C0123,P0002,S002,3,87979.67,0.2,263939.01,211151.21,UPI,Distributor,Completed,Returning
INV200125,12/05/2025,C0107,P0011,S007,4,7096.95,0.2,28387.8,22710.24,Credit Card,Retail Store,Completed,Returning
INV200126,21/12/2025,C0141,P0005,S002,3,10234.21,0.0,30702.63,30702.63,Credit Card,Online,Completed,Repeat
INV200127,02/04/2025,C0030,P0029,S006,2,4683.18,0.15,9366.36,7961.41,Wallet,Retail Store,Cancelled,New
INV200128,04/09/2025,C0172,P0018,S002,6,5133.81,0.0,30802.86,30802.86,UPI ,Online,Cancelled,Repeat
INV200129,10/01/2025,C0159,P0006,S002,3,13220.02,0.0,39660.06,39660.06,Wallet,Distributor,Cancelled,New
INV200130,03/09/2025,C0162,P0023,S001,6,84.99,0.1,509.94,458.95,Cash,Online,Cancelled,Repeat
INV200131,19/04/2025,C0043,P0013,S010,8,5020.68,0.15,40165.44,34140.62,Credit Card,Distributor,Completed,Returning
INV200132,11/09/2025,C0143,P0030,S007,6,1921.72,0.2,11530.32,9224.26,Credit Card,Online,Returned,New
INV200133,02/01/2025,C0147,P0023,S001,6,79.09,0.2,474.54,379.63,Credit Card,Retail Store,Returned,New
INV200134,10/03/2025,C0025,P0008,S010,3,2540.92,0.1,7622.76,6860.48,Wallet,Distributor,Completed,New
INV200135,16/11/2025,C0009,P0021,S004,5,292.02,0.15,1460.1,1241.08,Bank Transfer,Online,Completed,New
INV200136,03/06/2025,C0171,P0009,S005,7,5169.03,0.0,36183.21,36183.21,Cash,Online,Cancelled,Repeat
INV200137,08/02/2025,C0128,P0020,S005,7,471.58,0.0,3301.06,3301.06,Bank Transfer,Retail Store,Completed,Returning
INV200138,17/02/2025,C0036,P0007,S006,2,31161.07,0.0,62322.14,62322.14,Bank Transfer,Retail Store,Completed,New
INV200139,23/10/2025,C0055,P0006,S004,1,13153.59,0.05,13153.59,12495.91,Wallet,Distributor,Completed,Returning
INV200140,09/10/2025,C0148,P0020,S009,5,542.55,0.0,2712.75,2712.75,Credit Card,Retail Store,Returned,New
INV200141,03/12/2025,C0086,P0018,S001,3,4916.01,0.0,14748.03,14748.03,Wallet,Online,Completed,Repeat
INV200142,22/01/2025,C0121,P0024,S007,9,476.1,0.0,4284.9,4284.9,Wallet,Distributor,Completed,New
INV200143,21/06/2025,C0044,P0012,S010,2,18123.0,0.2,36246.0,28996.8,Cash,Online,Completed,New
INV200144,16/12/2025,C0131,P0016,S007,1,21026.11,0.2,21026.11,16820.89,Bank Transfer,Distributor,Completed,Repeat
INV200145,08/10/2025,C0061,P0004,S007,4,74645.64,0.15,298582.56,253795.18,UPI,Distributor,Completed,Repeat
INV200146,11/03/2025,C0104,P0027,S010,5,1822.32,0.05,9111.6,8656.02,Credit Card,Distributor,Returned,Repeat
INV200147,28/11/2025,C0155,P0032,S001,2,2642.15,0.1,5284.3,4755.87,Bank Transfer,Distributor,Completed,Returning
INV200148,05/04/2025,C0165,P0008,S004,3,2356.12,0.2,7068.36,5654.69,UPI,Distributor,Completed,Returning
INV200149,06/02/2025,C0176,P0026,S003,4,345.08,0.05,1380.32,1311.3,Wallet,Online,Completed,Returning
INV200150,26/02/2025,C0179,P0001,S007,2,74718.26,0.05,149436.52,141964.69,UPI,Online,Completed,Repeat
INV200151,16/06/2025,C0106,P0025,S009,5,423.71,0.1,2118.55,1906.69,UPI,Online,Returned,Repeat
INV200152,07/04/2025,C0171,P0016,S008,8,20739.44,0.05,165915.52,157619.74,Bank Transfer,Online,Returned,Repeat
INV200153,23/03/2025,C0016,P0004,S008,9,69259.21,0.05,623332.89,592166.25,Credit Card,Retail Store,Completed,Repeat
INV200154,24/05/2025,C0046,P0028,S001,8,5012.24,0.15,40097.92,34083.23,Cash,Retail Store,Completed,Returning
INV200155,25/04/2025,C0116,P0013,S005,8,4651.26,0.1,37210.08,33489.07,Cash,Online,Returned,New
INV200156,09/01/2025,C0061,P0032,S007,4,2608.38,0.15,10433.52,8868.49,UPI,Online,Completed,Returning
INV200157,09/07/2025,C0134,P0017,S002,5,13913.62,0.2,69568.1,55654.48,Bank Transfer,Distributor,Returned,New
INV200158,02/02/2025,C0146,P0007,S004,5,30396.82,0.05,151984.1,144384.89,Wallet,Distributor,Cancelled,Returning
INV200159,04/04/2025,C0161,P0032,S009,1,2795.45,0.0,2795.45,2795.45,Bank Transfer,Distributor,Cancelled,Repeat
INV200160,18/10/2025,C0088,P0001,S008,4,73490.58,0.0,293962.32,293962.32,Bank Transfer,Distributor,Returned,Repeat
INV200161,23/12/2025,C0070,P0013,S007,10,4878.73,0.15,48787.3,41469.2,Credit Card,Retail Store,Returned,Returning
INV200162,11/04/2025,C0063,P0021,S001,6,276.44,0.05,1658.64,1575.71,UPI,Distributor,Completed,Repeat
INV200163,27/04/2025,C0111,P0002,S002,2,90218.3,0.15,180436.6,153371.11,UPI,Retail Store,Completed,New
INV200164,28/08/2025,C0106,P0005,S002,9,10025.59,0.1,90230.31,81207.28,UPI,Distributor,Completed,New
INV200165,09/07/2025,C0025,P0003,S005,1,48736.98,0.15,48736.98,41426.43,Bank Transfer,Distributor,Cancelled,Repeat
INV200166,18/04/2025,C0024,P0022,S004,10,384.48,0.0,3844.8,3844.8,Bank Transfer,Distributor,Cancelled,Returning
INV200167,19/11/2025,C0062,P0003,S008,5,46821.25,0.15,234106.25,198990.31,Credit Card,Retail Store,Completed,Repeat
INV200168,19/06/2025,C0026,P0006,S009,10,14484.51,0.0,144845.1,144845.1,Bank Transfer,Online,Returned,Returning
INV200169,28/06/2025,C0092,P0029,S009,3,4663.7,0.0,13991.1,13991.1,Wallet,Online,Completed,New
INV200170,30/03/2025,C0041,P0015,S001,3,25731.12,0.0,77193.36,77193.36,UPI,Online,Completed,Repeat
INV200171,01/02/2025,C0170,P0029,S004,10,4155.27,0.0,41552.7,41552.7,UPI,Retail Store,Completed,Returning
INV200172,10/08/2025,C0040,P0005,S003,8,8923.89,0.1,71391.12,64252.01,Bank Transfer,Online,Cancelled,New
INV200173,17/12/2025,C0108,P0007,S002,3,26983.99,0.0,80951.97,80951.97,Cash,Online,Returned,New
INV200174,25/12/2025,C0043,P0018,S009,9,5283.22,0.2,47548.98,38039.18,Wallet,Distributor,Completed, repeat 
INV200175,22/03/2025,C0153,P0014,S008,7,18515.33,0.0,129607.31,129607.31,Cash,Retail Store,Completed,Repeat
INV200176,07/11/2025,C0055,P0002,S004,7,83153.89,0.05,582077.23,552973.37,Wallet,Retail Store,Completed,Returning
INV200177,01/03/2025,C0178,P0009,S001,4,5528.68,0.2,22114.72,17691.78,Credit Card,Distributor,Returned,Repeat
INV200178,29/11/2025,C0149,P0009,S001,9,5390.47,0.0,48514.23,48514.23,UPI,Online,Completed,New
INV200179,18/09/2025,C0156,P0005,S004,9,9041.6,0.15,81374.4,69168.24,Wallet,ONLINE,Completed,Repeat
INV200180,14/05/2025,C0086,P0009,S003,1,5348.88,0.1,5348.88,4813.99,UPI,Online,Completed,Returning
INV200181,22/11/2025,C0023,P0010,S010,8,5200.46,0.0,41603.68,41603.68,Wallet,Online,Completed,Repeat
INV200182,26/03/2025,C0175,P0018,S006,1,5480.57,0.0,5480.57,5480.57,Credit Card,Distributor,Completed,Returning
INV200183,16/01/2025,C0022,P0021,S003,10,259.16,0.0,2591.6,2591.6,UPI,Retail Store,Completed,Repeat
INV200184,03/10/2025,C0166,P0024,S001,10,512.11,0.0,5121.1,5121.1,Bank Transfer,Retail Store,Returned,Returning
INV200185,28/02/2025,C0130,P0019,S005,5,204.87,0.0,1024.35,1024.35,UPI,Distributor,Cancelled,Returning
INV200186,02/09/2025,C0074,P0032,S009,2,2469.22,0.0,4938.44,4938.44,Bank Transfer,Distributor,Cancelled,New
INV200187,10/06/2025,C0098,P0031,S001,9,1001.76,0.1,9015.84,8114.26,Credit Card,Distributor,Completed,New
INV200188,05/12/2025,C0067,P0016,S007,6,20417.79,0.2,122506.74,98005.39,Bank Transfer,Distributor,Cancelled,Repeat
INV200189,29/09/2025,C0039,P0026,S007,10,307.86,0.0,3078.6,3078.6,UPI,Retail Store,Cancelled,New
INV200190,14/06/2025,C0095,P0004,S006,5,76021.3,0.0,380106.5,380106.5,Cash,Distributor,Completed,Returning
INV200191,21/01/2025,C0161,P0031,S001,7,965.2,0.0,6756.4,6756.4,Wallet,Distributor,Cancelled,Repeat
INV200192,13/11/2025,C0091,P0002,S010,9,79763.41,0.0,717870.69,717870.69,Credit Card,Retail Store,Completed,New
INV200193,20/07/2025,C0065,P0008,S009,9,2341.79,0.2,21076.11,16860.89,Bank Transfer,Distributor,Completed,Returning
INV200194,31/08/2025,C0128,P0016,S009,4,21680.41,0.1,86721.64,78049.48,UPI,Distributor,Completed,Repeat
INV200195,18/05/2025,C0063,P0010,S002,3,5181.89,0.2,15545.67,12436.54,Bank Transfer,Distributor,Completed,Returning
INV200196,20/10/2025,C0166,P0020,S007,5,471.14,0.0,2355.7,2355.7,Cash,Distributor,Completed,Repeat
INV200197,28/09/2025,C0111,P0014,S002,5,16976.16,0.05,84880.8,80636.76,Credit Card,Retail Store,Completed,Returning
INV200198,19/07/2025,C0041,P0023,S006,5,77.12,0.0,385.6,385.6,UPI,Distributor,Completed,Repeat
INV200199,06/10/2025,C0175,P0012,S005,4,15944.06,0.2,63776.24,51020.99,Credit Card,Retail Store,Returned,Repeat
INV200200,30/07/2025,C0072,P0019,S009,10,219.62,0.15,2196.2,1866.77,Credit Card,Online,Completed,Repeat
INV200201,04/05/2025,C0143,P0033,S009,3,733.9,0.05,2201.7,2091.61,UPI,Retail Store,Cancelled,Returning
INV200202,01/02/2025,C0173,P0022,S001,5,420.38,0.2,2101.9,1681.52,Bank Transfer,Online,Completed,New
INV200203,17/04/2025,C0091,P0013,S009,5,4686.37,0.15,23431.85,19917.07,Credit Card,Retail Store,Completed,New
INV200204,22/02/2025,C0024,P0007,S010,8,28806.19,0.15,230449.52,195882.09,Credit Card,Distributor,Completed,Returning
INV200205,12/04/2025,C0062,P0006,S004,8,12769.96,0.0,102159.68,102159.68,Bank Transfer,Online,Completed,Repeat
INV200206,18/01/2025,C0020,P0006,S010,9,14123.39,0.1,127110.51,114399.46,Bank Transfer,Retail Store,Completed,Repeat
INV200207,14/09/2025,C0105,P0001,S001,3,82420.67,0.0,247262.01,247262.01,Credit Card,Distributor,Completed,Repeat
INV200208,01/08/2025,C0029,P0009,S010,9,5137.93,0.0,46241.37,46241.37,Cash,Retail Store,Returned,Returning
INV200209,26/12/2025,C0128,P0017,S005,10,14899.2,0.0,148992.0,148992.0,Cash,Online,Cancelled,Returning
INV200210,20/04/2025,C0101,P0024,S010,6,525.31,0.0,3151.86,3151.86,Credit Card,Retail Store,Cancelled,New
INV200211,05/03/2025,C0135,P0019,S002,9,209.81,0.05,1888.29,1793.88,Cash,Distributor,Returned,Repeat
INV200212,14/01/2025,C0151,P0009,S007,4,5626.97,0.0,22507.88,22507.88,UPI,Online,Cancelled,Returning
INV200213,16/09/2025,C0038,P0005,S004,8,9431.6,0.05,75452.8,71680.16,Cash,Online,Completed,Repeat
INV200214,19/01/2025,C0179,P0019,S003,9,216.18,0.15,1945.62,1653.78,Credit Card,Retail Store,Completed,Repeat
INV200215,02/05/2025,C0127,P0026,S007,7,298.12,0.2,2086.84,1669.47,Credit Card,Online,Completed,Repeat
INV200216,10/01/2025,C0011,P0013,S001,9,4722.11,0.0,42498.99,42498.99,Cash,Distributor,Completed,New
INV200217,17/07/2025,C0040,P0030,S002,6,1872.72,0.2,11236.32,8989.06,UPI,Online,Completed,Repeat
INV200218,02/07/2025,C0014,P0028,S009,9,5331.97,0.0,47987.73,47987.73,Credit Card,Retail Store,Returned,Repeat
INV200219,15/10/2025,C0165,P0010,S010,4,5545.3,0.15,22181.2,18854.02,Bank Transfer,Distributor,Completed,New
INV200220,04/05/2025,C0078,P0001,S009,8,76427.75,0.0,611422.0,611422.0,UPI,Retail Store,Cancelled,Returning
INV200221,28/09/2025,C0035,P0027,S001,4,1942.65,0.0,7770.6,7770.6,Wallet,Distributor,Completed,New
INV200222,22/02/2025,C0171,P0024,S008,1,520.27,0.15,520.27,442.23,Wallet,Retail Store,Cancelled,Returning
INV200223,29/12/2025,C0017,P0019,S005,10,234.71,0.0,2347.1,2347.1,Cash,Retail Store,Cancelled,New
INV200224,26/07/2025,C0154,P0027,S010,10,2010.83,0.1,20108.3,18097.47,Bank Transfer,Distributor,Cancelled,Returning
INV200225,13/12/2025,C0174,P0030,S002,9,1851.46,0.05,16663.14,15829.98,Bank Transfer,Distributor,Returned,Returning
INV200226,19/10/2025,C0064,P0010,S006,10,5092.85,0.0,50928.5,50928.5,Wallet,Retail Store,Cancelled,Returning
INV200227,10/04/2025,C0045,P0013,S002,3,4670.42,0.0,14011.26,14011.26,UPI,Retail Store,Returned,Returning
INV200228,14/10/2025,C0015,P0027,S010,1,1890.35,0.15,1890.35,1606.8,Cash,Distributor,Completed,Repeat
INV200229,02/08/2025,C0008,P0029,S003,4,4536.32,0.05,18145.28,17238.02,UPI,Distributor,Cancelled,New
INV200230,16/06/2025,C0172,P0024,S004,9,507.21,0.0,4564.89,4564.89,Wallet,Online,Completed,New
INV200231,26/06/2025,C0105,P0008,S003,10,2516.42,0.15,25164.2,21389.57,Credit Card,Distributor,Completed,Repeat
INV200232,30/10/2025,C0092,P0010,S007,5,5505.03,0.0,27525.15,27525.15,Cash,Distributor,Returned,Repeat
INV200233,28/07/2025,C0162,P0005,S004,1,9659.03,0.15,9659.03,8210.18,Cash,Online,Completed,New
INV200234,28/09/2025,C0081,P0022,S002,5,429.47,0.0,2147.35,2147.35,Cash,Distributor,Completed,New
INV200235,28/10/2025,C0080,P0033,S005,1,794.36,0.0,794.36,794.36,UPI,Retail Store,Completed,New
INV200236,04/01/2025,C0171,P0033,S007,10,803.39,0.1,8033.9,7230.51,Cash,Online,Completed,New
INV200237,18/07/2025,C0129,P0013,S002,2,4592.3,0.2,9184.6,7347.68,Wallet,Retail Store,Completed,New
INV200238,03/02/2025,C0097,P0004,S010,5,70296.78,0.0,351483.9,351483.9,Wallet,Online,Completed,New
INV200239,21/08/2025,C0105,P0012,S009,4,18501.84,0.15,74007.36,62906.26,Cash,Distributor,Completed,New
INV200240,08/07/2025,C0057,P0018,S005,1,5207.34,0.1,5207.34,4686.61,Wallet,Retail Store,Returned,New
INV200241,30/01/2025,C0115,P0009,S007,7,5039.91,0.2,35279.37,28223.5,UPI,Retail Store,Completed,Returning
INV200242,17/02/2025,C0126,P0031,S007,1,1017.57,0.0,1017.57,1017.57,Wallet,Online,Completed,New
INV200243,23/07/2025,C0135,P0017,S002,4,13216.85,0.0,52867.4,52867.4,UPI,Online,Completed,Repeat
INV200244,03/07/2025,C0044,P0013,S006,7,4803.91,0.0,33627.37,33627.37,Credit Card,Retail Store,Completed,New
INV200245,26/03/2025,C0174,P0007,S002,10,26646.88,0.0,266468.8,266468.8,Credit Card,Online,Returned,New
INV200246,20/09/2025,C0172,P0021,S003,8,279.76,0.1,2238.08,2014.27,Bank Transfer,Retail Store,Completed,New
INV200247,22/04/2025,C0115,P0005,S009,5,9322.19,0.05,46610.95,44280.4,Credit Card,Distributor,Completed,Returning
INV200248,15/06/2025,C0013,P0010,S007,5,4881.03,0.15,24405.15,20744.38,Credit Card,Retail Store,Completed,Repeat
INV200249,28/01/2025,C0061,P0029,S004,5,4418.95,0.0,22094.75,22094.75,Wallet,Online,Completed,Repeat
INV200250,13/09/2025,C0171,P0033,S003,3,695.58,0.0,2086.74,2086.74,UPI,Distributor,Completed,Repeat
INV200251,29/10/2025,C0138,P0012,S002,4,17314.3,0.05,69257.2,65794.34,Cash,Online,Cancelled,Returning
INV200252,24/06/2025,C0126,P0029,S004,7,4761.33,0.0,33329.31,33329.31,Wallet,Online,Completed,Returning
INV200253,01/04/2025,C0140,P0021,S007,1,265.66,0.05,265.66,252.38,Cash,Distributor,Completed,Repeat
INV200254,26/12/2025,C0151,P0028,S007,2,5368.23,0.1,10736.46,9662.81,Credit Card,Retail Store,Returned,New
INV200255,27/07/2025,C0133,P0010,S001,6,5161.7,0.0,30970.2,30970.2,UPI ,Online,Completed,New
INV200256,25/04/2025,C0162,P0023,S006,3,87.58,0.0,262.74,262.74,Bank Transfer,Online,Completed,Returning
INV200257,18/08/2025,C0027,P0017,S007,10,14393.23,0.0,143932.3,143932.3,Wallet,Distributor,Completed,New
INV200258,20/10/2025,C0036,P0021,S010,7,289.04,0.1,2023.28,1820.95,Credit Card,Distributor,Cancelled,Returning
INV200259,16/12/2025,C0069,P0016,S007,10,21089.4,0.15,210894.0,179259.9,Wallet,Online,Completed,New
INV200260,20/01/2025,C0085,P0003,S010,4,52160.33,0.2,208641.32,166913.06,Cash,Distributor,Cancelled,Returning
INV200261,21/12/2025,C0065,P0033,S005,3,800.39,0.05,2401.17,2281.11,Bank Transfer,Distributor,Cancelled,Returning
INV200262,11/10/2025,C0162,P0005,S002,5,9612.43,0.05,48062.15,45659.04,Wallet,Distributor,Returned,New
INV200263,22/12/2025,C0168,P0029,S002,6,4301.74,0.0,25810.44,25810.44,Wallet,Retail Store,Returned,Repeat
INV200264,02/09/2025,C0051,P0012,S001,10,16639.0,0.1,166390.0,149751.0,Credit Card,Distributor,Completed,Returning
INV200265,18/11/2025,C0170,P0030,S008,10,1960.54,0.15,19605.4,16664.59,Wallet,Online,Cancelled,Returning
INV200266,12/08/2025,C0130,P0032,S003,3,2611.06,0.05,7833.18,7441.52,UPI,Retail Store,Completed,Returning
INV200267,30/09/2025,C0082,P0001,S007,3,79972.66,0.2,239917.98,191934.38,UPI,Retail Store,Completed,Returning
INV200268,18/05/2025,C0008,P0024,S007,7,504.22,0.2,3529.54,2823.63,Cash,ONLINE,Completed,New
INV200269,11/12/2025,C0032,P0011,S005,9,7834.35,0.0,70509.15,70509.15,Bank Transfer,Retail Store,Completed,Repeat
INV200270,04/04/2025,C0135,P0026,S008,10,305.82,0.1,3058.2,2752.38,Bank Transfer,Distributor,Completed,New
INV200271,23/11/2025,C0064,P0009,S009,10,5605.19,0.05,56051.9,53249.3,UPI,Online,Cancelled,Returning
INV200272,22/02/2025,C0088,P0026,S003,5,330.94,0.0,1654.7,1654.7,Bank Transfer,Online,Cancelled,Repeat
INV200273,05/09/2025,C0046,P0022,S007,3,389.64,0.15,1168.92,993.58,Wallet,Online,Completed,Repeat
INV200274,29/09/2025,C0156,P0024,S002,4,463.59,0.15,1854.36,1576.21,Cash,Retail Store,Completed,New
INV200275,27/11/2025,C0126,P0017,S007,9,12801.58,0.05,115214.22,109453.51,Bank Transfer,Retail Store,Completed,Repeat
INV200276,25/04/2025,C0002,P0013,S005,10,5121.14,0.0,51211.4,51211.4,Wallet,Distributor,Completed,New
INV200277,04/09/2025,C0154,P0031,S003,1,1010.5,0.0,1010.5,1010.5,Bank Transfer,Distributor,Completed,Repeat
INV200278,20/01/2025,C0023,P0024,S004,7,462.16,0.05,3235.12,3073.36,Bank Transfer,Retail Store,Completed,Repeat
INV200279,17/06/2025,C0052,P0007,S004,3,29514.85,0.05,88544.55,84117.32,UPI,Retail Store,Returned,Returning
INV200280,26/09/2025,C0025,P0016,S007,8,19426.66,0.05,155413.28,147642.62,Wallet,Retail Store,Completed,Returning
INV200281,26/11/2025,C0028,P0019,S002,1,208.11,0.05,208.11,197.7,Cash,Distributor,Cancelled,New
INV200282,23/12/2025,C0152,P0031,S009,1,1044.49,0.15,1044.49,887.82,UPI,Retail Store,Completed,Repeat
INV200283,04/07/2025,C0034,P0016,S009,9,22143.88,0.15,199294.92,169400.68,Bank Transfer,Retail Store,Completed,New
INV200284,19/06/2025,C0143,P0028,S007,1,5700.68,0.05,5700.68,5415.65,Wallet,Distributor,Returned,Repeat
INV200285,03/10/2025,C0114,P0018,S005,3,5251.13,0.0,15753.39,15753.39,Bank Transfer,Distributor,Completed,Returning
INV200286,09/12/2025,C0072,P0022,S010,7,430.75,0.05,3015.25,2864.49,Bank Transfer,Distributor,Cancelled,Repeat
INV200287,02/04/2025,C0129,P0009,S005,10,5757.84,0.0,57578.4,57578.4,Cash,Retail Store,Completed,New
INV200288,04/01/2025,C0011,P0003,S003,5,50557.18,0.05,252785.9,240146.6,Wallet,Distributor,Completed,New
INV200289,02/05/2025,C0034,P0008,S006,6,2424.54,0.0,14547.24,14547.24,Bank Transfer,Retail Store,Returned,New
INV200290,25/09/2025,C0053,P0028,S009,3,5042.48,0.2,15127.44,12101.95,Bank Transfer,Retail Store,Cancelled,Returning
INV200291,12/11/2025,C0099,P0025,S010,10,412.31,0.2,4123.1,3298.48,Cash,Distributor,Completed,Repeat
INV200292,18/08/2025,C0164,P0029,S005,7,4669.45,0.0,32686.15,32686.15,UPI,Retail Store,Cancelled,Returning
INV200293,27/12/2025,C0043,P0024,S005,4,496.8,0.0,1987.2,1987.2,UPI,Distributor,Cancelled,New
INV200294,10/03/2025,C0049,P0005,S003,4,9134.05,0.15,36536.2,31055.77,Credit Card,Distributor,Completed,Returning
INV200295,17/02/2025,C0016,P0025,S001,2,396.07,0.15,792.14,673.32,Bank Transfer,Retail Store,Completed,New
INV200296,11/10/2025,C0119,P0023,S001,9,84.66,0.0,761.94,761.94,Cash,Distributor,Completed,Returning
INV200297,22/08/2025,C0046,P0012,S006,8,16765.9,0.1,134127.2,120714.48,Bank Transfer,Distributor,Completed,Repeat
INV200298,11/03/2025,C0098,P0010,S010,1,4964.81,0.05,4964.81,4716.57,Credit Card,Distributor,Returned,Repeat
INV200299,03/12/2025,C0142,P0016,S002,7,21114.59,0.0,147802.13,147802.13,UPI,Distributor,Returned,New
INV200300,27/11/2025,C0121,P0012,S002,8,16473.76,0.2,131790.08,105432.06,Cash,Distributor,Completed,Returning
INV200301,02/12/2025,C0150,P0012,S001,6,16356.32,0.0,98137.92,98137.92,Wallet,Distributor,Cancelled,New
INV200302,30/07/2025,C0044,P0007,S007,6,30601.43,0.2,183608.58,146886.86,Credit Card,Distributor,Completed,New
INV200303,11/10/2025,C0141,P0010,S004,3,5395.26,0.05,16185.78,15376.49,UPI,Distributor,Cancelled,New
INV200304,13/06/2025,C0143,P0020,S005,7,509.38,0.0,3565.66,3565.66,Cash,Distributor,Returned,New
INV200305,24/03/2025,C0101,P0019,S004,1,213.56,0.15,213.56,181.53,Bank Transfer,Distributor,Returned,Returning
INV200306,01/03/2025,C0047,P0029,S010,10,4134.57,0.1,41345.7,37211.13,Wallet,Online,Returned,New
INV200307,24/03/2025,C0015,P0022,S004,10,428.32,0.1,4283.2,3854.88,Cash,Distributor,Completed,New
INV200308,09/09/2025,C0084,P0009,S010,9,5136.76,0.15,46230.84,39296.21,UPI,Online,Completed,New
INV200309,06/07/2025,C0102,P0004,S009,4,67326.06,0.0,269304.24,269304.24,Credit Card,Retail Store,Cancelled,Repeat
INV200310,07/11/2025,C0176,P0030,S009,9,2077.1,0.15,18693.9,15889.81,Cash,Retail Store,Completed,Returning
INV200311,27/12/2025,C0096,P0033,S006,3,770.81,0.0,2312.43,2312.43,Cash,Online,Completed,New
INV200312,09/01/2025,C0072,P0020,S004,7,476.14,0.2,3332.98,2666.38,Wallet,Distributor,Completed,New
INV200313,24/08/2025,C0018,P0023,S003,4,82.11,0.2,328.44,262.75,Credit Card,Online,Completed,Returning
INV200314,23/10/2025,C0043,P0023,S001,2,77.28,0.05,154.56,146.83,Bank Transfer,Distributor,Cancelled,New
INV200315,30/01/2025,C0157,P0013,S001,10,5209.56,0.1,52095.6,46886.04,Credit Card,Online,Cancelled,Repeat
INV200316,17/02/2025,C0156,P0008,S003,7,2597.46,0.0,18182.22,18182.22,UPI,Online,Completed,New
INV200317,02/03/2025,C0176,P0030,S007,8,1849.72,0.2,14797.76,11838.21,Credit Card,Distributor,Completed,New
INV200318,27/02/2025,C0098,P0026,S002,3,297.89,0.0,893.67,893.67,Wallet,Distributor,Completed,Repeat
INV200319,11/03/2025,C0088,P0029,S004,4,4669.36,0.15,18677.44,15875.82,UPI,Online,Completed,Returning
INV200320,09/04/2025,C0111,P0025,S006,4,380.78,0.15,1523.12,1294.65,UPI,Retail Store,Completed,Returning
INV200321,23/02/2025,C0039,P0019,S003,2,211.87,0.0,423.74,423.74,Wallet,Distributor,Returned,Returning
INV200322,26/09/2025,C0036,P0022,S001,10,399.82,0.2,3998.2,3198.56,UPI,Online,Cancelled,Repeat
INV200323,12/07/2025,C0033,P0002,S010,4,89552.42,0.2,358209.68,286567.74,Bank Transfer,Distributor,Returned,New
INV200324,02/12/2025,C0001,P0014,S010,10,17110.16,0.05,171101.6,162546.52,Wallet,Retail Store,Completed,New
INV200325,28/04/2025,C0117,P0008,S003,5,2512.24,0.0,12561.2,12561.2,Bank Transfer,Distributor,Completed,Returning
INV200326,07/07/2025,C0100,P0020,S003,4,490.62,0.0,1962.48,1962.48,Credit Card,Distributor,Completed,New
INV200327,14/03/2025,C0124,P0004,S007,2,74033.4,0.05,148066.8,140663.46,Cash,Online,Cancelled,Repeat
INV200328,23/05/2025,C0016,P0011,S010,10,7432.01,0.0,74320.1,74320.1,Credit Card,Retail Store,Returned,Returning
INV200329,12/01/2025,C0106,P0015,S003,3,24572.23,0.05,73716.69,70030.86,Credit Card,Retail Store,Completed,Repeat
INV200330,23/03/2025,C0176,P0001,S004,5,75262.23,0.0,376311.15,376311.15,Credit Card,Online,Cancelled,Repeat
INV200331,27/07/2025,C0128,P0029,S006,7,4580.34,0.05,32062.38,30459.26,Bank Transfer,Retail Store,Cancelled,Returning
INV200332,28/06/2025,C0096,P0019,S007,3,210.71,0.0,632.13,632.13,Credit Card,Online,Completed,Repeat
INV200333,11/08/2025,C0001,P0008,S001,9,2652.74,0.0,23874.66,23874.66,Wallet,Online,Completed,New
INV200334,14/01/2025,C0106,P0015,S002,8,23575.12,0.1,188600.96,169740.86,Credit Card,Retail Store,Completed,Repeat
INV200335,22/09/2025,C0011,P0001,S009,2,80537.09,0.2,161074.18,128859.34,Cash,Online,Completed,Returning
INV200336,16/01/2025,C0028,P0022,S001,8,391.19,0.0,3129.52,3129.52,Credit Card,Retail Store,Returned,New
INV200337,07/05/2025,C0014,P0030,S004,6,2110.13,0.0,12660.78,12660.78,Bank Transfer,Retail Store,Cancelled,Repeat
INV200338,09/09/2025,C0077,P0013,S007,3,4986.94,0.0,14960.82,14960.82,Credit Card,Online,Cancelled,Repeat
INV200339,04/04/2025,C0090,P0023,S008,7,80.27,0.2,561.89,449.51,Bank Transfer,Retail Store,Completed,New
INV200340,03/03/2025,C0144,P0001,S006,4,82211.24,0.2,328844.96,263075.97,UPI,Distributor,Returned,New
INV200341,14/08/2025,C0066,P0028,S007,7,5024.0,0.0,35168.0,35168.0,Wallet,Online,Cancelled,New
INV200342,12/03/2025,C0180,P0031,S001,1,1084.34,0.0,1084.34,1084.34,Cash,Retail Store,Returned,New
INV200343,09/06/2025,C0085,P0002,S002,2,84123.21,0.0,168246.42,168246.42,Cash,Distributor,Returned,New
INV200344,10/05/2025,C0010,P0002,S005,10,85439.26,0.0,854392.6,854392.6,Wallet,Online,Cancelled,Returning
INV200345,29/12/2025,C0162,P0018,S010,1,5046.37,0.05,5046.37,4794.05,Credit Card,Retail Store,Completed,New
INV200346,11/05/2025,C0157,P0033,S001,10,771.92,0.05,7719.2,7333.24,Wallet,Retail Store,Returned,Returning
INV200347,28/09/2025,C0127,P0015,S002,4,24804.1,0.1,99216.4,89294.76,Credit Card,Retail Store,Returned, repeat 
INV200348,12/10/2025,C0075,P0007,S007,7,27332.58,0.0,191328.06,191328.06,Cash,Retail Store,Completed,Repeat
INV200349,03/09/2025,C0147,P0018,S004,4,5477.81,0.0,21911.24,21911.24,Cash,Online,Completed,Returning
INV200350,19/12/2025,C0132,P0019,S010,10,236.84,0.0,2368.4,2368.4,Cash,Online,Completed,Returning
INV200351,16/05/2025,C0043,P0028,S003,1,5358.71,0.0,5358.71,5358.71,Wallet,Retail Store,Cancelled,New
INV200352,24/02/2025,C0023,P0027,S001,3,1948.79,0.2,5846.37,4677.1,Credit Card,Distributor,Completed,New
INV200353,07/10/2025,C0022,P0016,S006,10,20992.52,0.15,209925.2,178436.42,Wallet,Distributor,Returned,New
INV200354,27/02/2025,C0022,P0029,S001,9,4582.53,0.15,41242.77,35056.35,Bank Transfer,Distributor,Cancelled,New
INV200355,06/02/2025,C0140,P0026,S005,5,302.84,0.15,1514.2,1287.07,Credit Card,Retail Store,Completed,Returning
INV200356,20/09/2025,C0060,P0029,S009,6,4802.85,0.1,28817.1,25935.39,Wallet,Online,Completed,New
INV200357,13/05/2025,C0139,P0003,S007,8,49244.5,0.05,393956.0,374258.2,Credit Card,ONLINE,Completed,Repeat
INV200358,16/10/2025,C0022,P0020,S010,7,531.87,0.0,3723.09,3723.09,Credit Card,Online,Cancelled,Repeat
INV200359,12/12/2025,C0152,P0018,S003,10,5192.89,0.2,51928.9,41543.12,Wallet,Online,Returned,Returning
INV200360,20/07/2025,C0149,P0031,S001,5,1021.34,0.0,5106.7,5106.7,UPI,Distributor,Completed,Repeat
INV200361,15/02/2025,C0149,P0028,S002,6,4993.91,0.1,29963.46,26967.11,Wallet,Distributor,Completed,New
INV200362,07/09/2025,C0073,P0015,S006,7,22913.34,0.05,160393.38,152373.71,Cash,Distributor,Returned,New
INV200363,30/05/2025,C0164,P0003,S010,7,50561.05,0.2,353927.35,283141.88,Wallet,Retail Store,Returned,Returning
INV200364,08/05/2025,C0068,P0028,S001,5,5397.0,0.1,26985.0,24286.5,UPI,Online,Returned,New
INV200365,20/03/2025,C0144,P0022,S002,7,388.85,0.0,2721.95,2721.95,Bank Transfer,Distributor,Completed,Returning
INV200366,28/07/2025,C0071,P0009,S001,9,5751.43,0.15,51762.87,43998.44,UPI,Retail Store,Cancelled,Repeat
INV200367,30/09/2025,C0179,P0033,S004,10,800.13,0.0,8001.3,8001.3,UPI,Retail Store,Returned,Repeat
INV200368,19/03/2025,C0135,P0029,S010,10,4438.03,0.0,44380.3,44380.3,Wallet,Online,Completed,Repeat
INV200369,07/02/2025,C0055,P0008,S010,4,2608.81,0.05,10435.24,9913.48,Wallet,Distributor,Completed,New
INV200370,28/07/2025,C0028,P0015,S004,8,24089.42,0.2,192715.36,154172.29,Credit Card,Retail Store,Completed,New
INV200371,23/01/2025,C0066,P0021,S009,9,273.29,0.0,2459.61,2459.61,Credit Card,Online,Completed,Repeat
INV200372,04/06/2025,C0127,P0010,S005,2,4926.83,0.15,9853.66,8375.61,Bank Transfer,Distributor,Completed,New
INV200373,23/12/2025,C0075,P0018,S001,10,5174.88,0.1,51748.8,46573.92,Credit Card,Retail Store,Returned,Returning
INV200374,03/02/2025,C0133,P0009,S005,10,5419.79,0.15,54197.9,46068.21,Wallet,Distributor,Completed,Returning
INV200375,05/10/2025,C0001,P0026,S008,9,300.72,0.0,2706.48,2706.48,Credit Card,Retail Store,Completed,Repeat
INV200376,22/09/2025,C0027,P0015,S006,10,26090.41,0.0,260904.1,260904.1,Cash,Retail Store,Cancelled,Repeat
INV200377,12/11/2025,C0170,P0016,S010,7,21346.45,0.2,149425.15,119540.12,Cash,Retail Store,Cancelled,Repeat
INV200378,18/10/2025,C0080,P0006,S006,6,13044.5,0.15,78267.0,66526.95,Bank Transfer,Distributor,Completed,New
INV200379,05/03/2025,C0158,P0009,S010,3,5652.57,0.0,16957.71,16957.71,Cash,Retail Store,Completed,Returning
INV200380,15/07/2025,C0178,P0003,S006,2,49254.04,0.0,98508.08,98508.08,Cash,Distributor,Completed,New
INV200381,02/11/2025,C0138,P0026,S004,7,308.52,0.05,2159.64,2051.66,UPI,Online,Cancelled,Returning
INV200382,14/05/2025,C0084,P0024,S010,1,493.61,0.1,493.61,444.25,UPI ,Online,Cancelled,Returning
INV200383,30/11/2025,C0147,P0020,S003,5,548.75,0.15,2743.75,2332.19,Bank Transfer,Online,Completed,Repeat
INV200384,12/07/2025,C0097,P0018,S009,10,5199.51,0.1,51995.1,46795.59,Cash,Online,Completed,Repeat
INV200385,15/05/2025,C0042,P0001,S005,6,82983.03,0.1,497898.18,448108.36,Cash,Retail Store,Completed,Returning
INV200386,15/01/2025,C0147,P0029,S005,6,4270.84,0.0,25625.04,25625.04,Wallet,Distributor,Completed,Repeat
INV200387,08/03/2025,C0063,P0024,S005,7,517.18,0.1,3620.26,3258.23,UPI,Retail Store,Completed,Returning
INV200388,29/05/2025,C0014,P0007,S007,6,29463.23,0.15,176779.38,150262.47,UPI,Online,Completed,Returning
INV200389,12/12/2025,C0109,P0011,S003,2,7082.85,0.0,14165.7,14165.7,UPI,Retail Store,Returned,Repeat
INV200390,22/12/2025,C0169,P0031,S005,7,1049.54,0.0,7346.78,7346.78,Wallet,Online,Returned,New
INV200391,23/02/2025,C0021,P0012,S005,2,16908.57,0.0,33817.14,33817.14,Wallet,Retail Store,Cancelled,Returning
INV200392,24/11/2025,C0100,P0004,S001,9,68148.38,0.0,613335.42,613335.42,Wallet,Distributor,Returned,Repeat
INV200393,31/12/2025,C0127,P0009,S004,2,5423.74,0.0,10847.48,10847.48,Bank Transfer,Retail Store,Completed,Repeat
INV200394,17/08/2025,C0035,P0027,S005,3,1993.33,0.2,5979.99,4783.99,Credit Card,Online,Completed,New
INV200395,28/01/2025,C0053,P0017,S004,8,13273.05,0.05,106184.4,100875.18,Bank Transfer,Distributor,Cancelled,Returning
INV200396,17/07/2025,C0137,P0004,S008,9,78214.79,0.05,703933.11,668736.45,UPI,Retail Store,Completed,Returning
INV200397,31/03/2025,C0080,P0009,S002,9,5572.31,0.2,50150.79,40120.63,Wallet,Retail Store,Completed,Repeat
INV200398,18/05/2025,C0013,P0003,S007,5,50665.24,0.05,253326.2,240659.89,Bank Transfer,Distributor,Returned,Repeat
INV200399,16/03/2025,C0051,P0005,S002,3,9151.02,0.0,27453.06,27453.06,Cash,Retail Store,Cancelled,Returning
INV200400,09/09/2025,C0175,P0006,S008,8,14135.89,0.1,113087.12,101778.41,UPI,Distributor,Completed,Returning
INV200401,25/11/2025,C0174,P0011,S008,3,7130.22,0.0,21390.66,21390.66,Wallet,Distributor,Returned,Returning
INV200402,28/03/2025,C0019,P0031,S006,1,1013.94,0.2,1013.94,811.15,Credit Card,Distributor,Returned,New
INV200403,22/01/2025,C0066,P0022,S004,1,418.39,0.1,418.39,376.55,UPI,Retail Store,Cancelled,Returning
INV200404,16/03/2025,C0069,P0015,S006,4,22540.93,0.05,90163.72,85655.53,Credit Card,Distributor,Completed,Returning
INV200405,22/07/2025,C0113,P0031,S009,5,1072.29,0.15,5361.45,4557.23,Cash,Retail Store,Completed,Repeat
INV200406,11/05/2025,C0066,P0024,S005,5,459.41,0.1,2297.05,2067.35,Wallet,Online,Cancelled,Repeat
INV200407,19/12/2025,C0017,P0031,S010,10,999.03,0.0,9990.3,9990.3,Wallet,Online,Completed,Returning
INV200408,18/12/2025,C0167,P0021,S004,10,262.03,0.0,2620.3,2620.3,Cash,Distributor,Cancelled,Returning
INV200409,11/05/2025,C0138,P0025,S010,10,408.01,0.15,4080.1,3468.09,Wallet,Distributor,Cancelled,New
INV200410,20/12/2025,C0154,P0004,S005,6,73620.72,0.1,441724.32,397551.89,UPI,Retail Store,Completed,Repeat
INV200411,19/08/2025,C0175,P0009,S005,7,4959.68,0.0,34717.76,34717.76,Credit Card,Distributor,Cancelled,Returning
INV200412,15/07/2025,C0065,P0012,S005,3,18176.56,0.0,54529.68,54529.68,UPI,Distributor,Returned,New
INV200413,24/09/2025,C0061,P0016,S010,2,22543.87,0.0,45087.74,45087.74,Wallet,Retail Store,Completed,Repeat
INV200414,22/03/2025,C0146,P0014,S003,9,19427.0,0.15,174843.0,148616.55,Wallet,Distributor,Completed,New
INV200415,16/03/2025,C0032,P0003,S002,1,47319.63,0.0,47319.63,47319.63,Credit Card,Online,Completed,Returning
INV200416,25/09/2025,C0099,P0030,S007,7,1820.1,0.0,12740.7,12740.7,Credit Card,Distributor,Cancelled,Returning
INV200417,13/10/2025,C0174,P0031,S007,2,1014.72,0.0,2029.44,2029.44,Bank Transfer,Online,Completed,Repeat
INV200418,17/02/2025,C0074,P0004,S004,9,77689.61,0.05,699206.49,664246.17,UPI,Distributor,Completed,Returning
INV200419,19/09/2025,C0013,P0031,S005,7,1029.83,0.15,7208.81,6127.49,UPI,Retail Store,Completed,Repeat
INV200420,29/10/2025,C0081,P0007,S001,1,30042.9,0.0,30042.9,30042.9,Credit Card,Retail Store,Returned,New
INV200421,02/01/2025,C0095,P0018,S006,10,5204.72,0.1,52047.2,46842.48,Credit Card,Retail Store,Completed,Returning
INV200422,24/01/2025,C0112,P0028,S007,7,5035.29,0.05,35247.03,33484.68,Credit Card,Distributor,Returned,Repeat
INV200423,03/06/2025,C0023,P0006,S004,5,14230.51,0.0,71152.55,71152.55,Wallet,Retail Store,Completed,Repeat
INV200424,11/11/2025,C0152,P0018,S010,8,5276.43,0.0,42211.44,42211.44,Credit Card,Retail Store,Cancelled,New
INV200425,09/08/2025,C0108,P0013,S005,9,4734.93,0.0,42614.37,42614.37,Wallet,Distributor,Cancelled,Repeat
INV200426,23/03/2025,C0100,P0030,S001,9,1975.44,0.0,17778.96,17778.96,Wallet,Distributor,Cancelled,Returning
INV200427,17/10/2025,C0031,P0031,S009,8,938.17,0.15,7505.36,6379.56,Credit Card,Retail Store,Cancelled,Repeat
INV200428,03/04/2025,C0093,P0030,S002,10,2087.52,0.1,20875.2,18787.68,Credit Card,Distributor,Cancelled,New
INV200429,06/03/2025,C0006,P0006,S003,7,14135.55,0.2,98948.85,79159.08,Bank Transfer,Retail Store,Cancelled,Returning
INV200430,14/10/2025,C0048,P0025,S001,5,416.45,0.0,2082.25,2082.25,Credit Card,Distributor,Completed,New
INV200431,07/02/2025,C0119,P0024,S006,9,532.09,0.05,4788.81,4549.37,Credit Card,Retail Store,Returned,Repeat
INV200432,29/05/2025,C0024,P0009,S008,5,5444.55,0.1,27222.75,24500.48,Credit Card,Online,Cancelled,Returning
INV200433,27/11/2025,C0142,P0010,S005,2,5445.35,0.15,10890.7,9257.1,Cash,Online,Returned,Repeat
INV200434,01/04/2025,C0042,P0010,S010,8,5276.38,0.05,42211.04,40100.49,Credit Card,Retail Store,Completed,Returning
INV200435,16/05/2025,C0094,P0018,S003,2,5128.24,0.15,10256.48,8718.01,Bank Transfer,Retail Store,Returned,New
INV200436,13/06/2025,C0112,P0033,S003,1,710.97,0.15,710.97,604.32,Bank Transfer,Retail Store,Completed,Returning
INV200437,22/10/2025,C0005,P0004,S002,7,77652.21,0.0,543565.47,543565.47,Bank Transfer,Retail Store,Completed,New
INV200438,24/08/2025,C0044,P0014,S003,5,19624.13,0.1,98120.65,88308.59,Wallet,Online,Cancelled,Returning
INV200439,17/06/2025,C0072,P0001,S001,2,78655.14,0.1,157310.28,141579.25,Wallet,Online,Completed,Returning
INV200440,15/05/2025,C0116,P0016,S002,3,19516.14,0.1,58548.42,52693.58,Wallet,Retail Store,Completed,Repeat
INV200441,03/02/2025,C0016,P0023,S009,1,76.2,0.0,76.2,76.2,Bank Transfer,Online,Cancelled,New
INV200442,26/08/2025,C0028,P0006,S006,3,12653.14,0.1,37959.42,34163.48,Credit Card,Distributor,Completed,New
INV200443,14/08/2025,C0014,P0009,S004,1,5324.77,0.0,5324.77,5324.77,Cash,Distributor,Completed,Returning
INV200444,08/01/2025,C0002,P0031,S005,2,1018.95,0.15,2037.9,1732.22,Bank Transfer,Distributor,Completed,Returning
INV200445,31/05/2025,C0059,P0010,S010,9,5192.95,0.1,46736.55,42062.89,Wallet,Distributor,Completed,Repeat
INV200446,26/06/2025,C0034,P0017,S005,8,13684.79,0.0,109478.32,109478.32,Credit Card,ONLINE,Cancelled,New
INV200447,31/08/2025,C0052,P0020,S009,2,543.07,0.0,1086.14,1086.14,Credit Card,Online,Completed,Repeat
INV200448,24/01/2025,C0040,P0023,S009,10,77.58,0.1,775.8,698.22,UPI,Online,Returned,Repeat
INV200449,20/04/2025,C0093,P0029,S005,9,4375.13,0.0,39376.17,39376.17,UPI,Retail Store,Cancelled,New
INV200450,27/07/2025,C0070,P0028,S001,7,5122.97,0.1,35860.79,32274.71,Wallet,Online,Completed,Repeat
INV200451,05/10/2025,C0129,P0013,S009,5,4688.57,0.0,23442.85,23442.85,UPI,Retail Store,Completed,Repeat
INV200452,12/03/2025,C0139,P0004,S006,6,72070.56,0.0,432423.36,432423.36,Cash,Retail Store,Completed,Repeat
INV200453,04/07/2025,C0115,P0022,S006,2,441.56,0.05,883.12,838.96,UPI,Online,Cancelled,New
INV200454,05/01/2025,C0153,P0003,S009,6,46347.29,0.05,278083.74,264179.55,Cash,Distributor,Completed,Returning
INV200455,15/01/2025,C0171,P0007,S004,2,31263.68,0.0,62527.36,62527.36,Cash,Distributor,Returned,New
INV200456,04/11/2025,C0176,P0002,S003,6,87615.08,0.05,525690.48,499405.96,Cash,Distributor,Returned,New
INV200457,18/12/2025,C0180,P0012,S003,1,17860.19,0.1,17860.19,16074.17,Bank Transfer,Online,Completed,Repeat
INV200458,24/12/2025,C0022,P0012,S001,2,16253.28,0.2,32506.56,26005.25,Cash,Retail Store,Cancelled,Repeat
INV200459,31/01/2025,C0003,P0011,S007,1,7283.68,0.0,7283.68,7283.68,Bank Transfer,Online,Completed,Repeat
INV200460,02/12/2025,C0176,P0017,S008,10,12837.9,0.05,128379.0,121960.05,Bank Transfer,Online,Returned,New
INV200461,15/08/2025,C0049,P0009,S008,10,4970.9,0.15,49709.0,42252.65,Bank Transfer,Distributor,Cancelled,Returning
INV200462,07/07/2025,C0165,P0002,S004,2,78188.12,0.0,156376.24,156376.24,Cash,Retail Store,Cancelled,New
INV200463,05/06/2025,C0004,P0014,S010,2,17544.54,0.0,35089.08,35089.08,UPI,Online,Completed,Repeat
INV200464,24/01/2025,C0130,P0019,S002,2,212.41,0.15,424.82,361.1,Wallet,Online,Completed,Returning
INV200465,22/06/2025,C0158,P0012,S009,6,17978.61,0.05,107871.66,102478.08,UPI,Retail Store,Cancelled,Repeat
INV200466,17/03/2025,C0012,P0024,S007,2,459.88,0.0,919.76,919.76,Cash,Distributor,Cancelled,New
INV200467,26/11/2025,C0005,P0026,S010,7,298.76,0.15,2091.32,1777.62,Wallet,Retail Store,Returned,Repeat
INV200468,15/05/2025,C0012,P0016,S008,9,21600.66,0.05,194405.94,184685.64,UPI,Distributor,Completed,Returning
INV200469,10/04/2025,C0146,P0019,S005,10,235.7,0.2,2357.0,1885.6,Bank Transfer,Online,Completed,New
INV200470,21/07/2025,C0126,P0030,S007,3,1908.91,0.05,5726.73,5440.39,UPI,Online,Completed,New
INV200471,07/02/2025,C0127,P0014,S007,6,17115.41,0.05,102692.46,97557.84,Cash,Online,Completed,New
INV200472,24/08/2025,C0138,P0017,S003,10,14160.65,0.0,141606.5,141606.5,Wallet,Distributor,Completed,New
INV200473,24/04/2025,C0079,P0022,S002,2,426.84,0.0,853.68,853.68,Credit Card,Distributor,Completed,Returning
INV200474,04/08/2025,C0174,P0003,S006,4,50541.68,0.0,202166.72,202166.72,Wallet,Distributor,Returned,Returning
INV200475,10/05/2025,C0063,P0001,S003,2,76947.29,0.0,153894.58,153894.58,Cash,Online,Completed,Returning
INV200476,04/01/2025,C0073,P0022,S008,6,414.95,0.15,2489.7,2116.24,Wallet,Retail Store,Completed,Returning
INV200477,06/04/2025,C0023,P0011,S010,10,7274.29,0.1,72742.9,65468.61,Cash,Online,Completed,New
INV200478,03/08/2025,C0172,P0012,S001,3,16901.76,0.1,50705.28,45634.75,Wallet,Online,Completed,Repeat
INV200479,25/08/2025,C0119,P0002,S010,3,90373.13,0.0,271119.39,271119.39,Credit Card,Online,Completed,New
INV200480,26/04/2025,C0141,P0001,S003,4,80916.3,0.1,323665.2,291298.68,UPI,Online,Cancelled,Returning
INV200481,05/12/2025,C0044,P0005,S006,9,9721.53,0.0,87493.77,87493.77,Cash,Distributor,Completed,Returning
INV200482,07/07/2025,C0145,P0007,S007,2,28976.18,0.0,57952.36,57952.36,UPI,Distributor,Completed,Repeat
INV200483,09/10/2025,C0141,P0006,S010,6,14104.35,0.15,84626.1,71932.18,Cash,Online,Completed,Repeat
INV200484,12/10/2025,C0133,P0003,S001,6,49287.82,0.0,295726.92,295726.92,Wallet,Online,Completed,Returning
INV200485,12/07/2025,C0156,P0010,S009,10,5602.45,0.1,56024.5,50422.05,Wallet,Retail Store,Completed,Repeat
INV200486,28/01/2025,C0169,P0007,S009,3,29992.15,0.0,89976.45,89976.45,Cash,Online,Completed,New
INV200487,01/04/2025,C0142,P0014,S010,5,17108.0,0.15,85540.0,72709.0,UPI,Online,Completed,New
INV200488,10/05/2025,C0023,P0018,S005,8,5387.5,0.05,43100.0,40945.0,UPI,Distributor,Cancelled,Returning
INV200489,26/02/2025,C0017,P0027,S006,10,1962.52,0.15,19625.2,16681.42,Credit Card,Distributor,Completed,Returning
INV200490,18/11/2025,C0004,P0009,S001,4,5165.88,0.0,20663.52,20663.52,UPI,Online,Completed,New
INV200491,13/08/2025,C0128,P0023,S003,2,79.54,0.0,159.08,159.08,UPI,Online,Completed,Returning
INV200492,17/02/2025,C0107,P0022,S001,7,404.38,0.05,2830.66,2689.13,Credit Card,Distributor,Completed,Repeat
INV200493,01/11/2025,C0060,P0029,S008,8,4418.61,0.05,35348.88,33581.44,Wallet,Online,Cancelled,Returning
INV200494,25/04/2025,C0034,P0005,S001,3,9051.04,0.15,27153.12,23080.15,Credit Card,Retail Store,Completed,Repeat
INV200495,08/11/2025,C0011,P0011,S010,9,7043.46,0.0,63391.14,63391.14,Credit Card,Retail Store,Completed,Returning
INV200496,05/10/2025,C0071,P0005,S010,7,9163.48,0.1,64144.36,57729.92,Wallet,Online,Completed,New
INV200497,03/08/2025,C0125,P0001,S009,1,77221.22,0.05,77221.22,73360.16,Bank Transfer,Retail Store,Returned,Repeat
INV200498,21/01/2025,C0099,P0015,S007,3,24725.9,0.0,74177.7,74177.7,Cash,Retail Store,Completed,New
INV200499,05/06/2025,C0149,P0019,S005,5,203.16,0.2,1015.8,812.64,Cash,Retail Store,Completed,Returning
INV200500,06/06/2025,C0155,P0013,S004,10,4708.56,0.1,47085.6,42377.04,Bank Transfer,Distributor,Cancelled,Repeat
INV200501,27/03/2025,C0117,P0013,S003,3,4546.99,0.1,13640.97,12276.87,Credit Card,Online,Completed,New
INV200502,11/05/2025,C0056,P0027,S003,6,1915.21,0.2,11491.26,9193.01,Bank Transfer,Retail Store,Completed,New
INV200503,14/12/2025,C0132,P0033,S001,9,753.38,0.2,6780.42,5424.34,Wallet,Distributor,Cancelled,New
INV200504,15/11/2025,C0105,P0010,S004,5,4916.11,0.2,24580.55,19664.44,Wallet,Distributor,Returned,Repeat
INV200505,23/04/2025,C0052,P0022,S004,3,441.87,0.2,1325.61,1060.49,Bank Transfer,Retail Store,Completed,Repeat
INV200506,08/12/2025,C0015,P0024,S009,4,474.62,0.0,1898.48,1898.48,UPI,Online,Completed,New
INV200507,10/02/2025,C0094,P0032,S007,1,2804.41,0.05,2804.41,2664.19,Bank Transfer,Retail Store,Returned,Returning
INV200508,19/07/2025,C0177,P0018,S008,6,5174.3,0.1,31045.8,27941.22,Bank Transfer,Distributor,Completed,New
INV200509,04/07/2025,C0062,P0028,S006,10,5810.23,0.1,58102.3,52292.07,UPI ,Retail Store,Returned,Returning
INV200510,01/11/2025,C0129,P0025,S002,7,439.75,0.0,3078.25,3078.25,UPI,Online,Completed,Repeat
INV200511,27/05/2025,C0095,P0002,S009,1,82563.57,0.15,82563.57,70179.03,Wallet,Retail Store,Cancelled,New
INV200512,24/06/2025,C0048,P0026,S010,3,336.19,0.05,1008.57,958.14,Bank Transfer,Distributor,Returned,Repeat
INV200513,04/06/2025,C0115,P0012,S002,4,17131.41,0.0,68525.64,68525.64,Bank Transfer,Online,Completed,Repeat
INV200514,29/10/2025,C0031,P0018,S003,7,5621.59,0.0,39351.13,39351.13,Bank Transfer,Online,Completed,Returning
INV200515,06/10/2025,C0150,P0013,S004,3,5073.87,0.1,15221.61,13699.45,Bank Transfer,Retail Store,Completed,New
INV200516,29/01/2025,C0116,P0027,S004,8,1778.34,0.0,14226.72,14226.72,Credit Card,Online,Cancelled,Returning
INV200517,18/12/2025,C0032,P0032,S009,6,2455.2,0.0,14731.2,14731.2,Credit Card,Online,Completed,Returning
INV200518,09/10/2025,C0115,P0006,S009,5,12817.08,0.05,64085.4,60881.13,Bank Transfer,Distributor,Completed,Returning
INV200519,01/04/2025,C0111,P0033,S008,5,795.76,0.05,3978.8,3779.86,Cash,Online,Completed,Repeat
INV200520,10/04/2025,C0165,P0011,S001,9,7856.25,0.1,70706.25,63635.62,UPI,Online,Returned, repeat 
INV200521,20/08/2025,C0034,P0028,S007,6,5118.26,0.1,30709.56,27638.6,Cash,Online,Completed,Repeat
INV200522,01/02/2025,C0166,P0003,S006,3,52877.76,0.1,158633.28,142769.95,Credit Card,Online,Completed,Repeat
INV200523,29/11/2025,C0133,P0003,S001,1,49328.14,0.0,49328.14,49328.14,UPI,Distributor,Completed,New
INV200524,08/06/2025,C0048,P0021,S008,4,274.4,0.0,1097.6,1097.6,Wallet,Retail Store,Completed,Returning
INV200525,21/12/2025,C0032,P0014,S007,9,18757.44,0.2,168816.96,135053.57,Cash,Online,Completed,New
INV200526,04/03/2025,C0051,P0025,S010,6,426.75,0.05,2560.5,2432.47,Wallet,Retail Store,Completed,Returning
INV200527,14/01/2025,C0154,P0012,S010,8,16829.75,0.0,134638.0,134638.0,Bank Transfer,Distributor,Completed,Returning
INV200528,16/12/2025,C0055,P0016,S003,3,21418.15,0.0,64254.45,64254.45,Cash,Online,Cancelled,New
INV200529,25/09/2025,C0155,P0012,S001,5,18235.17,0.05,91175.85,86617.06,UPI,Retail Store,Completed,New
INV200530,27/04/2025,C0109,P0028,S002,9,5793.73,0.05,52143.57,49536.39,Cash,Retail Store,Completed,New
INV200531,10/10/2025,C0118,P0003,S009,3,50303.72,0.1,150911.16,135820.04,Credit Card,Distributor,Completed,New
INV200532,15/07/2025,C0010,P0007,S001,8,27367.48,0.0,218939.84,218939.84,Credit Card,Retail Store,Cancelled,New
INV200533,13/10/2025,C0174,P0012,S002,8,18071.93,0.2,144575.44,115660.35,Cash,Distributor,Completed,Returning
INV200534,13/05/2025,C0104,P0031,S004,6,1047.92,0.1,6287.52,5658.77,UPI,Online,Completed,New
INV200535,20/12/2025,C0040,P0010,S003,9,5379.61,0.0,48416.49,48416.49,Wallet,ONLINE,Completed,New
INV200536,27/06/2025,C0144,P0010,S003,3,5652.28,0.2,16956.84,13565.47,Cash,Online,Returned,New
INV200537,13/11/2025,C0087,P0014,S006,1,17442.11,0.1,17442.11,15697.9,Cash,Online,Completed,Returning
INV200538,28/02/2025,C0137,P0004,S005,7,76112.53,0.2,532787.71,426230.17,Bank Transfer,Online,Completed,New
INV200539,06/09/2025,C0172,P0021,S004,9,289.8,0.05,2608.2,2477.79,Wallet,Retail Store,Completed,New
INV200540,04/12/2025,C0019,P0015,S007,3,25081.01,0.1,75243.03,67718.73,Wallet,Retail Store,Returned,New
INV200541,20/10/2025,C0122,P0024,S007,2,513.01,0.05,1026.02,974.72,Cash,Online,Completed,Repeat
INV200542,09/05/2025,C0146,P0005,S003,2,9046.11,0.05,18092.22,17187.61,Bank Transfer,Online,Completed,Returning
INV200543,11/12/2025,C0088,P0022,S007,5,415.81,0.0,2079.05,2079.05,Credit Card,Distributor,Returned,Returning
INV200544,19/04/2025,C0152,P0021,S008,9,271.39,0.1,2442.51,2198.26,UPI,Online,Returned,New
INV200545,12/03/2025,C0005,P0017,S003,7,14247.08,0.0,99729.56,99729.56,Credit Card,Distributor,Returned,New
INV200546,11/03/2025,C0170,P0006,S003,5,14519.21,0.0,72596.05,72596.05,Wallet,Online,Returned,Returning
INV200547,26/07/2025,C0119,P0030,S007,1,2105.76,0.15,2105.76,1789.9,Cash,Online,Completed,New
INV200548,07/08/2025,C0126,P0031,S004,2,1085.19,0.15,2170.38,1844.82,UPI,Online,Returned,Returning
INV200549,19/07/2025,C0173,P0002,S008,6,85885.85,0.2,515315.1,412252.08,Wallet,Distributor,Cancelled,Repeat
INV200550,29/11/2025,C0140,P0027,S006,4,2030.99,0.2,8123.96,6499.17,Wallet,Distributor,Completed,New
INV200551,01/03/2025,C0155,P0006,S007,6,12886.43,0.05,77318.58,73452.65,Wallet,Distributor,Cancelled,Returning
INV200552,21/06/2025,C0047,P0015,S002,3,23114.93,0.0,69344.79,69344.79,Wallet,Online,Completed,New
INV200553,28/06/2025,C0125,P0025,S005,5,422.19,0.15,2110.95,1794.31,Bank Transfer,Retail Store,Completed,Returning
INV200554,26/01/2025,C0001,P0009,S007,9,5267.57,0.1,47408.13,42667.32,Bank Transfer,Distributor,Returned,Repeat
INV200555,25/07/2025,C0077,P0029,S010,8,4768.57,0.05,38148.56,36241.13,Credit Card,Retail Store,Completed,Repeat
INV200556,27/06/2025,C0110,P0003,S005,6,45681.91,0.0,274091.46,274091.46,UPI,Retail Store,Completed,Returning
INV200557,23/04/2025,C0121,P0013,S001,10,4741.27,0.2,47412.7,37930.16,Bank Transfer,Distributor,Returned,Returning
INV200558,06/04/2025,C0119,P0029,S002,2,4539.03,0.2,9078.06,7262.45,Bank Transfer,Online,Cancelled,Returning
INV200559,14/07/2025,C0058,P0021,S004,1,271.98,0.2,271.98,217.58,Cash,Distributor,Completed,New
INV200560,08/07/2025,C0090,P0008,S003,9,2528.03,0.0,22752.27,22752.27,UPI,Retail Store,Completed,New
INV200561,10/02/2025,C0081,P0019,S009,10,231.39,0.15,2313.9,1966.81,Bank Transfer,Distributor,Returned,Repeat
INV200562,25/05/2025,C0106,P0028,S004,5,5605.6,0.05,28028.0,26626.6,Bank Transfer,Distributor,Completed,Repeat
INV200563,30/12/2025,C0066,P0005,S005,10,9525.11,0.0,95251.1,95251.1,Wallet,Distributor,Completed,Returning
INV200564,05/05/2025,C0067,P0018,S010,8,5027.13,0.05,40217.04,38206.19,Bank Transfer,Retail Store,Completed,New
INV200565,27/09/2025,C0174,P0011,S003,4,7612.27,0.0,30449.08,30449.08,Wallet,Retail Store,Completed,Returning
INV200566,02/09/2025,C0056,P0018,S002,4,4923.83,0.0,19695.32,19695.32,Credit Card,Distributor,Returned,New
INV200567,01/02/2025,C0177,P0012,S002,8,17202.47,0.0,137619.76,137619.76,Bank Transfer,Distributor,Completed,New
INV200568,27/05/2025,C0162,P0027,S006,6,1989.8,0.1,11938.8,10744.92,UPI,Online,Completed,New
INV200569,06/01/2025,C0011,P0020,S005,10,538.7,0.1,5387.0,4848.3,Cash,Online,Completed,Returning
INV200570,09/11/2025,C0058,P0004,S001,3,77062.44,0.2,231187.32,184949.86,Credit Card,Online,Completed,New
INV200571,25/08/2025,C0086,P0026,S006,9,326.33,0.2,2936.97,2349.58,UPI,Retail Store,Cancelled,Repeat
INV200572,18/11/2025,C0174,P0031,S001,9,1082.9,0.1,9746.1,8771.49,Credit Card,Distributor,Cancelled,New
INV200573,05/02/2025,C0067,P0024,S009,5,475.71,0.0,2378.55,2378.55,Bank Transfer,Retail Store,Returned,New
INV200574,13/02/2025,C0019,P0015,S009,9,22682.72,0.05,204144.48,193937.26,UPI,Retail Store,Completed,New
INV200575,28/07/2025,C0041,P0009,S001,4,5194.19,0.0,20776.76,20776.76,Bank Transfer,Online,Completed,Repeat
INV200576,17/04/2025,C0168,P0007,S001,5,29718.3,0.0,148591.5,148591.5,Wallet,Retail Store,Cancelled,Returning
INV200577,21/12/2025,C0173,P0026,S009,1,324.13,0.0,324.13,324.13,Bank Transfer,Distributor,Completed,Returning
INV200578,24/05/2025,C0098,P0004,S003,2,74596.57,0.2,149193.14,119354.51,Cash,Retail Store,Completed,New
INV200579,27/08/2025,C0068,P0013,S001,5,5093.11,0.0,25465.55,25465.55,Credit Card,Online,Completed,Returning
INV200580,07/07/2025,C0013,P0011,S003,9,8033.48,0.15,72301.32,61456.12,Cash,Retail Store,Completed,New
INV200581,18/08/2025,C0087,P0011,S004,4,7524.66,0.0,30098.64,30098.64,UPI,Distributor,Completed,New
INV200582,11/03/2025,C0005,P0009,S006,7,5778.3,0.15,40448.1,34380.88,UPI,Online,Completed,New
INV200583,12/01/2025,C0057,P0013,S005,7,4783.65,0.1,33485.55,30136.99,Credit Card,Distributor,Returned,Repeat
INV200584,06/07/2025,C0003,P0029,S007,3,4570.82,0.1,13712.46,12341.21,Bank Transfer,Retail Store,Completed,Returning
INV200585,30/01/2025,C0045,P0018,S006,4,4902.49,0.0,19609.96,19609.96,UPI,Online,Cancelled,Returning
INV200586,13/05/2025,C0125,P0011,S004,1,7225.29,0.0,7225.29,7225.29,UPI,Online,Completed,Returning
INV200587,01/06/2025,C0118,P0005,S010,1,9616.08,0.0,9616.08,9616.08,UPI,Online,Completed,Repeat
INV200588,27/01/2025,C0096,P0004,S008,7,74572.02,0.05,522004.14,495903.93,Wallet,Retail Store,Completed,Repeat
INV200589,25/11/2025,C0163,P0032,S006,5,2440.11,0.1,12200.55,10980.5,Wallet,Online,Completed,New
INV200590,17/07/2025,C0093,P0015,S009,8,25579.89,0.0,204639.12,204639.12,Cash,Distributor,Completed,Repeat
INV200591,16/09/2025,C0017,P0012,S003,6,15990.56,0.15,95943.36,81551.86,Wallet,Distributor,Completed,Repeat
INV200592,21/07/2025,C0137,P0019,S005,9,227.85,0.2,2050.65,1640.52,UPI,Retail Store,Completed,Returning
INV200593,07/04/2025,C0116,P0005,S003,2,9043.1,0.0,18086.2,18086.2,Credit Card,Online,Cancelled,Repeat
INV200594,20/09/2025,C0011,P0016,S006,9,21979.27,0.1,197813.43,178032.09,Wallet,Online,Completed,Repeat
INV200595,26/01/2025,C0125,P0019,S001,4,207.19,0.15,828.76,704.45,Credit Card,Distributor,Cancelled,Returning
INV200596,09/05/2025,C0178,P0023,S003,10,84.25,0.05,842.5,800.38,Credit Card,Retail Store,Completed,New
INV200597,31/03/2025,C0037,P0032,S007,5,2487.8,0.0,12439.0,12439.0,Cash,Online,Completed,New
INV200598,04/07/2025,C0075,P0010,S003,2,4993.21,0.1,9986.42,8987.78,Bank Transfer,Distributor,Completed,Returning
INV200599,27/11/2025,C0098,P0013,S004,1,4859.84,0.2,4859.84,3887.87,UPI,Online,Completed,Repeat
INV200600,04/06/2025,C0114,P0002,S005,9,84831.34,0.15,763482.06,648959.75,Wallet,Distributor,Completed,New
INV200601,19/05/2025,C0119,P0002,S003,1,86389.13,0.05,86389.13,82069.67,Cash,Distributor,Completed,New
INV200602,10/11/2025,C0081,P0013,S008,8,4925.01,0.05,39400.08,37430.08,UPI,Retail Store,Returned,Returning
INV200603,03/12/2025,C0054,P0011,S010,6,7180.07,0.1,43080.42,38772.38,UPI,Retail Store,Returned,Repeat
INV200604,13/06/2025,C0044,P0011,S006,10,6921.3,0.0,69213.0,69213.0,Credit Card,Retail Store,Completed,Returning
INV200605,12/02/2025,C0037,P0009,S001,6,5549.98,0.15,33299.88,28304.9,UPI,Online,Cancelled,Repeat
INV200606,01/03/2025,C0019,P0021,S007,4,262.23,0.0,1048.92,1048.92,Bank Transfer,Retail Store,Cancelled,Repeat
INV200607,30/04/2025,C0112,P0016,S008,3,20642.76,0.2,61928.28,49542.62,Wallet,Distributor,Completed,Returning
INV200608,03/04/2025,C0011,P0028,S007,2,5527.62,0.05,11055.24,10502.48,Wallet,Distributor,Completed,Returning
INV200609,09/12/2025,C0142,P0022,S002,4,425.96,0.0,1703.84,1703.84,UPI,Distributor,Cancelled,New
INV200610,23/01/2025,C0070,P0015,S003,2,22822.18,0.2,45644.36,36515.49,UPI,Online,Completed,New
INV200611,10/07/2025,C0076,P0033,S002,6,712.43,0.15,4274.58,3633.39,Cash,Distributor,Returned,Returning
INV200612,13/09/2025,C0103,P0020,S001,2,478.41,0.15,956.82,813.3,Bank Transfer,Retail Store,Cancelled,Returning
INV200613,30/01/2025,C0100,P0020,S005,3,469.53,0.2,1408.59,1126.87,Cash,Online,Cancelled,Returning
INV200614,12/09/2025,C0114,P0031,S004,6,979.2,0.15,5875.2,4993.92,Cash,Distributor,Returned,Repeat
INV200615,24/07/2025,C0080,P0008,S010,7,2392.38,0.2,16746.66,13397.33,Bank Transfer,Distributor,Completed,New
INV200616,09/11/2025,C0037,P0028,S003,3,5122.58,0.0,15367.74,15367.74,Credit Card,Retail Store,Completed,New
INV200617,26/05/2025,C0042,P0017,S009,4,13391.68,0.0,53566.72,53566.72,Cash,Distributor,Cancelled,Returning
INV200618,27/02/2025,C0024,P0031,S010,8,1059.46,0.0,8475.68,8475.68,Cash,Distributor,Cancelled,Returning
INV200619,10/11/2025,C0072,P0007,S003,9,27567.62,0.2,248108.58,198486.86,Wallet,Online,Completed,New
INV200620,10/08/2025,C0109,P0027,S001,3,1747.32,0.2,5241.96,4193.57,Credit Card,Retail Store,Completed,Returning
INV200621,24/03/2025,C0139,P0022,S004,9,390.74,0.1,3516.66,3164.99,Credit Card,Online,Completed,Returning
INV200622,24/01/2025,C0084,P0012,S005,4,18362.98,0.15,73451.92,62434.13,Wallet,Distributor,Completed,Repeat
INV200623,11/10/2025,C0177,P0011,S007,10,7692.27,0.0,76922.7,76922.7,Wallet,Distributor,Completed,New
INV200624,19/08/2025,C0102,P0028,S003,8,5760.61,0.1,46084.88,41476.39,UPI,ONLINE,Cancelled,New
INV200625,14/09/2025,C0157,P0025,S004,4,406.82,0.1,1627.28,1464.55,Credit Card,Distributor,Completed,Returning
INV200626,28/02/2025,C0162,P0026,S003,7,301.12,0.1,2107.84,1897.06,Cash,Distributor,Completed,New
INV200627,01/01/2025,C0020,P0013,S003,9,4598.32,0.0,41384.88,41384.88,UPI,Distributor,Cancelled,New
INV200628,20/02/2025,C0173,P0033,S004,6,749.53,0.0,4497.18,4497.18,Wallet,Distributor,Completed,Returning
INV200629,02/09/2025,C0084,P0002,S007,8,83291.22,0.1,666329.76,599696.78,Credit Card,Retail Store,Completed,Returning
INV200630,27/03/2025,C0002,P0007,S005,4,29523.15,0.0,118092.6,118092.6,Cash,Distributor,Returned,Repeat
INV200631,01/03/2025,C0118,P0033,S002,6,744.46,0.15,4466.76,3796.75,Wallet,Distributor,Completed,Returning
INV200632,21/12/2025,C0077,P0023,S008,3,83.47,0.2,250.41,200.33,UPI,Distributor,Returned,Repeat
INV200633,08/07/2025,C0179,P0026,S009,7,327.19,0.0,2290.33,2290.33,Bank Transfer,Distributor,Completed,New
INV200634,15/06/2025,C0115,P0014,S005,10,18463.6,0.15,184636.0,156940.6,UPI,Retail Store,Completed,New
INV200635,05/11/2025,C0070,P0028,S001,8,5212.7,0.2,41701.6,33361.28,UPI,Distributor,Cancelled,New
INV200636,16/08/2025,C0069,P0031,S003,10,994.63,0.1,9946.3,8951.67,UPI ,Online,Returned,Returning
INV200637,13/11/2025,C0102,P0032,S001,9,2626.53,0.0,23638.77,23638.77,Wallet,Retail Store,Completed,Returning
INV200638,15/12/2025,C0128,P0017,S009,6,14138.6,0.2,84831.6,67865.28,Wallet,Retail Store,Returned,Repeat
INV200639,08/02/2025,C0131,P0013,S010,9,4529.88,0.05,40768.92,38730.47,Cash,Online,Completed,Repeat
INV200640,23/09/2025,C0162,P0022,S004,7,416.59,0.2,2916.13,2332.9,Wallet,Online,Returned,Repeat
INV200641,27/10/2025,C0137,P0002,S005,5,78190.2,0.05,390951.0,371403.45,Wallet,Online,Cancelled,Repeat
INV200642,06/01/2025,C0084,P0011,S002,1,7378.44,0.0,7378.44,7378.44,Cash,Online,Returned,Repeat
INV200643,29/05/2025,C0142,P0004,S001,9,70035.34,0.0,630318.06,630318.06,Bank Transfer,Retail Store,Cancelled,New
INV200644,24/04/2025,C0001,P0013,S001,6,4678.68,0.1,28072.08,25264.87,Wallet,Distributor,Completed,Returning
INV200645,01/11/2025,C0122,P0017,S002,9,13690.51,0.05,123214.59,117053.86,UPI,Online,Completed,Repeat
INV200646,09/07/2025,C0004,P0004,S001,4,74794.25,0.0,299177.0,299177.0,Cash,Distributor,Returned,New
INV200647,31/10/2025,C0153,P0023,S004,1,79.73,0.05,79.73,75.74,Credit Card,Distributor,Completed,Returning
INV200648,09/04/2025,C0113,P0019,S007,8,203.7,0.15,1629.6,1385.16,Cash,Distributor,Completed,Returning
INV200649,02/03/2025,C0136,P0031,S003,7,1055.95,0.2,7391.65,5913.32,Credit Card,Online,Completed,Repeat
INV200650,10/07/2025,C0177,P0008,S001,4,2713.69,0.05,10854.76,10312.02,Bank Transfer,Retail Store,Completed,Returning
INV200651,01/11/2025,C0012,P0026,S008,5,313.37,0.2,1566.85,1253.48,Cash,Distributor,Returned,Repeat
INV200652,26/03/2025,C0078,P0003,S007,3,46423.96,0.0,139271.88,139271.88,Bank Transfer,Distributor,Cancelled,Repeat
INV200653,02/09/2025,C0036,P0021,S007,3,297.21,0.0,891.63,891.63,UPI,Online,Cancelled,New
INV200654,19/06/2025,C0061,P0014,S005,8,17489.78,0.0,139918.24,139918.24,Bank Transfer,Retail Store,Returned,Repeat
INV200655,05/10/2025,C0074,P0021,S006,10,282.19,0.0,2821.9,2821.9,Bank Transfer,Online,Completed,New
INV200656,01/10/2025,C0058,P0021,S001,8,298.57,0.0,2388.56,2388.56,Bank Transfer,Retail Store,Completed,New
INV200657,22/02/2025,C0043,P0004,S001,4,68373.8,0.1,273495.2,246145.68,UPI,Online,Completed,Returning
INV200658,30/08/2025,C0061,P0010,S008,8,5203.39,0.0,41627.12,41627.12,Bank Transfer,Distributor,Cancelled,Returning
INV200659,07/05/2025,C0159,P0023,S009,6,83.46,0.2,500.76,400.61,Wallet,Retail Store,Completed,New
INV200660,27/10/2025,C0172,P0020,S003,6,527.64,0.0,3165.84,3165.84,Bank Transfer,Online,Returned,New
INV200661,15/09/2025,C0084,P0032,S006,10,2582.93,0.0,25829.3,25829.3,Credit Card,Retail Store,Completed,Returning
INV200662,23/11/2025,C0013,P0024,S005,10,475.63,0.0,4756.3,4756.3,Cash,Retail Store,Completed,Repeat
INV200663,28/04/2025,C0094,P0014,S006,3,18012.96,0.05,54038.88,51336.94,Wallet,Distributor,Completed,New
INV200664,25/08/2025,C0031,P0023,S010,5,85.16,0.2,425.8,340.64,Wallet,Retail Store,Completed,Repeat
INV200665,29/05/2025,C0155,P0014,S001,6,18158.41,0.0,108950.46,108950.46,Wallet,Online,Completed,New
INV200666,05/03/2025,C0136,P0014,S007,2,18740.72,0.0,37481.44,37481.44,UPI,Distributor,Cancelled,Returning
INV200667,04/04/2025,C0110,P0003,S009,8,49732.51,0.15,397860.08,338181.07,UPI,Distributor,Completed,Repeat
INV200668,31/03/2025,C0123,P0031,S004,1,1059.75,0.05,1059.75,1006.76,Cash,Online,Completed,Returning
INV200669,02/02/2025,C0081,P0012,S002,8,16724.14,0.2,133793.12,107034.5,Bank Transfer,Distributor,Completed,Repeat
INV200670,26/04/2025,C0124,P0033,S001,2,762.02,0.15,1524.04,1295.43,Credit Card,Retail Store,Returned,Returning
INV200671,02/09/2025,C0049,P0019,S005,7,204.96,0.1,1434.72,1291.25,Cash,Retail Store,Returned,New
INV200672,31/10/2025,C0102,P0005,S005,4,10173.15,0.0,40692.6,40692.6,UPI,Distributor,Cancelled,Returning
INV200673,12/05/2025,C0097,P0028,S005,6,5481.38,0.0,32888.28,32888.28,Wallet,Distributor,Completed,Returning
INV200674,19/01/2025,C0029,P0004,S009,10,70846.43,0.15,708464.3,602194.65,UPI,Distributor,Completed,Returning
INV200675,30/04/2025,C0176,P0022,S003,2,383.92,0.2,767.84,614.27,Wallet,Retail Store,Cancelled,Repeat
INV200676,28/05/2025,C0044,P0019,S007,5,234.81,0.2,1174.05,939.24,Wallet,Retail Store,Cancelled,Returning
INV200677,11/11/2025,C0118,P0024,S008,3,527.28,0.15,1581.84,1344.56,Bank Transfer,Retail Store,Completed,Returning
INV200678,30/12/2025,C0147,P0023,S009,3,84.33,0.15,252.99,215.04,Wallet,Online,Completed,New
INV200679,06/02/2025,C0113,P0030,S009,10,2087.64,0.2,20876.4,16701.12,Credit Card,Online,Completed,Returning
INV200680,04/10/2025,C0049,P0029,S002,8,4798.34,0.0,38386.72,38386.72,Wallet,Distributor,Completed,Repeat
INV200681,18/06/2025,C0026,P0018,S004,7,5476.42,0.1,38334.94,34501.45,UPI,Distributor,Returned,Returning
INV200682,23/02/2025,C0022,P0012,S004,1,17338.44,0.0,17338.44,17338.44,Bank Transfer,Retail Store,Cancelled,New
INV200683,11/02/2025,C0148,P0016,S010,8,19540.6,0.15,156324.8,132876.08,Bank Transfer,Distributor,Completed,New
INV200684,13/11/2025,C0169,P0011,S002,8,7592.79,0.1,60742.32,54668.09,Bank Transfer,Retail Store,Completed,Returning
INV200685,06/08/2025,C0109,P0014,S004,6,18564.97,0.0,111389.82,111389.82,Bank Transfer,Distributor,Cancelled,Returning
INV200686,11/01/2025,C0119,P0001,S006,4,80576.48,0.0,322305.92,322305.92,Credit Card,Distributor,Completed,New
INV200687,22/10/2025,C0062,P0006,S001,4,12750.31,0.15,51001.24,43351.05,Wallet,Retail Store,Completed,New
INV200688,27/11/2025,C0081,P0023,S002,4,80.24,0.2,320.96,256.77,Wallet,Online,Cancelled,Repeat
INV200689,01/10/2025,C0026,P0033,S002,1,733.44,0.05,733.44,696.77,UPI,Retail Store,Completed,Returning
INV200690,25/08/2025,C0053,P0026,S002,6,336.63,0.2,2019.78,1615.82,Wallet,Retail Store,Completed,Repeat
INV200691,25/07/2025,C0036,P0029,S002,4,4383.24,0.2,17532.96,14026.37,Wallet,Retail Store,Cancelled,New
INV200692,18/04/2025,C0091,P0016,S010,1,19297.02,0.2,19297.02,15437.62,Bank Transfer,Distributor,Completed,Repeat
INV200693,16/02/2025,C0094,P0019,S008,4,224.73,0.0,898.92,898.92,Cash,Retail Store,Completed, repeat 
INV200694,07/09/2025,C0146,P0012,S006,6,16159.46,0.0,96956.76,96956.76,Bank Transfer,Online,Returned,Returning
INV200695,11/11/2025,C0011,P0009,S009,4,5345.16,0.1,21380.64,19242.58,Cash,Online,Completed,Returning
INV200696,01/11/2025,C0108,P0025,S007,1,440.29,0.05,440.29,418.28,Bank Transfer,Online,Cancelled,New
INV200697,13/07/2025,C0066,P0017,S002,7,12844.49,0.0,89911.43,89911.43,Credit Card,Distributor,Returned,Repeat
INV200698,21/11/2025,C0053,P0022,S009,5,432.83,0.1,2164.15,1947.74,Credit Card,Retail Store,Completed,New
INV200699,07/04/2025,C0172,P0001,S003,8,72233.71,0.0,577869.68,577869.68,UPI,Retail Store,Returned,New
INV200700,05/08/2025,C0035,P0033,S002,5,725.17,0.2,3625.85,2900.68,Bank Transfer,Retail Store,Completed,Returning
INV200701,24/10/2025,C0059,P0021,S004,1,273.79,0.15,273.79,232.72,Credit Card,Retail Store,Returned,Repeat
INV200702,14/05/2025,C0178,P0001,S010,3,78473.06,0.0,235419.18,235419.18,Bank Transfer,Distributor,Cancelled,Repeat
INV200703,19/05/2025,C0082,P0023,S002,4,81.68,0.05,326.72,310.38,Cash,Online,Returned,New
INV200704,21/08/2025,C0069,P0013,S001,7,5184.58,0.15,36292.06,30848.25,Credit Card,Online,Returned,Repeat
INV200705,18/01/2025,C0052,P0020,S004,10,531.5,0.15,5315.0,4517.75,Credit Card,Distributor,Returned,New
INV200706,08/10/2025,C0121,P0029,S006,9,4658.96,0.0,41930.64,41930.64,UPI,Retail Store,Completed,Repeat
INV200707,19/08/2025,C0004,P0017,S002,4,12785.58,0.2,51142.32,40913.86,Credit Card,Distributor,Completed,Repeat
INV200708,09/04/2025,C0132,P0027,S001,3,1785.47,0.15,5356.41,4552.95,UPI,Retail Store,Completed,New
INV200709,21/01/2025,C0068,P0005,S003,4,9859.41,0.0,39437.64,39437.64,Bank Transfer,Retail Store,Returned,New
INV200710,04/01/2025,C0069,P0018,S002,1,5431.61,0.0,5431.61,5431.61,Cash,Distributor,Cancelled,Returning
INV200711,20/05/2025,C0026,P0014,S003,5,19641.46,0.05,98207.3,93296.93,UPI,Distributor,Completed,New
INV200712,15/11/2025,C0124,P0020,S002,3,530.73,0.0,1592.19,1592.19,Wallet,Retail Store,Completed,Returning
INV200713,13/10/2025,C0122,P0010,S007,5,5187.61,0.15,25938.05,22047.34,UPI,ONLINE,Completed,New
INV200714,11/09/2025,C0077,P0010,S003,5,5068.09,0.0,25340.45,25340.45,UPI,Online,Returned,New
INV200715,25/02/2025,C0137,P0004,S001,4,71338.34,0.05,285353.36,271085.69,Cash,Online,Returned,New
INV200716,26/01/2025,C0122,P0001,S003,9,77757.97,0.1,699821.73,629839.56,UPI,Online,Completed,New
INV200717,17/01/2025,C0153,P0022,S004,7,425.8,0.1,2980.6,2682.54,Credit Card,Distributor,Completed,New
INV200718,29/07/2025,C0140,P0002,S001,6,84515.05,0.1,507090.3,456381.27,Bank Transfer,Online,Completed,New
INV200719,11/09/2025,C0063,P0009,S006,10,4950.74,0.0,49507.4,49507.4,Cash,Online,Cancelled,Repeat
INV200720,15/02/2025,C0049,P0003,S008,3,46239.55,0.0,138718.65,138718.65,UPI,Distributor,Returned,Returning
INV200721,22/01/2025,C0131,P0031,S002,7,949.43,0.1,6646.01,5981.41,Credit Card,Online,Completed,Repeat
INV200722,30/12/2025,C0072,P0027,S002,8,1919.67,0.0,15357.36,15357.36,Wallet,Online,Returned,New
INV200723,21/08/2025,C0066,P0020,S004,7,549.72,0.0,3848.04,3848.04,UPI,Online,Completed,Repeat
INV200724,09/03/2025,C0048,P0024,S003,2,486.63,0.2,973.26,778.61,UPI,Retail Store,Completed,New
INV200725,28/10/2025,C0070,P0006,S003,1,13067.02,0.15,13067.02,11106.97,Cash,Retail Store,Completed,Repeat
INV200726,12/11/2025,C0006,P0014,S003,7,18557.71,0.2,129903.97,103923.18,Bank Transfer,Online,Completed,New
INV200727,29/08/2025,C0105,P0006,S008,10,14040.5,0.05,140405.0,133384.75,Credit Card,Distributor,Completed,Repeat
INV200728,26/06/2025,C0178,P0023,S010,9,76.15,0.05,685.35,651.08,Credit Card,Online,Completed,New
INV200729,22/10/2025,C0171,P0008,S006,9,2715.01,0.15,24435.09,20769.83,Credit Card,Online,Returned,Returning
INV200730,27/07/2025,C0180,P0019,S010,9,210.85,0.1,1897.65,1707.88,Wallet,Retail Store,Cancelled,Returning
INV200731,04/08/2025,C0033,P0014,S008,7,19379.56,0.0,135656.92,135656.92,Wallet,Distributor,Completed,Repeat
INV200732,22/08/2025,C0067,P0002,S009,4,89199.35,0.1,356797.4,321117.66,Wallet,Online,Cancelled,New
INV200733,20/10/2025,C0009,P0032,S005,10,2450.43,0.15,24504.3,20828.65,Cash,Retail Store,Completed,New
INV200734,26/07/2025,C0147,P0013,S007,10,4926.1,0.2,49261.0,39408.8,UPI,Retail Store,Completed,Repeat
INV200735,04/10/2025,C0069,P0033,S007,5,807.88,0.1,4039.4,3635.46,Credit Card,Distributor,Completed,New
INV200736,25/04/2025,C0147,P0027,S006,5,1803.63,0.1,9018.15,8116.34,Credit Card,Online,Completed,New
INV200737,13/04/2025,C0126,P0010,S001,6,4846.05,0.05,29076.3,27622.49,UPI,Online,Completed,New
INV200738,11/01/2025,C0005,P0025,S004,5,427.09,0.2,2135.45,1708.36,Cash,Retail Store,Completed,Returning
INV200739,26/02/2025,C0157,P0001,S001,9,79302.01,0.15,713718.09,606660.38,Wallet,Online,Completed,Repeat
INV200740,02/03/2025,C0104,P0001,S001,10,76953.03,0.0,769530.3,769530.3,UPI,Online,Completed,Returning
INV200741,11/09/2025,C0052,P0030,S010,9,2034.12,0.15,18307.08,15561.02,Wallet,Online,Returned,New
INV200742,05/10/2025,C0087,P0020,S009,2,504.17,0.15,1008.34,857.09,Bank Transfer,Retail Store,Completed,New
INV200743,26/01/2025,C0006,P0033,S005,4,746.33,0.0,2985.32,2985.32,Credit Card,Distributor,Completed,Repeat
INV200744,12/02/2025,C0025,P0006,S006,2,13788.62,0.2,27577.24,22061.79,Bank Transfer,Distributor,Completed,Repeat
INV200745,14/09/2025,C0037,P0020,S003,1,521.37,0.0,521.37,521.37,Credit Card,Online,Completed,New
INV200746,15/06/2025,C0062,P0018,S007,7,5212.24,0.0,36485.68,36485.68,Cash,Distributor,Cancelled,Returning
INV200747,09/05/2025,C0073,P0018,S007,7,4961.4,0.1,34729.8,31256.82,Credit Card,Online,Completed,Returning
INV200748,12/03/2025,C0069,P0002,S003,9,87405.47,0.0,786649.23,786649.23,UPI,Online,Completed,Returning
INV200749,17/08/2025,C0153,P0019,S001,3,206.83,0.1,620.49,558.44,Wallet,Retail Store,Cancelled,New
INV200750,12/09/2025,C0068,P0021,S003,8,290.58,0.0,2324.64,2324.64,Bank Transfer,Distributor,Completed,Repeat
INV200751,09/06/2025,C0041,P0015,S006,8,22527.65,0.0,180221.2,180221.2,Credit Card,Online,Cancelled,New
INV200752,14/10/2025,C0036,P0022,S002,9,423.51,0.0,3811.59,3811.59,Credit Card,Distributor,Completed,Returning
INV200753,17/06/2025,C0089,P0002,S005,7,90047.85,0.0,630334.95,630334.95,Credit Card,Retail Store,Cancelled,New
INV200754,23/04/2025,C0015,P0017,S007,7,12886.28,0.0,90203.96,90203.96,UPI,Distributor,Completed,Returning
INV200755,15/03/2025,C0118,P0006,S001,2,14385.05,0.2,28770.1,23016.08,UPI,Online,Completed,Returning
INV200756,18/11/2025,C0110,P0005,S006,2,8957.59,0.0,17915.18,17915.18,Bank Transfer,Distributor,Completed,New
INV200757,12/09/2025,C0110,P0028,S006,4,5743.27,0.2,22973.08,18378.46,Bank Transfer,Retail Store,Returned,Returning
INV200758,24/01/2025,C0079,P0012,S003,8,18607.2,0.1,148857.6,133971.84,Bank Transfer,Retail Store,Completed,New
INV200759,15/11/2025,C0023,P0022,S004,1,411.18,0.05,411.18,390.62,UPI,Distributor,Completed,Repeat
INV200760,18/03/2025,C0067,P0016,S006,9,19551.62,0.1,175964.58,158368.12,Cash,Distributor,Completed,New
INV200761,12/06/2025,C0026,P0009,S008,3,5316.79,0.1,15950.37,14355.33,Credit Card,Distributor,Returned,Repeat
INV200762,27/12/2025,C0100,P0023,S007,3,78.28,0.0,234.84,234.84,Credit Card,Distributor,Returned,Repeat
INV200763,07/10/2025,C0114,P0033,S005,10,751.01,0.05,7510.1,7134.6,UPI ,Distributor,Completed,Returning
INV200764,31/01/2025,C0164,P0014,S006,1,17938.5,0.0,17938.5,17938.5,Credit Card,Distributor,Completed,Returning
INV200765,17/10/2025,C0124,P0020,S003,3,495.02,0.0,1485.06,1485.06,Bank Transfer,Online,Completed,New
INV200766,07/06/2025,C0108,P0025,S009,3,389.86,0.0,1169.58,1169.58,Bank Transfer,Distributor,Returned,Repeat
INV200767,06/11/2025,C0092,P0011,S006,5,7843.08,0.15,39215.4,33333.09,Credit Card,Retail Store,Completed,Repeat
INV200768,26/11/2025,C0023,P0008,S002,10,2654.76,0.1,26547.6,23892.84,Wallet,Distributor,Completed,Returning
INV200769,17/03/2025,C0119,P0016,S001,7,20301.26,0.0,142108.82,142108.82,Bank Transfer,Distributor,Cancelled,Repeat
INV200770,14/09/2025,C0129,P0012,S002,9,16645.43,0.15,149808.87,127337.54,Cash,Distributor,Completed,Repeat
INV200771,27/07/2025,C0067,P0002,S006,2,91535.59,0.0,183071.18,183071.18,UPI,Online,Completed,Repeat
INV200772,09/06/2025,C0051,P0018,S002,3,5562.76,0.0,16688.28,16688.28,Credit Card,Distributor,Returned,New
INV200773,09/06/2025,C0157,P0028,S001,4,5078.6,0.1,20314.4,18282.96,Wallet,Retail Store,Completed,New
INV200774,14/04/2025,C0042,P0004,S004,2,72084.58,0.15,144169.16,122543.79,Wallet,Distributor,Cancelled,New
INV200775,11/02/2025,C0023,P0018,S001,1,5087.19,0.0,5087.19,5087.19,Cash,Online,Completed,New
INV200776,20/12/2025,C0128,P0007,S010,8,29215.48,0.2,233723.84,186979.07,Credit Card,Distributor,Completed,Returning
INV200777,18/07/2025,C0040,P0023,S010,1,81.29,0.2,81.29,65.03,Credit Card,Distributor,Completed,Returning
INV200778,27/08/2025,C0135,P0022,S006,1,386.26,0.2,386.26,309.01,UPI,Retail Store,Completed,New
INV200779,22/06/2025,C0136,P0011,S002,1,8007.45,0.1,8007.45,7206.7,Wallet,Distributor,Returned,Returning
INV200780,02/01/2025,C0121,P0009,S008,10,5541.35,0.0,55413.5,55413.5,Cash,Online,Returned,New
INV200781,07/08/2025,C0008,P0033,S002,10,811.67,0.1,8116.7,7305.03,UPI,Online,Completed,Returning
INV200782,02/11/2025,C0151,P0025,S005,8,431.09,0.1,3448.72,3103.85,Wallet,Online,Returned,Repeat
INV200783,27/04/2025,C0011,P0029,S007,9,4779.25,0.0,43013.25,43013.25,Credit Card,Online,Completed,Returning
INV200784,08/01/2025,C0173,P0024,S006,8,457.67,0.15,3661.36,3112.16,UPI,Distributor,Completed,Returning
INV200785,31/05/2025,C0050,P0009,S004,7,5067.54,0.0,35472.78,35472.78,Credit Card,Retail Store,Cancelled,New
INV200786,16/07/2025,C0155,P0025,S009,6,397.05,0.1,2382.3,2144.07,Cash,Online,Returned,Repeat
INV200787,16/12/2025,C0175,P0023,S002,7,83.66,0.15,585.62,497.78,UPI,Distributor,Completed,Returning
INV200788,14/03/2025,C0023,P0021,S001,2,295.25,0.1,590.5,531.45,UPI,Retail Store,Completed,New
INV200789,03/09/2025,C0003,P0014,S004,6,19587.3,0.0,117523.8,117523.8,Wallet,Retail Store,Completed,Repeat
INV200790,19/04/2025,C0180,P0008,S010,9,2574.91,0.0,23174.19,23174.19,Bank Transfer,Distributor,Completed,Returning
INV200791,03/02/2025,C0057,P0002,S001,5,88082.48,0.0,440412.4,440412.4,Wallet,Online,Completed,Repeat
INV200792,28/04/2025,C0012,P0010,S002,6,5162.49,0.0,30974.94,30974.94,Bank Transfer,Distributor,Cancelled,Repeat
INV200793,24/12/2025,C0075,P0026,S004,4,340.36,0.2,1361.44,1089.15,Wallet,Retail Store,Completed,Repeat
INV200794,09/10/2025,C0024,P0006,S001,6,14257.47,0.0,85544.82,85544.82,Bank Transfer,Retail Store,Returned,Repeat
INV200795,21/03/2025,C0126,P0033,S010,7,732.52,0.0,5127.64,5127.64,UPI,Distributor,Completed,Repeat
INV200796,26/02/2025,C0036,P0005,S008,8,10163.15,0.05,81305.2,77239.94,UPI,Online,Cancelled,Repeat
INV200797,16/10/2025,C0128,P0033,S002,6,725.22,0.05,4351.32,4133.75,Cash,Distributor,Completed,Returning
INV200798,03/11/2025,C0119,P0011,S004,7,7084.47,0.0,49591.29,49591.29,Bank Transfer,Retail Store,Completed,Repeat
INV200799,05/08/2025,C0119,P0030,S003,1,1826.17,0.05,1826.17,1734.86,Credit Card,Online,Returned,New
INV200800,01/02/2025,C0129,P0030,S002,6,2058.85,0.1,12353.1,11117.79,Cash,Distributor,Completed,Repeat
INV200801,07/12/2025,C0016,P0014,S002,8,17630.3,0.05,141042.4,133990.28,UPI,Distributor,Completed,New
INV200802,15/08/2025,C0076,P0005,S005,9,10005.83,0.05,90052.47,85549.85,UPI,ONLINE,Completed,New
INV200803,16/10/2025,C0045,P0022,S005,7,413.08,0.2,2891.56,2313.25,UPI,Retail Store,Completed,Returning
INV200804,22/09/2025,C0077,P0003,S008,7,47483.05,0.1,332381.35,299143.22,Credit Card,Retail Store,Returned,Returning
INV200805,16/04/2025,C0037,P0031,S002,4,960.02,0.05,3840.08,3648.08,Wallet,Retail Store,Returned,Repeat
INV200806,21/12/2025,C0036,P0023,S010,3,86.3,0.0,258.9,258.9,Cash,Distributor,Cancelled,Repeat
INV200807,07/11/2025,C0014,P0027,S001,5,2025.69,0.15,10128.45,8609.18,Wallet,Retail Store,Cancelled,Returning
INV200808,30/04/2025,C0046,P0004,S006,6,69909.11,0.0,419454.66,419454.66,Bank Transfer,Online,Cancelled,Returning
INV200809,16/03/2025,C0122,P0013,S010,7,4507.68,0.2,31553.76,25243.01,Bank Transfer,Distributor,Returned,Repeat
INV200810,12/05/2025,C0003,P0021,S004,6,275.5,0.1,1653.0,1487.7,Cash,Distributor,Cancelled,Repeat
INV200811,13/09/2025,C0087,P0023,S005,3,85.74,0.1,257.22,231.5,Wallet,Distributor,Completed,New
INV200812,27/09/2025,C0067,P0010,S003,8,5569.67,0.0,44557.36,44557.36,UPI,Retail Store,Completed,New
INV200813,31/01/2025,C0046,P0012,S003,8,16173.7,0.0,129389.6,129389.6,Credit Card,Retail Store,Completed,Returning
INV200814,08/09/2025,C0110,P0008,S008,2,2406.65,0.1,4813.3,4331.97,Bank Transfer,Online,Cancelled,Returning
INV200815,10/07/2025,C0030,P0019,S005,9,222.15,0.1,1999.35,1799.42,UPI,Online,Completed,New
INV200816,23/02/2025,C0109,P0001,S004,10,74478.0,0.0,744780.0,744780.0,UPI,Distributor,Returned,Returning
INV200817,09/10/2025,C0004,P0007,S005,3,28486.78,0.2,85460.34,68368.27,Cash,Online,Completed,Repeat
INV200818,07/10/2025,C0007,P0005,S008,8,10340.48,0.0,82723.84,82723.84,Credit Card,Retail Store,Completed,Repeat
INV200819,21/01/2025,C0088,P0001,S001,5,74617.29,0.15,373086.45,317123.48,UPI,Retail Store,Returned,New
INV200820,10/05/2025,C0072,P0025,S010,4,436.91,0.0,1747.64,1747.64,Cash,Online,Cancelled,Repeat
INV200821,16/08/2025,C0111,P0016,S009,1,20018.26,0.15,20018.26,17015.52,Wallet,Online,Returned,Repeat
INV200822,14/05/2025,C0016,P0011,S006,10,7635.58,0.2,76355.8,61084.64,Wallet,Retail Store,Completed,Returning
INV200823,06/11/2025,C0057,P0015,S003,8,23112.84,0.2,184902.72,147922.18,Cash,Online,Cancelled,New
INV200824,23/03/2025,C0147,P0008,S007,4,2605.16,0.05,10420.64,9899.61,Bank Transfer,Distributor,Returned,New
INV200825,06/03/2025,C0111,P0027,S008,7,1847.26,0.2,12930.82,10344.66,UPI,Retail Store,Completed,Returning
INV200826,26/11/2025,C0078,P0023,S004,10,78.13,0.1,781.3,703.17,Wallet,Retail Store,Completed,Repeat
INV200827,01/01/2025,C0130,P0028,S005,1,5600.83,0.1,5600.83,5040.75,Bank Transfer,Retail Store,Completed,New
INV200828,23/01/2025,C0140,P0001,S002,10,79594.1,0.0,795941.0,795941.0,UPI,Online,Completed,Repeat
INV200829,03/06/2025,C0061,P0003,S005,5,50029.04,0.15,250145.2,212623.42,Credit Card,Distributor,Completed,New
INV200830,22/03/2025,C0090,P0013,S004,4,4447.99,0.0,17791.96,17791.96,UPI,Online,Completed,New
INV200831,21/01/2025,C0040,P0024,S006,6,464.17,0.0,2785.02,2785.02,UPI,Retail Store,Completed,Repeat
INV200832,16/12/2025,C0009,P0015,S007,10,25675.89,0.15,256758.9,218245.07,Wallet,Retail Store,Completed,Returning
INV200833,10/04/2025,C0063,P0013,S003,5,4747.44,0.0,23737.2,23737.2,UPI,Distributor,Returned,New
INV200834,04/01/2025,C0138,P0002,S006,10,88107.3,0.2,881073.0,704858.4,UPI,Online,Completed,Repeat
INV200835,19/05/2025,C0024,P0011,S010,1,7836.38,0.1,7836.38,7052.74,Wallet,Retail Store,Completed,Returning
INV200836,04/11/2025,C0158,P0009,S001,2,5136.51,0.0,10273.02,10273.02,Cash,Retail Store,Completed,New
INV200837,04/09/2025,C0118,P0020,S010,6,482.52,0.05,2895.12,2750.36,Credit Card,Retail Store,Completed,Returning
INV200838,18/05/2025,C0165,P0006,S010,4,13219.57,0.1,52878.28,47590.45,Credit Card,Distributor,Completed,New
INV200839,22/07/2025,C0115,P0005,S004,2,9489.23,0.1,18978.46,17080.61,Cash,Online,Returned,Repeat
INV200840,31/08/2025,C0082,P0010,S009,7,5167.58,0.05,36173.06,34364.41,UPI,Distributor,Completed,Returning
INV200841,06/08/2025,C0031,P0029,S004,1,4543.09,0.0,4543.09,4543.09,UPI,Distributor,Cancelled,Repeat
INV200842,11/06/2025,C0036,P0018,S001,4,5429.82,0.0,21719.28,21719.28,Credit Card,Retail Store,Completed,Repeat
INV200843,01/07/2025,C0003,P0021,S002,5,287.48,0.0,1437.4,1437.4,UPI,Online,Cancelled,Returning
INV200844,23/02/2025,C0077,P0016,S001,9,20899.21,0.1,188092.89,169283.6,Wallet,Retail Store,Completed,Repeat
INV200845,27/08/2025,C0155,P0009,S006,5,5059.88,0.0,25299.4,25299.4,Credit Card,Distributor,Cancelled,New
INV200846,29/12/2025,C0066,P0021,S009,2,263.51,0.15,527.02,447.97,Credit Card,Retail Store,Cancelled,Repeat
INV200847,10/09/2025,C0011,P0028,S008,7,5126.86,0.15,35888.02,30504.82,UPI,Online,Completed,Returning
INV200848,29/10/2025,C0143,P0028,S006,2,5708.07,0.05,11416.14,10845.33,Credit Card,Online,Completed,Repeat
INV200849,05/10/2025,C0171,P0019,S007,5,232.9,0.0,1164.5,1164.5,Bank Transfer,Distributor,Cancelled,Repeat
INV200850,27/09/2025,C0136,P0013,S009,3,4983.39,0.05,14950.17,14202.66,Cash,Online,Returned,New
INV200851,10/01/2025,C0131,P0018,S007,8,5390.55,0.0,43124.4,43124.4,UPI,Retail Store,Completed,New
INV200852,23/11/2025,C0082,P0024,S002,10,468.54,0.1,4685.4,4216.86,UPI,Online,Completed,Repeat
INV200853,05/01/2025,C0028,P0012,S006,7,17970.23,0.0,125791.61,125791.61,Bank Transfer,Retail Store,Completed,Returning
INV200854,30/07/2025,C0049,P0017,S003,1,14656.55,0.0,14656.55,14656.55,UPI,Online,Completed,Repeat
INV200855,14/02/2025,C0074,P0012,S010,1,17551.98,0.0,17551.98,17551.98,Cash,Retail Store,Completed,Returning
INV200856,16/08/2025,C0011,P0009,S007,7,5153.26,0.0,36072.82,36072.82,Bank Transfer,Online,Cancelled,Repeat
INV200857,09/08/2025,C0050,P0012,S002,8,17666.67,0.05,141333.36,134266.69,Credit Card,Distributor,Completed,Returning
INV200858,08/02/2025,C0013,P0006,S010,4,13282.15,0.0,53128.6,53128.6,UPI,Distributor,Cancelled,New
INV200859,10/03/2025,C0042,P0020,S008,2,546.98,0.0,1093.96,1093.96,UPI,Retail Store,Completed,Returning
INV200860,24/01/2025,C0108,P0002,S009,3,84651.58,0.1,253954.74,228559.27,Credit Card,Retail Store,Returned,Repeat
INV200861,24/07/2025,C0029,P0027,S001,8,2011.05,0.1,16088.4,14479.56,Cash,Retail Store,Completed,Returning
INV200862,27/09/2025,C0091,P0001,S001,10,74993.43,0.05,749934.3,712437.58,UPI,Online,Completed,Repeat
INV200863,16/02/2025,C0114,P0028,S003,4,5051.92,0.2,20207.68,16166.14,UPI,Retail Store,Completed,New
INV200864,26/11/2025,C0159,P0017,S005,2,13432.23,0.1,26864.46,24178.01,UPI,Distributor,Completed,Repeat
INV200865,28/06/2025,C0071,P0019,S002,4,208.16,0.1,832.64,749.38,Cash,Distributor,Returned,Returning
INV200866,05/07/2025,C0123,P0027,S001,7,1809.99,0.2,12669.93,10135.94,Bank Transfer,Distributor,Completed, repeat 
INV200867,16/11/2025,C0012,P0018,S007,2,5112.41,0.1,10224.82,9202.34,Bank Transfer,Online,Cancelled,Returning
INV200868,14/08/2025,C0006,P0006,S008,10,13702.91,0.15,137029.1,116474.74,UPI,Retail Store,Completed,New
INV200869,28/03/2025,C0074,P0015,S008,5,25512.89,0.05,127564.45,121186.23,Credit Card,Retail Store,Completed,New
INV200870,18/05/2025,C0089,P0028,S006,4,5666.1,0.15,22664.4,19264.74,Wallet,Retail Store,Returned,Returning
INV200871,06/01/2025,C0043,P0023,S005,9,84.38,0.05,759.42,721.45,Cash,Online,Returned,Returning
INV200872,18/10/2025,C0011,P0018,S008,3,5270.48,0.0,15811.44,15811.44,Bank Transfer,Online,Completed,New
INV200873,01/11/2025,C0087,P0015,S009,6,25959.43,0.2,155756.58,124605.26,Cash,Distributor,Completed,New
INV200874,16/02/2025,C0101,P0018,S004,6,5344.24,0.15,32065.44,27255.62,Credit Card,Distributor,Completed,Repeat
INV200875,01/10/2025,C0020,P0017,S007,1,13852.0,0.05,13852.0,13159.4,Cash,Distributor,Completed,Repeat
INV200876,24/04/2025,C0117,P0033,S009,5,719.51,0.05,3597.55,3417.67,Credit Card,Retail Store,Returned,New
INV200877,05/10/2025,C0116,P0023,S007,5,85.72,0.1,428.6,385.74,UPI,Distributor,Returned,New
INV200878,26/07/2025,C0142,P0005,S006,5,9047.12,0.2,45235.6,36188.48,Bank Transfer,Distributor,Cancelled,Returning
INV200879,18/01/2025,C0016,P0010,S008,8,4985.45,0.2,39883.6,31906.88,Credit Card,Online,Cancelled,Repeat
INV200880,21/06/2025,C0011,P0030,S009,7,1896.96,0.0,13278.72,13278.72,UPI,Retail Store,Returned,Repeat
INV200881,18/01/2025,C0087,P0003,S004,4,47612.32,0.1,190449.28,171404.35,Cash,Distributor,Cancelled,New
INV200882,19/04/2025,C0007,P0026,S008,8,306.59,0.2,2452.72,1962.18,Cash,Retail Store,Completed,Returning
INV200883,11/03/2025,C0047,P0012,S007,7,18396.34,0.1,128774.38,115896.94,Bank Transfer,Online,Cancelled,New
INV200884,20/09/2025,C0116,P0033,S009,7,720.2,0.05,5041.4,4789.33,Bank Transfer,Distributor,Cancelled,New
INV200885,18/07/2025,C0121,P0014,S010,7,17623.85,0.0,123366.95,123366.95,UPI,Distributor,Cancelled,Returning
INV200886,13/11/2025,C0129,P0031,S007,1,1062.43,0.2,1062.43,849.94,Bank Transfer,Online,Completed,Returning
INV200887,12/03/2025,C0036,P0008,S008,1,2603.41,0.05,2603.41,2473.24,Wallet,Retail Store,Completed,Returning
INV200888,25/07/2025,C0175,P0029,S001,7,4280.65,0.1,29964.55,26968.09,Credit Card,Online,Returned,New
INV200889,23/10/2025,C0174,P0001,S008,4,79422.65,0.15,317690.6,270037.01,Wallet,Distributor,Completed,Returning
INV200890,18/10/2025,C0138,P0011,S008,2,7084.97,0.15,14169.94,12044.45,UPI ,Online,Completed,Repeat
INV200891,16/02/2025,C0118,P0001,S009,7,79791.34,0.05,558539.38,530612.41,UPI,ONLINE,Cancelled,Repeat
INV200892,22/03/2025,C0008,P0014,S010,9,19512.94,0.2,175616.46,140493.17,UPI,Online,Completed,Repeat
INV200893,04/06/2025,C0176,P0002,S002,5,88577.93,0.05,442889.65,420745.17,Wallet,Retail Store,Returned,New
INV200894,14/07/2025,C0154,P0012,S002,10,18143.1,0.05,181431.0,172359.45,Cash,Online,Completed,Repeat
INV200895,13/05/2025,C0156,P0011,S005,4,7995.25,0.15,31981.0,27183.85,Bank Transfer,Distributor,Completed,New
INV200896,24/12/2025,C0038,P0005,S008,9,9554.19,0.0,85987.71,85987.71,Wallet,Online,Returned,Returning
INV200897,12/07/2025,C0165,P0018,S004,2,5579.45,0.05,11158.9,10600.95,Wallet,Distributor,Completed,New
INV200898,14/07/2025,C0167,P0017,S010,3,13901.46,0.2,41704.38,33363.5,Bank Transfer,Online,Completed,Repeat
INV200899,24/01/2025,C0030,P0031,S001,10,992.89,0.0,9928.9,9928.9,Bank Transfer,Online,Returned,New
INV200900,15/04/2025,C0008,P0033,S009,1,771.2,0.15,771.2,655.52,Credit Card,Retail Store,Completed,Repeat
INV200901,18/03/2025,C0136,P0011,S010,7,7108.89,0.15,49762.23,42297.9,Bank Transfer,Retail Store,Cancelled,Repeat
INV200902,16/01/2025,C0170,P0002,S008,3,84947.36,0.15,254842.08,216615.77,Wallet,Retail Store,Cancelled,New
INV200903,25/11/2025,C0166,P0030,S005,2,1937.44,0.0,3874.88,3874.88,Credit Card,Retail Store,Cancelled,Returning
INV200904,27/02/2025,C0154,P0025,S002,3,406.73,0.1,1220.19,1098.17,UPI,Online,Cancelled,New
INV200905,29/09/2025,C0035,P0002,S004,10,84250.25,0.0,842502.5,842502.5,UPI,Retail Store,Completed,Returning
INV200906,16/05/2025,C0072,P0018,S004,6,5157.57,0.15,30945.42,26303.61,UPI,Distributor,Completed,Repeat
INV200907,25/09/2025,C0175,P0032,S001,2,2400.56,0.0,4801.12,4801.12,Bank Transfer,Distributor,Completed,Repeat
INV200908,25/03/2025,C0169,P0024,S004,7,456.65,0.15,3196.55,2717.07,Credit Card,Online,Completed,Repeat
INV200909,06/07/2025,C0064,P0001,S003,9,79278.66,0.05,713507.94,677832.54,Cash,Distributor,Completed,New
INV200910,09/11/2025,C0097,P0029,S001,3,4306.77,0.05,12920.31,12274.29,Bank Transfer,Online,Completed,New
INV200911,30/06/2025,C0091,P0015,S007,5,25444.06,0.15,127220.3,108137.26,Wallet,Retail Store,Completed,Repeat
INV200912,14/12/2025,C0005,P0016,S007,5,21105.91,0.15,105529.55,89700.12,Credit Card,Retail Store,Cancelled,Repeat
INV200913,13/09/2025,C0064,P0024,S005,7,467.23,0.1,3270.61,2943.55,UPI,Online,Completed,Repeat
INV200914,20/01/2025,C0098,P0026,S008,10,345.63,0.15,3456.3,2937.86,Cash,Retail Store,Cancelled,New
INV200915,08/03/2025,C0096,P0020,S010,8,543.34,0.2,4346.72,3477.38,UPI,Distributor,Completed,Repeat
INV200916,06/04/2025,C0155,P0025,S003,3,417.14,0.1,1251.42,1126.28,UPI,Online,Returned,Repeat
INV200917,23/07/2025,C0019,P0030,S010,10,1861.43,0.1,18614.3,16752.87,Bank Transfer,Retail Store,Cancelled,Returning
INV200918,04/11/2025,C0169,P0010,S010,10,5306.66,0.2,53066.6,42453.28,UPI,Retail Store,Cancelled,Returning
INV200919,02/09/2025,C0103,P0033,S008,8,767.61,0.1,6140.88,5526.79,Bank Transfer,Retail Store,Completed,Repeat
INV200920,04/03/2025,C0064,P0017,S009,3,13928.67,0.0,41786.01,41786.01,Bank Transfer,Distributor,Completed,New
INV200921,17/06/2025,C0052,P0013,S010,2,5208.68,0.0,10417.36,10417.36,Cash,Online,Completed,New
INV200922,04/02/2025,C0075,P0020,S001,8,481.43,0.1,3851.44,3466.3,Wallet,Distributor,Completed,Repeat
INV200923,30/11/2025,C0170,P0015,S001,5,26155.61,0.2,130778.05,104622.44,Credit Card,Online,Completed,New
INV200924,09/01/2025,C0053,P0032,S006,3,2747.52,0.2,8242.56,6594.05,Cash,Online,Completed,Returning
INV200925,10/11/2025,C0139,P0028,S006,7,5093.67,0.05,35655.69,33872.91,UPI,Retail Store,Completed,Repeat
INV200926,14/11/2025,C0167,P0010,S001,9,5041.56,0.0,45374.04,45374.04,UPI,Online,Cancelled,Repeat
INV200927,07/08/2025,C0110,P0007,S010,5,30841.82,0.15,154209.1,131077.74,Cash,Online,Cancelled,Returning
INV200928,18/01/2025,C0167,P0024,S007,9,524.79,0.0,4723.11,4723.11,Credit Card,Retail Store,Completed,New
INV200929,18/11/2025,C0001,P0029,S010,7,4204.87,0.1,29434.09,26490.68,Wallet,Retail Store,Cancelled,Repeat
INV200930,03/09/2025,C0040,P0019,S001,5,229.81,0.0,1149.05,1149.05,Bank Transfer,Retail Store,Completed,New
INV200931,30/12/2025,C0042,P0021,S004,2,264.12,0.2,528.24,422.59,Wallet,Retail Store,Returned,New
INV200932,07/01/2025,C0014,P0032,S008,8,2663.66,0.0,21309.28,21309.28,Credit Card,Retail Store,Completed,New
INV200933,26/04/2025,C0108,P0006,S010,3,12795.8,0.0,38387.4,38387.4,Bank Transfer,Distributor,Cancelled,Returning
INV200934,06/02/2025,C0152,P0013,S009,8,4605.16,0.0,36841.28,36841.28,Credit Card,Online,Completed,Returning
INV200935,05/04/2025,C0076,P0020,S005,8,514.35,0.05,4114.8,3909.06,Credit Card,Retail Store,Returned,Repeat
INV200936,14/01/2025,C0114,P0027,S003,4,2046.33,0.05,8185.32,7776.05,Credit Card,Distributor,Returned,Repeat
INV200937,14/06/2025,C0020,P0005,S008,1,9775.95,0.2,9775.95,7820.76,Bank Transfer,Online,Returned,Returning
INV200938,03/05/2025,C0169,P0011,S009,10,6994.41,0.05,69944.1,66446.9,Bank Transfer,Retail Store,Completed,Repeat
INV200939,19/01/2025,C0155,P0005,S009,6,8914.33,0.15,53485.98,45463.08,Bank Transfer,Distributor,Completed,Returning
INV200940,18/02/2025,C0083,P0029,S005,5,4708.17,0.2,23540.85,18832.68,Cash,Distributor,Completed,New
INV200941,05/11/2025,C0171,P0008,S007,1,2539.92,0.2,2539.92,2031.94,Cash,Online,Completed,Repeat
INV200942,06/01/2025,C0151,P0016,S001,5,22265.67,0.05,111328.35,105761.93,Credit Card,Distributor,Completed,New
INV200943,08/05/2025,C0155,P0010,S003,2,4865.13,0.15,9730.26,8270.72,UPI,Distributor,Returned,Repeat
INV200944,24/03/2025,C0011,P0016,S009,6,21132.39,0.15,126794.34,107775.19,Bank Transfer,Distributor,Completed,Returning
INV200945,16/08/2025,C0137,P0001,S003,7,74105.02,0.05,518735.14,492798.38,Bank Transfer,Online,Returned,Repeat
INV200946,21/12/2025,C0112,P0014,S004,4,18835.18,0.05,75340.72,71573.68,UPI,Online,Completed,New
INV200947,06/11/2025,C0120,P0020,S005,1,543.57,0.15,543.57,462.03,Credit Card,Retail Store,Returned,New
INV200948,16/09/2025,C0155,P0031,S001,10,933.08,0.0,9330.8,9330.8,Credit Card,Distributor,Cancelled,New
INV200949,04/10/2025,C0178,P0019,S004,2,208.9,0.0,417.8,417.8,UPI,Retail Store,Returned,New
INV200950,19/02/2025,C0086,P0018,S009,6,4876.25,0.15,29257.5,24868.88,UPI,Retail Store,Completed,New
INV200951,03/12/2025,C0031,P0008,S010,7,2459.91,0.0,17219.37,17219.37,Cash,Distributor,Completed,New
INV200952,10/01/2025,C0081,P0015,S010,8,22522.13,0.2,180177.04,144141.63,Cash,Retail Store,Completed,Returning
INV200953,23/05/2025,C0076,P0031,S001,9,1070.14,0.2,9631.26,7705.01,UPI,Distributor,Completed,New
INV200954,16/08/2025,C0017,P0019,S007,2,221.98,0.15,443.96,377.37,UPI,Distributor,Completed,Repeat
INV200955,06/09/2025,C0100,P0027,S003,7,1822.07,0.0,12754.49,12754.49,Wallet,Retail Store,Completed,Repeat
INV200956,29/04/2025,C0004,P0009,S007,2,5386.69,0.2,10773.38,8618.7,Credit Card,Online,Completed,Repeat
INV200957,12/10/2025,C0115,P0001,S004,7,77163.79,0.15,540146.53,459124.55,Bank Transfer,Online,Returned,New
INV200958,22/01/2025,C0102,P0026,S004,7,314.81,0.0,2203.67,2203.67,UPI,Distributor,Cancelled,Returning
INV200959,14/02/2025,C0166,P0028,S005,1,5425.72,0.15,5425.72,4611.86,Credit Card,Online,Completed,Returning
INV200960,23/01/2025,C0152,P0008,S003,1,2436.31,0.2,2436.31,1949.05,Credit Card,Online,Completed,New
INV200961,12/01/2025,C0156,P0017,S006,3,13211.0,0.2,39633.0,31706.4,Cash,Retail Store,Cancelled,Repeat
INV200962,23/12/2025,C0153,P0024,S004,2,506.58,0.15,1013.16,861.19,UPI,Retail Store,Completed,New
INV200963,16/11/2025,C0137,P0028,S001,3,5256.61,0.1,15769.83,14192.85,Cash,Retail Store,Completed,Repeat
INV200964,20/05/2025,C0162,P0009,S001,6,5568.87,0.05,33413.22,31742.56,Wallet,Retail Store,Completed,Repeat
INV200965,26/04/2025,C0132,P0006,S002,9,13846.11,0.0,124614.99,124614.99,Credit Card,Distributor,Cancelled,Returning
INV200966,19/07/2025,C0090,P0023,S009,4,86.21,0.05,344.84,327.6,Bank Transfer,Retail Store,Returned,Repeat
INV200967,22/03/2025,C0043,P0024,S003,2,503.98,0.1,1007.96,907.16,Credit Card,Retail Store,Returned,Repeat
INV200968,07/01/2025,C0061,P0027,S002,7,1840.72,0.0,12885.04,12885.04,Cash,Online,Returned,New
INV200969,01/06/2025,C0115,P0010,S007,7,4955.24,0.0,34686.68,34686.68,Bank Transfer,Online,Completed,Returning
INV200970,06/07/2025,C0007,P0005,S006,4,8918.85,0.2,35675.4,28540.32,Cash,Online,Completed,Repeat
INV200971,12/09/2025,C0025,P0021,S007,1,278.89,0.05,278.89,264.95,Wallet,Online,Completed,New
INV200972,02/04/2025,C0066,P0020,S002,4,517.68,0.0,2070.72,2070.72,Bank Transfer,Retail Store,Cancelled,Repeat
INV200973,29/01/2025,C0097,P0017,S006,4,14276.71,0.0,57106.84,57106.84,Bank Transfer,Distributor,Returned,Returning
INV200974,28/01/2025,C0082,P0030,S002,10,1830.98,0.2,18309.8,14647.84,Wallet,Distributor,Cancelled,Returning
INV200975,23/07/2025,C0112,P0020,S007,10,504.53,0.0,5045.3,5045.3,Cash,Online,Cancelled,New
INV200976,10/04/2025,C0083,P0032,S005,9,2561.0,0.1,23049.0,20744.1,Credit Card,Retail Store,Returned,New
INV200977,06/04/2025,C0063,P0031,S008,2,969.22,0.15,1938.44,1647.67,Credit Card,Distributor,Completed,Returning
INV200978,06/04/2025,C0042,P0002,S010,6,84692.52,0.1,508155.12,457339.61,UPI,Online,Completed,Returning
INV200979,28/12/2025,C0155,P0031,S004,3,1017.59,0.0,3052.77,3052.77,Cash,Retail Store,Completed,New
INV200980,06/04/2025,C0144,P0009,S006,4,5627.42,0.0,22509.68,22509.68,Cash,ONLINE,Cancelled,Returning
INV200981,01/12/2025,C0048,P0017,S003,8,14806.12,0.1,118448.96,106604.06,Wallet,Distributor,Completed,New
INV200982,01/10/2025,C0087,P0010,S001,3,5422.81,0.0,16268.43,16268.43,Credit Card,Distributor,Completed,Repeat
INV200983,19/12/2025,C0001,P0005,S007,10,9265.39,0.0,92653.9,92653.9,UPI,Distributor,Completed,Repeat
INV200984,12/03/2025,C0055,P0020,S008,2,517.7,0.15,1035.4,880.09,UPI,Distributor,Completed,Returning
INV200985,05/09/2025,C0085,P0021,S002,6,286.15,0.05,1716.9,1631.05,UPI,Retail Store,Completed,Repeat
INV200986,15/06/2025,C0112,P0005,S004,9,9104.76,0.0,81942.84,81942.84,Credit Card,Distributor,Returned,Repeat
INV200987,06/05/2025,C0055,P0010,S003,7,5455.41,0.2,38187.87,30550.3,UPI,Online,Returned,Repeat
INV200988,28/08/2025,C0120,P0014,S004,2,19317.99,0.1,38635.98,34772.38,Wallet,Distributor,Completed,Repeat
INV200989,25/07/2025,C0077,P0031,S001,8,959.87,0.0,7678.96,7678.96,Bank Transfer,Online,Completed,Repeat
INV200990,18/01/2025,C0086,P0021,S003,10,290.87,0.15,2908.7,2472.39,UPI,Distributor,Completed,New
INV200991,20/01/2025,C0164,P0031,S005,1,1071.13,0.0,1071.13,1071.13,Bank Transfer,Online,Returned,Repeat
INV200992,07/07/2025,C0130,P0011,S007,8,7065.53,0.1,56524.24,50871.82,Wallet,Online,Returned,New
INV200993,08/01/2025,C0011,P0016,S007,4,21493.31,0.15,85973.24,73077.25,Bank Transfer,Distributor,Returned,Repeat
INV200994,30/07/2025,C0019,P0019,S010,8,212.95,0.05,1703.6,1618.42,Cash,Distributor,Cancelled,New
INV200995,23/02/2025,C0134,P0014,S010,10,18146.99,0.2,181469.9,145175.92,Wallet,Distributor,Completed,Returning
INV200996,09/02/2025,C0066,P0033,S007,1,783.2,0.15,783.2,665.72,Bank Transfer,Retail Store,Completed,Repeat
INV200997,02/11/2025,C0180,P0014,S003,7,17600.32,0.1,123202.24,110882.02,UPI,Online,Completed,Returning
INV200998,12/05/2025,C0098,P0007,S003,2,29974.63,0.0,59949.26,59949.26,Wallet,Distributor,Cancelled,Returning
INV200999,08/02/2025,C0170,P0007,S006,10,29250.74,0.05,292507.4,277882.03,Bank Transfer,Online,Completed,New
INV201000,03/01/2025,C0180,P0005,S003,8,10061.06,0.1,80488.48,72439.63,UPI,Online,Completed,Returning
INV201001,29/09/2025,C0078,P0032,S005,3,2463.34,0.2,7390.02,5912.02,Cash,Distributor,Returned,Returning
INV201002,16/09/2025,C0179,P0032,S002,9,2615.32,0.15,23537.88,20007.2,UPI,Online,Returned,Returning
INV201003,26/11/2025,C0140,P0031,S001,6,1014.55,0.2,6087.3,4869.84,Bank Transfer,Online,Returned,Returning
INV201004,26/01/2025,C0099,P0005,S004,5,9907.8,0.15,49539.0,42108.15,Cash,Retail Store,Returned,Returning
INV201005,22/10/2025,C0154,P0018,S007,1,5109.69,0.2,5109.69,4087.75,Cash,Distributor,Returned,Returning
INV201006,18/05/2025,C0146,P0025,S004,9,444.05,0.0,3996.45,3996.45,Wallet,Retail Store,Completed,New
INV201007,22/07/2025,C0031,P0004,S009,1,77125.44,0.15,77125.44,65556.62,Cash,Online,Returned,Repeat
INV201008,09/03/2025,C0002,P0007,S007,6,30819.23,0.05,184915.38,175669.61,Cash,Distributor,Cancelled,Repeat
INV201009,23/05/2025,C0085,P0032,S009,7,2532.58,0.05,17728.06,16841.66,Bank Transfer,Retail Store,Completed,New
INV201010,30/03/2025,C0066,P0031,S007,5,927.57,0.0,4637.85,4637.85,Cash,Distributor,Returned,Repeat
INV201011,24/09/2025,C0107,P0009,S005,1,4989.56,0.05,4989.56,4740.08,Cash,Retail Store,Completed,Repeat
INV201012,24/02/2025,C0040,P0012,S005,5,16069.57,0.05,80347.85,76330.46,Wallet,Distributor,Cancelled,Repeat
INV201013,01/06/2025,C0002,P0010,S004,4,5187.33,0.15,20749.32,17636.92,Wallet,Retail Store,Completed,Returning
INV201014,30/04/2025,C0082,P0031,S001,2,929.67,0.1,1859.34,1673.41,UPI,Retail Store,Completed,New
INV201015,15/11/2025,C0077,P0018,S003,4,5377.54,0.15,21510.16,18283.64,Credit Card,Online,Completed,Returning
INV201016,20/06/2025,C0013,P0015,S001,10,25415.92,0.05,254159.2,241451.24,UPI,Retail Store,Cancelled,New
INV201017,26/10/2025,C0111,P0005,S010,8,9663.47,0.15,77307.76,65711.6,UPI ,Retail Store,Completed,Repeat
INV201018,22/06/2025,C0040,P0018,S002,4,5164.09,0.05,20656.36,19623.54,Bank Transfer,Distributor,Completed,Repeat
INV201019,12/06/2025,C0011,P0030,S004,6,2041.98,0.1,12251.88,11026.69,Cash,Retail Store,Cancelled,New
INV201020,21/10/2025,C0083,P0032,S004,10,2678.02,0.05,26780.2,25441.19,Bank Transfer,Distributor,Cancelled,New
INV201021,13/03/2025,C0169,P0028,S001,3,5487.76,0.2,16463.28,13170.62,Bank Transfer,Online,Completed,New
INV201022,16/02/2025,C0091,P0009,S006,9,5451.75,0.05,49065.75,46612.46,Credit Card,Retail Store,Completed,Repeat
INV201023,20/03/2025,C0011,P0015,S002,10,24216.11,0.2,242161.1,193728.88,Cash,Retail Store,Completed,Returning
INV201024,12/08/2025,C0118,P0024,S010,6,507.13,0.0,3042.78,3042.78,Credit Card,Distributor,Returned,Returning
INV201025,17/05/2025,C0176,P0011,S004,1,7526.66,0.15,7526.66,6397.66,UPI,Distributor,Completed,Returning
INV201026,24/09/2025,C0102,P0033,S005,2,744.61,0.15,1489.22,1265.84,UPI,Distributor,Completed,New
INV201027,08/08/2025,C0008,P0024,S009,7,504.47,0.2,3531.29,2825.03,Bank Transfer,Online,Returned,Repeat
INV201028,04/09/2025,C0075,P0014,S002,8,18773.94,0.0,150191.52,150191.52,Cash,Retail Store,Completed,Returning
INV201029,20/04/2025,C0169,P0006,S006,2,14481.28,0.15,28962.56,24618.18,Credit Card,Retail Store,Cancelled,Returning
INV201030,18/03/2025,C0076,P0010,S007,6,5319.27,0.05,31915.62,30319.84,Cash,Distributor,Cancelled,Returning
INV201031,12/01/2025,C0108,P0010,S004,3,5455.6,0.1,16366.8,14730.12,UPI,Distributor,Returned,New
INV201032,19/08/2025,C0160,P0033,S010,1,800.56,0.0,800.56,800.56,UPI,Retail Store,Cancelled,New
INV201033,19/01/2025,C0110,P0021,S005,9,283.83,0.2,2554.47,2043.58,Credit Card,Distributor,Cancelled,Repeat
INV201034,27/08/2025,C0115,P0021,S005,2,290.64,0.2,581.28,465.02,Cash,Retail Store,Completed,Repeat
INV201035,14/04/2025,C0152,P0005,S009,9,9974.54,0.15,89770.86,76305.23,Cash,Distributor,Completed,Repeat
INV201036,21/09/2025,C0017,P0023,S010,2,81.11,0.05,162.22,154.11,Credit Card,Distributor,Cancelled,Repeat
INV201037,09/07/2025,C0131,P0025,S003,7,393.78,0.15,2756.46,2342.99,Bank Transfer,Distributor,Cancelled,Repeat
INV201038,30/07/2025,C0053,P0002,S003,1,84558.36,0.2,84558.36,67646.69,Credit Card,Online,Completed,Returning
INV201039,24/07/2025,C0175,P0007,S003,2,30288.57,0.2,60577.14,48461.71,Wallet,Online,Completed, repeat 
INV201040,15/02/2025,C0141,P0007,S003,10,30301.36,0.2,303013.6,242410.88,Wallet,Distributor,Returned,Returning
INV201041,20/02/2025,C0131,P0009,S001,8,5713.08,0.0,45704.64,45704.64,Cash,Distributor,Cancelled,New
INV201042,02/03/2025,C0013,P0030,S010,3,1956.95,0.0,5870.85,5870.85,UPI,Distributor,Cancelled,New
INV201043,18/07/2025,C0142,P0015,S004,5,24495.29,0.2,122476.45,97981.16,Cash,Distributor,Completed,Returning
INV201044,21/08/2025,C0012,P0016,S006,1,20918.36,0.1,20918.36,18826.52,Cash,Distributor,Cancelled,Repeat
INV201045,23/09/2025,C0058,P0013,S006,6,4787.61,0.2,28725.66,22980.53,Cash,Retail Store,Completed,Returning
INV201046,21/02/2025,C0044,P0014,S002,6,17727.42,0.05,106364.52,101046.29,Credit Card,Distributor,Completed,Repeat
INV201047,13/12/2025,C0009,P0023,S003,2,80.91,0.15,161.82,137.55,Wallet,Distributor,Completed,Returning
INV201048,21/05/2025,C0072,P0017,S001,5,14946.91,0.05,74734.55,70997.82,Wallet,Online,Completed,New
INV201049,09/06/2025,C0017,P0020,S008,1,544.54,0.2,544.54,435.63,Credit Card,Online,Completed,Returning
INV201050,15/06/2025,C0013,P0013,S007,9,4530.87,0.1,40777.83,36700.05,Cash,Distributor,Cancelled,New
INV201051,20/01/2025,C0150,P0029,S008,10,4519.12,0.1,45191.2,40672.08,UPI,Online,Completed,Returning
INV201052,17/05/2025,C0092,P0028,S009,5,5311.08,0.05,26555.4,25227.63,Cash,Distributor,Completed,New
INV201053,29/04/2025,C0109,P0028,S005,1,5328.32,0.0,5328.32,5328.32,UPI,Distributor,Completed,Repeat
INV201054,22/04/2025,C0128,P0033,S004,2,764.16,0.05,1528.32,1451.9,Cash,Retail Store,Returned,Returning
INV201055,24/03/2025,C0154,P0010,S008,4,5273.7,0.0,21094.8,21094.8,Wallet,Distributor,Completed,Returning
INV201056,20/01/2025,C0035,P0006,S006,9,14477.9,0.05,130301.1,123786.04,Bank Transfer,Distributor,Completed,New
INV201057,27/04/2025,C0045,P0020,S002,7,499.89,0.2,3499.23,2799.38,Wallet,Retail Store,Completed,Returning
INV201058,07/05/2025,C0150,P0028,S007,1,5740.63,0.1,5740.63,5166.57,Bank Transfer,Retail Store,Returned,Repeat
INV201059,30/12/2025,C0066,P0025,S003,2,428.99,0.05,857.98,815.08,Wallet,Retail Store,Cancelled,Repeat
INV201060,29/11/2025,C0022,P0032,S005,10,2572.96,0.0,25729.6,25729.6,Cash,Online,Completed,New
INV201061,24/03/2025,C0043,P0005,S009,2,9787.08,0.1,19574.16,17616.74,Credit Card,Distributor,Completed,New
INV201062,27/04/2025,C0077,P0018,S008,7,5584.77,0.2,39093.39,31274.71,Wallet,Retail Store,Cancelled,New
INV201063,22/12/2025,C0125,P0029,S005,1,4848.65,0.2,4848.65,3878.92,Wallet,Distributor,Completed,Returning
INV201064,27/07/2025,C0074,P0016,S004,1,20696.88,0.0,20696.88,20696.88,Bank Transfer,Distributor,Completed,Returning
INV201065,27/11/2025,C0150,P0025,S003,2,438.74,0.15,877.48,745.86,Cash,Retail Store,Returned,Repeat
INV201066,05/03/2025,C0154,P0025,S007,7,442.83,0.1,3099.81,2789.83,Credit Card,Online,Completed,Returning
INV201067,21/07/2025,C0062,P0018,S003,1,5504.09,0.0,5504.09,5504.09,UPI,Online,Completed,Repeat
INV201068,11/11/2025,C0151,P0003,S002,4,48963.14,0.2,195852.56,156682.05,Cash,Distributor,Completed,Repeat
INV201069,07/09/2025,C0092,P0002,S002,8,86394.81,0.1,691158.48,622042.63,Bank Transfer,ONLINE,Completed,Repeat
INV201070,26/07/2025,C0031,P0018,S005,1,4974.8,0.15,4974.8,4228.58,UPI,Retail Store,Completed,Repeat
INV201071,05/06/2025,C0102,P0024,S007,5,523.94,0.0,2619.7,2619.7,Cash,Online,Completed,Returning
INV201072,16/07/2025,C0064,P0032,S003,7,2423.7,0.0,16965.9,16965.9,Wallet,Retail Store,Returned,Returning
INV201073,21/11/2025,C0086,P0023,S010,3,77.07,0.2,231.21,184.97,Cash,Retail Store,Completed,New
INV201074,02/06/2025,C0156,P0003,S001,4,48058.36,0.15,192233.44,163398.42,UPI,Distributor,Completed,Repeat
INV201075,02/02/2025,C0054,P0018,S005,5,5172.58,0.15,25862.9,21983.47,UPI,Online,Cancelled,Returning
INV201076,28/04/2025,C0147,P0001,S005,8,84131.13,0.0,673049.04,673049.04,Credit Card,Retail Store,Completed,Repeat
INV201077,13/07/2025,C0179,P0006,S006,8,13736.83,0.05,109894.64,104399.91,UPI,Online,Completed,New
INV201078,28/02/2025,C0067,P0030,S009,9,1991.05,0.1,17919.45,16127.51,Bank Transfer,Online,Completed,New
INV201079,19/12/2025,C0003,P0019,S001,10,211.91,0.05,2119.1,2013.14,Cash,Retail Store,Returned,Repeat
INV201080,18/02/2025,C0132,P0013,S001,9,4830.84,0.05,43477.56,41303.68,Credit Card,Online,Cancelled,Repeat
INV201081,05/05/2025,C0022,P0020,S004,10,495.95,0.0,4959.5,4959.5,Credit Card,Retail Store,Completed,Repeat
INV201082,04/09/2025,C0137,P0027,S003,2,1894.27,0.0,3788.54,3788.54,Wallet,Online,Cancelled,Repeat
INV201083,19/02/2025,C0012,P0026,S009,6,311.22,0.1,1867.32,1680.59,Bank Transfer,Retail Store,Completed,Repeat
INV201084,25/11/2025,C0141,P0001,S003,7,80365.87,0.15,562561.09,478176.93,UPI,Distributor,Completed,Repeat
INV201085,15/05/2025,C0046,P0013,S001,7,4483.71,0.0,31385.97,31385.97,UPI,Online,Completed,Returning
INV201086,10/08/2025,C0086,P0022,S001,6,389.4,0.0,2336.4,2336.4,Credit Card,Online,Completed,New
INV201087,14/01/2025,C0104,P0027,S008,1,1842.37,0.0,1842.37,1842.37,Bank Transfer,Retail Store,Cancelled,Returning
INV201088,14/03/2025,C0005,P0007,S007,7,27598.41,0.0,193188.87,193188.87,Wallet,Online,Completed,New
INV201089,11/03/2025,C0072,P0003,S001,6,52376.33,0.0,314257.98,314257.98,Wallet,Online,Completed,Returning
INV201090,01/04/2025,C0013,P0024,S007,3,457.36,0.2,1372.08,1097.66,Wallet,Online,Completed,New
INV201091,17/04/2025,C0066,P0020,S004,4,477.7,0.15,1910.8,1624.18,UPI,Distributor,Completed,Repeat
INV201092,03/04/2025,C0133,P0025,S002,4,395.97,0.0,1583.88,1583.88,Wallet,Retail Store,Completed,Repeat
INV201093,14/12/2025,C0073,P0022,S003,4,390.55,0.05,1562.2,1484.09,Cash,Retail Store,Completed,Returning
INV201094,15/08/2025,C0110,P0001,S003,5,78552.63,0.15,392763.15,333848.68,Cash,Online,Completed,New
INV201095,28/01/2025,C0150,P0023,S004,7,82.97,0.1,580.79,522.71,Cash,Distributor,Completed,Repeat
INV201096,05/12/2025,C0147,P0024,S003,10,520.91,0.1,5209.1,4688.19,Bank Transfer,Retail Store,Completed,Repeat
INV201097,19/12/2025,C0046,P0025,S007,6,417.07,0.05,2502.42,2377.3,Credit Card,Retail Store,Returned,Repeat
INV201098,22/03/2025,C0095,P0016,S009,1,22343.88,0.15,22343.88,18992.3,Cash,Retail Store,Completed,Repeat
INV201099,31/08/2025,C0095,P0015,S004,7,25225.25,0.15,176576.75,150090.24,UPI,Retail Store,Returned,Repeat
INV201100,21/07/2025,C0112,P0021,S004,6,280.43,0.0,1682.58,1682.58,Cash,Online,Cancelled,Returning
INV201101,23/06/2025,C0064,P0010,S005,4,5480.92,0.2,21923.68,17538.94,Cash,Retail Store,Cancelled,New
INV201102,02/06/2025,C0027,P0022,S008,2,420.5,0.0,841.0,841.0,Cash,Online,Cancelled,New
INV201103,15/06/2025,C0070,P0014,S005,7,17693.25,0.15,123852.75,105274.84,Cash,Online,Cancelled,New
INV201104,31/07/2025,C0026,P0026,S009,3,324.82,0.05,974.46,925.74,Wallet,Distributor,Completed,Returning
INV201105,08/11/2025,C0140,P0005,S007,2,10245.7,0.05,20491.4,19466.83,Wallet,Online,Completed,Repeat
INV201106,21/09/2025,C0168,P0013,S008,2,4632.1,0.0,9264.2,9264.2,Cash,Online,Returned,New
INV201107,14/07/2025,C0016,P0031,S003,1,970.59,0.0,970.59,970.59,Wallet,Retail Store,Returned,Returning
INV201108,31/12/2025,C0005,P0009,S007,5,5106.75,0.15,25533.75,21703.69,UPI,Online,Completed,Repeat
INV201109,11/04/2025,C0152,P0020,S008,7,495.84,0.0,3470.88,3470.88,Bank Transfer,Online,Cancelled,Returning
INV201110,26/03/2025,C0100,P0019,S006,7,234.09,0.0,1638.63,1638.63,UPI,Distributor,Completed,Repeat
INV201111,13/03/2025,C0150,P0020,S001,4,536.45,0.1,2145.8,1931.22,Bank Transfer,Distributor,Completed,Returning
INV201112,26/02/2025,C0047,P0027,S007,5,1886.46,0.15,9432.3,8017.45,Wallet,Retail Store,Returned,Returning
INV201113,14/01/2025,C0106,P0015,S004,6,24842.3,0.0,149053.8,149053.8,Credit Card,Online,Returned,New
INV201114,28/03/2025,C0090,P0002,S002,7,81407.77,0.2,569854.39,455883.51,Wallet,Retail Store,Cancelled,New
INV201115,11/02/2025,C0050,P0015,S004,5,23337.55,0.05,116687.75,110853.36,Cash,Retail Store,Completed,Returning
INV201116,21/05/2025,C0137,P0007,S005,1,29172.48,0.15,29172.48,24796.61,Bank Transfer,Online,Completed,New
INV201117,11/08/2025,C0127,P0014,S001,2,19382.04,0.05,38764.08,36825.88,Credit Card,Online,Returned,New
INV201118,25/05/2025,C0149,P0006,S001,1,13901.53,0.05,13901.53,13206.45,UPI,Online,Completed,Returning
INV201119,15/10/2025,C0107,P0027,S002,7,2050.22,0.15,14351.54,12198.81,Credit Card,Distributor,Cancelled,New
INV201120,07/05/2025,C0075,P0010,S002,4,5267.72,0.05,21070.88,20017.34,Bank Transfer,Retail Store,Cancelled,Repeat
INV201121,21/03/2025,C0016,P0014,S006,4,17975.43,0.0,71901.72,71901.72,Cash,Distributor,Completed,Repeat
INV201122,30/10/2025,C0026,P0014,S009,7,16969.38,0.0,118785.66,118785.66,Cash,Online,Completed,Repeat
INV201123,01/03/2025,C0053,P0009,S002,10,5193.68,0.2,51936.8,41549.44,Credit Card,Online,Completed,Repeat
INV201124,09/12/2025,C0002,P0011,S009,9,7006.18,0.2,63055.62,50444.5,Credit Card,Online,Completed,Returning
INV201125,24/08/2025,C0162,P0020,S006,3,545.69,0.1,1637.07,1473.36,Credit Card,Distributor,Completed,Repeat
INV201126,01/09/2025,C0131,P0024,S008,7,523.27,0.05,3662.89,3479.75,UPI,Distributor,Completed,New
INV201127,11/10/2025,C0021,P0003,S008,5,53180.01,0.15,265900.05,226015.04,Cash,Online,Cancelled,Repeat
INV201128,28/03/2025,C0064,P0010,S002,6,5583.71,0.05,33502.26,31827.15,Credit Card,Distributor,Completed,New
INV201129,21/06/2025,C0056,P0022,S001,7,421.99,0.15,2953.93,2510.84,UPI,Retail Store,Completed,Repeat
INV201130,08/10/2025,C0065,P0023,S006,3,76.97,0.05,230.91,219.36,Cash,Distributor,Completed,New
INV201131,02/01/2025,C0036,P0024,S005,8,519.2,0.2,4153.6,3322.88,Cash,Distributor,Cancelled,Returning
INV201132,27/12/2025,C0158,P0018,S009,9,5194.95,0.05,46754.55,44416.82,Wallet,Retail Store,Cancelled,Returning
INV201133,03/11/2025,C0057,P0004,S001,6,73761.15,0.0,442566.9,442566.9,Bank Transfer,Retail Store,Returned,Repeat
INV201134,06/12/2025,C0103,P0014,S006,6,17599.29,0.15,105595.74,89756.38,UPI,Online,Returned,Returning
INV201135,14/02/2025,C0117,P0010,S007,7,5485.5,0.0,38398.5,38398.5,Bank Transfer,Retail Store,Completed,New
INV201136,13/05/2025,C0098,P0001,S008,1,72667.26,0.2,72667.26,58133.81,Bank Transfer,Distributor,Completed,New
INV201137,24/04/2025,C0002,P0025,S009,7,397.12,0.0,2779.84,2779.84,Wallet,Retail Store,Completed,New
INV201138,02/01/2025,C0164,P0027,S007,9,1764.6,0.15,15881.4,13499.19,Bank Transfer,Online,Returned,New
INV201139,02/10/2025,C0037,P0001,S008,7,74540.64,0.0,521784.48,521784.48,Credit Card,Online,Completed,Returning
INV201140,24/03/2025,C0036,P0015,S003,9,23202.73,0.0,208824.57,208824.57,Wallet,Online,Completed,New
INV201141,02/10/2025,C0072,P0031,S006,3,957.5,0.15,2872.5,2441.62,Wallet,Distributor,Cancelled,Repeat
INV201142,17/01/2025,C0001,P0018,S002,1,5468.65,0.2,5468.65,4374.92,Bank Transfer,Retail Store,Cancelled,New
INV201143,27/04/2025,C0096,P0007,S002,4,29735.58,0.05,118942.32,112995.2,Bank Transfer,Online,Completed,Repeat
INV201144,16/03/2025,C0043,P0009,S001,7,5029.31,0.05,35205.17,33444.91,UPI ,Retail Store,Cancelled,New
INV201145,03/11/2025,C0119,P0016,S001,3,19330.8,0.15,57992.4,49293.54,Credit Card,Online,Completed,New
INV201146,15/11/2025,C0074,P0022,S004,5,418.68,0.0,2093.4,2093.4,UPI,Distributor,Completed,Returning
INV201147,15/05/2025,C0074,P0031,S009,7,972.85,0.1,6809.95,6128.95,UPI,Distributor,Completed,New
INV201148,13/02/2025,C0165,P0033,S009,10,696.62,0.0,6966.2,6966.2,UPI,Retail Store,Returned,Returning
INV201149,25/11/2025,C0007,P0015,S008,9,25519.21,0.15,229672.89,195221.96,UPI,Online,Completed,Returning
INV201150,14/11/2025,C0114,P0017,S004,7,14045.13,0.15,98315.91,83568.52,Bank Transfer,Retail Store,Cancelled,Repeat
INV201151,26/06/2025,C0127,P0024,S010,10,510.42,0.05,5104.2,4848.99,Credit Card,Distributor,Completed,New
INV201152,22/10/2025,C0001,P0027,S010,7,1940.37,0.15,13582.59,11545.2,Bank Transfer,Retail Store,Completed,Returning
INV201153,08/11/2025,C0140,P0028,S001,7,5583.34,0.0,39083.38,39083.38,Cash,Retail Store,Returned,Repeat
INV201154,04/05/2025,C0060,P0029,S005,6,4774.95,0.1,28649.7,25784.73,Credit Card,Retail Store,Completed,New
INV201155,16/08/2025,C0107,P0006,S004,7,13693.16,0.2,95852.12,76681.7,Bank Transfer,Distributor,Cancelled,New
INV201156,13/03/2025,C0092,P0015,S001,9,23255.43,0.05,209298.87,198833.93,Cash,Distributor,Cancelled,New
INV201157,24/11/2025,C0157,P0026,S005,5,319.38,0.05,1596.9,1517.06,Cash,Online,Completed,New
INV201158,30/09/2025,C0073,P0012,S004,3,16360.64,0.05,49081.92,46627.82,Bank Transfer,ONLINE,Completed,New
INV201159,21/05/2025,C0021,P0030,S003,5,2032.04,0.0,10160.2,10160.2,Bank Transfer,Online,Returned,Returning
INV201160,25/02/2025,C0084,P0022,S006,8,433.99,0.05,3471.92,3298.32,Wallet,Online,Returned,New
INV201161,13/09/2025,C0145,P0025,S001,3,390.77,0.05,1172.31,1113.69,Cash,Online,Completed,New
INV201162,24/04/2025,C0169,P0010,S010,6,5350.16,0.2,32100.96,25680.77,Bank Transfer,Online,Completed,New
INV201163,14/06/2025,C0164,P0009,S009,7,4967.96,0.0,34775.72,34775.72,Credit Card,Online,Cancelled,Repeat
INV201164,20/07/2025,C0048,P0006,S008,3,13530.92,0.0,40592.76,40592.76,UPI,Distributor,Completed,New
INV201165,14/01/2025,C0078,P0006,S007,8,14490.59,0.15,115924.72,98536.01,UPI,Online,Completed,Returning
INV201166,04/05/2025,C0152,P0012,S007,7,16459.53,0.15,115216.71,97934.2,Credit Card,Retail Store,Completed,New
INV201167,01/07/2025,C0009,P0014,S002,4,17193.67,0.15,68774.68,58458.48,Credit Card,Retail Store,Cancelled,Repeat
INV201168,04/01/2025,C0048,P0010,S001,7,5410.52,0.0,37873.64,37873.64,Credit Card,Online,Cancelled,New
INV201169,26/11/2025,C0063,P0014,S006,10,18161.55,0.0,181615.5,181615.5,Cash,Online,Cancelled,New
INV201170,02/01/2025,C0015,P0002,S003,10,82693.23,0.2,826932.3,661545.84,Credit Card,Retail Store,Completed,New
INV201171,24/06/2025,C0097,P0018,S008,2,5459.11,0.15,10918.22,9280.49,Bank Transfer,Distributor,Completed,New
INV201172,19/08/2025,C0149,P0010,S004,1,5513.73,0.05,5513.73,5238.04,Bank Transfer,Distributor,Completed,New
INV201173,30/04/2025,C0022,P0025,S008,8,430.66,0.15,3445.28,2928.49,Bank Transfer,Retail Store,Returned,Repeat
INV201174,14/08/2025,C0074,P0016,S008,1,19669.6,0.2,19669.6,15735.68,Bank Transfer,Retail Store,Completed,Returning
INV201175,11/11/2025,C0180,P0007,S002,8,28627.6,0.1,229020.8,206118.72,Cash,Distributor,Returned,Repeat
INV201176,30/01/2025,C0089,P0012,S008,7,16225.08,0.0,113575.56,113575.56,Wallet,Online,Cancelled,New
INV201177,25/12/2025,C0166,P0021,S008,9,273.57,0.0,2462.13,2462.13,Credit Card,Distributor,Cancelled,New
INV201178,21/03/2025,C0034,P0016,S002,2,20876.9,0.1,41753.8,37578.42,Wallet,Distributor,Returned,New
INV201179,17/07/2025,C0162,P0031,S007,4,966.12,0.05,3864.48,3671.26,UPI,Online,Returned,New
INV201180,04/10/2025,C0092,P0010,S002,3,5534.64,0.1,16603.92,14943.53,Wallet,Distributor,Completed,Returning
INV201181,20/09/2025,C0095,P0027,S004,8,1771.93,0.0,14175.44,14175.44,UPI,Distributor,Completed,New
INV201182,12/01/2025,C0011,P0002,S004,8,88548.36,0.05,708386.88,672967.54,UPI,Distributor,Cancelled,Returning
INV201183,23/12/2025,C0039,P0016,S002,4,20143.49,0.0,80573.96,80573.96,Bank Transfer,Distributor,Cancelled,Repeat
INV201184,14/07/2025,C0157,P0014,S003,8,18814.14,0.15,150513.12,127936.15,Credit Card,Retail Store,Cancelled,New
INV201185,16/12/2025,C0128,P0027,S006,10,2014.72,0.0,20147.2,20147.2,Bank Transfer,Online,Cancelled,New
INV201186,22/01/2025,C0025,P0007,S005,1,30369.56,0.1,30369.56,27332.6,UPI,Distributor,Returned,Repeat
INV201187,30/05/2025,C0048,P0028,S008,4,5010.8,0.05,20043.2,19041.04,UPI,Retail Store,Completed,Repeat
INV201188,11/06/2025,C0089,P0015,S004,8,25126.16,0.05,201009.28,190958.82,Bank Transfer,Retail Store,Cancelled,Repeat
INV201189,30/07/2025,C0067,P0029,S009,5,4438.71,0.15,22193.55,18864.52,UPI,Retail Store,Cancelled,Repeat
INV201190,29/12/2025,C0095,P0008,S001,5,2594.28,0.1,12971.4,11674.26,Bank Transfer,Online,Returned,Returning
INV201191,08/03/2025,C0146,P0027,S006,7,2028.82,0.15,14201.74,12071.48,Credit Card,Online,Completed,Repeat
INV201192,06/03/2025,C0115,P0027,S008,3,2033.63,0.15,6100.89,5185.76,Bank Transfer,Distributor,Completed,Returning
INV201193,14/08/2025,C0150,P0014,S005,5,16949.33,0.0,84746.65,84746.65,Wallet,Online,Completed,Repeat
INV201194,03/12/2025,C0096,P0001,S003,3,75801.76,0.0,227405.28,227405.28,Cash,Retail Store,Cancelled,Returning
INV201195,25/12/2025,C0172,P0001,S005,6,81199.99,0.1,487199.94,438479.95,Cash,Online,Completed,New
INV201196,24/09/2025,C0075,P0004,S008,1,69565.6,0.0,69565.6,69565.6,Wallet,Distributor,Completed,New
INV201197,30/05/2025,C0116,P0010,S004,4,5388.34,0.1,21553.36,19398.02,UPI,Distributor,Completed,Returning
INV201198,24/12/2025,C0070,P0021,S002,7,273.28,0.1,1912.96,1721.66,Cash,Online,Returned,New
INV201199,28/07/2025,C0162,P0015,S003,9,23278.94,0.1,209510.46,188559.41,Credit Card,Online,Completed,New
INV201200,14/01/2025,C0013,P0019,S009,5,215.5,0.0,1077.5,1077.5,Bank Transfer,Distributor,Completed,New
INV201201,19/04/2025,C0109,P0029,S010,7,4813.27,0.0,33692.89,33692.89,Wallet,Online,Cancelled,Returning
INV201202,27/07/2025,C0128,P0006,S004,7,14326.12,0.0,100282.84,100282.84,Bank Transfer,Distributor,Completed,Repeat
INV201203,03/11/2025,C0035,P0002,S009,6,81856.2,0.1,491137.2,442023.48,Credit Card,Online,Completed,New
INV201204,14/05/2025,C0160,P0024,S002,10,484.8,0.0,4848.0,4848.0,Credit Card,Online,Completed,Repeat
INV201205,30/05/2025,C0101,P0008,S008,6,2630.87,0.15,15785.22,13417.44,Credit Card,Distributor,Completed,New
INV201206,26/09/2025,C0131,P0003,S005,5,46038.66,0.2,230193.3,184154.64,Bank Transfer,Online,Completed,New
INV201207,02/02/2025,C0090,P0026,S007,9,299.64,0.05,2696.76,2561.92,UPI,Retail Store,Completed,Returning
INV201208,21/11/2025,C0168,P0007,S005,9,27651.4,0.2,248862.6,199090.08,Bank Transfer,Retail Store,Completed,Repeat
INV201209,16/09/2025,C0013,P0013,S001,10,4452.21,0.2,44522.1,35617.68,Cash,Distributor,Completed,Repeat
INV201210,25/05/2025,C0115,P0008,S008,8,2446.48,0.15,19571.84,16636.06,Credit Card,Distributor,Completed,New
INV201211,25/08/2025,C0169,P0007,S007,10,29860.24,0.15,298602.4,253812.04,UPI,Retail Store,Completed,Repeat
INV201212,17/02/2025,C0028,P0024,S009,7,532.83,0.1,3729.81,3356.83,Wallet,Retail Store,Completed, repeat 
INV201213,19/10/2025,C0147,P0031,S007,8,1019.78,0.05,8158.24,7750.33,Wallet,Online,Completed,New
INV201214,31/07/2025,C0017,P0031,S001,6,980.1,0.0,5880.6,5880.6,Wallet,Online,Completed,New
INV201215,11/05/2025,C0092,P0005,S010,6,9419.13,0.1,56514.78,50863.3,UPI,Distributor,Completed,New
INV201216,06/07/2025,C0062,P0016,S010,10,19819.84,0.15,198198.4,168468.64,UPI,Retail Store,Returned,Returning
INV201217,14/03/2025,C0025,P0030,S008,6,1819.47,0.15,10916.82,9279.3,Bank Transfer,Distributor,Completed,Repeat
INV201218,08/08/2025,C0141,P0032,S010,4,2735.51,0.0,10942.04,10942.04,UPI,Online,Completed,Returning
INV201219,24/06/2025,C0053,P0011,S008,3,7805.03,0.1,23415.09,21073.58,Cash,Distributor,Cancelled,Returning
INV201220,24/04/2025,C0066,P0021,S002,6,287.05,0.2,1722.3,1377.84,UPI,Retail Store,Completed,Returning
INV201221,09/07/2025,C0077,P0028,S002,4,5648.76,0.0,22595.04,22595.04,Cash,Online,Completed,Returning
INV201222,16/10/2025,C0121,P0009,S001,8,5404.65,0.0,43237.2,43237.2,UPI,Retail Store,Returned,Repeat
INV201223,22/08/2025,C0030,P0008,S009,5,2469.58,0.0,12347.9,12347.9,Cash,Distributor,Cancelled,Repeat
INV201224,12/04/2025,C0001,P0004,S001,8,68591.34,0.0,548730.72,548730.72,Credit Card,Online,Completed,New
INV201225,10/04/2025,C0076,P0019,S008,4,235.74,0.2,942.96,754.37,Bank Transfer,Distributor,Returned,Returning
INV201226,06/12/2025,C0115,P0031,S002,10,1072.01,0.2,10720.1,8576.08,Credit Card,Distributor,Cancelled,Returning
INV201227,20/11/2025,C0122,P0007,S007,6,29470.99,0.2,176825.94,141460.75,Bank Transfer,Retail Store,Returned,Repeat
INV201228,28/07/2025,C0076,P0003,S010,10,50890.28,0.2,508902.8,407122.24,Wallet,Online,Completed,Repeat
INV201229,17/05/2025,C0005,P0002,S010,6,80248.18,0.0,481489.08,481489.08,Bank Transfer,Online,Returned,Returning
INV201230,31/12/2025,C0094,P0013,S008,10,5182.52,0.0,51825.2,51825.2,UPI,Online,Completed,Returning
INV201231,08/02/2025,C0067,P0016,S010,1,19344.4,0.1,19344.4,17409.96,Bank Transfer,Retail Store,Completed,Repeat
INV201232,26/01/2025,C0030,P0022,S008,10,383.77,0.0,3837.7,3837.7,Bank Transfer,Online,Completed,New
INV201233,05/02/2025,C0102,P0010,S007,1,5269.38,0.0,5269.38,5269.38,UPI,Retail Store,Completed,Returning
INV201234,20/10/2025,C0054,P0017,S008,6,13778.7,0.15,82672.2,70271.37,Wallet,Online,Completed,Repeat
INV201235,28/05/2025,C0130,P0033,S004,6,801.83,0.1,4810.98,4329.88,Wallet,Online,Completed,Repeat
INV201236,20/10/2025,C0104,P0031,S010,2,988.4,0.05,1976.8,1877.96,Wallet,Retail Store,Returned,Repeat
INV201237,14/12/2025,C0062,P0010,S001,4,5638.84,0.0,22555.36,22555.36,Cash,Distributor,Completed,Returning
INV201238,28/07/2025,C0109,P0024,S003,9,479.75,0.0,4317.75,4317.75,Wallet,Retail Store,Completed,Returning
INV201239,27/03/2025,C0128,P0009,S005,1,5623.45,0.0,5623.45,5623.45,UPI,Online,Cancelled,Repeat
INV201240,07/12/2025,C0013,P0006,S005,7,13171.25,0.0,92198.75,92198.75,Wallet,Online,Cancelled,Repeat
INV201241,24/05/2025,C0054,P0010,S008,2,5648.91,0.1,11297.82,10168.04,UPI,Distributor,Completed,Returning
INV201242,23/12/2025,C0051,P0016,S006,7,22321.94,0.2,156253.58,125002.86,Cash,Distributor,Completed,New
INV201243,15/02/2025,C0015,P0004,S001,10,73010.56,0.0,730105.6,730105.6,Wallet,Distributor,Completed,New
INV201244,11/10/2025,C0114,P0008,S001,5,2733.32,0.15,13666.6,11616.61,UPI,Distributor,Completed,Repeat
INV201245,24/12/2025,C0072,P0005,S006,9,10083.82,0.15,90754.38,77141.22,Wallet,Distributor,Completed,Returning
INV201246,28/04/2025,C0013,P0017,S004,8,13709.83,0.1,109678.64,98710.78,UPI,Retail Store,Returned,New
INV201247,01/10/2025,C0165,P0002,S009,2,91428.1,0.0,182856.2,182856.2,Cash,ONLINE,Completed,Repeat
INV201248,20/10/2025,C0078,P0030,S005,8,2079.67,0.0,16637.36,16637.36,UPI,Online,Completed,New
INV201249,28/06/2025,C0175,P0014,S004,1,17996.34,0.15,17996.34,15296.89,UPI,Distributor,Returned,Returning
INV201250,15/09/2025,C0075,P0009,S002,9,5774.81,0.15,51973.29,44177.3,Bank Transfer,Online,Returned,Returning
INV201251,30/04/2025,C0122,P0027,S006,1,1778.22,0.2,1778.22,1422.58,Cash,Retail Store,Returned,Returning
INV201252,20/02/2025,C0131,P0032,S008,7,2670.26,0.0,18691.82,18691.82,Wallet,Online,Returned,New
INV201253,10/08/2025,C0140,P0023,S001,2,83.2,0.2,166.4,133.12,UPI,Retail Store,Returned,New
INV201254,31/10/2025,C0041,P0012,S007,7,17105.6,0.1,119739.2,107765.28,Wallet,Online,Cancelled,Returning
INV201255,19/12/2025,C0050,P0029,S007,2,4843.82,0.1,9687.64,8718.88,Bank Transfer,Online,Completed,Returning
INV201256,25/11/2025,C0155,P0001,S008,5,79452.47,0.15,397262.35,337673.0,Bank Transfer,Distributor,Cancelled,New
INV201257,11/03/2025,C0083,P0022,S010,8,408.92,0.1,3271.36,2944.22,Cash,Retail Store,Cancelled,Repeat
INV201258,14/07/2025,C0076,P0002,S009,4,83070.15,0.15,332280.6,282438.51,Wallet,Online,Completed,New
INV201259,07/02/2025,C0075,P0008,S008,2,2473.91,0.1,4947.82,4453.04,Wallet,Distributor,Completed,Returning
INV201260,05/02/2025,C0036,P0023,S007,6,81.64,0.0,489.84,489.84,Cash,Online,Completed,Repeat
INV201261,27/09/2025,C0110,P0003,S001,6,45534.02,0.0,273204.12,273204.12,Wallet,Online,Completed,Repeat
INV201262,01/11/2025,C0164,P0012,S009,8,18186.58,0.15,145492.64,123668.74,Cash,Retail Store,Returned,New
INV201263,17/11/2025,C0060,P0002,S003,10,78300.72,0.0,783007.2,783007.2,Credit Card,Distributor,Completed,Repeat
INV201264,21/11/2025,C0004,P0005,S009,7,8968.07,0.2,62776.49,50221.19,Bank Transfer,Online,Cancelled,New
INV201265,25/07/2025,C0170,P0023,S003,3,77.64,0.0,232.92,232.92,UPI,Retail Store,Cancelled,New
INV201266,02/03/2025,C0163,P0002,S007,3,78241.29,0.0,234723.87,234723.87,Cash,Distributor,Completed,New
INV201267,11/03/2025,C0067,P0012,S007,7,16596.64,0.0,116176.48,116176.48,Wallet,Retail Store,Completed,New
INV201268,29/08/2025,C0163,P0019,S001,6,232.93,0.1,1397.58,1257.82,Credit Card,Distributor,Completed,Repeat
INV201269,20/07/2025,C0170,P0024,S007,8,459.11,0.05,3672.88,3489.24,Cash,Distributor,Returned,New
INV201270,05/07/2025,C0166,P0020,S005,6,490.22,0.0,2941.32,2941.32,Credit Card,Retail Store,Returned,Returning
INV201271,08/08/2025,C0141,P0027,S006,9,1949.06,0.0,17541.54,17541.54,UPI ,Distributor,Completed,Repeat
INV201272,15/10/2025,C0059,P0023,S009,7,76.77,0.2,537.39,429.91,Cash,Retail Store,Completed,Repeat
INV201273,20/07/2025,C0077,P0021,S004,3,293.74,0.0,881.22,881.22,Cash,Retail Store,Completed,Returning
INV201274,30/08/2025,C0002,P0033,S010,5,713.09,0.0,3565.45,3565.45,Cash,Distributor,Cancelled,New
INV201275,03/12/2025,C0167,P0017,S005,4,13722.99,0.2,54891.96,43913.57,Wallet,Distributor,Completed,Returning
INV201276,17/01/2025,C0092,P0002,S005,6,82959.12,0.0,497754.72,497754.72,Credit Card,Distributor,Completed,Returning
INV201277,18/05/2025,C0103,P0030,S003,1,1949.67,0.0,1949.67,1949.67,Bank Transfer,Online,Cancelled,New
INV201278,18/10/2025,C0012,P0030,S008,4,1959.77,0.2,7839.08,6271.26,UPI,Distributor,Completed,Repeat
INV201279,22/11/2025,C0089,P0001,S004,9,72925.7,0.0,656331.3,656331.3,UPI,Retail Store,Cancelled,Repeat
INV201280,26/02/2025,C0091,P0003,S003,1,53352.76,0.05,53352.76,50685.12,Credit Card,Distributor,Completed,Returning
INV201281,18/02/2025,C0080,P0014,S006,4,17142.37,0.0,68569.48,68569.48,Cash,Distributor,Completed,Returning
INV201282,18/12/2025,C0173,P0015,S004,8,25853.16,0.15,206825.28,175801.49,Bank Transfer,Online,Completed,Returning
INV201283,21/02/2025,C0029,P0010,S004,6,4869.39,0.15,29216.34,24833.89,UPI,Retail Store,Completed,New
INV201284,24/08/2025,C0068,P0010,S009,7,5165.23,0.2,36156.61,28925.29,UPI,Distributor,Completed,New
INV201285,21/12/2025,C0014,P0024,S008,4,470.41,0.15,1881.64,1599.39,Bank Transfer,Retail Store,Completed,Repeat
INV201286,11/02/2025,C0067,P0028,S001,10,5025.63,0.2,50256.3,40205.04,UPI,Retail Store,Completed,New
INV201287,02/09/2025,C0171,P0020,S006,6,531.15,0.05,3186.9,3027.55,UPI,Distributor,Returned,Returning
INV201288,17/01/2025,C0107,P0009,S008,3,5652.9,0.15,16958.7,14414.89,Cash,Retail Store,Completed,New
INV201289,15/08/2025,C0065,P0025,S002,3,424.02,0.0,1272.06,1272.06,Cash,Retail Store,Returned,Returning
INV201290,27/03/2025,C0109,P0017,S002,3,12830.7,0.1,38492.1,34642.89,Bank Transfer,Distributor,Completed,Returning
INV201291,02/12/2025,C0114,P0026,S003,1,327.7,0.15,327.7,278.54,Credit Card,Retail Store,Cancelled,New
INV201292,12/02/2025,C0155,P0028,S004,1,5751.46,0.0,5751.46,5751.46,Wallet,Retail Store,Completed,Repeat
INV201293,10/09/2025,C0016,P0020,S006,1,496.38,0.2,496.38,397.1,Wallet,Distributor,Cancelled,New
INV201294,06/03/2025,C0174,P0027,S008,4,1990.85,0.2,7963.4,6370.72,UPI,Online,Completed,New
INV201295,29/09/2025,C0143,P0003,S005,9,52227.16,0.05,470044.44,446542.22,Credit Card,Distributor,Completed,Returning
INV201296,19/03/2025,C0015,P0010,S006,10,5182.44,0.0,51824.4,51824.4,Bank Transfer,Online,Completed,Returning
INV201297,31/03/2025,C0061,P0007,S004,5,28829.04,0.0,144145.2,144145.2,Bank Transfer,Retail Store,Returned,Repeat
INV201298,05/04/2025,C0156,P0005,S002,6,9827.26,0.05,58963.56,56015.38,Bank Transfer,Distributor,Completed,New
INV201299,13/02/2025,C0134,P0013,S005,4,5125.14,0.1,20500.56,18450.5,Bank Transfer,Online,Completed,New
INV201300,18/12/2025,C0168,P0011,S010,8,7042.71,0.1,56341.68,50707.51,Credit Card,Retail Store,Completed,Repeat
INV201301,17/03/2025,C0175,P0008,S008,10,2498.39,0.0,24983.9,24983.9,Bank Transfer,Online,Returned,New
INV201302,24/03/2025,C0131,P0008,S007,3,2589.76,0.2,7769.28,6215.42,Credit Card,Distributor,Cancelled,Repeat
INV201303,28/04/2025,C0159,P0010,S003,2,5308.16,0.15,10616.32,9023.87,Cash,Distributor,Completed,Repeat
INV201304,15/08/2025,C0056,P0030,S007,8,2048.6,0.0,16388.8,16388.8,Bank Transfer,Online,Cancelled,Returning
INV201305,16/12/2025,C0116,P0032,S001,8,2517.67,0.2,20141.36,16113.09,Wallet,Distributor,Cancelled,Returning
INV201306,11/02/2025,C0096,P0013,S001,5,4688.47,0.05,23442.35,22270.23,Credit Card,Online,Completed,New
INV201307,27/11/2025,C0097,P0016,S009,8,21327.58,0.15,170620.64,145027.54,UPI,Distributor,Completed,Returning
INV201308,27/06/2025,C0015,P0011,S010,6,7379.99,0.15,44279.94,37637.95,Cash,Online,Completed,Returning
INV201309,25/01/2025,C0070,P0001,S010,4,77249.12,0.05,308996.48,293546.66,Cash,Distributor,Completed,Repeat
INV201310,17/11/2025,C0018,P0010,S004,7,5270.28,0.15,36891.96,31358.17,Credit Card,Online,Completed,Returning
INV201311,07/12/2025,C0034,P0029,S003,2,4758.89,0.0,9517.78,9517.78,Bank Transfer,Online,Completed,New
INV201312,24/05/2025,C0097,P0004,S002,9,68745.55,0.05,618709.95,587774.45,Credit Card,Online,Completed,Returning
INV201313,03/12/2025,C0141,P0011,S006,4,6938.09,0.0,27752.36,27752.36,Wallet,Distributor,Completed,Returning
INV201314,09/02/2025,C0173,P0025,S009,2,431.41,0.2,862.82,690.26,Cash,Online,Returned,New
INV201315,02/05/2025,C0138,P0006,S008,4,13303.07,0.2,53212.28,42569.82,Credit Card,Retail Store,Cancelled,Returning
INV201316,28/12/2025,C0079,P0032,S007,8,2415.23,0.0,19321.84,19321.84,Credit Card,Retail Store,Completed,New
INV201317,12/05/2025,C0179,P0007,S001,8,28761.25,0.0,230090.0,230090.0,Cash,Online,Completed,Returning
INV201318,06/07/2025,C0008,P0021,S002,3,275.88,0.0,827.64,827.64,Wallet,Retail Store,Completed,New
INV201319,27/10/2025,C0021,P0017,S005,6,14842.29,0.05,89053.74,84601.05,Cash,Distributor,Returned,New
INV201320,12/11/2025,C0102,P0023,S006,7,82.49,0.0,577.43,577.43,Cash,Retail Store,Returned,New
INV201321,01/05/2025,C0113,P0029,S002,9,4431.11,0.15,39879.99,33897.99,UPI,Retail Store,Completed,Returning
INV201322,01/07/2025,C0103,P0007,S003,7,30924.87,0.1,216474.09,194826.68,Cash,Distributor,Completed,New
INV201323,10/07/2025,C0094,P0032,S004,8,2477.5,0.0,19820.0,19820.0,Wallet,Retail Store,Completed,New
INV201324,26/03/2025,C0036,P0014,S005,7,17615.83,0.0,123310.81,123310.81,Cash,Retail Store,Completed,Repeat
INV201325,06/08/2025,C0053,P0014,S001,5,17058.49,0.2,85292.45,68233.96,Cash,Retail Store,Completed,Returning
INV201326,02/06/2025,C0045,P0007,S006,3,29014.29,0.05,87042.87,82690.73,Credit Card,Distributor,Returned,Returning
INV201327,04/08/2025,C0054,P0027,S005,8,2002.36,0.0,16018.88,16018.88,Cash,Retail Store,Returned,Returning
INV201328,17/10/2025,C0100,P0033,S008,1,739.44,0.0,739.44,739.44,Wallet,Online,Completed,New
INV201329,23/05/2025,C0139,P0015,S008,10,23386.04,0.2,233860.4,187088.32,UPI,Distributor,Completed,Repeat
INV201330,23/10/2025,C0047,P0010,S010,2,5387.28,0.2,10774.56,8619.65,Cash,Online,Returned,Repeat
INV201331,03/11/2025,C0058,P0018,S002,1,4878.64,0.05,4878.64,4634.71,UPI,Distributor,Completed,New
INV201332,06/10/2025,C0116,P0011,S003,9,7237.19,0.0,65134.71,65134.71,Credit Card,Distributor,Completed,New
INV201333,14/02/2025,C0138,P0008,S008,10,2605.07,0.1,26050.7,23445.63,Cash,Retail Store,Returned,Returning
INV201334,10/11/2025,C0134,P0017,S010,8,14058.29,0.05,112466.32,106843.0,Cash,Distributor,Cancelled,New
INV201335,11/06/2025,C0042,P0009,S002,8,5023.07,0.0,40184.56,40184.56,Wallet,Retail Store,Completed,Repeat
INV201336,02/07/2025,C0133,P0007,S009,10,29716.56,0.15,297165.6,252590.76,Credit Card,ONLINE,Completed,Repeat
INV201337,19/04/2025,C0162,P0021,S007,4,299.62,0.0,1198.48,1198.48,UPI,Online,Completed,Returning
INV201338,25/08/2025,C0094,P0023,S008,3,85.95,0.2,257.85,206.28,Cash,Online,Returned,Returning
INV201339,06/06/2025,C0156,P0027,S004,8,1900.72,0.15,15205.76,12924.9,Credit Card,Distributor,Completed,Returning
INV201340,20/12/2025,C0152,P0004,S007,9,75004.13,0.0,675037.17,675037.17,Credit Card,Online,Completed,Repeat
INV201341,09/02/2025,C0110,P0032,S006,4,2685.85,0.2,10743.4,8594.72,Credit Card,Retail Store,Completed,Returning
INV201342,10/04/2025,C0108,P0008,S004,2,2589.58,0.1,5179.16,4661.24,Wallet,Retail Store,Completed,Returning
INV201343,19/01/2025,C0012,P0020,S010,1,508.33,0.0,508.33,508.33,UPI,Distributor,Completed,Returning
INV201344,01/06/2025,C0096,P0022,S009,4,424.05,0.05,1696.2,1611.39,UPI,Distributor,Cancelled,Returning
INV201345,08/10/2025,C0032,P0010,S008,5,5028.33,0.2,25141.65,20113.32,UPI,Online,Completed,Repeat
INV201346,24/02/2025,C0113,P0018,S002,10,5458.94,0.2,54589.4,43671.52,Bank Transfer,Distributor,Completed,Returning
INV201347,11/05/2025,C0127,P0027,S003,2,2047.85,0.2,4095.7,3276.56,UPI,Retail Store,Completed,New
INV201348,23/12/2025,C0139,P0026,S004,10,309.16,0.15,3091.6,2627.86,Bank Transfer,Online,Completed,Returning
INV201349,12/10/2025,C0065,P0021,S004,2,272.81,0.05,545.62,518.34,Credit Card,Distributor,Completed,New
INV201350,29/08/2025,C0154,P0026,S009,6,298.11,0.15,1788.66,1520.36,Wallet,Retail Store,Completed,Repeat
INV201351,24/10/2025,C0138,P0030,S003,5,1815.95,0.2,9079.75,7263.8,Wallet,Distributor,Completed,Returning
INV201352,25/02/2025,C0118,P0031,S004,6,1078.84,0.2,6473.04,5178.43,Credit Card,Retail Store,Returned,Returning
INV201353,02/02/2025,C0018,P0014,S004,10,17296.18,0.1,172961.8,155665.62,Cash,Retail Store,Completed,Repeat
INV201354,21/12/2025,C0035,P0008,S008,4,2459.29,0.2,9837.16,7869.73,Credit Card,Distributor,Completed,Repeat
INV201355,09/03/2025,C0167,P0011,S003,5,7726.3,0.0,38631.5,38631.5,Wallet,Distributor,Completed,New
INV201356,30/07/2025,C0173,P0016,S003,4,20321.2,0.1,81284.8,73156.32,Credit Card,Online,Cancelled,New
INV201357,29/11/2025,C0080,P0019,S005,3,228.6,0.05,685.8,651.51,Wallet,Retail Store,Completed,Returning
INV201358,09/12/2025,C0008,P0011,S005,4,6909.05,0.05,27636.2,26254.39,Wallet,Retail Store,Returned,Repeat
INV201359,29/06/2025,C0180,P0006,S002,9,13904.16,0.1,125137.44,112623.7,Bank Transfer,Retail Store,Completed,New
INV201360,10/11/2025,C0148,P0019,S002,5,214.23,0.1,1071.15,964.03,Wallet,Distributor,Cancelled,Returning
INV201361,03/02/2025,C0050,P0030,S001,6,2066.8,0.05,12400.8,11780.76,UPI,Retail Store,Completed,New
INV201362,17/12/2025,C0163,P0004,S009,3,76893.03,0.1,230679.09,207611.18,Credit Card,Online,Completed,Repeat
INV201363,16/07/2025,C0082,P0018,S003,10,5669.49,0.15,56694.9,48190.66,Credit Card,Distributor,Completed,New
INV201364,03/09/2025,C0098,P0025,S007,10,441.77,0.2,4417.7,3534.16,Cash,Distributor,Completed,New
INV201365,19/10/2025,C0089,P0015,S004,9,22859.59,0.1,205736.31,185162.68,Bank Transfer,Online,Completed,Returning
INV201366,05/10/2025,C0050,P0002,S010,4,79777.66,0.05,319110.64,303155.11,UPI,Retail Store,Completed,Repeat
INV201367,06/08/2025,C0173,P0012,S009,4,17012.41,0.05,68049.64,64647.16,UPI,Retail Store,Cancelled,Returning
INV201368,06/11/2025,C0059,P0016,S005,4,20516.47,0.1,82065.88,73859.29,Wallet,Retail Store,Returned,Returning
INV201369,11/05/2025,C0010,P0033,S007,6,715.1,0.05,4290.6,4076.07,UPI,Distributor,Cancelled,New
INV201370,16/07/2025,C0159,P0009,S009,6,4946.31,0.05,29677.86,28193.97,Bank Transfer,Online,Completed,New
INV201371,23/10/2025,C0089,P0011,S009,9,8086.74,0.15,72780.66,61863.56,Wallet,Retail Store,Returned,Returning
INV201372,05/01/2025,C0064,P0028,S010,7,5237.6,0.05,36663.2,34830.04,Bank Transfer,Distributor,Completed,Repeat
INV201373,27/07/2025,C0085,P0003,S005,8,51850.18,0.0,414801.44,414801.44,Wallet,Online,Completed,New
INV201374,31/10/2025,C0151,P0022,S005,3,411.8,0.15,1235.4,1050.09,Cash,Online,Completed,Repeat
INV201375,09/11/2025,C0166,P0026,S007,9,317.83,0.1,2860.47,2574.42,Wallet,Distributor,Cancelled,Returning
INV201376,13/05/2025,C0117,P0002,S007,2,87562.42,0.1,175124.84,157612.36,Credit Card,Retail Store,Cancelled,New
INV201377,13/02/2025,C0067,P0029,S002,2,4825.04,0.0,9650.08,9650.08,UPI,Distributor,Completed,Returning
INV201378,18/08/2025,C0027,P0022,S007,8,405.89,0.05,3247.12,3084.76,Bank Transfer,Online,Completed,New
INV201379,05/10/2025,C0130,P0028,S001,2,5379.5,0.1,10759.0,9683.1,Bank Transfer,Retail Store,Cancelled,Returning
INV201380,16/12/2025,C0047,P0014,S005,4,18514.59,0.05,74058.36,70355.44,Cash,Distributor,Cancelled,Repeat
INV201381,10/01/2025,C0072,P0021,S001,6,273.65,0.1,1641.9,1477.71,Wallet,Online,Returned,Repeat
INV201382,09/06/2025,C0012,P0009,S005,3,5300.99,0.15,15902.97,13517.52,Cash,Distributor,Cancelled,Returning
INV201383,27/03/2025,C0085,P0029,S002,5,4739.59,0.0,23697.95,23697.95,Bank Transfer,Online,Completed,Returning
INV201384,15/06/2025,C0126,P0028,S003,7,5399.13,0.05,37793.91,35904.21,Credit Card,Distributor,Returned,New
INV201385,22/09/2025,C0166,P0019,S010,4,216.18,0.2,864.72,691.78,Wallet,Online,Returned, repeat 
INV201386,15/06/2025,C0132,P0023,S004,1,85.61,0.2,85.61,68.49,Credit Card,Online,Completed,Repeat
INV201387,09/10/2025,C0148,P0025,S010,6,443.77,0.0,2662.62,2662.62,Wallet,Distributor,Completed,New
INV201388,31/05/2025,C0165,P0033,S006,3,752.99,0.2,2258.97,1807.18,Bank Transfer,Distributor,Returned,Repeat
INV201389,25/01/2025,C0056,P0025,S006,7,383.31,0.0,2683.17,2683.17,UPI,Distributor,Returned,New
INV201390,10/05/2025,C0078,P0019,S004,10,216.03,0.05,2160.3,2052.28,Wallet,Retail Store,Completed,New
INV201391,23/02/2025,C0138,P0005,S003,4,9486.76,0.0,37947.04,37947.04,Cash,Online,Returned,Returning
INV201392,25/01/2025,C0115,P0015,S002,8,23589.87,0.05,188718.96,179283.01,Bank Transfer,Retail Store,Returned,Repeat
INV201393,30/03/2025,C0173,P0027,S003,7,2033.19,0.0,14232.33,14232.33,Cash,Distributor,Completed,Returning
INV201394,22/01/2025,C0131,P0032,S008,5,2798.6,0.1,13993.0,12593.7,Bank Transfer,Distributor,Completed,Returning
INV201395,27/05/2025,C0167,P0016,S005,9,20393.64,0.2,183542.76,146834.21,Wallet,Retail Store,Completed,Repeat
INV201396,24/08/2025,C0065,P0002,S004,8,84378.42,0.1,675027.36,607524.62,Wallet,Retail Store,Completed,New
INV201397,16/05/2025,C0039,P0002,S008,7,82871.06,0.1,580097.42,522087.68,Bank Transfer,Distributor,Returned,Repeat
INV201398,13/04/2025,C0077,P0006,S002,6,14141.04,0.1,84846.24,76361.62,UPI ,Online,Cancelled,Returning
INV201399,30/01/2025,C0009,P0003,S010,5,45764.55,0.2,228822.75,183058.2,Cash,Retail Store,Returned,Repeat
INV201400,17/09/2025,C0039,P0016,S005,5,20091.58,0.05,100457.9,95435.01,Bank Transfer,Distributor,Returned,Repeat
INV201401,06/05/2025,C0088,P0012,S004,3,17066.89,0.1,51200.67,46080.6,Credit Card,Distributor,Completed,New
INV201402,14/05/2025,C0120,P0002,S010,2,78869.68,0.0,157739.36,157739.36,UPI,Retail Store,Cancelled,Returning
INV201403,05/07/2025,C0108,P0005,S002,10,10098.36,0.2,100983.6,80786.88,Wallet,Distributor,Cancelled,Returning
INV201404,24/07/2025,C0081,P0006,S002,9,13959.44,0.0,125634.96,125634.96,Bank Transfer,Distributor,Completed,Returning
INV201405,18/08/2025,C0071,P0026,S007,2,333.29,0.05,666.58,633.25,Cash,Retail Store,Returned,New
INV201406,19/09/2025,C0165,P0027,S009,8,1746.69,0.2,13973.52,11178.82,Cash,Distributor,Cancelled,Repeat
INV201407,24/07/2025,C0172,P0025,S009,3,420.47,0.2,1261.41,1009.13,Bank Transfer,Distributor,Completed,Repeat
INV201408,26/07/2025,C0088,P0024,S001,9,504.17,0.2,4537.53,3630.02,Bank Transfer,Distributor,Completed,Returning
INV201409,30/04/2025,C0178,P0015,S001,3,25250.3,0.15,75750.9,64388.26,Cash,Retail Store,Completed,New
INV201410,11/06/2025,C0072,P0031,S004,10,994.52,0.15,9945.2,8453.42,UPI,Online,Completed,New
INV201411,01/07/2025,C0018,P0014,S002,9,17831.72,0.1,160485.48,144436.93,Bank Transfer,Retail Store,Completed,Repeat
INV201412,05/05/2025,C0055,P0006,S005,8,14084.88,0.2,112679.04,90143.23,Bank Transfer,Online,Completed,Repeat
INV201413,03/06/2025,C0078,P0009,S001,4,5447.62,0.05,21790.48,20700.96,Bank Transfer,Online,Completed,Returning
INV201414,11/12/2025,C0043,P0015,S009,8,23377.52,0.2,187020.16,149616.13,Bank Transfer,Online,Cancelled,Returning
INV201415,16/12/2025,C0180,P0027,S007,5,1892.2,0.1,9461.0,8514.9,Credit Card,Online,Completed,New
INV201416,07/07/2025,C0020,P0033,S004,1,736.77,0.0,736.77,736.77,Bank Transfer,Online,Completed,Repeat
INV201417,12/06/2025,C0137,P0006,S006,4,14508.06,0.15,58032.24,49327.4,Wallet,Retail Store,Completed,Returning
INV201418,02/03/2025,C0126,P0021,S006,10,258.07,0.15,2580.7,2193.59,Wallet,Distributor,Completed,Returning
INV201419,13/12/2025,C0020,P0011,S009,7,7333.48,0.05,51334.36,48767.64,Wallet,Online,Returned,Repeat
INV201420,26/06/2025,C0159,P0012,S004,9,18482.62,0.0,166343.58,166343.58,Credit Card,Distributor,Completed,Repeat
INV201421,30/09/2025,C0147,P0006,S009,1,12598.06,0.2,12598.06,10078.45,UPI,Distributor,Completed,Repeat
INV201422,17/07/2025,C0049,P0017,S003,10,13459.07,0.0,134590.7,134590.7,UPI,Online,Cancelled,Repeat
INV201423,22/10/2025,C0119,P0016,S001,10,22369.42,0.2,223694.2,178955.36,UPI,Online,Cancelled,Repeat
INV201424,21/03/2025,C0121,P0013,S005,2,4671.42,0.0,9342.84,9342.84,Cash,Online,Completed,New
INV201425,12/02/2025,C0086,P0023,S006,4,87.07,0.0,348.28,348.28,Bank Transfer,ONLINE,Completed,New
INV201426,31/01/2025,C0079,P0019,S001,8,220.59,0.1,1764.72,1588.25,Credit Card,Online,Cancelled,Returning
INV201427,28/07/2025,C0093,P0020,S006,6,502.66,0.1,3015.96,2714.36,Cash,Online,Completed,Repeat
INV201428,05/06/2025,C0031,P0012,S010,10,16270.2,0.0,162702.0,162702.0,Wallet,Distributor,Completed,Repeat
INV201429,20/03/2025,C0015,P0027,S005,2,2025.34,0.15,4050.68,3443.08,Credit Card,Online,Returned,New
INV201430,22/12/2025,C0098,P0025,S010,2,383.79,0.0,767.58,767.58,Wallet,Distributor,Completed,New
INV201431,07/12/2025,C0065,P0009,S002,7,5049.65,0.15,35347.55,30045.42,Wallet,Online,Completed,Returning
INV201432,12/02/2025,C0163,P0032,S006,7,2667.0,0.0,18669.0,18669.0,Cash,Distributor,Cancelled,Repeat
INV201433,16/03/2025,C0008,P0013,S005,8,5060.78,0.15,40486.24,34413.3,Credit Card,Distributor,Completed,New
INV201434,26/06/2025,C0146,P0015,S003,6,23001.35,0.1,138008.1,124207.29,UPI,Distributor,Returned,New
INV201435,27/12/2025,C0052,P0011,S003,1,8052.5,0.0,8052.5,8052.5,Cash,Retail Store,Cancelled,Repeat
INV201436,12/11/2025,C0127,P0009,S005,4,5325.38,0.15,21301.52,18106.29,Credit Card,Online,Cancelled,Repeat
INV201437,15/02/2025,C0076,P0022,S003,1,422.87,0.05,422.87,401.73,Wallet,Distributor,Completed,Returning
INV201438,17/03/2025,C0162,P0026,S001,7,310.55,0.0,2173.85,2173.85,Credit Card,Online,Completed,Repeat
INV201439,07/01/2025,C0108,P0023,S005,8,80.56,0.05,644.48,612.26,Cash,Distributor,Cancelled,Repeat
INV201440,22/01/2025,C0149,P0002,S005,2,84879.95,0.2,169759.9,135807.92,Wallet,Distributor,Completed,Repeat
INV201441,20/07/2025,C0177,P0017,S004,1,14766.45,0.0,14766.45,14766.45,Bank Transfer,Distributor,Completed,Repeat
INV201442,10/03/2025,C0057,P0033,S009,8,755.27,0.15,6042.16,5135.84,Wallet,Retail Store,Returned,Repeat
INV201443,06/08/2025,C0179,P0016,S002,4,21482.05,0.1,85928.2,77335.38,Credit Card,Retail Store,Completed,New
INV201444,30/10/2025,C0006,P0006,S002,4,13307.01,0.15,53228.04,45243.83,Bank Transfer,Retail Store,Cancelled,Repeat
INV201445,07/12/2025,C0115,P0006,S010,10,12942.73,0.0,129427.3,129427.3,Credit Card,Online,Completed,New
INV201446,12/05/2025,C0134,P0021,S004,9,297.74,0.0,2679.66,2679.66,Wallet,Retail Store,Completed,New
INV201447,29/10/2025,C0032,P0017,S008,10,12872.95,0.2,128729.5,102983.6,Bank Transfer,Online,Completed,Repeat
INV201448,07/03/2025,C0144,P0016,S010,6,22481.95,0.0,134891.7,134891.7,Cash,Retail Store,Completed,Returning
INV201449,29/01/2025,C0145,P0022,S004,3,426.37,0.2,1279.11,1023.29,Cash,Online,Cancelled,Repeat
INV201450,19/09/2025,C0133,P0026,S009,7,315.28,0.05,2206.96,2096.61,UPI,Distributor,Completed,Repeat
INV201451,06/12/2025,C0170,P0012,S003,9,17859.69,0.0,160737.21,160737.21,Credit Card,Online,Cancelled,New
INV201452,20/03/2025,C0063,P0024,S004,1,526.29,0.1,526.29,473.66,Wallet,Retail Store,Returned,Returning
INV201453,02/06/2025,C0175,P0028,S008,7,5382.79,0.2,37679.53,30143.62,Credit Card,Distributor,Returned,Repeat
INV201454,15/06/2025,C0142,P0015,S008,5,23592.94,0.2,117964.7,94371.76,Bank Transfer,Distributor,Returned,Repeat
INV201455,17/03/2025,C0021,P0015,S006,4,26162.83,0.0,104651.32,104651.32,Bank Transfer,Retail Store,Completed,Returning
INV201456,18/11/2025,C0041,P0033,S010,8,758.75,0.05,6070.0,5766.5,Cash,Retail Store,Completed,Returning
INV201457,02/02/2025,C0163,P0019,S009,7,233.04,0.2,1631.28,1305.02,UPI,Retail Store,Returned,Repeat
INV201458,03/03/2025,C0167,P0008,S010,10,2512.46,0.1,25124.6,22612.14,Bank Transfer,Online,Completed,Returning
INV201459,28/07/2025,C0092,P0021,S002,6,274.86,0.2,1649.16,1319.33,Credit Card,Distributor,Returned,Repeat
INV201460,29/09/2025,C0154,P0028,S004,1,5443.57,0.0,5443.57,5443.57,UPI,Retail Store,Cancelled,New
INV201461,01/02/2025,C0029,P0026,S004,1,334.75,0.0,334.75,334.75,Bank Transfer,Distributor,Returned,Returning
INV201462,24/11/2025,C0040,P0012,S005,3,17327.84,0.0,51983.52,51983.52,Wallet,Distributor,Completed,Repeat
INV201463,06/12/2025,C0154,P0011,S008,7,7564.24,0.1,52949.68,47654.71,Wallet,Distributor,Cancelled,Repeat
INV201464,12/08/2025,C0168,P0004,S002,9,70082.27,0.0,630740.43,630740.43,UPI,Online,Completed,Returning
INV201465,03/01/2025,C0019,P0022,S004,8,394.26,0.2,3154.08,2523.26,Wallet,Retail Store,Returned,Returning
INV201466,06/09/2025,C0027,P0023,S006,5,80.11,0.05,400.55,380.52,Credit Card,Retail Store,Completed,Returning
INV201467,20/03/2025,C0101,P0003,S010,7,52271.34,0.1,365899.38,329309.44,Cash,Distributor,Completed,Repeat
INV201468,11/03/2025,C0013,P0022,S004,7,434.43,0.2,3041.01,2432.81,Bank Transfer,Distributor,Cancelled,New
INV201469,24/02/2025,C0154,P0010,S009,6,5219.27,0.1,31315.62,28184.06,UPI,Distributor,Completed,Returning
INV201470,22/01/2025,C0044,P0006,S006,6,14400.44,0.2,86402.64,69122.11,UPI,Distributor,Completed,New
INV201471,11/12/2025,C0128,P0030,S006,6,1849.45,0.15,11096.7,9432.19,UPI,Retail Store,Completed,Repeat
INV201472,14/05/2025,C0056,P0024,S007,8,495.71,0.2,3965.68,3172.54,Bank Transfer,Distributor,Returned,New
INV201473,17/08/2025,C0144,P0002,S008,6,87101.19,0.0,522607.14,522607.14,Wallet,Distributor,Cancelled,New
INV201474,07/11/2025,C0130,P0005,S008,8,9486.05,0.05,75888.4,72093.98,UPI,Distributor,Completed,Repeat
INV201475,19/02/2025,C0079,P0011,S006,4,7020.63,0.2,28082.52,22466.02,Bank Transfer,Distributor,Cancelled,New
INV201476,24/09/2025,C0173,P0016,S009,6,21184.95,0.2,127109.7,101687.76,Bank Transfer,Retail Store,Returned,Repeat
INV201477,29/06/2025,C0098,P0021,S010,1,256.33,0.1,256.33,230.7,Bank Transfer,Retail Store,Cancelled,Repeat
INV201478,29/11/2025,C0054,P0020,S004,7,507.88,0.15,3555.16,3021.89,Cash,Online,Completed,Repeat
INV201479,16/10/2025,C0045,P0010,S001,10,5491.62,0.05,54916.2,52170.39,Credit Card,Retail Store,Returned,Returning
INV201480,04/05/2025,C0077,P0008,S006,4,2581.37,0.05,10325.48,9809.21,Cash,Online,Completed,Returning
INV201481,25/01/2025,C0029,P0008,S006,5,2524.85,0.1,12624.25,11361.83,UPI,Retail Store,Cancelled,Repeat
INV201482,04/05/2025,C0170,P0005,S005,9,9118.98,0.1,82070.82,73863.74,Bank Transfer,Retail Store,Returned,Returning
INV201483,22/06/2025,C0103,P0017,S002,4,13367.16,0.05,53468.64,50795.21,Cash,Retail Store,Completed,Repeat
INV201484,01/10/2025,C0085,P0024,S008,4,507.84,0.15,2031.36,1726.66,UPI,Online,Completed,Returning
INV201485,07/07/2025,C0096,P0023,S009,1,84.44,0.2,84.44,67.55,Bank Transfer,Retail Store,Cancelled,Repeat
INV201486,07/09/2025,C0093,P0033,S002,7,699.24,0.1,4894.68,4405.21,Wallet,Retail Store,Completed,New
INV201487,30/07/2025,C0043,P0016,S004,5,19279.48,0.1,96397.4,86757.66,Credit Card,Retail Store,Completed,Repeat
INV201488,25/07/2025,C0152,P0029,S002,5,4836.32,0.2,24181.6,19345.28,Wallet,Retail Store,Completed,Repeat
INV201489,05/03/2025,C0143,P0023,S006,10,87.62,0.05,876.2,832.39,Wallet,Distributor,Completed,Repeat
INV201490,26/05/2025,C0096,P0026,S001,2,297.04,0.1,594.08,534.67,Wallet,Retail Store,Completed,New
INV201491,09/02/2025,C0118,P0023,S010,1,85.69,0.2,85.69,68.55,Credit Card,Retail Store,Completed,Repeat
INV201492,24/08/2025,C0147,P0018,S010,1,5293.43,0.1,5293.43,4764.09,Wallet,Online,Cancelled,Repeat
INV201493,10/06/2025,C0175,P0007,S007,3,30116.7,0.0,90350.1,90350.1,Bank Transfer,Distributor,Completed,Returning
INV201494,09/10/2025,C0150,P0028,S008,7,5171.43,0.2,36200.01,28960.01,UPI,Retail Store,Returned,New
INV201495,08/07/2025,C0173,P0023,S009,10,75.29,0.1,752.9,677.61,Credit Card,Retail Store,Completed,New
INV201496,01/10/2025,C0138,P0014,S005,2,17407.88,0.0,34815.76,34815.76,Bank Transfer,Online,Completed,Returning
INV201497,04/01/2025,C0020,P0018,S004,1,5230.42,0.15,5230.42,4445.86,Bank Transfer,Online,Returned,Returning
INV201498,08/06/2025,C0158,P0015,S007,7,26105.14,0.2,182735.98,146188.78,Bank Transfer,Retail Store,Cancelled,Repeat
INV201499,15/08/2025,C0017,P0018,S009,1,5428.52,0.0,5428.52,5428.52,Credit Card,Distributor,Completed,Repeat
INV201500,11/12/2025,C0059,P0024,S007,6,519.6,0.15,3117.6,2649.96,Cash,Online,Cancelled,New
INV201501,25/06/2025,C0047,P0027,S004,8,2034.03,0.15,16272.24,13831.4,Credit Card,Online,Cancelled,Returning
INV201502,19/07/2025,C0110,P0007,S002,3,27239.82,0.2,81719.46,65375.57,UPI,Online,Completed,Repeat
INV201503,17/11/2025,C0169,P0011,S006,3,6999.39,0.1,20998.17,18898.35,Credit Card,Distributor,Returned,Returning
INV201504,07/10/2025,C0146,P0010,S006,10,5177.03,0.05,51770.3,49181.78,Bank Transfer,Retail Store,Completed,Returning
INV201505,19/11/2025,C0070,P0025,S006,4,404.66,0.0,1618.64,1618.64,Bank Transfer,Retail Store,Completed,New
INV201506,26/02/2025,C0134,P0007,S009,6,27635.58,0.0,165813.48,165813.48,Cash,Online,Cancelled,New
INV201507,18/12/2025,C0087,P0010,S001,4,5540.36,0.15,22161.44,18837.22,Wallet,Online,Cancelled,New
INV201508,16/08/2025,C0110,P0033,S005,2,787.85,0.15,1575.7,1339.35,Bank Transfer,Retail Store,Completed,Repeat
INV201509,15/07/2025,C0172,P0009,S003,1,5152.2,0.0,5152.2,5152.2,Wallet,Online,Completed,New
INV201510,15/06/2025,C0069,P0004,S002,2,72040.31,0.0,144080.62,144080.62,Wallet,Online,Returned,New
INV201511,11/04/2025,C0001,P0033,S008,7,750.45,0.05,5253.15,4990.49,Cash,Online,Cancelled,New
INV201512,04/08/2025,C0170,P0031,S007,2,964.69,0.15,1929.38,1639.97,Cash,Retail Store,Completed,Returning
INV201513,06/11/2025,C0096,P0001,S008,7,78186.1,0.2,547302.7,437842.16,Credit Card,Distributor,Returned,New
INV201514,18/02/2025,C0128,P0010,S001,5,5285.92,0.15,26429.6,22465.16,Wallet,ONLINE,Cancelled,New
INV201515,03/12/2025,C0077,P0007,S009,7,27675.16,0.15,193726.12,164667.2,UPI,Distributor,Completed,Repeat
INV201516,02/06/2025,C0168,P0022,S007,5,406.58,0.15,2032.9,1727.96,Bank Transfer,Online,Cancelled,Returning
INV201517,12/02/2025,C0103,P0003,S006,4,50894.0,0.15,203576.0,173039.6,Cash,Retail Store,Cancelled,New
INV201518,17/10/2025,C0125,P0001,S004,5,76348.52,0.0,381742.6,381742.6,Credit Card,Distributor,Cancelled,Repeat
INV201519,16/12/2025,C0014,P0008,S009,2,2691.08,0.2,5382.16,4305.73,Wallet,Distributor,Completed,New
INV201520,23/07/2025,C0140,P0010,S010,7,5649.02,0.1,39543.14,35588.83,Cash,Retail Store,Completed,New
INV201521,20/06/2025,C0064,P0005,S010,4,10309.07,0.2,41236.28,32989.02,UPI,Retail Store,Completed,Repeat
INV201522,02/01/2025,C0036,P0012,S002,7,17909.58,0.15,125367.06,106562.0,Credit Card,Distributor,Cancelled,Repeat
INV201523,07/07/2025,C0071,P0033,S001,3,721.88,0.15,2165.64,1840.79,Bank Transfer,Distributor,Completed,Returning
INV201524,02/06/2025,C0050,P0006,S001,7,13451.2,0.05,94158.4,89450.48,Bank Transfer,Online,Returned,Repeat
INV201525,23/06/2025,C0065,P0025,S010,4,426.54,0.2,1706.16,1364.93,UPI ,Online,Completed,Returning
INV201526,11/02/2025,C0078,P0004,S002,3,69732.7,0.15,209198.1,177818.38,Credit Card,Distributor,Completed,Repeat
INV201527,20/09/2025,C0163,P0031,S010,10,1076.59,0.0,10765.9,10765.9,Bank Transfer,Distributor,Returned,New
INV201528,10/09/2025,C0127,P0006,S008,1,12548.52,0.0,12548.52,12548.52,Cash,Distributor,Returned,New
INV201529,21/10/2025,C0078,P0005,S003,5,9504.13,0.2,47520.65,38016.52,Bank Transfer,Online,Returned,Repeat
INV201530,04/10/2025,C0060,P0021,S004,4,272.61,0.1,1090.44,981.4,Bank Transfer,Online,Cancelled,Repeat
INV201531,26/07/2025,C0118,P0030,S007,1,1927.65,0.0,1927.65,1927.65,UPI,Retail Store,Completed,Returning
INV201532,28/10/2025,C0117,P0015,S002,8,22669.22,0.0,181353.76,181353.76,UPI,Online,Completed,Returning
INV201533,04/08/2025,C0116,P0022,S008,5,385.98,0.05,1929.9,1833.4,Credit Card,Retail Store,Cancelled,Repeat
INV201534,01/10/2025,C0012,P0020,S008,4,513.65,0.0,2054.6,2054.6,Bank Transfer,Retail Store,Completed,Repeat
INV201535,29/05/2025,C0042,P0031,S001,8,1052.06,0.15,8416.48,7154.01,Wallet,Retail Store,Cancelled,Returning
INV201536,03/06/2025,C0123,P0027,S002,2,1762.24,0.0,3524.48,3524.48,Wallet,Retail Store,Returned,Repeat
INV201537,19/08/2025,C0093,P0019,S006,7,218.08,0.05,1526.56,1450.23,Wallet,Distributor,Returned,New
INV201538,27/03/2025,C0100,P0014,S005,9,17518.14,0.05,157663.26,149780.1,Credit Card,Online,Cancelled,New
INV201539,08/11/2025,C0130,P0017,S007,9,14413.56,0.05,129722.04,123235.94,Credit Card,Retail Store,Returned,Returning
INV201540,30/10/2025,C0153,P0012,S007,2,17314.25,0.0,34628.5,34628.5,Cash,Distributor,Returned,New
INV201541,16/11/2025,C0114,P0029,S008,8,4401.86,0.15,35214.88,29932.65,Credit Card,Distributor,Completed,Returning
INV201542,17/10/2025,C0105,P0010,S007,4,5239.48,0.1,20957.92,18862.13,UPI,Distributor,Returned,New
INV201543,10/12/2025,C0022,P0004,S008,4,68321.18,0.05,273284.72,259620.48,Wallet,Distributor,Returned,New
INV201544,06/04/2025,C0170,P0003,S007,9,52750.03,0.2,474750.27,379800.22,Bank Transfer,Online,Completed,New
INV201545,09/04/2025,C0176,P0016,S001,3,21340.54,0.0,64021.62,64021.62,UPI,Retail Store,Completed,Repeat
INV201546,12/01/2025,C0103,P0002,S007,10,87663.39,0.05,876633.9,832802.2,Credit Card,Retail Store,Cancelled,Repeat
INV201547,02/12/2025,C0034,P0013,S006,8,5122.84,0.15,40982.72,34835.31,Bank Transfer,Online,Cancelled,Repeat
INV201548,16/02/2025,C0035,P0033,S006,4,780.22,0.1,3120.88,2808.79,Credit Card,Online,Returned,Repeat
INV201549,10/05/2025,C0136,P0022,S005,9,429.64,0.1,3866.76,3480.08,Bank Transfer,Online,Completed,New
INV201550,24/10/2025,C0162,P0001,S005,3,76521.25,0.05,229563.75,218085.56,Bank Transfer,Online,Cancelled,New
INV201551,15/06/2025,C0064,P0029,S007,5,4395.09,0.0,21975.45,21975.45,Credit Card,Retail Store,Cancelled,Repeat
INV201552,09/10/2025,C0136,P0029,S009,7,4620.46,0.0,32343.22,32343.22,Credit Card,Online,Cancelled,New
INV201553,28/03/2025,C0032,P0016,S002,8,22296.43,0.0,178371.44,178371.44,Credit Card,Distributor,Completed,Returning
INV201554,25/07/2025,C0107,P0014,S010,10,17120.39,0.2,171203.9,136963.12,Cash,Distributor,Cancelled,Repeat
INV201555,23/03/2025,C0133,P0032,S004,2,2729.95,0.05,5459.9,5186.9,Bank Transfer,Distributor,Completed,Repeat
INV201556,30/03/2025,C0148,P0008,S008,10,2465.79,0.1,24657.9,22192.11,Credit Card,Retail Store,Completed,New
INV201557,10/04/2025,C0047,P0033,S001,8,696.23,0.0,5569.84,5569.84,Credit Card,Distributor,Completed,New
INV201558,27/09/2025,C0125,P0020,S006,2,546.11,0.0,1092.22,1092.22,UPI,Distributor,Completed, repeat 
INV201559,27/12/2025,C0168,P0001,S002,8,75862.6,0.05,606900.8,576555.76,Bank Transfer,Online,Returned,Repeat
INV201560,29/09/2025,C0128,P0009,S002,1,5276.27,0.05,5276.27,5012.46,UPI,Retail Store,Completed,Returning
INV201561,10/01/2025,C0026,P0023,S003,7,83.54,0.2,584.78,467.82,Cash,Retail Store,Completed,New
INV201562,27/01/2025,C0059,P0026,S001,8,342.46,0.15,2739.68,2328.73,Bank Transfer,Retail Store,Cancelled,New
INV201563,14/04/2025,C0004,P0024,S009,8,526.59,0.0,4212.72,4212.72,Wallet,Online,Returned,Returning
INV201564,29/12/2025,C0165,P0001,S007,1,82973.63,0.0,82973.63,82973.63,Bank Transfer,Retail Store,Cancelled,New
INV201565,28/04/2025,C0035,P0026,S008,2,333.87,0.05,667.74,634.35,Wallet,Retail Store,Cancelled,Returning
INV201566,21/02/2025,C0159,P0030,S001,2,1819.78,0.05,3639.56,3457.58,Credit Card,Distributor,Returned,Repeat
INV201567,08/11/2025,C0124,P0009,S001,10,5228.79,0.0,52287.9,52287.9,Wallet,Online,Completed,New
INV201568,15/10/2025,C0040,P0023,S003,4,83.85,0.0,335.4,335.4,Wallet,Retail Store,Completed,Repeat
INV201569,22/10/2025,C0166,P0013,S008,10,4833.53,0.05,48335.3,45918.53,Wallet,Online,Completed,Returning
INV201570,20/11/2025,C0096,P0021,S002,2,292.92,0.1,585.84,527.26,Wallet,Distributor,Returned,New
INV201571,25/05/2025,C0154,P0011,S001,8,7896.88,0.05,63175.04,60016.29,Cash,Retail Store,Completed,Repeat
INV201572,04/04/2025,C0077,P0030,S004,10,1855.63,0.1,18556.3,16700.67,UPI,Retail Store,Cancelled,New
INV201573,22/09/2025,C0140,P0016,S002,3,21462.39,0.05,64387.17,61167.81,Cash,Distributor,Returned,New
INV201574,27/11/2025,C0112,P0030,S008,3,1899.17,0.05,5697.51,5412.63,Bank Transfer,Online,Completed,Repeat
INV201575,15/11/2025,C0119,P0032,S003,10,2546.8,0.1,25468.0,22921.2,Credit Card,Retail Store,Returned,Returning
INV201576,07/06/2025,C0058,P0003,S003,10,45870.41,0.15,458704.1,389898.49,UPI,Retail Store,Cancelled,Returning
INV201577,10/01/2025,C0165,P0019,S003,5,222.29,0.1,1111.45,1000.31,Cash,Online,Completed,Returning
INV201578,26/01/2025,C0146,P0019,S001,10,216.59,0.0,2165.9,2165.9,Bank Transfer,Retail Store,Completed,Repeat
INV201579,01/08/2025,C0033,P0019,S003,7,226.27,0.1,1583.89,1425.5,UPI,Online,Completed,Repeat
INV201580,01/11/2025,C0040,P0003,S004,7,47326.82,0.15,331287.74,281594.58,Wallet,Online,Completed,Returning
INV201581,31/01/2025,C0026,P0022,S003,8,385.49,0.0,3083.92,3083.92,Credit Card,Retail Store,Completed,New
INV201582,22/07/2025,C0080,P0005,S005,8,9564.76,0.05,76518.08,72692.18,Credit Card,Online,Completed,Returning
INV201583,17/05/2025,C0033,P0015,S004,6,24558.31,0.15,147349.86,125247.38,Bank Transfer,Retail Store,Completed,New
INV201584,22/03/2025,C0148,P0016,S006,10,21567.16,0.1,215671.6,194104.44,Cash,Retail Store,Completed,Repeat
INV201585,08/05/2025,C0153,P0002,S003,3,88497.3,0.1,265491.9,238942.71,UPI,Distributor,Completed,Repeat
INV201586,01/05/2025,C0104,P0021,S001,1,264.5,0.2,264.5,211.6,Wallet,Distributor,Completed,Returning
INV201587,20/01/2025,C0163,P0004,S007,5,71617.61,0.1,358088.05,322279.24,Bank Transfer,Retail Store,Completed,Repeat
INV201588,15/09/2025,C0126,P0016,S006,6,21480.9,0.05,128885.4,122441.13,Credit Card,Distributor,Completed,New
INV201589,25/11/2025,C0064,P0008,S007,10,2583.38,0.1,25833.8,23250.42,Credit Card,Distributor,Returned,Repeat
INV201590,06/07/2025,C0069,P0015,S010,4,26234.53,0.05,104938.12,99691.21,Wallet,Retail Store,Cancelled,New
INV201591,22/05/2025,C0082,P0014,S010,3,17746.33,0.2,53238.99,42591.19,Wallet,Retail Store,Cancelled,Returning
INV201592,24/04/2025,C0086,P0030,S004,4,1836.84,0.15,7347.36,6245.26,UPI,Online,Completed,Repeat
INV201593,30/04/2025,C0071,P0022,S004,4,390.23,0.0,1560.92,1560.92,UPI,Retail Store,Completed,New
INV201594,02/04/2025,C0040,P0019,S008,5,224.13,0.0,1120.65,1120.65,Wallet,Retail Store,Completed,Returning
INV201595,23/08/2025,C0041,P0004,S004,4,67409.41,0.05,269637.64,256155.76,Credit Card,Retail Store,Completed,New
INV201596,08/05/2025,C0034,P0021,S002,1,286.98,0.1,286.98,258.28,Bank Transfer,Retail Store,Completed,Returning
INV201597,13/09/2025,C0014,P0018,S001,5,4964.8,0.0,24824.0,24824.0,Bank Transfer,Retail Store,Returned,Repeat
INV201598,06/02/2025,C0021,P0011,S006,6,7058.18,0.0,42349.08,42349.08,UPI,Distributor,Completed,Repeat
INV201599,22/09/2025,C0020,P0006,S004,6,13235.63,0.0,79413.78,79413.78,UPI,Distributor,Completed,Returning
INV201600,11/05/2025,C0018,P0031,S002,6,1006.58,0.2,6039.48,4831.58,Bank Transfer,Retail Store,Returned,New
INV201601,20/07/2025,C0111,P0015,S003,9,25036.0,0.2,225324.0,180259.2,Bank Transfer,Retail Store,Completed,New
INV201602,09/08/2025,C0031,P0027,S003,2,1950.08,0.2,3900.16,3120.13,Wallet,Distributor,Completed,Returning
INV201603,10/08/2025,C0061,P0021,S003,1,275.85,0.0,275.85,275.85,Credit Card,ONLINE,Completed,Repeat
INV201604,20/03/2025,C0015,P0021,S010,9,272.62,0.2,2453.58,1962.86,Bank Transfer,Distributor,Returned,Returning
INV201605,17/08/2025,C0118,P0005,S005,4,9246.51,0.2,36986.04,29588.83,Cash,Online,Cancelled,New
INV201606,31/10/2025,C0010,P0007,S001,2,30190.98,0.05,60381.96,57362.86,Cash,Distributor,Completed,New
INV201607,21/04/2025,C0154,P0010,S008,9,5266.78,0.15,47401.02,40290.87,Credit Card,Distributor,Cancelled,New
INV201608,20/01/2025,C0072,P0026,S002,7,324.27,0.0,2269.89,2269.89,Credit Card,Retail Store,Cancelled,Repeat
INV201609,29/12/2025,C0138,P0023,S002,9,79.28,0.2,713.52,570.82,Cash,Distributor,Completed,Repeat
INV201610,18/11/2025,C0010,P0025,S006,7,415.33,0.15,2907.31,2471.21,UPI,Retail Store,Returned,New
INV201611,26/09/2025,C0009,P0001,S008,3,78255.03,0.2,234765.09,187812.07,Credit Card,Distributor,Cancelled,New
INV201612,11/12/2025,C0172,P0019,S008,3,208.67,0.2,626.01,500.81,UPI,Retail Store,Returned,Repeat
INV201613,10/01/2025,C0120,P0015,S001,9,22689.21,0.0,204202.89,204202.89,Cash,Distributor,Returned,Returning
INV201614,03/11/2025,C0150,P0024,S002,5,532.52,0.05,2662.6,2529.47,Wallet,Distributor,Completed,Repeat
INV201615,25/08/2025,C0021,P0017,S007,8,14019.79,0.05,112158.32,106550.4,Cash,Retail Store,Cancelled,Returning
INV201616,02/08/2025,C0116,P0024,S002,9,515.57,0.05,4640.13,4408.12,Credit Card,Online,Returned,Repeat
INV201617,01/07/2025,C0111,P0003,S006,10,51996.24,0.05,519962.4,493964.28,UPI,Retail Store,Completed,New
INV201618,15/09/2025,C0013,P0029,S004,10,4144.32,0.0,41443.2,41443.2,Credit Card,Online,Completed,Returning
INV201619,27/06/2025,C0110,P0022,S004,4,424.62,0.1,1698.48,1528.63,Cash,Online,Completed,Returning
INV201620,13/04/2025,C0026,P0025,S008,9,387.05,0.1,3483.45,3135.11,UPI,Retail Store,Completed,Repeat
INV201621,25/05/2025,C0141,P0031,S003,1,949.6,0.0,949.6,949.6,Credit Card,Online,Completed,Repeat
INV201622,22/06/2025,C0083,P0002,S001,6,86063.39,0.05,516380.34,490561.32,Credit Card,Distributor,Completed,Returning
INV201623,16/10/2025,C0151,P0014,S010,8,18573.98,0.1,148591.84,133732.66,UPI,Distributor,Cancelled,Repeat
INV201624,11/03/2025,C0080,P0025,S002,7,380.77,0.0,2665.39,2665.39,Bank Transfer,Online,Cancelled,New
INV201625,10/12/2025,C0016,P0002,S001,10,82007.12,0.0,820071.2,820071.2,Bank Transfer,Online,Cancelled,Repeat
INV201626,13/11/2025,C0058,P0002,S008,5,83997.67,0.0,419988.35,419988.35,Wallet,Distributor,Returned,Repeat
INV201627,19/05/2025,C0106,P0025,S003,9,412.7,0.15,3714.3,3157.15,UPI,Retail Store,Completed,Returning
INV201628,07/11/2025,C0097,P0011,S003,6,7443.09,0.0,44658.54,44658.54,Bank Transfer,Distributor,Returned,New
INV201629,03/01/2025,C0043,P0009,S004,1,5120.84,0.0,5120.84,5120.84,Bank Transfer,Online,Completed,Repeat
INV201630,28/08/2025,C0116,P0007,S003,6,29699.81,0.0,178198.86,178198.86,Wallet,Distributor,Completed,Repeat
INV201631,22/02/2025,C0133,P0011,S009,1,6983.6,0.05,6983.6,6634.42,Cash,Retail Store,Completed,Returning
INV201632,05/10/2025,C0030,P0012,S004,10,17226.96,0.0,172269.6,172269.6,Wallet,Retail Store,Completed,Repeat
INV201633,22/11/2025,C0158,P0003,S010,9,51827.15,0.1,466444.35,419799.92,Cash,Online,Completed,New
INV201634,31/08/2025,C0101,P0021,S009,5,268.95,0.05,1344.75,1277.51,Credit Card,Online,Completed,Repeat
INV201635,22/12/2025,C0143,P0010,S005,9,5549.51,0.15,49945.59,42453.75,UPI,Distributor,Completed,New
INV201636,25/08/2025,C0061,P0030,S002,5,1818.92,0.05,9094.6,8639.87,Credit Card,Online,Cancelled,New
INV201637,23/12/2025,C0040,P0025,S007,10,440.68,0.0,4406.8,4406.8,Credit Card,Distributor,Completed,Returning
INV201638,21/10/2025,C0105,P0001,S007,2,75437.81,0.0,150875.62,150875.62,Credit Card,Distributor,Cancelled,Returning
INV201639,05/03/2025,C0027,P0009,S006,7,5508.34,0.2,38558.38,30846.7,UPI,Retail Store,Returned,Repeat
INV201640,14/10/2025,C0142,P0014,S005,2,17378.66,0.0,34757.32,34757.32,Credit Card,Retail Store,Completed,New
INV201641,05/02/2025,C0133,P0007,S002,9,27124.65,0.2,244121.85,195297.48,Credit Card,Retail Store,Completed,Returning
INV201642,27/12/2025,C0060,P0011,S006,2,7948.95,0.1,15897.9,14308.11,Credit Card,Retail Store,Completed,Repeat
INV201643,20/01/2025,C0129,P0024,S007,1,514.14,0.15,514.14,437.02,Credit Card,Retail Store,Returned,New
INV201644,01/06/2025,C0170,P0033,S008,9,702.24,0.0,6320.16,6320.16,UPI,Online,Completed,Repeat
INV201645,19/07/2025,C0070,P0021,S008,3,275.83,0.0,827.49,827.49,Cash,Distributor,Completed,New
INV201646,21/08/2025,C0069,P0002,S004,4,81660.62,0.1,326642.48,293978.23,Wallet,Distributor,Cancelled,Returning
INV201647,26/09/2025,C0116,P0001,S010,4,79762.65,0.0,319050.6,319050.6,UPI,Retail Store,Cancelled,Repeat
INV201648,15/02/2025,C0048,P0026,S005,2,338.6,0.0,677.2,677.2,Credit Card,Online,Completed,Repeat
INV201649,19/08/2025,C0090,P0015,S002,9,23854.89,0.0,214694.01,214694.01,Cash,Online,Completed,Returning
INV201650,19/01/2025,C0021,P0002,S009,10,86798.51,0.1,867985.1,781186.59,Bank Transfer,Retail Store,Completed,New
INV201651,14/06/2025,C0058,P0026,S001,7,296.83,0.05,2077.81,1973.92,Bank Transfer,Retail Store,Completed,Returning
INV201652,24/07/2025,C0119,P0020,S009,7,521.39,0.2,3649.73,2919.78,UPI ,Distributor,Completed,Returning
INV201653,10/05/2025,C0133,P0005,S008,1,9294.07,0.2,9294.07,7435.26,Credit Card,Online,Completed,Repeat
INV201654,28/08/2025,C0002,P0005,S008,8,9925.48,0.0,79403.84,79403.84,Bank Transfer,Distributor,Completed,Returning
INV201655,12/04/2025,C0052,P0003,S008,9,46375.05,0.0,417375.45,417375.45,Credit Card,Retail Store,Completed,Returning
INV201656,27/12/2025,C0109,P0004,S001,5,67162.84,0.15,335814.2,285442.07,Credit Card,Retail Store,Completed,Repeat
INV201657,14/02/2025,C0092,P0022,S010,7,396.71,0.1,2776.97,2499.27,UPI,Online,Cancelled,Repeat
INV201658,06/12/2025,C0145,P0027,S006,6,1816.18,0.0,10897.08,10897.08,Credit Card,Retail Store,Completed,New
INV201659,30/04/2025,C0093,P0016,S001,1,21341.9,0.05,21341.9,20274.81,Wallet,Distributor,Completed,Repeat
INV201660,17/11/2025,C0104,P0023,S004,7,76.15,0.2,533.05,426.44,Wallet,Retail Store,Returned,New
INV201661,23/02/2025,C0117,P0014,S010,5,18758.44,0.1,93792.2,84412.98,UPI,Retail Store,Cancelled,Repeat
INV201662,19/03/2025,C0051,P0023,S009,7,87.29,0.05,611.03,580.48,UPI,Distributor,Completed,Repeat
INV201663,04/12/2025,C0100,P0030,S002,5,1830.44,0.2,9152.2,7321.76,UPI,Retail Store,Cancelled,New
INV201664,05/03/2025,C0124,P0025,S008,1,380.28,0.1,380.28,342.25,Bank Transfer,Distributor,Completed,Repeat
INV201665,28/04/2025,C0082,P0030,S010,3,2082.51,0.0,6247.53,6247.53,Credit Card,Retail Store,Completed,Repeat
INV201666,13/01/2025,C0101,P0013,S006,5,4676.47,0.1,23382.35,21044.12,UPI,Distributor,Cancelled,Returning
INV201667,02/11/2025,C0115,P0001,S002,5,84388.02,0.2,421940.1,337552.08,Bank Transfer,Retail Store,Returned,New
INV201668,29/04/2025,C0154,P0016,S005,3,21604.76,0.1,64814.28,58332.85,Credit Card,Distributor,Cancelled,Repeat
INV201669,23/07/2025,C0150,P0010,S006,6,5353.99,0.0,32123.94,32123.94,Credit Card,Retail Store,Completed,Returning
INV201670,30/03/2025,C0100,P0004,S001,1,67820.99,0.2,67820.99,54256.79,Credit Card,Distributor,Completed,New
INV201671,17/06/2025,C0109,P0005,S007,2,9624.54,0.15,19249.08,16361.72,Wallet,Retail Store,Completed,Returning
INV201672,16/11/2025,C0161,P0033,S002,3,797.12,0.0,2391.36,2391.36,Credit Card,Online,Cancelled,Returning
INV201673,13/03/2025,C0168,P0013,S009,5,5193.59,0.2,25967.95,20774.36,Wallet,Distributor,Completed,Returning
INV201674,18/12/2025,C0144,P0026,S008,3,330.39,0.0,991.17,991.17,UPI,Online,Completed,Repeat
INV201675,07/12/2025,C0068,P0008,S008,8,2439.46,0.2,19515.68,15612.54,Cash,Retail Store,Completed,Returning
INV201676,03/08/2025,C0018,P0009,S003,2,5397.26,0.15,10794.52,9175.34,UPI,Online,Returned,New
INV201677,11/02/2025,C0135,P0026,S005,2,315.5,0.1,631.0,567.9,UPI,Online,Completed,New
INV201678,31/07/2025,C0068,P0008,S007,10,2512.12,0.0,25121.2,25121.2,UPI,Retail Store,Cancelled,Returning
INV201679,03/02/2025,C0106,P0030,S007,5,2068.61,0.0,10343.05,10343.05,UPI,Online,Cancelled,Returning
INV201680,04/02/2025,C0147,P0015,S003,6,25579.0,0.0,153474.0,153474.0,Wallet,Online,Returned,Repeat
INV201681,22/02/2025,C0045,P0025,S010,4,418.43,0.1,1673.72,1506.35,Wallet,Distributor,Cancelled,Repeat
INV201682,26/03/2025,C0048,P0021,S003,10,289.33,0.1,2893.3,2603.97,Bank Transfer,Retail Store,Cancelled,Repeat
INV201683,08/05/2025,C0162,P0028,S009,7,5053.33,0.15,35373.31,30067.31,Credit Card,Online,Completed,New
INV201684,24/04/2025,C0012,P0028,S005,1,5565.79,0.15,5565.79,4730.92,Credit Card,Retail Store,Cancelled,Repeat
INV201685,03/09/2025,C0022,P0022,S006,6,422.73,0.15,2536.38,2155.92,Credit Card,Distributor,Returned,Returning
INV201686,27/03/2025,C0124,P0031,S010,1,1075.07,0.0,1075.07,1075.07,Wallet,Online,Completed,New
INV201687,17/05/2025,C0100,P0016,S008,3,20655.67,0.0,61967.01,61967.01,Cash,Retail Store,Completed,New
INV201688,16/03/2025,C0049,P0021,S009,5,279.27,0.0,1396.35,1396.35,Credit Card,Online,Cancelled,Repeat
INV201689,26/06/2025,C0169,P0032,S008,4,2585.74,0.2,10342.96,8274.37,Wallet,Online,Cancelled,Repeat
INV201690,08/09/2025,C0149,P0021,S006,2,298.22,0.15,596.44,506.97,UPI,Retail Store,Returned,Repeat
INV201691,16/12/2025,C0022,P0005,S002,8,9247.75,0.2,73982.0,59185.6,Cash,Retail Store,Completed,New
INV201692,30/12/2025,C0136,P0028,S003,6,5781.54,0.1,34689.24,31220.32,Cash,ONLINE,Completed,New
INV201693,24/03/2025,C0094,P0019,S003,4,202.96,0.0,811.84,811.84,Credit Card,Distributor,Completed,Repeat
INV201694,23/07/2025,C0064,P0003,S009,3,53127.64,0.15,159382.92,135475.48,Bank Transfer,Distributor,Cancelled,New
INV201695,19/09/2025,C0120,P0015,S003,2,25968.58,0.0,51937.16,51937.16,Wallet,Distributor,Completed,New
INV201696,29/03/2025,C0163,P0029,S004,7,4680.66,0.05,32764.62,31126.39,Bank Transfer,Distributor,Completed,New
INV201697,05/04/2025,C0001,P0031,S003,1,1025.91,0.0,1025.91,1025.91,Credit Card,Distributor,Completed,New
INV201698,06/10/2025,C0121,P0017,S002,7,14357.66,0.2,100503.62,80402.9,Cash,Distributor,Returned,New
INV201699,19/11/2025,C0102,P0021,S002,3,287.99,0.15,863.97,734.37,Bank Transfer,Retail Store,Completed,New
INV201700,17/12/2025,C0005,P0002,S006,2,85023.73,0.0,170047.46,170047.46,Wallet,Retail Store,Cancelled,Repeat
INV201701,30/12/2025,C0033,P0009,S007,3,5519.94,0.0,16559.82,16559.82,Credit Card,Online,Returned,New
INV201702,20/08/2025,C0035,P0009,S004,6,5060.06,0.0,30360.36,30360.36,Wallet,Online,Completed,Returning
INV201703,08/04/2025,C0172,P0018,S003,5,5674.28,0.0,28371.4,28371.4,Bank Transfer,Online,Cancelled,New
INV201704,11/08/2025,C0147,P0010,S009,1,4939.04,0.15,4939.04,4198.18,Cash,Distributor,Returned,New
INV201705,05/03/2025,C0109,P0028,S010,7,5362.14,0.15,37534.98,31904.73,Bank Transfer,Online,Completed,New
INV201706,01/01/2025,C0066,P0024,S005,5,529.82,0.0,2649.1,2649.1,Cash,Online,Returned,Repeat
INV201707,16/05/2025,C0149,P0030,S001,1,1977.53,0.2,1977.53,1582.02,Bank Transfer,Distributor,Completed,Returning
INV201708,15/01/2025,C0026,P0022,S002,8,398.03,0.1,3184.24,2865.82,Wallet,Retail Store,Completed,Returning
INV201709,02/01/2025,C0151,P0009,S005,2,5235.88,0.0,10471.76,10471.76,Bank Transfer,Online,Cancelled,Repeat
INV201710,12/11/2025,C0147,P0027,S002,4,1846.89,0.0,7387.56,7387.56,UPI,Distributor,Completed,Repeat
INV201711,23/03/2025,C0179,P0016,S003,3,21931.81,0.2,65795.43,52636.34,Wallet,Online,Completed,Returning
INV201712,08/10/2025,C0050,P0030,S008,5,1915.74,0.0,9578.7,9578.7,Bank Transfer,Distributor,Completed,Returning
INV201713,06/06/2025,C0128,P0026,S003,6,340.5,0.2,2043.0,1634.4,UPI,Distributor,Completed,New
INV201714,24/02/2025,C0023,P0008,S006,3,2469.71,0.05,7409.13,7038.67,Cash,Online,Returned,Repeat
INV201715,27/12/2025,C0140,P0012,S007,1,16107.53,0.0,16107.53,16107.53,Cash,Retail Store,Cancelled,Returning
INV201716,10/01/2025,C0061,P0002,S005,6,90150.0,0.15,540900.0,459765.0,Wallet,Online,Cancelled,Repeat
INV201717,02/03/2025,C0140,P0028,S002,5,5109.46,0.0,25547.3,25547.3,UPI,Retail Store,Completed,Returning
INV201718,01/06/2025,C0170,P0024,S010,3,480.98,0.0,1442.94,1442.94,Bank Transfer,Distributor,Returned,Repeat
INV201719,14/06/2025,C0114,P0032,S010,10,2440.57,0.0,24405.7,24405.7,UPI,Retail Store,Cancelled,Returning
INV201720,25/04/2025,C0005,P0020,S006,8,548.77,0.1,4390.16,3951.14,Cash,Retail Store,Completed,Returning
INV201721,23/02/2025,C0023,P0025,S001,9,444.57,0.15,4001.13,3400.96,Bank Transfer,Distributor,Cancelled,Repeat
INV201722,20/01/2025,C0028,P0023,S003,3,84.78,0.0,254.34,254.34,UPI,Retail Store,Cancelled,Returning
INV201723,12/07/2025,C0016,P0001,S009,4,77881.6,0.05,311526.4,295950.08,Credit Card,Online,Cancelled,Returning
INV201724,23/10/2025,C0133,P0015,S001,8,24022.06,0.05,192176.48,182567.66,Credit Card,Distributor,Completed,Returning
INV201725,07/05/2025,C0147,P0031,S010,10,1001.64,0.0,10016.4,10016.4,Bank Transfer,Distributor,Returned,New
INV201726,23/04/2025,C0055,P0032,S009,9,2542.99,0.2,22886.91,18309.53,UPI,Distributor,Completed,Returning
INV201727,26/11/2025,C0144,P0033,S007,9,706.55,0.2,6358.95,5087.16,Bank Transfer,Online,Cancelled,Repeat
INV201728,22/07/2025,C0179,P0016,S001,10,21435.29,0.0,214352.9,214352.9,Cash,Online,Returned,Returning
INV201729,26/05/2025,C0158,P0020,S005,6,525.29,0.1,3151.74,2836.57,Bank Transfer,Retail Store,Completed,New
INV201730,23/01/2025,C0116,P0026,S010,3,317.65,0.2,952.95,762.36,Cash,Distributor,Completed,Repeat
INV201731,01/12/2025,C0060,P0020,S008,6,478.36,0.15,2870.16,2439.64,Cash,Online,Completed, repeat 
INV201732,24/06/2025,C0149,P0033,S004,10,733.64,0.15,7336.4,6235.94,Wallet,Distributor,Completed,Repeat
INV201733,07/11/2025,C0147,P0028,S006,9,5344.2,0.05,48097.8,45692.91,UPI,Distributor,Returned,Repeat
INV201734,02/08/2025,C0171,P0005,S007,8,9391.67,0.15,75133.36,63863.36,UPI,Retail Store,Completed,Repeat
INV201735,22/12/2025,C0054,P0004,S008,2,76661.76,0.2,153323.52,122658.82,Cash,Retail Store,Completed,Returning
INV201736,23/11/2025,C0050,P0021,S001,1,278.06,0.1,278.06,250.25,UPI,Retail Store,Cancelled,New
INV201737,18/03/2025,C0049,P0013,S009,6,4453.47,0.05,26720.82,25384.78,UPI,Retail Store,Cancelled,Returning
INV201738,06/11/2025,C0088,P0009,S009,6,5584.87,0.2,33509.22,26807.38,UPI,Online,Completed,New
INV201739,16/12/2025,C0101,P0021,S004,3,266.06,0.1,798.18,718.36,Bank Transfer,Online,Completed,Returning
INV201740,19/08/2025,C0040,P0017,S010,1,13076.95,0.0,13076.95,13076.95,UPI,Online,Completed,Repeat
INV201741,07/09/2025,C0020,P0019,S007,10,233.0,0.05,2330.0,2213.5,Wallet,Online,Completed,Repeat
INV201742,08/07/2025,C0089,P0029,S001,3,4162.07,0.0,12486.21,12486.21,Credit Card,Retail Store,Completed,New
INV201743,10/04/2025,C0108,P0020,S005,6,491.83,0.15,2950.98,2508.33,Cash,Retail Store,Completed,New
INV201744,25/02/2025,C0142,P0016,S010,2,19767.49,0.2,39534.98,31627.98,Credit Card,Retail Store,Completed,New
INV201745,13/08/2025,C0104,P0007,S003,3,30844.64,0.0,92533.92,92533.92,Wallet,Distributor,Completed,Returning
INV201746,30/12/2025,C0162,P0002,S006,7,81901.7,0.05,573311.9,544646.31,Wallet,Distributor,Completed,New
INV201747,10/12/2025,C0002,P0017,S006,6,14568.17,0.05,87409.02,83038.57,Bank Transfer,Distributor,Completed,New
INV201748,06/03/2025,C0105,P0014,S006,7,18191.57,0.0,127340.99,127340.99,Cash,Distributor,Cancelled,Returning
INV201749,09/06/2025,C0056,P0015,S003,8,25850.63,0.1,206805.04,186124.54,UPI,Distributor,Cancelled,New
INV201750,15/05/2025,C0174,P0027,S001,1,1800.73,0.15,1800.73,1530.62,UPI,Retail Store,Cancelled,Repeat
INV201751,05/12/2025,C0037,P0028,S010,1,5772.15,0.0,5772.15,5772.15,UPI,Online,Completed,Returning
INV201752,16/08/2025,C0096,P0022,S001,7,408.46,0.0,2859.22,2859.22,Wallet,Online,Returned,Returning
INV201753,25/08/2025,C0007,P0005,S006,2,8972.02,0.0,17944.04,17944.04,UPI,Distributor,Completed,Repeat
INV201754,08/06/2025,C0157,P0003,S008,7,49263.08,0.15,344841.56,293115.33,UPI,Online,Returned,New
INV201755,07/02/2025,C0142,P0013,S004,4,5010.6,0.15,20042.4,17036.04,Credit Card,Distributor,Cancelled,New
INV201756,23/10/2025,C0097,P0010,S002,1,5033.81,0.05,5033.81,4782.12,Cash,Online,Completed,New
INV201757,02/08/2025,C0011,P0004,S009,3,72831.24,0.0,218493.72,218493.72,Cash,Retail Store,Completed,New
INV201758,21/08/2025,C0014,P0021,S005,10,269.9,0.15,2699.0,2294.15,Wallet,Distributor,Returned,New
INV201759,08/10/2025,C0038,P0004,S007,4,68735.03,0.0,274940.12,274940.12,Wallet,Distributor,Completed,New
INV201760,27/03/2025,C0108,P0004,S005,5,75073.8,0.1,375369.0,337832.1,Bank Transfer,Distributor,Cancelled,Repeat
INV201761,12/03/2025,C0070,P0032,S007,1,2569.74,0.15,2569.74,2184.28,Credit Card,Distributor,Returned,Repeat
INV201762,14/08/2025,C0040,P0017,S006,3,13790.51,0.05,41371.53,39302.95,Cash,Distributor,Returned,Returning
INV201763,09/05/2025,C0121,P0032,S009,9,2401.87,0.05,21616.83,20535.99,Credit Card,Distributor,Cancelled,Repeat
INV201764,02/08/2025,C0082,P0031,S008,8,1086.63,0.0,8693.04,8693.04,Credit Card,Online,Cancelled,Returning
INV201765,14/09/2025,C0156,P0030,S003,9,1854.57,0.05,16691.13,15856.57,Wallet,Online,Cancelled,New
INV201766,20/09/2025,C0038,P0026,S002,7,301.88,0.05,2113.16,2007.5,Credit Card,Online,Completed,New
INV201767,10/09/2025,C0020,P0028,S001,6,5583.98,0.1,33503.88,30153.49,Cash,Distributor,Cancelled,New
INV201768,14/04/2025,C0020,P0026,S007,5,345.59,0.1,1727.95,1555.15,Wallet,Retail Store,Completed,New
INV201769,27/08/2025,C0150,P0013,S002,3,4546.1,0.05,13638.3,12956.39,Bank Transfer,Online,Completed,Returning
INV201770,18/12/2025,C0070,P0006,S007,1,13729.32,0.0,13729.32,13729.32,Credit Card,Distributor,Cancelled,Returning
INV201771,14/05/2025,C0143,P0002,S009,8,90693.92,0.0,725551.36,725551.36,Credit Card,Retail Store,Completed,Returning
INV201772,21/09/2025,C0176,P0026,S008,2,304.51,0.05,609.02,578.57,Cash,Retail Store,Completed,Returning
INV201773,29/01/2025,C0121,P0019,S001,5,209.78,0.0,1048.9,1048.9,Wallet,Distributor,Completed,Returning
INV201774,15/08/2025,C0153,P0025,S008,3,440.15,0.2,1320.45,1056.36,Cash,Online,Completed,Repeat
INV201775,04/02/2025,C0024,P0003,S010,1,50850.91,0.0,50850.91,50850.91,Credit Card,Online,Returned,Returning
INV201776,05/07/2025,C0008,P0012,S001,6,16290.19,0.0,97741.14,97741.14,Bank Transfer,Distributor,Returned,New
INV201777,18/12/2025,C0161,P0015,S010,3,22815.14,0.0,68445.42,68445.42,UPI,Distributor,Returned,Repeat
INV201778,16/11/2025,C0155,P0031,S005,8,1038.1,0.2,8304.8,6643.84,Bank Transfer,Distributor,Completed,Returning
INV201779,05/08/2025,C0083,P0029,S005,5,4381.71,0.0,21908.55,21908.55,UPI ,Distributor,Cancelled,Returning
INV201780,13/05/2025,C0172,P0011,S001,5,7385.63,0.0,36928.15,36928.15,Credit Card,Retail Store,Completed,Repeat
INV201781,30/05/2025,C0011,P0024,S002,4,491.48,0.0,1965.92,1965.92,Wallet,ONLINE,Returned,Repeat
INV201782,22/07/2025,C0147,P0029,S007,9,4667.04,0.0,42003.36,42003.36,Cash,Online,Cancelled,Repeat
INV201783,25/06/2025,C0128,P0006,S008,5,13904.0,0.15,69520.0,59092.0,Bank Transfer,Distributor,Completed,Returning
INV201784,20/07/2025,C0133,P0033,S002,5,764.88,0.05,3824.4,3633.18,Credit Card,Distributor,Completed,New
INV201785,22/06/2025,C0129,P0026,S003,5,298.06,0.2,1490.3,1192.24,Bank Transfer,Retail Store,Completed,Repeat
INV201786,19/06/2025,C0007,P0028,S004,3,5278.22,0.05,15834.66,15042.93,UPI,Retail Store,Completed,Repeat
INV201787,30/10/2025,C0028,P0007,S002,2,31106.2,0.2,62212.4,49769.92,Wallet,Retail Store,Completed,Returning
INV201788,09/05/2025,C0106,P0028,S009,10,5531.99,0.15,55319.9,47021.91,Bank Transfer,Distributor,Completed,New
INV201789,09/02/2025,C0063,P0023,S010,7,81.19,0.0,568.33,568.33,UPI,Online,Returned,Returning
INV201790,22/12/2025,C0051,P0018,S009,1,5580.9,0.0,5580.9,5580.9,UPI,Distributor,Returned,Repeat
INV201791,21/03/2025,C0089,P0032,S003,1,2750.83,0.05,2750.83,2613.29,Bank Transfer,Distributor,Completed,Returning
INV201792,22/09/2025,C0124,P0007,S010,3,30601.42,0.0,91804.26,91804.26,Bank Transfer,Retail Store,Completed,Returning
INV201793,04/10/2025,C0072,P0029,S005,7,4344.44,0.0,30411.08,30411.08,Wallet,Online,Returned,New
INV201794,04/09/2025,C0141,P0017,S008,3,13349.15,0.0,40047.45,40047.45,Credit Card,Retail Store,Completed,Repeat
INV201795,22/06/2025,C0138,P0004,S005,6,74117.66,0.0,444705.96,444705.96,UPI,Retail Store,Returned,Repeat
INV201796,14/11/2025,C0129,P0030,S010,9,1950.66,0.15,17555.94,14922.55,Cash,Retail Store,Completed,Repeat
INV201797,18/06/2025,C0132,P0017,S008,5,13289.98,0.0,66449.9,66449.9,Credit Card,Online,Cancelled,New
INV201798,25/10/2025,C0178,P0014,S007,1,17692.58,0.2,17692.58,14154.06,Wallet,Retail Store,Completed,Returning
INV201799,21/08/2025,C0086,P0005,S010,4,9496.21,0.05,37984.84,36085.6,UPI,Distributor,Cancelled,New
INV201800,26/02/2025,C0040,P0018,S009,5,5239.19,0.05,26195.95,24886.15,UPI,Retail Store,Completed,Repeat
