InvoiceNo,OrderDate,CustomerKey,ProductKey,SalespersonKey,Quantity,UnitPrice,DiscountPct,GrossSales,NetSales,PaymentMethod,SalesChannel,OrderStatus,CustomerType
INV100001,2024-07-04,C0132,P0007,S008,9,"₹31,025.66",0%,279230.94,279230.94,credit card, online ,completed,Repeat
INV100002,2024-08-22,C0165,P0002,S001,8,"₹83,842.79",10%,670742.32,603668.09,Credit Card,Retail Store,Returned,New
INV100003,2024-02-11,C0083,P0010,S002,3,"₹5,370.83",5%,16112.49,15306.87,Wallet,Distributor,Completed,Repeat
INV100004,2024-11-01,C0136,P0019,S008,9,₹216.99,15%,1952.91,1659.97,Credit Card,Distributor,Cancelled,Returning
INV100005,2024-04-20,C0111,P0029,S004,7,"₹4,727.32",5%,33091.24,31436.68,Cash,Retail Store,Completed,Repeat
INV100006,2024-08-06,C0081,P0017,S006,3,"₹14,816.19",20%,44448.57,35558.86,Credit Card,Online,Completed,New
INV100007,2024-08-09,C0025,P0024,S003,9,₹501.60,0%,4514.4,4514.4,Wallet,Distributor,Completed,Returning
INV100008,2024-03-03,C0106,P0023,S007,1,₹82.49,5%,82.49,78.37,Bank Transfer,Online,Cancelled,Returning
INV100009,2024-04-18,C0040,P0031,S004,2,"₹1,062.68",5%,2125.36,2019.09,Bank Transfer,Online,Completed,Returning
INV100010,2024-04-25,C0110,P0002,S010,5,"₹80,505.27",0%,402526.35,402526.35,Bank Transfer,Retail Store,Completed,New
INV100011,2024-04-02,C0037,P0026,S002,3,₹328.30,20%,984.9,787.92,Credit Card,Online,Cancelled,New
INV100012,2024-07-11,C0108,P0030,S006,3,"₹1,903.74",5%,5711.22,5425.66,Bank Transfer,Distributor,Cancelled,New
INV100013,2024-01-27,C0040,P0011,S010,1,"₹6,998.16",20%,6998.16,5598.53,Cash,Distributor,Returned,Repeat
INV100014,2024-11-06,C0114,P0027,S005,4,"₹1,781.25",15%,7125.0,6056.25,Cash,Online,Completed,Returning
INV100015,2024-12-13,C0152,P0032,S009,5,"₹2,487.88",0%,12439.4,12439.4,Wallet,Online,Completed,New
INV100016,2024-06-03,C0055,P0009,S005,5,"₹5,031.30",5%,25156.5,23898.67,Cash,Distributor,Returned,New
INV100017,2024-03-07,C0098,P0015,S009,9,"₹25,648.66",20%,230837.94,184670.35,Credit Card,Retail Store,Completed,Repeat
INV100018,2024-01-10,C0118,P0005,S006,10,"₹9,800.80",10%,98008.0,88207.2,Cash,Retail Store,Completed,Repeat
INV100019,2024-01-11,C0084,P0011,S010,8,"₹8,004.02",20%,64032.16,51225.73,Credit Card,Retail Store,Completed,New
INV100020,2024-08-11,C0151,P0026,S009,2,₹340.51,10%,681.02,612.92,Bank Transfer,Online,Completed,New
INV100021,2024-02-09,C0131,P0008,S009,9,"₹2,708.40",0%,24375.6,24375.6,Bank Transfer,Retail Store,Completed,New
INV100022,2024-02-22,C0038,P0017,S004,3,"₹13,106.29",15%,39318.87,33421.04,Credit Card,Online,Returned,Repeat
INV100023,2024-10-15,C0149,P0029,S010,10,"₹4,753.79",5%,47537.9,45161.0,Bank Transfer,Online,Returned,New
INV100024,2024-08-28,C0114,P0020,S005,10,₹498.18,0%,4981.8,4981.8,Credit Card,Retail Store,Returned,Repeat
INV100025,2024-01-20,C0015,P0024,S005,2,₹523.59,20%,1047.18,837.74,Credit Card,Distributor,Cancelled,Returning
INV100026,2024-07-15,C0119,P0003,S008,10,"₹46,989.02",20%,469890.2,375912.16,Wallet,Retail Store,Cancelled,New
INV100027,2024-02-01,C0116,P0007,S006,2,"₹29,638.79",15%,59277.58,50385.94,Credit Card,Online,Returned,Repeat
INV100028,2024-09-25,C0134,P0011,S006,6,"₹7,365.17",5%,44191.02,41981.47,Bank Transfer,Distributor,Cancelled,New
INV100029,2024-11-19,C0166,P0022,S002,6,₹415.04,0%,2490.24,2490.24,Cash,Retail Store,Completed,Returning
INV100030,2024-12-02,C0155,P0010,S006,2,"₹5,403.94",15%,10807.88,9186.7,Bank Transfer,Retail Store,Returned,New
INV100031,2024-10-31,C0022,P0020,S009,7,₹534.08,20%,3738.56,2990.85,UPI,Distributor,Cancelled,New
INV100032,2024-11-26,C0172,P0028,S009,6,"₹5,268.49",0%,31610.94,31610.94,UPI,Online,Completed,Repeat
INV100033,2024-04-08,C0058,P0009,S003,2,"₹5,652.24",5%,11304.48,10739.26,Credit Card,Distributor,Cancelled,Returning
INV100034,2024-09-26,C0010,P0022,S010,3,₹403.12,15%,1209.36,1027.96,UPI,Online,Cancelled,New
INV100035,2024-08-12,C0012,P0027,S006,4,"₹1,932.16",10%,7728.64,6955.78,Cash,Online,Cancelled,New
INV100036,2024-06-07,C0121,P0013,S006,10,"₹4,799.65",10%,47996.5,43196.85,Bank Transfer,Retail Store,Cancelled,Returning
INV100037,2024-08-02,C0042,P0013,S010,3,"₹4,483.24",5%,13449.72,12777.23,Cash,Retail Store,Cancelled,New
INV100038,2024-12-30,C0133,P0008,S005,2,"₹2,450.77",0%,4901.54,4901.54,Wallet,Online,Returned,New
INV100039,2024-04-23,C0116,P0023,S001,7,₹79.84,0%,558.88,558.88,Bank Transfer,Online,Returned,New
INV100040,2024-07-10,C0058,P0002,S006,2,"₹86,879.33",20%,173758.66,139006.93,UPI,Online,Completed,Repeat
INV100041,2024-08-29,C0179,P0009,S008,8,"₹4,932.96",15%,39463.68,33544.13,Credit Card,Online,Completed,New
INV100042,2024-03-17,C0141,P0028,S002,5,"₹5,215.53",0%,26077.65,26077.65,Credit Card,Online,Returned,Returning
INV100043,2024-11-14,C0118,P0005,S002,8,"₹9,742.92",15%,77943.36,66251.86,Wallet,Distributor,Completed,Returning
INV100044,2024-03-14,C0075,P0028,S001,10,"₹5,163.31",5%,51633.1,49051.44,Cash,Online,Completed,Returning
INV100045,2024-07-03,C0018,P0033,S009,9,₹741.01,0%,6669.09,6669.09,Cash,Online,Returned,Repeat
INV100046,2024-05-09,C0005,P0023,S002,6,₹84.22,0%,505.32,505.32,Credit Card,Distributor,Completed,New
INV100047,2024-01-23,C0091,P0022,S003,8,₹409.82,20%,3278.56,2622.85,UPI,Online,Completed,Returning
INV100048,2024-08-22,C0010,P0019,S004,1,₹232.99,0%,232.99,232.99,Bank Transfer,Retail Store,Cancelled,Repeat
INV100049,2024-10-05,C0122,P0017,S001,4,"₹13,559.47",5%,54237.88,51525.99,Credit Card,Distributor,Completed,Repeat
INV100050,2024-03-04,C0095,P0028,S007,8,"₹5,248.18",10%,41985.44,37786.9,UPI,Retail Store,Returned,Repeat
INV100051,2024-09-22,C0069,P0006,S007,2,"₹13,784.99",10%,27569.98,24812.98,UPI,Distributor,Completed,Repeat
INV100052,2024-02-22,C0021,P0021,S005,5,₹282.27,10%,1411.35,1270.21,Cash,Online,Returned,Repeat
INV100053,2024-08-16,C0011,P0023,S010,7,₹83.00,5%,581.0,551.95,Credit Card,Online,Returned,Repeat
INV100054,2024-09-19,C0174,P0011,S001,3,"₹7,713.99",15%,23141.97,19670.67,Cash,Online,Completed,New
INV100055,2024-04-30,C0166,P0024,S006,7,₹457.74,15%,3204.18,2723.55,UPI,Distributor,Returned,Repeat
INV100056,2024-07-09,C0114,P0005,S010,3,"₹9,480.82",15%,28442.46,24176.09,Bank Transfer,Distributor,Completed,New
INV100057,2024-02-28,C0007,P0012,S008,9,"₹18,402.74",10%,165624.66,149062.19,Credit Card,Retail Store,Completed,Returning
INV100058,2024-08-16,C0055,P0019,S008,4,₹206.65,0%,826.6,826.6,Credit Card,Retail Store,Completed,Returning
INV100059,2024-08-15,C0023,P0021,S006,2,₹279.58,15%,559.16,475.29,Bank Transfer,Online,Completed,Repeat
INV100060,2024-09-17,C0058,P0008,S004,3,"₹2,661.38",0%,7984.14,7984.14,Credit Card,Retail Store,Cancelled,Returning
INV100061,2024-07-07,C0120,P0009,S010,2,"₹5,193.56",0%,10387.12,10387.12,Cash,Distributor,Returned,Repeat
INV100062,2024-10-21,C0019,P0009,S006,2,"₹5,327.73",10%,10655.46,9589.91,Wallet,Retail Store,Completed,Returning
INV100063,2024-11-23,C0151,P0012,S003,7,"₹18,394.93",15%,128764.51,109449.83,Credit Card,Online,Cancelled,New
INV100064,2024-06-04,C0043,P0011,S006,4,"₹8,037.28",5%,32149.12,30541.66,Wallet,Retail Store,Completed,Repeat
INV100065,2024-04-10,C0163,P0018,S003,5,"₹5,285.42",15%,26427.1,22463.03,Wallet,Distributor,Completed,Returning
INV100066,2024-10-24,C0040,P0011,S010,10,"₹7,911.33",5%,79113.3,75157.63,Wallet,Online,Completed,New
INV100067,2024-01-24,C0165,P0017,S004,10,"₹14,139.27",10%,141392.7,127253.43,Credit Card,Retail Store,Cancelled,Repeat
INV100068,2024-11-24,C0078,P0031,S004,7,₹999.54,5%,6996.78,6646.94,Credit Card,Online,Returned,Repeat
INV100069,2024-09-04,C0119,P0014,S006,10,"₹17,646.85",0%,176468.5,176468.5,Bank Transfer,Distributor,Completed,Repeat
INV100070,2024-03-07,C0095,P0033,S009,2,₹723.06,5%,1446.12,1373.81,Credit Card,Retail Store,Returned,New
INV100071,2024-03-13,C0025,P0004,S005,7,"₹71,752.04",15%,502264.28,426924.64,UPI,Retail Store,Cancelled,Returning
INV100072,2024-06-09,C0049,P0011,S008,9,"₹7,498.79",10%,67489.11,60740.2,Bank Transfer,Retail Store,Completed,New
INV100073,2024-07-20,C0130,P0030,S004,4,"₹1,916.70",15%,7666.8,6516.78,Credit Card,Retail Store,Returned,Returning
INV100074,2024-11-30,C0173,P0031,S005,9,"₹1,062.97",0%,9566.73,9566.73,Cash,Online,Completed,Returning
INV100075,2024-07-06,C0104,P0024,S001,7,₹500.32,0%,3502.24,3502.24,UPI,Retail Store,Cancelled,Repeat
INV100076,2024-02-07,C0099,P0033,S008,9,₹793.49,5%,7141.41,6784.34,Wallet,Distributor,Cancelled,New
INV100077,2024-03-06,C0025,P0026,S006,6,₹344.03,15%,2064.18,1754.55,UPI,Online,Cancelled,Returning
INV100078,2024-07-24,C0129,P0003,S001,1,"₹51,146.11",0%,51146.11,51146.11,Cash,Distributor,Returned,New
INV100079,2024-11-06,C0132,P0009,S006,10,"₹5,067.74",5%,50677.4,48143.53,Wallet,Distributor,Completed,Returning
INV100080,2024-06-21,C0130,P0033,S009,8,₹761.82,20%,6094.56,4875.65,Cash,Online,Completed,Repeat
INV100081,2024-12-10,C0029,P0027,S010,5,"₹2,011.59",20%,10057.95,8046.36,Credit Card,Distributor,Returned,Repeat
INV100082,2024-12-01,C0149,P0015,S001,10,"₹23,161.77",10%,231617.7,208455.93,Wallet,Retail Store,Completed,Returning
INV100083,2024-05-04,C0009,P0008,S004,1,"₹2,467.41",10%,2467.41,2220.67,UPI,Retail Store,Completed,Repeat
INV100084,2024-09-13,C0157,P0031,S001,3,₹959.88,15%,2879.64,2447.69,Bank Transfer,Distributor,Returned,Returning
INV100085,2024-07-11,C0081,P0012,S008,9,"₹17,388.45",5%,156496.05,148671.25,Bank Transfer,Distributor,Returned,New
INV100086,2024-05-06,C0072,P0020,S004,5,₹527.00,5%,2635.0,2503.25,Cash,Retail Store,Returned,Repeat
INV100087,2024-10-13,C0071,P0019,S002,10,₹220.96,20%,2209.6,1767.68,Cash,Retail Store,Completed,Repeat
INV100088,2024-01-22,C0074,P0006,S006,8,"₹13,034.14",20%,104273.12,83418.5,Cash,Online,Completed,Returning
INV100089,2024-05-18,C0144,P0018,S003,2,"₹5,459.89",15%,10919.78,9281.81,UPI,Online,Completed,Returning
INV100090,2024-09-28,C0058,P0015,S001,2,"₹23,786.86",10%,47573.72,42816.35,Cash,Online,Completed,New
INV100091,2024-10-08,C0041,P0027,S008,8,"₹1,807.26",20%,14458.08,11566.46,Bank Transfer,Retail Store,Completed,Returning
INV100092,2024-01-31,C0023,P0015,S009,1,"₹24,129.53",0%,24129.53,24129.53,UPI,Online,Returned,Repeat
INV100093,2024-04-05,C0075,P0003,S001,5,"₹50,269.29",15%,251346.45,213644.48,Bank Transfer,Retail Store,Returned,Returning
INV100094,2024-10-05,C0135,P0032,S003,9,"₹2,509.68",10%,22587.12,20328.41,Credit Card,Retail Store,Completed,Returning
INV100095,2024-08-22,C0166,P0017,S003,1,"₹13,515.37",20%,13515.37,10812.3,Bank Transfer,Distributor,Completed,New
INV100096,2024-11-08,C0164,P0026,S007,9,₹300.20,5%,2701.8,2566.71,Credit Card,Online,Completed,Repeat
INV100097,2024-06-14,C0064,P0001,S005,7,"₹77,733.94",0%,544137.58,544137.58,Bank Transfer,Retail Store,Completed,Returning
INV100098,2024-10-20,C0003,P0017,S006,4,"₹14,249.57",0%,56998.28,56998.28,Cash, online ,Completed,Repeat
INV100099,2024-12-17,C0129,P0020,S002,5,₹519.63,5%,2598.15,2468.24,UPI,Online,Returned,New
INV100100,2024-08-20,C0156,P0024,S007,9,₹515.13,10%,4636.17,4172.55,UPI,Online,Cancelled,New
INV100101,2024-09-26,C0115,P0024,S002,10,₹460.07,0%,4600.7,4600.7,Wallet,Distributor,Completed,Returning
INV100102,2024-10-01,C0039,P0011,S006,9,"₹7,039.75",10%,63357.75,57021.97,UPI,Distributor,Cancelled,Repeat
INV100103,2024-02-16,C0131,P0029,S001,8,"₹4,501.52",0%,36012.16,36012.16,Cash,Distributor,Completed,Returning
INV100104,2024-08-24,C0173,P0020,S001,7,₹536.11,5%,3752.77,3565.13,UPI,Distributor,Completed,New
INV100105,2024-08-04,C0089,P0005,S009,1,"₹10,440.52",0%,10440.52,10440.52,Cash,Online,Completed,Repeat
INV100106,2024-04-02,C0035,P0027,S006,7,"₹2,010.84",10%,14075.88,12668.29,Cash,Retail Store,Completed,Returning
INV100107,2024-12-04,C0139,P0009,S006,2,"₹5,779.45",0%,11558.9,11558.9,Cash,Distributor,Completed,Returning
INV100108,2024-04-24,C0001,P0002,S005,8,"₹87,817.82",20%,702542.56,562034.05,Cash,Distributor,Returned,New
INV100109,2024-05-06,C0118,P0023,S003,5,₹86.87,0%,434.35,434.35,Credit Card,Online,Returned,Returning
INV100110,2024-01-09,C0062,P0014,S002,2,"₹16,834.72",15%,33669.44,28619.02,Wallet,Distributor,Completed,New
INV100111,2024-01-23,C0103,P0029,S004,9,"₹4,674.83",0%,42073.47,42073.47,Credit Card,Online,Cancelled,Repeat
INV100112,2024-04-29,C0148,P0021,S010,10,₹291.86,20%,2918.6,2334.88,UPI,Retail Store,Completed,Returning
INV100113,2024-09-23,C0057,P0027,S005,5,"₹1,915.79",0%,9578.95,9578.95,Wallet,Distributor,Completed,Returning
INV100114,2024-12-13,C0110,P0032,S001,6,"₹2,675.74",20%,16054.44,12843.55,credit card,Retail Store,Returned,Repeat
INV100115,2024-03-17,C0077,P0025,S003,9,₹395.82,10%,3562.38,3206.14,UPI,Retail Store,Completed,Repeat
INV100116,2024-01-30,C0144,P0027,S007,9,"₹1,787.41",15%,16086.69,13673.69,UPI,Retail Store,Completed,Repeat
INV100117,2024-11-27,C0021,P0029,S006,2,"₹4,653.41",15%,9306.82,7910.8,UPI,Online,Completed,Repeat
INV100118,2024-12-10,C0155,P0003,S002,4,"₹51,230.89",15%,204923.56,174185.03,Wallet,Online,Returned,New
INV100119,2024-06-19,C0078,P0001,S004,4,"₹73,601.60",20%,294406.4,235525.12,Cash,Online,Cancelled,Returning
INV100120,2024-04-14,C0102,P0016,S009,6,"₹20,549.10",5%,123294.6,117129.87,Wallet,Distributor,Completed,Repeat
INV100121,2024-05-13,C0093,P0033,S008,8,₹790.77,0%,6326.16,6326.16,Cash,Retail Store,Completed,Repeat
INV100122,2024-06-09,C0106,P0003,S010,4,"₹46,654.17",20%,186616.68,149293.34,Bank Transfer,Distributor,Cancelled,Returning
INV100123,2024-08-01,C0076,P0010,S004,6,"₹5,164.84",0%,30989.04,30989.04,UPI,Retail Store,Cancelled,Returning
INV100124,2024-12-16,C0087,P0017,S008,8,"₹13,140.40",10%,105123.2,94610.88,Bank Transfer,Online,Completed,Returning
INV100125,2024-10-06,C0126,P0012,S009,1,"₹15,973.22",15%,15973.22,13577.24,Credit Card,Distributor,Completed,New
INV100126,2024-07-30,C0036,P0015,S002,3,"₹23,350.37",0%,70051.11,70051.11,Cash,Retail Store,Completed,Returning
INV100127,2024-11-22,C0171,P0031,S008,1,"₹1,012.22",0%,1012.22,1012.22,Cash,Online,Completed,Returning
INV100128,2024-05-20,C0138,P0019,S001,9,₹225.55,20%,2029.95,1623.96,UPI,Online,Completed,Returning
INV100129,2024-03-17,C0062,P0013,S010,9,"₹5,072.82",5%,45655.38,43372.61,Bank Transfer,Retail Store,Completed,Repeat
INV100130,2024-07-26,C0118,P0016,S004,5,"₹22,048.72",20%,110243.6,88194.88,Credit Card,Distributor,Completed,New
INV100131,2024-07-26,C0098,P0025,S009,8,₹421.96,0%,3375.68,3375.68,UPI,Online,Returned,Repeat
INV100132,2024-11-26,C0085,P0007,S009,1,"₹27,624.41",0%,27624.41,27624.41,Wallet,Retail Store,Completed,New
INV100133,2024-02-08,C0176,P0018,S009,10,"₹4,864.35",20%,48643.5,38914.8,Bank Transfer,Online,Completed,Returning
INV100134,2024-03-14,C0102,P0005,S005,3,"₹9,284.79",15%,27854.37,23676.21,Cash,Distributor,Cancelled,Repeat
INV100135,2024-07-15,C0036,P0006,S009,6,"₹12,689.63",0%,76137.78,76137.78,UPI,Online,Completed,Returning
INV100136,2024-11-10,C0153,P0026,S006,1,₹309.79,20%,309.79,247.83,Cash,Retail Store,Completed,Repeat
INV100137,2024-10-10,C0097,P0028,S003,10,"₹5,283.55",20%,52835.5,42268.4,Wallet,Retail Store,Completed,Returning
INV100138,2024-02-07,C0022,P0018,S003,7,"₹5,496.06",20%,38472.42,30777.94,UPI,Distributor,Returned,Repeat
INV100139,2024-07-03,C0028,P0006,S001,5,"₹13,258.68",10%,66293.4,59664.06,Bank Transfer,Online,Completed,New
INV100140,2024-04-05,C0111,P0029,S009,9,"₹4,425.91",15%,39833.19,33858.21,Credit Card,Online,Completed,Returning
INV100141,2024-02-17,C0153,P0021,S007,1,₹273.88,5%,273.88,260.19,Credit Card,Distributor,Cancelled,New
INV100142,2024-10-19,C0134,P0011,S007,3,"₹7,222.97",0%,21668.91,21668.91,Bank Transfer,Retail Store,Completed,New
INV100143,2024-03-26,C0112,P0018,S007,5,"₹5,495.03",10%,27475.15,24727.63,Bank Transfer,Retail Store,Completed,Returning
INV100144,2024-11-16,C0127,P0013,S008,2,"₹4,678.32",0%,9356.64,9356.64,Cash,Retail Store,Cancelled,Repeat
INV100145,2024-06-17,C0113,P0022,S007,10,₹398.10,0%,3981.0,3981.0,Wallet,Distributor,Completed,Repeat
INV100146,2024-06-09,C0046,P0026,S006,5,₹331.48,20%,1657.4,1325.92,Cash,Distributor,Completed,Repeat
INV100147,2024-07-11,C0072,P0026,S006,2,₹306.01,15%,612.02,520.22,Wallet,Online,Cancelled,New
INV100148,2024-08-24,C0054,P0029,S005,2,"₹4,616.32",10%,9232.64,8309.38,UPI,Distributor,Completed,New
INV100149,2024-05-09,C0169,P0010,S007,7,"₹5,223.17",0%,36562.19,36562.19,Wallet,Retail Store,Cancelled,Repeat
INV100150,2024-09-30,C0130,P0027,S009,1,"₹1,959.81",5%,1959.81,1861.82,Wallet,Distributor,Completed,New
INV100151,2024-05-07,C0169,P0023,S003,10,₹82.01,0%,820.1,820.1,Cash,Retail Store,Returned,New
INV100152,2024-01-06,C0026,P0017,S004,9,"₹13,918.77",20%,125268.93,100215.14,Wallet,Distributor,completed,New
INV100153,2024-08-16,C0096,P0026,S008,10,₹321.47,20%,3214.7,2571.76,Bank Transfer,Online,Returned,New
INV100154,2024-05-31,C0107,P0006,S002,3,"₹13,154.46",5%,39463.38,37490.21,Cash,Online,Cancelled,Repeat
INV100155,2024-06-27,C0122,P0007,S008,8,"₹26,956.00",5%,215648.0,204865.6,Credit Card,Distributor,Completed,New
INV100156,2024-06-24,C0166,P0007,S003,4,"₹27,453.12",15%,109812.48,93340.61,UPI,Retail Store,Cancelled,Repeat
INV100157,2024-08-24,C0060,P0026,S003,3,₹329.54,20%,988.62,790.9,Cash,Online,Cancelled,New
INV100158,2024-08-18,C0152,P0028,S007,1,"₹5,141.10",20%,5141.1,4112.88,Bank Transfer,Distributor,Completed,Returning
INV100159,2024-02-22,C0138,P0012,S006,6,"₹17,143.43",0%,102860.58,102860.58,Bank Transfer,Distributor,Returned,Returning
INV100160,2024-11-23,C0081,P0025,S010,7,₹387.44,15%,2712.08,2305.27,Bank Transfer,Retail Store,Cancelled,New
INV100161,2024-12-10,C0077,P0006,S003,6,"₹12,995.36",0%,77972.16,77972.16,Credit Card,Online,Completed,Returning
INV100162,2024-03-13,C0131,P0025,S007,10,₹417.87,0%,4178.7,4178.7,Cash,Online,Returned,Returning
INV100163,2024-10-02,C0178,P0012,S009,3,"₹16,677.48",10%,50032.44,45029.2,UPI,Retail Store,Returned,Returning
INV100164,2024-01-28,C0092,P0001,S008,3,"₹82,356.29",0%,247068.87,247068.87,Wallet,Distributor,Returned,Repeat
INV100165,2024-12-16,C0126,P0027,S008,8,"₹1,771.79",0%,14174.32,14174.32,Credit Card,Online,Completed,New
INV100166,2024-05-20,C0058,P0019,S003,8,₹227.95,15%,1823.6,1550.06,Cash,Distributor,Cancelled,New
INV100167,2024-10-20,C0030,P0018,S009,6,"₹5,528.63",15%,33171.78,28196.01,Credit Card,Distributor,Returned,Returning
INV100168,2024-04-21,C0109,P0007,S004,5,"₹28,728.73",0%,143643.65,143643.65,Bank Transfer,Online,Returned,New
INV100169,2024-05-01,C0054,P0023,S010,7,₹82.70,0%,578.9,578.9,UPI,Online,Completed,Returning
INV100170,2024-06-28,C0137,P0018,S010,9,"₹5,108.92",0%,45980.28,45980.28,Bank Transfer,Retail Store,Cancelled,Repeat
INV100171,2024-09-20,C0174,P0007,S003,7,"₹31,243.77",0%,218706.39,218706.39,UPI,Distributor,Completed,New
INV100172,2024-03-15,C0083,P0016,S007,8,"₹21,208.62",0%,169668.96,169668.96,Bank Transfer,Distributor,Returned,Repeat
INV100173,2024-08-19,C0020,P0006,S007,9,"₹13,081.40",20%,117732.6,94186.08,Bank Transfer,Retail Store,Returned,Repeat
INV100174,2024-10-24,C0001,P0006,S008,6,"₹14,204.29",0%,85225.74,85225.74,Cash,Online,Returned,New
INV100175,2024-09-10,C0069,P0021,S005,6,₹281.17,15%,1687.02,1433.97,Wallet,Retail Store,Completed,Returning
INV100176,2024-01-25,C0012,P0007,S008,1,"₹30,951.59",0%,30951.59,30951.59,UPI,Retail Store,Returned,New
INV100177,2024-08-07,C0052,P0009,S005,3,"₹5,008.46",5%,15025.38,14274.11,Bank Transfer,Retail Store,Completed,Repeat
INV100178,2024-12-06,C0167,P0011,S001,7,"₹7,266.88",20%,50868.16,40694.53,UPI,Retail Store,Completed,Returning
INV100179,2024-02-18,C0001,P0014,S008,2,"₹18,465.06",0%,36930.12,36930.12,Wallet,Distributor,Returned,New
INV100180,2024-01-05,C0179,P0022,S002,7,₹387.03,20%,2709.21,2167.37,Credit Card,Online,Returned,New
INV100181,2024-02-22,C0027,P0021,S006,5,₹272.50,0%,1362.5,1362.5,UPI,Distributor,Completed,New
INV100182,2024-09-28,C0145,P0001,S010,3,"₹76,535.36",10%,229606.08,206645.47,UPI,Distributor,Completed,Repeat
INV100183,2024-11-11,C0176,P0029,S004,2,"₹4,233.27",0%,8466.54,8466.54,Credit Card,Distributor,Returned,Repeat
INV100184,2024-08-07,C0081,P0009,S004,5,"₹5,000.67",20%,25003.35,20002.68,Wallet,Distributor,Cancelled,Returning
INV100185,2024-11-07,C0073,P0002,S005,4,"₹86,295.15",15%,345180.6,293403.51,UPI,Distributor,Returned,Repeat
INV100186,2024-11-26,C0014,P0016,S008,7,"₹20,081.24",0%,140568.68,140568.68,Wallet,Online,Cancelled,New
INV100187,2024-07-03,C0082,P0009,S007,10,"₹5,241.66",10%,52416.6,47174.94,UPI,Retail Store,Completed,New
INV100188,2024-10-27,C0018,P0001,S005,4,"₹83,703.09",0%,334812.36,334812.36,Cash,Distributor,Completed,Returning
INV100189,2024-12-30,C0129,P0027,S007,7,"₹1,941.25",0%,13588.75,13588.75,Wallet,Distributor,Completed,Repeat
INV100190,2024-02-12,C0080,P0006,S009,4,"₹13,641.63",0%,54566.52,54566.52,Cash,Distributor,Completed,Repeat
INV100191,2024-12-23,C0112,P0016,S001,4,"₹22,372.39",0%,89489.56,89489.56,Credit Card,Retail Store,Cancelled,Returning
INV100192,2024-01-29,C0080,P0012,S002,1,"₹16,258.75",20%,16258.75,13007.0,Credit Card,Online,Returned,Repeat
INV100193,2024-09-24,C0133,P0017,S003,6,"₹14,431.61",0%,86589.66,86589.66,Bank Transfer,Distributor,Completed,New
INV100194,2024-06-20,C0110,P0018,S009,2,"₹5,435.86",5%,10871.72,10328.13,Wallet,Distributor,Completed,Repeat
INV100195,2024-08-21,C0131,P0024,S001,8,₹468.39,15%,3747.12,3185.05,UPI, online ,Completed,Returning
INV100196,2024-12-11,C0030,P0015,S009,1,"₹25,854.01",0%,25854.01,25854.01,Credit Card,Online,Completed,Repeat
INV100197,2024-07-05,C0099,P0010,S003,1,"₹5,521.48",15%,5521.48,4693.26,Cash,Online,Completed,New
INV100198,2024-08-01,C0082,P0018,S002,10,"₹4,937.11",5%,49371.1,46902.54,Credit Card,Online,Completed,Returning
INV100199,2024-01-24,C0103,P0005,S008,5,"₹9,419.37",5%,47096.85,44742.01,Wallet,Retail Store,Completed,Repeat
INV100200,2024-04-12,C0075,P0020,S010,4,₹499.52,10%,1998.08,1798.27,Cash,Online,Cancelled,New
INV100201,2024-03-18,C0002,P0027,S001,4,"₹1,851.91",15%,7407.64,6296.49,Credit Card,Retail Store,Completed,Returning
INV100202,2024-07-11,C0079,P0007,S004,9,"₹28,590.10",0%,257310.9,257310.9,Credit Card,Online,Completed,New
INV100203,2024-01-23,C0060,P0027,S006,8,"₹1,772.47",20%,14179.76,11343.81,Credit Card,Distributor,Completed,Returning
INV100204,2024-07-20,C0020,P0004,S007,3,"₹70,280.98",0%,210842.94,210842.94,Bank Transfer,Retail Store,Completed,Repeat
INV100205,2024-08-19,C0070,P0015,S002,4,"₹25,545.92",0%,102183.68,102183.68,Wallet,Online,Completed,New
INV100206,2024-03-25,C0116,P0030,S006,7,"₹1,974.18",0%,13819.26,13819.26,UPI,Retail Store,Completed,Repeat
INV100207,2024-05-15,C0031,P0006,S003,5,"₹13,989.89",20%,69949.45,55959.56,Credit Card,Online,Completed,New
INV100208,2024-02-16,C0064,P0023,S007,9,₹83.49,0%,751.41,751.41,Bank Transfer,Online,Completed,Repeat
INV100209,2024-08-19,C0143,P0016,S002,8,"₹21,967.72",0%,175741.76,175741.76,UPI,Online,Completed,New
INV100210,2024-04-23,C0034,P0013,S007,6,"₹4,929.94",20%,29579.64,23663.71,Credit Card,Distributor,Cancelled,Repeat
INV100211,2024-02-08,C0006,P0005,S004,8,"₹9,054.64",0%,72437.12,72437.12,Bank Transfer,Online,Completed,Repeat
INV100212,2024-01-26,C0044,P0028,S007,8,"₹5,285.84",0%,42286.72,42286.72,Cash,Online,Completed,New
INV100213,2024-04-05,C0071,P0018,S008,3,"₹5,353.24",0%,16059.72,16059.72,Wallet,Online,Completed,Repeat
INV100214,2024-07-29,C0141,P0031,S001,2,₹988.18,5%,1976.36,1877.54,Cash,Online,Cancelled,New
INV100215,2024-11-18,C0140,P0002,S007,6,"₹85,447.95",10%,512687.7,461418.93,Cash,Retail Store,Cancelled,Returning
INV100216,2024-06-13,C0100,P0018,S003,1,"₹5,338.95",5%,5338.95,5072.0,Credit Card,Retail Store,Completed,Repeat
INV100217,2024-09-28,C0092,P0015,S003,2,"₹25,064.44",0%,50128.88,50128.88,Bank Transfer,Distributor,Completed,New
INV100218,2024-10-21,C0100,P0023,S003,3,₹82.39,0%,247.17,247.17,Bank Transfer,Distributor,Completed,Returning
INV100219,2024-12-24,C0091,P0010,S010,4,"₹5,301.57",10%,21206.28,19085.65,UPI,Retail Store,Completed,New
INV100220,2024-01-29,C0060,P0015,S001,9,"₹22,497.38",10%,202476.42,182228.78,Wallet,Online,Completed,Repeat
INV100221,2024-03-31,C0083,P0004,S001,3,"₹75,085.52",15%,225256.56,191468.08,UPI,Online,Cancelled,Repeat
INV100222,2024-02-07,C0096,P0026,S010,2,₹311.25,5%,622.5,591.38,UPI,Online,Returned,Returning
INV100223,2024-09-06,C0167,P0021,S003,9,₹295.02,20%,2655.18,2124.14,Wallet,Retail Store,Completed,Returning
INV100224,2024-10-28,C0045,P0025,S005,5,₹391.64,0%,1958.2,1958.2,Credit Card,Distributor,Cancelled,Repeat
INV100225,2024-10-17,C0009,P0012,S010,6,"₹16,489.85",15%,98939.1,84098.23,Wallet,Online,Returned,New
INV100226,2024-06-18,C0020,P0016,S006,6,"₹21,405.58",0%,128433.48,128433.48,Credit Card,Distributor,Completed,Repeat
INV100227,2024-01-06,C0068,P0014,S004,2,"₹17,484.06",5%,34968.12,33219.71,credit card,Distributor,Completed,New
INV100228,2024-07-16,C0113,P0027,S003,7,"₹2,014.53",10%,14101.71,12691.54,Bank Transfer,Distributor,Returned,New
INV100229,2024-09-02,C0148,P0015,S003,8,"₹25,621.26",0%,204970.08,204970.08,Credit Card,Retail Store,Completed,Repeat
INV100230,2024-05-13,C0027,P0005,S006,3,"₹9,161.47",10%,27484.41,24735.97,Credit Card,Distributor,Completed,Repeat
INV100231,2024-10-31,C0158,P0031,S001,7,₹953.05,20%,6671.35,5337.08,Cash,Online,Completed,New
INV100232,2024-06-18,C0053,P0013,S007,9,"₹5,158.09",20%,46422.81,37138.25,Wallet,Retail Store,Completed,Repeat
INV100233,2024-05-01,C0025,P0004,S007,10,"₹76,657.77",15%,766577.7,651591.05,UPI,Online,Completed,New
INV100234,2024-08-06,C0023,P0019,S010,8,₹205.29,0%,1642.32,1642.32,UPI,Online,Completed,New
INV100235,2024-08-30,C0030,P0020,S007,8,₹542.51,10%,4340.08,3906.07,Bank Transfer,Online,Cancelled,Repeat
INV100236,2024-04-04,C0095,P0025,S006,3,₹382.84,10%,1148.52,1033.67,Cash,Retail Store,Completed,New
INV100237,2024-05-17,C0145,P0004,S003,2,"₹74,660.29",0%,149320.58,149320.58,Wallet,Retail Store,Cancelled,New
INV100238,2024-10-10,C0016,P0025,S009,7,₹425.29,15%,2977.03,2530.48,Cash,Distributor,Completed,Repeat
INV100239,2024-06-02,C0021,P0026,S001,9,₹342.05,15%,3078.45,2616.68,Wallet,Distributor,Cancelled,New
INV100240,2024-03-02,C0115,P0012,S003,4,"₹16,228.30",0%,64913.2,64913.2,Cash,Online,Returned,New
INV100241,2024-11-17,C0038,P0017,S006,2,"₹13,628.57",0%,27257.14,27257.14,Cash,Distributor,Completed,Repeat
INV100242,2024-09-23,C0118,P0001,S010,10,"₹81,935.67",15%,819356.7,696453.19,Credit Card,Retail Store,Completed,New
INV100243,2024-10-17,C0151,P0007,S002,10,"₹30,285.77",0%,302857.7,302857.7,Wallet,Retail Store,Returned,Repeat
INV100244,2024-07-15,C0168,P0032,S010,10,"₹2,411.60",10%,24116.0,21704.4,Bank Transfer,Retail Store,Completed,Returning
INV100245,2024-11-07,C0175,P0026,S001,7,₹331.25,5%,2318.75,2202.81,Credit Card,Distributor,Returned,Repeat
INV100246,2024-07-09,C0006,P0022,S005,5,₹433.79,5%,2168.95,2060.5,Credit Card,Online,Completed,Repeat
INV100247,2024-08-14,C0083,P0018,S007,10,"₹4,911.78",20%,49117.8,39294.24,Cash,Online,Returned,Returning
INV100248,2024-09-05,C0133,P0024,S001,9,₹460.37,0%,4143.33,4143.33,Wallet,Retail Store,Completed,Returning
INV100249,2024-10-18,C0008,P0012,S004,4,"₹16,568.83",0%,66275.32,66275.32,Cash,Online,Completed,Returning
INV100250,2024-04-11,C0071,P0024,S008,9,₹505.48,10%,4549.32,4094.39,Credit Card,Distributor,Completed,New
INV100251,2024-07-09,C0126,P0029,S003,8,"₹4,528.89",15%,36231.12,30796.45,Bank Transfer,Online,Completed,Returning
INV100252,2024-12-18,C0024,P0019,S001,7,₹207.60,0%,1453.2,1453.2,Wallet,Online,Completed,Returning
INV100253,2024-04-25,C0174,P0014,S005,7,"₹16,795.36",15%,117567.52,99932.39,Credit Card,Retail Store,Completed,Returning
INV100254,2024-03-29,C0154,P0001,S004,5,"₹82,229.21",15%,411146.05,349474.14,Bank Transfer,Distributor,Completed,Repeat
INV100255,2024-07-11,C0090,P0030,S005,4,"₹1,900.76",10%,7603.04,6842.74,Wallet,Distributor,Returned,Returning
INV100256,2024-02-22,C0002,P0033,S006,9,₹765.55,20%,6889.95,5511.96,Bank Transfer,Retail Store,Completed,Repeat
INV100257,2024-02-02,C0087,P0018,S006,5,"₹5,388.58",5%,26942.9,25595.76,Bank Transfer,Online,Completed,Returning
INV100258,2024-05-03,C0015,P0026,S006,3,₹297.04,20%,891.12,712.9,Cash,Retail Store,Completed,Repeat
INV100259,2024-07-26,C0100,P0003,S010,10,"₹48,214.96",0%,482149.6,482149.6,UPI,Distributor,Cancelled,Returning
INV100260,2024-08-31,C0172,P0023,S009,5,₹85.62,0%,428.1,428.1,Wallet,Online,Completed,New
INV100261,2024-08-29,C0033,P0017,S009,3,"₹14,764.25",20%,44292.75,35434.2,Credit Card,Online,Completed,New
INV100262,2024-06-06,C0108,P0022,S006,5,₹397.68,15%,1988.4,1690.14,Credit Card,Retail Store,Completed,Returning
INV100263,2024-10-25,C0149,P0005,S008,4,"₹9,097.78",15%,36391.12,30932.45,Cash,Distributor,Completed,Repeat
INV100264,2024-01-28,C0039,P0009,S004,6,"₹5,774.60",10%,34647.6,31182.84,Cash,Online,Completed,Returning
INV100265,2024-04-02,C0021,P0032,S006,3,"₹2,660.38",5%,7981.14,7582.08,Credit Card,Retail Store,Completed,New
INV100266,2024-03-27,C0148,P0011,S008,2,"₹7,637.66",0%,15275.32,15275.32,Cash,Retail Store,Returned,Repeat
INV100267,2024-07-15,C0002,P0003,S009,4,"₹48,451.83",20%,193807.32,155045.86,Credit Card,Retail Store,Cancelled,New
INV100268,2024-01-10,C0174,P0001,S004,4,"₹83,131.14",20%,332524.56,266019.65,Bank Transfer,Online,Completed,Repeat
INV100269,2024-09-14,C0151,P0020,S003,2,₹493.79,0%,987.58,987.58,Bank Transfer,Retail Store,Cancelled,Returning
INV100270,2024-09-25,C0087,P0028,S003,6,"₹5,265.61",10%,31593.66,28434.29,UPI,Online,Returned,New
INV100271,2024-04-26,C0058,P0009,S004,1,"₹5,360.99",15%,5360.99,4556.84,Credit Card,Retail Store,Completed,Repeat
INV100272,2024-11-23,C0066,P0004,S010,1,"₹68,145.65",20%,68145.65,54516.52,Credit Card,Online,Completed,Repeat
INV100273,2024-08-15,C0098,P0008,S009,5,"₹2,625.36",10%,13126.8,11814.12,UPI,Distributor,Completed,Repeat
INV100274,2024-08-03,C0170,P0007,S009,5,"₹29,451.16",15%,147255.8,125167.43,UPI,Retail Store,Completed,Returning
INV100275,2024-11-12,C0031,P0019,S002,2,₹208.86,10%,417.72,375.95,UPI,Retail Store,Cancelled,New
INV100276,2024-07-02,C0105,P0019,S003,1,₹219.31,15%,219.31,186.41,UPI,Distributor,Returned,Repeat
INV100277,2024-04-30,C0001,P0001,S002,2,"₹80,522.38",15%,161044.76,136888.05,UPI,Online,Cancelled,New
INV100278,2024-02-21,C0066,P0015,S008,5,"₹24,311.02",5%,121555.1,115477.35,Credit Card,Online,Completed,Repeat
INV100279,2024-07-03,C0174,P0021,S007,2,₹293.32,0%,586.64,586.64,Credit Card,Online,Completed,Returning
INV100280,2024-11-27,C0044,P0022,S006,8,₹395.99,15%,3167.92,2692.73,Credit Card,Retail Store,Completed,New
INV100281,2024-02-28,C0103,P0026,S008,5,₹331.22,10%,1656.1,1490.49,Cash,Retail Store,Completed,New
INV100282,2024-03-08,C0179,P0004,S003,2,"₹77,488.03",10%,154976.06,139478.45,Cash,Distributor,Returned,New
INV100283,2024-11-08,C0098,P0023,S010,1,₹86.13,20%,86.13,68.9,UPI,Retail Store,Returned,New
INV100284,2024-07-29,C0113,P0003,S002,5,"₹47,986.04",20%,239930.2,191944.16,Wallet,Distributor,Cancelled,Returning
INV100285,2024-10-16,C0058,P0022,S009,9,₹424.43,20%,3819.87,3055.9,Credit Card,Retail Store,Completed,Repeat
INV100286,2024-06-26,C0170,P0025,S003,9,₹383.50,15%,3451.5,2933.78,UPI,Distributor,Returned,Repeat
INV100287,2024-03-25,C0020,P0032,S006,4,"₹2,800.25",5%,11201.0,10640.95,Credit Card,Distributor,Completed,Returning
INV100288,2024-11-25,C0097,P0026,S004,2,₹318.58,10%,637.16,573.44,Wallet,Retail Store,Completed,Repeat
INV100289,2024-08-16,C0081,P0008,S008,1,"₹2,503.93",0%,2503.93,2503.93,Credit Card,Distributor,Cancelled,New
INV100290,2024-02-16,C0155,P0020,S009,9,₹522.89,0%,4706.01,4706.01,Cash,Retail Store,Completed,New
INV100291,2024-04-24,C0117,P0022,S009,10,₹409.46,15%,4094.6,3480.41,Bank Transfer,Distributor,Returned,New
INV100292,2024-02-19,C0169,P0015,S001,6,"₹25,741.32",5%,154447.92,146725.52,Bank Transfer, online ,Cancelled,Repeat
INV100293,2024-12-25,C0028,P0003,S003,8,"₹52,002.66",0%,416021.28,416021.28,Cash,Online,Completed,Returning
INV100294,2024-04-10,C0049,P0008,S007,4,"₹2,675.29",10%,10701.16,9631.04,UPI,Distributor,Completed,New
INV100295,2024-07-31,C0012,P0008,S008,8,"₹2,579.56",20%,20636.48,16509.18,Wallet,Online,Returned,New
INV100296,2024-09-28,C0013,P0028,S010,8,"₹5,629.19",15%,45033.52,38278.49,UPI,Distributor,Cancelled,New
INV100297,2024-03-06,C0027,P0025,S010,10,₹413.20,5%,4132.0,3925.4,Cash,Retail Store,Cancelled,Returning
INV100298,2024-05-07,C0071,P0026,S006,5,₹337.13,10%,1685.65,1517.09,UPI,Retail Store,Cancelled,Returning
INV100299,2024-09-19,C0077,P0021,S009,4,₹264.81,0%,1059.24,1059.24,Bank Transfer,Distributor,Completed,Returning
INV100300,2024-03-08,C0167,P0012,S009,9,"₹17,638.68",20%,158748.12,126998.5,Credit Card,Retail Store,Cancelled,Repeat
INV100301,2024-10-25,C0147,P0027,S009,5,"₹1,992.21",10%,9961.05,8964.94,Wallet,Online,Completed,Repeat
INV100302,2024-03-15,C0014,P0004,S004,5,"₹78,329.14",0%,391645.7,391645.7,Bank Transfer,Online,Completed,Returning
INV100303,2024-05-31,C0053,P0003,S006,8,"₹50,374.73",0%,402997.84,402997.84,Wallet,Online,completed,Repeat
INV100304,2024-05-01,C0131,P0019,S001,7,₹216.51,10%,1515.57,1364.01,Bank Transfer,Distributor,Completed,New
INV100305,2024-05-08,C0052,P0029,S004,6,"₹4,525.50",15%,27153.0,23080.05,Wallet,Online,Completed,Repeat
INV100306,2024-08-17,C0046,P0005,S003,3,"₹9,708.50",20%,29125.5,23300.4,Cash,Online,Returned,Repeat
INV100307,2024-10-11,C0068,P0009,S003,10,"₹4,933.30",5%,49333.0,46866.35,Cash,Distributor,Completed,New
INV100308,2024-03-19,C0083,P0004,S010,5,"₹76,076.76",10%,380383.8,342345.42,Wallet,Retail Store,Completed,Returning
INV100309,2024-06-11,C0135,P0015,S003,9,"₹25,570.65",0%,230135.85,230135.85,UPI,Retail Store,Cancelled,Returning
INV100310,2024-07-25,C0024,P0023,S004,4,₹79.01,20%,316.04,252.83,Bank Transfer,Retail Store,Completed,Returning
INV100311,2024-09-28,C0122,P0001,S002,6,"₹75,144.95",10%,450869.7,405782.73,Wallet,Distributor,Completed,New
INV100312,2024-12-15,C0083,P0025,S002,7,₹415.59,5%,2909.13,2763.67,Bank Transfer,Online,Cancelled,Repeat
INV100313,2024-09-20,C0131,P0029,S008,1,"₹4,778.25",5%,4778.25,4539.34,UPI,Retail Store,Cancelled,New
INV100314,2024-02-19,C0043,P0001,S002,4,"₹80,026.78",20%,320107.12,256085.7,UPI,Distributor,Returned,New
INV100315,2024-04-15,C0138,P0028,S002,3,"₹5,351.78",0%,16055.34,16055.34,Bank Transfer,Online,Completed,New
INV100316,2024-01-28,C0046,P0017,S009,2,"₹14,591.13",15%,29182.26,24804.92,Bank Transfer,Retail Store,Returned,Repeat
INV100317,2024-11-18,C0104,P0028,S006,1,"₹5,536.29",10%,5536.29,4982.66,Wallet,Online,Cancelled,New
INV100318,2024-10-26,C0012,P0005,S006,9,"₹9,361.30",0%,84251.7,84251.7,Bank Transfer,Distributor,Completed,Repeat
INV100319,2024-08-12,C0098,P0026,S001,8,₹323.17,0%,2585.36,2585.36,UPI,Distributor,Returned,Returning
INV100320,2024-05-31,C0163,P0010,S005,6,"₹5,311.18",0%,31867.08,31867.08,Wallet,Online,Completed,New
INV100321,2024-01-03,C0147,P0026,S009,9,₹311.40,0%,2802.6,2802.6,Bank Transfer,Online,Returned,Returning
INV100322,2024-09-19,C0037,P0011,S003,4,"₹7,901.99",15%,31607.96,26866.77,UPI,Online,Completed,Returning
INV100323,2024-10-17,C0014,P0030,S009,2,"₹2,016.82",5%,4033.64,3831.96,Bank Transfer,Online,Completed,Returning
INV100324,2024-10-24,C0125,P0022,S006,3,₹421.46,20%,1264.38,1011.5,Credit Card,Retail Store,Cancelled,New
INV100325,2024-04-09,C0082,P0032,S008,6,"₹2,670.77",15%,16024.62,13620.93,Wallet,Online,Cancelled,Returning
INV100326,2024-07-05,C0081,P0028,S003,1,"₹5,168.15",5%,5168.15,4909.74,UPI,Distributor,Returned,Repeat
INV100327,2024-07-03,C0035,P0022,S008,8,₹401.94,10%,3215.52,2893.97,Bank Transfer,Retail Store,Cancelled,New
INV100328,2024-03-30,C0166,P0006,S005,3,"₹12,903.91",15%,38711.73,32904.97,Credit Card,Distributor,Completed,New
INV100329,2024-09-16,C0162,P0002,S010,10,"₹88,498.01",10%,884980.1,796482.09,UPI,Online,Cancelled,Repeat
INV100330,2024-10-05,C0139,P0031,S003,6,₹962.45,10%,5774.7,5197.23,Wallet,Distributor,Completed,New
INV100331,2024-08-25,C0129,P0033,S002,7,₹754.49,5%,5281.43,5017.36,UPI,Distributor,Completed,Returning
INV100332,2024-03-12,C0115,P0011,S003,10,"₹7,691.58",15%,76915.8,65378.43,UPI,Distributor,Returned,Repeat
INV100333,2024-01-21,C0057,P0032,S004,2,"₹2,549.93",5%,5099.86,4844.87,Credit Card,Distributor,Completed,Returning
INV100334,2024-07-03,C0100,P0031,S008,1,"₹1,084.46",0%,1084.46,1084.46,Bank Transfer,Online,Cancelled,Returning
INV100335,2024-05-20,C0068,P0012,S007,7,"₹17,502.80",5%,122519.6,116393.62,Credit Card,Distributor,Completed,Repeat
INV100336,2024-04-24,C0133,P0026,S006,6,₹336.50,10%,2019.0,1817.1,Wallet,Online,Cancelled,New
INV100337,2024-08-13,C0043,P0015,S002,9,"₹23,593.27",20%,212339.43,169871.54,UPI,Online,Completed,Repeat
INV100338,2024-11-04,C0031,P0015,S007,6,"₹22,938.10",20%,137628.6,110102.88,Cash,Retail Store,Completed,Returning
INV100339,2024-03-23,C0166,P0027,S001,4,"₹1,785.52",0%,7142.08,7142.08,Wallet,Online,Completed,Returning
INV100340,2024-09-19,C0011,P0010,S001,3,"₹5,622.02",5%,16866.06,16022.76,credit card,Retail Store,Cancelled,Returning
INV100341,2024-11-22,C0005,P0019,S002,4,₹223.18,10%,892.72,803.45,Cash,Retail Store,Completed,New
INV100342,2024-07-29,C0154,P0010,S010,3,"₹5,400.60",15%,16201.8,13771.53,Bank Transfer,Online,Completed,Repeat
INV100343,2024-11-01,C0152,P0005,S004,7,"₹9,117.00",10%,63819.0,57437.1,Credit Card,Online,Cancelled,Returning
INV100344,2024-12-16,C0108,P0010,S010,2,"₹5,245.75",0%,10491.5,10491.5,Wallet,Distributor,Completed,Returning
INV100345,2024-09-14,C0031,P0006,S008,3,"₹13,647.91",15%,40943.73,34802.17,Credit Card,Distributor,Returned,Returning
INV100346,2024-08-03,C0095,P0003,S009,7,"₹52,925.18",0%,370476.26,370476.26,Cash,Retail Store,Completed,Returning
INV100347,2024-12-22,C0148,P0007,S007,3,"₹28,855.74",5%,86567.22,82238.86,UPI,Online,Completed,Returning
INV100348,2024-10-05,C0105,P0017,S004,1,"₹14,418.00",20%,14418.0,11534.4,Credit Card,Distributor,Cancelled,New
INV100349,2024-09-23,C0002,P0025,S004,6,₹403.83,10%,2422.98,2180.68,UPI,Retail Store,Cancelled,Repeat
INV100350,2024-05-13,C0138,P0028,S010,6,"₹5,193.47",15%,31160.82,26486.7,Cash,Online,Returned,Returning
INV100351,2024-10-12,C0124,P0012,S006,9,"₹17,215.81",15%,154942.29,131700.95,Bank Transfer,Distributor,Completed,Returning
INV100352,2024-07-22,C0036,P0008,S004,8,"₹2,726.02",20%,21808.16,17446.53,Credit Card,Online,Cancelled,Repeat
INV100353,2024-06-22,C0141,P0004,S003,7,"₹66,949.55",20%,468646.85,374917.48,Credit Card,Online,Returned,Returning
INV100354,2024-08-10,C0023,P0005,S005,4,"₹9,036.13",5%,36144.52,34337.29,Credit Card,Distributor,Returned,Repeat
INV100355,2024-11-10,C0168,P0019,S010,1,₹224.37,0%,224.37,224.37,Cash,Online,Completed,Returning
INV100356,2024-09-22,C0074,P0013,S001,10,"₹4,841.48",15%,48414.8,41152.58,UPI,Distributor,Completed,Returning
INV100357,2024-01-19,C0093,P0016,S001,3,"₹22,614.36",0%,67843.08,67843.08,Cash,Retail Store,Returned,Repeat
INV100358,2024-10-27,C0052,P0001,S002,2,"₹75,698.73",15%,151397.46,128687.84,Wallet,Distributor,Completed,Repeat
INV100359,2024-05-21,C0058,P0013,S008,7,"₹4,446.51",15%,31125.57,26456.73,UPI,Retail Store,Cancelled,New
INV100360,2024-10-13,C0019,P0033,S005,6,₹790.79,0%,4744.74,4744.74,Bank Transfer,Distributor,Cancelled,Repeat
INV100361,2024-12-21,C0114,P0025,S010,8,₹429.94,0%,3439.52,3439.52,Cash,Distributor,Returned,Returning
INV100362,2024-01-15,C0124,P0008,S005,2,"₹2,597.61",10%,5195.22,4675.7,UPI,Distributor,Completed,Repeat
INV100363,2024-07-30,C0091,P0001,S005,4,"₹73,296.68",5%,293186.72,278527.38,Bank Transfer,Online,Cancelled,New
INV100364,2024-08-31,C0081,P0023,S004,10,₹77.07,5%,770.7,732.16,UPI,Retail Store,Completed,New
INV100365,2024-05-03,C0068,P0014,S004,4,"₹19,171.38",0%,76685.52,76685.52,Bank Transfer,Online,Completed,New
INV100366,2024-02-10,C0174,P0032,S010,1,"₹2,795.18",15%,2795.18,2375.9,Cash,Retail Store,Cancelled,Repeat
INV100367,2024-09-09,C0148,P0018,S008,3,"₹5,072.43",15%,15217.29,12934.7,UPI,Distributor,Completed,New
INV100368,2024-09-26,C0109,P0031,S009,1,₹982.42,15%,982.42,835.06,UPI,Retail Store,Completed,Returning
INV100369,2024-09-22,C0118,P0021,S001,1,₹264.86,20%,264.86,211.89,Wallet,Online,Completed,Repeat
INV100370,2024-11-09,C0067,P0012,S009,5,"₹16,623.83",0%,83119.15,83119.15,Wallet,Retail Store,Completed,New
INV100371,2024-09-12,C0109,P0014,S007,6,"₹19,223.75",5%,115342.5,109575.38,Bank Transfer,Retail Store,Completed,Returning
INV100372,2024-03-08,C0148,P0015,S002,5,"₹24,667.27",0%,123336.35,123336.35,Cash,Online,Completed,Returning
INV100373,2024-03-17,C0122,P0001,S003,7,"₹73,816.80",10%,516717.6,465045.84,Wallet,Distributor,Completed,Repeat
INV100374,2024-06-02,C0065,P0004,S007,2,"₹68,788.11",20%,137576.22,110060.98,UPI,Retail Store,Returned,Returning
INV100375,2024-02-19,C0116,P0022,S005,6,₹415.20,5%,2491.2,2366.64,Bank Transfer,Retail Store,Completed,Repeat
INV100376,2024-03-03,C0090,P0013,S010,10,"₹4,944.49",20%,49444.9,39555.92,UPI,Retail Store,Completed,Repeat
INV100377,2024-12-10,C0131,P0032,S008,2,"₹2,651.70",10%,5303.4,4773.06,Cash,Distributor,Completed,New
INV100378,2024-11-23,C0087,P0027,S010,10,"₹2,004.55",10%,20045.5,18040.95,Credit Card,Online,Completed,Repeat
INV100379,2024-04-26,C0081,P0021,S005,5,₹284.14,15%,1420.7,1207.59,Bank Transfer,Retail Store,Completed,Returning
INV100380,2024-10-27,C0134,P0029,S007,3,"₹4,746.58",0%,14239.74,14239.74,UPI,Distributor,Completed,Returning
INV100381,2024-05-08,C0180,P0006,S004,3,"₹12,701.18",10%,38103.54,34293.19,Credit Card,Retail Store,Cancelled,New
INV100382,2024-01-14,C0102,P0006,S002,5,"₹12,814.60",15%,64073.0,54462.05,Cash,Retail Store,Completed,New
INV100383,2024-05-25,C0114,P0009,S003,9,"₹4,952.95",0%,44576.55,44576.55,Bank Transfer,Retail Store,Returned,Repeat
INV100384,2024-10-03,C0070,P0029,S003,9,"₹4,557.28",0%,41015.52,41015.52,Cash,Distributor,Cancelled,Repeat
INV100385,2024-09-25,C0164,P0020,S006,8,₹487.99,15%,3903.92,3318.33,Credit Card,Retail Store,Completed,Repeat
INV100386,2024-07-30,C0067,P0010,S005,1,"₹5,285.73",0%,5285.73,5285.73,UPI,Retail Store,Completed,Repeat
INV100387,2024-09-30,C0003,P0032,S008,5,"₹2,715.13",0%,13575.65,13575.65,Bank Transfer,Distributor,Completed,New
INV100388,2024-10-07,C0096,P0013,S007,9,"₹4,747.94",10%,42731.46,38458.31,UPI,Distributor,Returned,Repeat
INV100389,2024-04-22,C0068,P0006,S007,4,"₹14,136.71",15%,56546.84,48064.81,Wallet, online ,Completed,Repeat
INV100390,2024-11-28,C0137,P0018,S007,4,"₹4,990.11",0%,19960.44,19960.44,Bank Transfer,Online,Returned,Returning
INV100391,2024-08-19,C0070,P0032,S004,6,"₹2,459.39",0%,14756.34,14756.34,Wallet,Online,Completed,New
INV100392,2024-05-24,C0069,P0009,S008,1,"₹5,005.77",0%,5005.77,5005.77,Credit Card,Retail Store,Completed,Repeat
INV100393,2024-08-03,C0080,P0032,S006,8,"₹2,725.78",20%,21806.24,17444.99,Bank Transfer,Online,Completed,New
INV100394,2024-05-16,C0101,P0005,S009,8,"₹9,209.96",0%,73679.68,73679.68,Bank Transfer,Retail Store,Completed,New
INV100395,2024-12-31,C0064,P0025,S008,4,₹445.60,20%,1782.4,1425.92,UPI,Retail Store,Completed,Returning
INV100396,2024-12-06,C0054,P0031,S007,5,₹952.02,5%,4760.1,4522.1,Credit Card,Distributor,Cancelled,Returning
INV100397,2024-03-03,C0065,P0031,S005,4,"₹1,069.47",5%,4277.88,4063.99,UPI,Online,Completed,Returning
INV100398,2024-08-10,C0084,P0001,S003,5,"₹73,630.87",15%,368154.35,312931.2,UPI,Online,Completed,Returning
INV100399,2024-12-19,C0122,P0010,S006,2,"₹4,977.67",0%,9955.34,9955.34,Credit Card,Distributor,Cancelled,Repeat
INV100400,2024-11-16,C0016,P0004,S006,3,"₹73,127.24",20%,219381.72,175505.38,Credit Card,Online,Returned,New
INV100401,2024-06-11,C0143,P0023,S008,4,₹83.65,0%,334.6,334.6,Bank Transfer,Distributor,Completed,Repeat
INV100402,2024-01-21,C0125,P0029,S009,5,"₹4,633.61",15%,23168.05,19692.84,UPI,Distributor,Completed,Returning
INV100403,2024-06-27,C0083,P0030,S005,10,"₹1,856.23",15%,18562.3,15777.95,Wallet,Online,Returned,Repeat
INV100404,2024-05-14,C0139,P0024,S008,1,₹495.23,20%,495.23,396.18,UPI,Online,Cancelled,Repeat
INV100405,2024-11-13,C0062,P0021,S002,9,₹263.93,10%,2375.37,2137.83,Cash,Distributor,Completed,Returning
INV100406,2024-05-24,C0083,P0027,S006,2,"₹1,905.61",0%,3811.22,3811.22,Credit Card,Online,Completed,New
INV100407,2024-01-17,C0052,P0007,S008,4,"₹26,792.16",0%,107168.64,107168.64,Cash,Distributor,Returned,Returning
INV100408,2024-11-15,C0180,P0017,S001,6,"₹14,112.28",0%,84673.68,84673.68,Credit Card,Online,Completed,Returning
INV100409,2024-09-08,C0021,P0030,S001,6,"₹2,039.37",15%,12236.22,10400.79,Cash,Retail Store,Completed,Returning
INV100410,2024-05-16,C0136,P0003,S002,5,"₹52,974.10",0%,264870.5,264870.5,Wallet,Online,Completed,Returning
INV100411,2024-04-28,C0137,P0025,S004,4,₹423.29,15%,1693.16,1439.19,Wallet,Distributor,Completed,Returning
INV100412,2024-10-12,C0107,P0007,S010,6,"₹28,770.38",20%,172622.28,138097.82,Cash,Online,Completed,New
INV100413,2024-10-08,C0103,P0033,S006,3,₹814.38,15%,2443.14,2076.67,Cash,Retail Store,Completed,Returning
INV100414,2024-06-15,C0096,P0027,S007,6,"₹1,819.80",15%,10918.8,9280.98,Wallet,Online,Returned,Returning
INV100415,2024-05-10,C0093,P0029,S008,7,"₹4,654.66",0%,32582.62,32582.62,Bank Transfer,Distributor,Completed,Returning
INV100416,2024-03-10,C0078,P0001,S005,4,"₹82,864.39",0%,331457.56,331457.56,Credit Card,Distributor,Completed,Returning
INV100417,2024-09-18,C0143,P0010,S002,1,"₹5,144.46",10%,5144.46,4630.01,UPI,Retail Store,Completed,Returning
INV100418,2024-05-07,C0060,P0017,S005,2,"₹13,654.55",15%,27309.1,23212.73,UPI,Distributor,Completed,Returning
INV100419,2024-06-15,C0124,P0012,S008,10,"₹17,523.66",0%,175236.6,175236.6,Bank Transfer,Online,Cancelled,Repeat
INV100420,2024-02-10,C0015,P0022,S006,7,₹439.54,10%,3076.78,2769.1,Credit Card,Online,Cancelled,New
INV100421,2024-11-20,C0162,P0025,S001,5,₹382.62,15%,1913.1,1626.13,Wallet,Distributor,Completed,Repeat
INV100422,2024-09-14,C0179,P0015,S003,1,"₹25,356.73",20%,25356.73,20285.38,Cash,Retail Store,Cancelled,Returning
INV100423,2024-09-15,C0024,P0015,S007,5,"₹23,073.75",10%,115368.75,103831.88,Bank Transfer,Online,Returned,Returning
INV100424,2024-01-26,C0141,P0026,S005,2,₹321.54,10%,643.08,578.77,UPI,Online,Returned,Returning
INV100425,2024-04-11,C0125,P0026,S010,4,₹327.42,15%,1309.68,1113.23,Wallet,Online,Completed,New
INV100426,2024-05-16,C0111,P0021,S010,2,₹285.34,0%,570.68,570.68,Cash,Retail Store,Completed,New
INV100427,2024-06-13,C0089,P0002,S005,3,"₹86,421.32",5%,259263.96,246300.76,Cash,Distributor,Completed,Repeat
INV100428,2024-01-23,C0060,P0013,S006,3,"₹5,101.83",20%,15305.49,12244.39,Credit Card,Distributor,Completed,New
INV100429,2024-11-13,C0038,P0019,S001,6,₹230.12,20%,1380.72,1104.58,Bank Transfer,Retail Store,Returned,New
INV100430,2024-06-18,C0054,P0014,S004,9,"₹18,921.11",15%,170289.99,144746.49,Wallet,Retail Store,Cancelled,Returning
INV100431,2024-03-13,C0178,P0002,S007,10,"₹85,207.42",20%,852074.2,681659.36,Bank Transfer,Online,Completed,Repeat
INV100432,2024-04-12,C0179,P0018,S001,8,"₹5,631.73",20%,45053.84,36043.07,Credit Card,Retail Store,Completed,Returning
INV100433,2024-12-03,C0093,P0007,S001,5,"₹28,435.82",20%,142179.1,113743.28,Cash,Distributor,Completed,Repeat
INV100434,2024-09-05,C0153,P0006,S003,4,"₹14,575.61",15%,58302.44,49557.07,Wallet,Distributor,Completed,New
INV100435,2024-05-06,C0136,P0020,S006,8,₹530.22,10%,4241.76,3817.58,Credit Card,Retail Store,Completed,Repeat
INV100436,2024-11-16,C0078,P0016,S009,5,"₹21,370.74",0%,106853.7,106853.7,Cash,Online,Cancelled,Repeat
INV100437,2024-04-25,C0039,P0022,S007,3,₹426.36,0%,1279.08,1279.08,Wallet,Distributor,Cancelled,Returning
INV100438,2024-12-17,C0059,P0027,S004,10,"₹1,876.22",0%,18762.2,18762.2,Bank Transfer,Distributor,Completed,Repeat
INV100439,2024-10-04,C0034,P0014,S003,10,"₹18,728.11",15%,187281.1,159188.93,UPI,Online,Completed,Returning
INV100440,2024-12-27,C0135,P0009,S007,3,"₹5,728.18",20%,17184.54,13747.63,UPI,Retail Store,Completed,Returning
INV100441,2024-09-29,C0031,P0012,S006,3,"₹15,961.23",20%,47883.69,38306.95,Bank Transfer,Retail Store,Returned,Repeat
INV100442,2024-08-14,C0164,P0018,S003,4,"₹4,947.33",0%,19789.32,19789.32,Credit Card,Distributor,Cancelled,Repeat
INV100443,2024-11-06,C0146,P0015,S010,4,"₹25,183.82",0%,100735.28,100735.28,Bank Transfer,Online,Returned,New
INV100444,2024-09-14,C0155,P0031,S006,3,"₹1,005.65",10%,3016.95,2715.26,UPI,Online,Completed,New
INV100445,2024-01-17,C0105,P0001,S005,7,"₹81,442.44",0%,570097.08,570097.08,UPI,Online,Completed,New
INV100446,2024-08-12,C0158,P0032,S006,8,"₹2,574.15",0%,20593.2,20593.2,Credit Card,Distributor,Returned,Returning
INV100447,2024-06-09,C0101,P0003,S009,2,"₹49,114.92",10%,98229.84,88406.86,Credit Card,Online,Cancelled,Returning
INV100448,2024-07-21,C0011,P0025,S009,1,₹399.13,0%,399.13,399.13,Cash,Retail Store,Completed,Repeat
INV100449,2024-03-26,C0109,P0019,S010,1,₹220.04,20%,220.04,176.03,UPI,Retail Store,Returned,New
INV100450,2024-09-13,C0029,P0012,S010,9,"₹16,965.34",0%,152688.06,152688.06,Bank Transfer,Retail Store,Completed,New
INV100451,2024-08-20,C0152,P0013,S008,2,"₹4,693.33",5%,9386.66,8917.33,UPI,Distributor,Completed,New
INV100452,2024-02-28,C0116,P0024,S002,9,₹485.58,20%,4370.22,3496.18,Wallet,Distributor,Completed,Repeat
INV100453,2024-10-08,C0098,P0003,S003,6,"₹52,394.09",15%,314364.54,267209.86,credit card,Online,Completed,New
INV100454,2024-12-30,C0014,P0027,S005,5,"₹1,980.16",20%,9900.8,7920.64,Cash,Retail Store,completed,New
INV100455,2024-03-08,C0052,P0001,S010,5,"₹77,883.31",0%,389416.55,389416.55,Cash,Distributor,Completed,Returning
INV100456,2024-09-09,C0061,P0014,S010,8,"₹17,930.85",10%,143446.8,129102.12,Credit Card,Distributor,Cancelled,New
INV100457,2024-05-05,C0141,P0018,S010,9,"₹4,877.83",0%,43900.47,43900.47,UPI,Online,Completed,New
INV100458,2024-03-15,C0009,P0020,S006,2,₹478.34,0%,956.68,956.68,UPI,Online,Completed,Returning
INV100459,2024-12-04,C0178,P0012,S008,10,"₹18,452.28",5%,184522.8,175296.66,Credit Card,Retail Store,Completed,Repeat
INV100460,2024-07-13,C0018,P0028,S009,2,"₹5,361.77",5%,10723.54,10187.36,Credit Card,Distributor,Completed,Repeat
INV100461,2024-09-26,C0106,P0014,S004,10,"₹17,055.14",0%,170551.4,170551.4,Wallet,Online,Returned,Returning
INV100462,2024-12-18,C0155,P0019,S007,10,₹211.00,5%,2110.0,2004.5,Wallet,Distributor,Completed,New
INV100463,2024-11-10,C0145,P0032,S009,8,"₹2,732.67",10%,21861.36,19675.22,Wallet,Online,Completed,New
INV100464,2024-01-01,C0031,P0002,S008,2,"₹89,568.66",20%,179137.32,143309.86,Wallet,Retail Store,Returned,New
INV100465,2024-06-19,C0090,P0014,S001,4,"₹17,556.74",20%,70226.96,56181.57,Credit Card,Retail Store,Completed,Returning
INV100466,2024-10-08,C0083,P0001,S002,6,"₹77,098.12",5%,462588.72,439459.28,Wallet,Distributor,Completed,New
INV100467,2024-04-09,C0085,P0022,S008,8,₹420.81,0%,3366.48,3366.48,Cash,Online,Returned,Returning
INV100468,2024-06-20,C0119,P0027,S001,9,"₹1,918.29",5%,17264.61,16401.38,Bank Transfer,Distributor,Cancelled,New
INV100469,2024-04-16,C0148,P0022,S006,2,₹396.78,0%,793.56,793.56,Credit Card,Retail Store,Returned,Returning
INV100470,2024-09-30,C0043,P0025,S003,10,₹437.02,0%,4370.2,4370.2,Bank Transfer,Distributor,Completed,Returning
INV100471,2024-01-17,C0070,P0027,S002,8,"₹1,859.55",0%,14876.4,14876.4,Bank Transfer,Online,Cancelled,Repeat
INV100472,2024-03-30,C0029,P0024,S001,4,₹490.31,0%,1961.24,1961.24,Credit Card,Retail Store,Cancelled,New
INV100473,2024-04-07,C0088,P0031,S009,5,₹949.56,5%,4747.8,4510.41,Credit Card,Distributor,Completed,New
INV100474,2024-01-19,C0118,P0025,S009,2,₹400.44,0%,800.88,800.88,Credit Card,Distributor,Cancelled,New
INV100475,2024-06-19,C0120,P0003,S002,9,"₹51,399.03",20%,462591.27,370073.02,Credit Card,Distributor,Completed,Returning
INV100476,2024-04-17,C0083,P0013,S004,5,"₹4,854.20",5%,24271.0,23057.45,Cash,Distributor,Completed,Repeat
INV100477,2024-03-17,C0041,P0018,S002,1,"₹5,307.41",15%,5307.41,4511.3,Credit Card,Online,Cancelled,Repeat
INV100478,2024-10-08,C0082,P0018,S003,5,"₹5,042.62",15%,25213.1,21431.13,Credit Card,Retail Store,Cancelled,Repeat
INV100479,2024-10-03,C0114,P0004,S003,1,"₹77,395.73",10%,77395.73,69656.16,Credit Card,Online,Returned,New
INV100480,2024-02-14,C0110,P0026,S003,10,₹328.11,15%,3281.1,2788.94,Cash,Distributor,Completed,Repeat
INV100481,2024-06-19,C0051,P0006,S008,10,"₹12,679.28",0%,126792.8,126792.8,Cash,Online,Returned,Repeat
INV100482,2024-12-16,C0165,P0030,S008,4,"₹1,851.01",0%,7404.04,7404.04,Wallet,Retail Store,Completed,Repeat
INV100483,2024-04-03,C0180,P0022,S006,8,₹380.32,10%,3042.56,2738.3,Cash,Online,Completed,Repeat
INV100484,2024-08-24,C0044,P0019,S006,10,₹206.36,15%,2063.6,1754.06,Credit Card,Retail Store,Completed,Repeat
INV100485,2024-10-11,C0167,P0005,S005,9,"₹9,533.31",10%,85799.79,77219.81,Cash,Online,Cancelled,New
INV100486,2024-10-07,C0041,P0031,S007,2,₹960.02,5%,1920.04,1824.04,Wallet, online ,Returned,Returning
INV100487,2024-06-24,C0140,P0016,S003,2,"₹22,393.29",20%,44786.58,35829.26,Wallet,Retail Store,Completed,Returning
INV100488,2024-11-01,C0119,P0021,S009,2,₹263.32,10%,526.64,473.98,Cash,Online,Cancelled,New
INV100489,2024-12-16,C0153,P0025,S006,8,₹423.51,20%,3388.08,2710.46,Credit Card,Online,Completed,Returning
INV100490,2024-11-21,C0001,P0010,S003,8,"₹5,090.41",15%,40723.28,34614.79,Wallet,Distributor,Returned,New
INV100491,2024-04-15,C0175,P0021,S005,10,₹269.03,20%,2690.3,2152.24,Cash,Distributor,Completed,New
INV100492,2024-10-25,C0003,P0033,S007,3,₹701.42,5%,2104.26,1999.05,Wallet,Online,Completed,Returning
INV100493,2024-10-13,C0092,P0008,S005,1,"₹2,515.43",0%,2515.43,2515.43,Wallet,Retail Store,Completed,Returning
INV100494,2024-07-14,C0104,P0025,S007,9,₹423.67,0%,3813.03,3813.03,Cash,Online,Completed,Returning
INV100495,2024-07-15,C0093,P0027,S003,5,"₹1,784.81",20%,8924.05,7139.24,Credit Card,Online,Completed,New
INV100496,2024-09-06,C0169,P0028,S003,2,"₹5,509.52",0%,11019.04,11019.04,Cash,Retail Store,Cancelled,Repeat
INV100497,2024-11-15,C0047,P0030,S009,7,"₹2,063.42",15%,14443.94,12277.35,Cash,Retail Store,Completed,New
INV100498,2024-08-05,C0155,P0001,S010,8,"₹75,099.81",20%,600798.48,480638.78,Wallet,Retail Store,Returned,Returning
INV100499,2024-10-22,C0094,P0003,S001,10,"₹51,077.20",10%,510772.0,459694.8,Credit Card,Distributor,Returned,Returning
INV100500,2024-02-10,C0037,P0018,S008,9,"₹5,276.91",0%,47492.19,47492.19,Wallet,Online,Completed,Repeat
INV100501,2024-11-18,C0170,P0005,S009,10,"₹9,862.24",5%,98622.4,93691.28,Bank Transfer,Distributor,Completed,Repeat
INV100502,2024-08-20,C0132,P0031,S010,6,₹983.33,10%,5899.98,5309.98,Bank Transfer,Retail Store,Completed,New
INV100503,2024-12-21,C0153,P0020,S010,5,₹520.83,0%,2604.15,2604.15,Wallet,Online,Cancelled,New
INV100504,2024-12-02,C0075,P0002,S005,8,"₹79,777.73",0%,638221.84,638221.84,Credit Card,Retail Store,Completed,New
INV100505,2024-11-11,C0072,P0018,S005,1,"₹4,930.51",20%,4930.51,3944.41,UPI,Distributor,Completed,Returning
INV100506,2024-08-16,C0095,P0012,S005,4,"₹16,379.15",10%,65516.6,58964.94,Wallet,Online,Completed,New
INV100507,2024-03-15,C0153,P0010,S008,7,"₹5,045.28",10%,35316.96,31785.26,Cash,Distributor,Completed,New
INV100508,2024-10-22,C0089,P0004,S005,2,"₹68,837.65",0%,137675.3,137675.3,Cash,Retail Store,Completed,Repeat
INV100509,2024-09-29,C0060,P0025,S007,8,₹389.49,5%,3115.92,2960.12,Cash,Online,Completed,Repeat
INV100510,2024-07-14,C0174,P0021,S009,1,₹296.27,0%,296.27,296.27,Bank Transfer,Retail Store,Cancelled,Returning
INV100511,2024-05-19,C0086,P0018,S005,2,"₹5,387.09",5%,10774.18,10235.47,Cash,Retail Store,Completed,Returning
INV100512,2024-12-10,C0151,P0013,S009,6,"₹4,976.28",20%,29857.68,23886.14,UPI,Retail Store,Cancelled,New
INV100513,2024-12-10,C0003,P0005,S001,7,"₹9,726.20",0%,68083.4,68083.4,Cash,Retail Store,Completed,Returning
INV100514,2024-05-25,C0065,P0013,S001,1,"₹4,513.96",15%,4513.96,3836.87,Wallet,Distributor,Completed,Returning
INV100515,2024-11-22,C0032,P0008,S002,10,"₹2,492.75",0%,24927.5,24927.5,Wallet,Online,Completed,Returning
INV100516,2024-04-04,C0065,P0019,S008,2,₹217.81,20%,435.62,348.5,Bank Transfer,Retail Store,Completed,Repeat
INV100517,2024-03-23,C0019,P0018,S001,7,"₹5,116.50",10%,35815.5,32233.95,Credit Card,Retail Store,Completed,New
INV100518,2024-08-13,C0018,P0032,S004,10,"₹2,470.35",10%,24703.5,22233.15,Cash,Online,Completed,Returning
INV100519,2024-08-08,C0056,P0007,S008,5,"₹26,806.27",0%,134031.35,134031.35,Credit Card,Distributor,Completed,Repeat
INV100520,2024-01-10,C0128,P0010,S001,1,"₹5,173.80",20%,5173.8,4139.04,UPI,Distributor,Completed,Repeat
INV100521,2024-10-21,C0001,P0033,S008,8,₹742.63,10%,5941.04,5346.94,Credit Card,Distributor,Completed,New
INV100522,2024-07-15,C0177,P0031,S002,10,"₹1,077.13",15%,10771.3,9155.61,Bank Transfer,Retail Store,Completed,Repeat
INV100523,2024-01-29,C0162,P0006,S006,9,"₹12,652.24",5%,113870.16,108176.65,Cash,Retail Store,Completed,New
INV100524,2024-10-10,C0011,P0025,S004,5,₹405.67,20%,2028.35,1622.68,Credit Card,Distributor,Completed,Repeat
INV100525,2024-02-13,C0162,P0029,S004,3,"₹4,271.42",0%,12814.26,12814.26,Wallet,Online,Returned,Repeat
INV100526,2024-02-02,C0139,P0020,S008,9,₹548.36,10%,4935.24,4441.72,Credit Card,Online,Completed,New
INV100527,2024-06-21,C0011,P0026,S002,4,₹330.06,20%,1320.24,1056.19,Cash,Distributor,Cancelled,New
INV100528,2024-10-23,C0060,P0005,S001,3,"₹9,925.47",10%,29776.41,26798.77,Cash,Distributor,Completed,New
INV100529,2024-12-25,C0167,P0009,S001,3,"₹4,971.28",20%,14913.84,11931.07,Bank Transfer,Online,Returned,Returning
INV100530,2024-03-28,C0152,P0005,S002,2,"₹9,834.25",10%,19668.5,17701.65,Wallet,Online,Completed,New
INV100531,2024-08-06,C0087,P0026,S006,2,₹325.36,20%,650.72,520.58,UPI,Retail Store,Completed,New
INV100532,2024-10-30,C0045,P0022,S002,2,₹387.62,5%,775.24,736.48,Cash,Online,Completed,Returning
INV100533,2024-03-25,C0113,P0016,S010,1,"₹19,608.25",0%,19608.25,19608.25,Wallet,Retail Store,Completed,New
INV100534,2024-09-06,C0021,P0001,S001,3,"₹80,995.54",0%,242986.62,242986.62,Wallet,Retail Store,Returned,Returning
INV100535,2024-08-31,C0178,P0009,S004,3,"₹5,160.70",20%,15482.1,12385.68,Cash,Retail Store,Completed,New
INV100536,2024-11-08,C0178,P0003,S010,3,"₹49,455.08",20%,148365.24,118692.19,Credit Card,Distributor,Completed,Repeat
INV100537,2024-08-02,C0002,P0016,S004,2,"₹22,547.24",15%,45094.48,38330.31,Wallet,Retail Store,Cancelled,Returning
INV100538,2024-04-22,C0119,P0014,S005,1,"₹17,064.97",0%,17064.97,17064.97,UPI,Distributor,Returned,Repeat
INV100539,2024-03-31,C0041,P0003,S001,6,"₹47,157.97",5%,282947.82,268800.43,Bank Transfer,Retail Store,Cancelled,Repeat
INV100540,2024-01-23,C0027,P0004,S009,3,"₹76,025.39",0%,228076.17,228076.17,Cash,Distributor,Completed,New
INV100541,2024-04-30,C0114,P0021,S007,4,₹285.57,20%,1142.28,913.82,Bank Transfer,Online,Completed,Repeat
INV100542,2024-04-26,C0026,P0016,S007,4,"₹22,260.90",10%,89043.6,80139.24,Credit Card,Retail Store,Cancelled,Repeat
INV100543,2024-01-28,C0112,P0010,S004,10,"₹4,994.82",10%,49948.2,44953.38,Bank Transfer,Online,Returned,Returning
INV100544,2024-04-09,C0162,P0023,S005,4,₹76.35,5%,305.4,290.13,Wallet,Online,Completed,New
INV100545,2024-02-26,C0120,P0030,S007,3,"₹1,874.92",5%,5624.76,5343.52,Bank Transfer,Distributor,Completed,Returning
INV100546,2024-11-09,C0044,P0015,S002,7,"₹24,408.57",15%,170859.99,145230.99,UPI,Distributor,Returned,Repeat
INV100547,2024-05-22,C0004,P0028,S004,4,"₹5,330.25",5%,21321.0,20254.95,UPI,Distributor,Completed,Returning
INV100548,2024-01-03,C0107,P0003,S001,8,"₹51,581.44",20%,412651.52,330121.22,Credit Card,Retail Store,Cancelled,Repeat
INV100549,2024-09-02,C0179,P0007,S008,8,"₹27,029.76",0%,216238.08,216238.08,Credit Card,Distributor,Returned,New
INV100550,2024-03-08,C0092,P0019,S004,2,₹218.73,0%,437.46,437.46,Bank Transfer,Online,Returned,Returning
INV100551,2024-10-25,C0007,P0030,S008,3,"₹1,933.18",20%,5799.54,4639.63,Bank Transfer,Distributor,Returned,Returning
INV100552,2024-11-20,C0001,P0005,S007,6,"₹8,962.78",15%,53776.68,45710.18,Cash,Retail Store,Cancelled,Returning
INV100553,2024-10-21,C0054,P0006,S010,6,"₹14,500.64",20%,87003.84,69603.07,Wallet,Distributor,Completed,New
INV100554,2024-02-26,C0099,P0024,S008,10,₹484.12,0%,4841.2,4841.2,UPI,Distributor,Cancelled,Returning
INV100555,2024-02-04,C0144,P0014,S003,6,"₹18,307.75",0%,109846.5,109846.5,Cash,Distributor,Cancelled,Returning
INV100556,2024-04-17,C0058,P0021,S006,5,₹285.72,15%,1428.6,1214.31,Bank Transfer,Online,Completed,Repeat
INV100557,2024-06-25,C0116,P0032,S009,9,"₹2,591.91",0%,23327.19,23327.19,Wallet,Distributor,Cancelled,Repeat
INV100558,2024-08-19,C0159,P0024,S002,4,₹462.09,10%,1848.36,1663.52,Cash,Online,Completed,New
INV100559,2024-02-25,C0043,P0018,S002,3,"₹4,963.27",10%,14889.81,13400.83,UPI,Distributor,Completed,Repeat
INV100560,2024-08-01,C0175,P0009,S008,6,"₹5,308.90",10%,31853.4,28668.06,Credit Card,Retail Store,Completed,New
INV100561,2024-01-12,C0060,P0022,S007,10,₹421.48,5%,4214.8,4004.06,Bank Transfer,Retail Store,Cancelled,Returning
INV100562,2024-12-22,C0136,P0029,S008,5,"₹4,227.48",15%,21137.4,17966.79,Bank Transfer,Online,Completed,New
INV100563,2024-09-04,C0096,P0019,S001,3,₹211.87,5%,635.61,603.83,UPI,Distributor,Completed,Returning
INV100564,2024-10-01,C0074,P0012,S003,3,"₹16,536.83",0%,49610.49,49610.49,Credit Card,Retail Store,Cancelled,New
INV100565,2024-08-13,C0067,P0024,S003,4,₹511.16,15%,2044.64,1737.94,Bank Transfer,Retail Store,Completed,Repeat
INV100566,2024-08-17,C0139,P0011,S009,5,"₹8,004.82",0%,40024.1,40024.1,credit card,Retail Store,Completed,Repeat
INV100567,2024-06-12,C0040,P0001,S009,9,"₹80,249.19",5%,722242.71,686130.57,Bank Transfer,Retail Store,Completed,Returning
INV100568,2024-12-07,C0038,P0029,S006,2,"₹4,476.89",20%,8953.78,7163.02,Credit Card,Online,Cancelled,New
INV100569,2024-06-06,C0007,P0026,S010,4,₹314.12,10%,1256.48,1130.83,Bank Transfer,Online,Cancelled,Returning
INV100570,2024-04-09,C0150,P0015,S005,4,"₹22,821.72",0%,91286.88,91286.88,Cash,Distributor,Completed,Returning
INV100571,2024-07-20,C0050,P0032,S006,10,"₹2,609.16",15%,26091.6,22177.86,Credit Card,Distributor,Completed,Repeat
INV100572,2024-03-16,C0110,P0024,S007,6,₹477.71,0%,2866.26,2866.26,Bank Transfer,Retail Store,Returned,Returning
INV100573,2024-02-14,C0056,P0029,S007,8,"₹4,250.36",5%,34002.88,32302.74,Cash,Distributor,Returned,New
INV100574,2024-10-27,C0154,P0006,S003,4,"₹13,507.57",5%,54030.28,51328.77,Wallet,Retail Store,Completed,Returning
INV100575,2024-07-11,C0023,P0001,S007,5,"₹74,323.86",10%,371619.3,334457.37,Cash,Distributor,Cancelled,New
INV100576,2024-04-12,C0048,P0025,S005,9,₹382.69,10%,3444.21,3099.79,Bank Transfer,Distributor,Completed,Repeat
INV100577,2024-10-13,C0119,P0015,S001,1,"₹23,522.33",0%,23522.33,23522.33,Cash,Online,Completed,Repeat
INV100578,2024-04-01,C0126,P0016,S001,2,"₹20,925.81",5%,41851.62,39759.04,Credit Card,Distributor,Completed,Returning
INV100579,2024-09-03,C0145,P0028,S005,8,"₹5,661.25",20%,45290.0,36232.0,Bank Transfer,Distributor,Cancelled,New
INV100580,2024-05-12,C0042,P0004,S003,6,"₹77,105.20",10%,462631.2,416368.08,UPI,Retail Store,Completed,New
INV100581,2024-05-19,C0093,P0027,S006,1,"₹1,835.27",5%,1835.27,1743.51,Credit Card,Distributor,Completed,Returning
INV100582,2024-04-03,C0025,P0011,S009,6,"₹7,892.48",5%,47354.88,44987.14,Bank Transfer,Retail Store,Completed,New
INV100583,2024-09-30,C0149,P0023,S003,1,₹81.43,0%,81.43,81.43,Bank Transfer, online ,Returned,Repeat
INV100584,2024-03-24,C0027,P0014,S003,9,"₹19,157.52",0%,172417.68,172417.68,Wallet,Distributor,Cancelled,Returning
INV100585,2024-12-30,C0142,P0008,S007,8,"₹2,387.19",0%,19097.52,19097.52,UPI,Online,Returned,Repeat
INV100586,2024-06-08,C0177,P0024,S003,8,₹496.59,15%,3972.72,3376.81,Bank Transfer,Online,Completed,New
INV100587,2024-03-01,C0057,P0009,S003,4,"₹5,035.89",5%,20143.56,19136.38,UPI,Online,Returned,Returning
INV100588,2024-02-27,C0020,P0002,S008,7,"₹80,721.59",0%,565051.13,565051.13,Credit Card,Distributor,Cancelled,Returning
INV100589,2024-01-31,C0121,P0008,S005,1,"₹2,462.51",0%,2462.51,2462.51,Credit Card,Online,Completed,Returning
INV100590,2024-04-15,C0151,P0013,S003,6,"₹4,513.06",0%,27078.36,27078.36,Bank Transfer,Distributor,Completed,Repeat
INV100591,2024-03-23,C0129,P0016,S009,10,"₹19,605.36",0%,196053.6,196053.6,Wallet,Online,Cancelled,New
INV100592,2024-04-08,C0073,P0011,S009,1,"₹7,018.68",20%,7018.68,5614.94,UPI,Distributor,Returned,Repeat
INV100593,2024-12-23,C0151,P0012,S008,2,"₹18,185.12",0%,36370.24,36370.24,Cash,Retail Store,Completed,Returning
INV100594,2024-04-26,C0105,P0008,S006,2,"₹2,384.65",10%,4769.3,4292.37,UPI,Retail Store,Completed,Returning
INV100595,2024-05-27,C0143,P0003,S002,6,"₹46,415.20",10%,278491.2,250642.08,Bank Transfer,Retail Store,Cancelled,Returning
INV100596,2024-06-08,C0176,P0029,S004,9,"₹4,341.49",10%,39073.41,35166.07,Cash,Online,Completed,Repeat
INV100597,2024-12-13,C0095,P0012,S001,8,"₹16,170.26",20%,129362.08,103489.66,Cash,Distributor,Completed,New
INV100598,2024-03-14,C0102,P0026,S010,2,₹343.32,20%,686.64,549.31,UPI,Online,Completed,New
INV100599,2024-06-22,C0052,P0026,S002,4,₹333.03,10%,1332.12,1198.91,Bank Transfer,Distributor,Cancelled,Returning
INV100600,2024-05-19,C0165,P0026,S006,8,₹326.76,20%,2614.08,2091.26,Cash,Retail Store,Cancelled,Repeat
INV100601,2024-03-16,C0117,P0007,S002,5,"₹28,949.03",10%,144745.15,130270.63,UPI,Online,Completed,Returning
INV100602,2024-01-28,C0018,P0032,S001,3,"₹2,647.92",10%,7943.76,7149.38,Bank Transfer,Online,Completed,Returning
INV100603,2024-11-15,C0025,P0005,S009,8,"₹9,225.06",10%,73800.48,66420.43,Cash,Retail Store,Cancelled,Repeat
INV100604,2024-10-04,C0088,P0002,S001,7,"₹83,263.90",0%,582847.3,582847.3,Bank Transfer,Retail Store,Returned,Repeat
INV100605,2024-01-19,C0009,P0012,S009,5,"₹16,333.13",20%,81665.65,65332.52,Cash,Online,completed,Returning
INV100606,2024-07-18,C0125,P0008,S010,8,"₹2,565.11",20%,20520.88,16416.7,Wallet,Distributor,Returned,Repeat
INV100607,2024-10-14,C0041,P0033,S001,7,₹753.59,5%,5275.13,5011.37,Cash,Distributor,Completed,Repeat
INV100608,2024-06-13,C0016,P0002,S010,1,"₹89,417.49",0%,89417.49,89417.49,Bank Transfer,Distributor,Cancelled,New
INV100609,2024-11-16,C0088,P0025,S002,7,₹445.43,5%,3118.01,2962.11,Cash,Retail Store,Completed,Returning
INV100610,2024-05-05,C0064,P0016,S005,10,"₹22,324.66",0%,223246.6,223246.6,Credit Card,Retail Store,Completed,Repeat
INV100611,2024-03-27,C0006,P0021,S001,8,₹293.86,20%,2350.88,1880.7,Wallet,Distributor,Returned,Repeat
INV100612,2024-01-11,C0179,P0031,S010,1,₹987.33,5%,987.33,937.96,Cash,Retail Store,Cancelled,New
INV100613,2024-09-07,C0026,P0014,S006,8,"₹19,098.96",15%,152791.68,129872.93,Bank Transfer,Online,Cancelled,Repeat
INV100614,2024-07-05,C0112,P0013,S008,2,"₹4,608.33",15%,9216.66,7834.16,Bank Transfer,Online,Completed,Returning
INV100615,2024-07-24,C0058,P0006,S010,2,"₹13,208.59",15%,26417.18,22454.6,Credit Card,Distributor,Cancelled,Repeat
INV100616,2024-08-06,C0054,P0023,S002,5,₹85.14,15%,425.7,361.84,Cash,Distributor,Cancelled,Repeat
INV100617,2024-04-12,C0107,P0026,S005,10,₹319.04,15%,3190.4,2711.84,Wallet,Online,Completed,Returning
INV100618,2024-12-26,C0133,P0012,S010,8,"₹17,704.76",0%,141638.08,141638.08,Cash,Retail Store,Cancelled,Returning
INV100619,2024-08-10,C0145,P0004,S009,4,"₹72,267.97",5%,289071.88,274618.29,UPI,Online,Completed,Repeat
INV100620,2024-07-29,C0082,P0005,S004,7,"₹10,188.77",5%,71321.39,67755.32,UPI,Retail Store,Cancelled,New
INV100621,2024-07-26,C0062,P0008,S003,4,"₹2,439.70",0%,9758.8,9758.8,Bank Transfer,Retail Store,Returned,Returning
INV100622,2024-08-11,C0109,P0003,S004,3,"₹46,579.06",5%,139737.18,132750.32,Bank Transfer,Retail Store,Cancelled,New
INV100623,2024-11-25,C0011,P0032,S001,1,"₹2,526.80",0%,2526.8,2526.8,Bank Transfer,Online,Returned,Repeat
INV100624,2024-12-09,C0169,P0006,S007,3,"₹12,720.54",0%,38161.62,38161.62,Wallet,Online,Cancelled,Returning
INV100625,2024-10-24,C0135,P0017,S008,2,"₹14,098.67",0%,28197.34,28197.34,Bank Transfer,Retail Store,Cancelled,Returning
INV100626,2024-07-18,C0061,P0028,S004,3,"₹5,106.93",0%,15320.79,15320.79,Bank Transfer,Retail Store,Returned,Repeat
INV100627,2024-10-28,C0015,P0032,S009,6,"₹2,791.32",20%,16747.92,13398.34,Bank Transfer,Distributor,Returned,Repeat
INV100628,2024-12-15,C0064,P0018,S003,6,"₹5,438.67",10%,32632.02,29368.82,Bank Transfer,Online,Cancelled,New
INV100629,2024-12-05,C0014,P0016,S005,9,"₹20,309.80",10%,182788.2,164509.38,Bank Transfer,Distributor,Completed,Returning
INV100630,2024-05-01,C0114,P0025,S001,7,₹399.77,5%,2798.39,2658.47,UPI,Retail Store,Completed,New
INV100631,2024-08-12,C0162,P0021,S007,1,₹293.99,5%,293.99,279.29,Cash,Retail Store,Returned,Repeat
INV100632,2024-08-04,C0026,P0011,S005,9,"₹7,322.50",0%,65902.5,65902.5,Wallet,Distributor,Cancelled,Returning
INV100633,2024-06-16,C0117,P0002,S001,3,"₹84,075.34",20%,252226.02,201780.82,UPI,Online,Returned,New
INV100634,2024-11-17,C0079,P0021,S010,2,₹262.51,0%,525.02,525.02,Wallet,Distributor,Completed,Returning
INV100635,2024-12-17,C0106,P0021,S008,8,₹261.43,20%,2091.44,1673.15,UPI,Distributor,Cancelled,Repeat
INV100636,2024-05-24,C0051,P0006,S007,6,"₹13,331.54",0%,79989.24,79989.24,Cash,Distributor,Completed,New
INV100637,2024-01-12,C0143,P0015,S002,8,"₹23,518.84",0%,188150.72,188150.72,UPI,Online,Returned,Returning
INV100638,2024-08-07,C0154,P0017,S003,2,"₹13,144.60",5%,26289.2,24974.74,Wallet,Online,Completed,Returning
INV100639,2024-09-26,C0112,P0030,S008,2,"₹2,029.97",0%,4059.94,4059.94,UPI,Retail Store,Completed,Returning
INV100640,2024-09-10,C0098,P0009,S007,4,"₹5,113.23",15%,20452.92,17384.98,Bank Transfer,Distributor,Completed,Repeat
INV100641,2024-04-02,C0105,P0010,S001,5,"₹5,043.21",5%,25216.05,23955.25,Cash,Online,Completed,Returning
INV100642,2024-12-16,C0166,P0030,S002,1,"₹1,847.70",10%,1847.7,1662.93,Bank Transfer,Distributor,Returned,Returning
INV100643,2024-04-18,C0099,P0028,S010,5,"₹5,038.09",0%,25190.45,25190.45,Credit Card,Online,Completed,New
INV100644,2024-08-29,C0091,P0003,S001,5,"₹50,402.82",15%,252014.1,214211.98,Bank Transfer,Retail Store,Completed,New
INV100645,2024-10-13,C0011,P0012,S005,3,"₹17,240.89",15%,51722.67,43964.27,Bank Transfer,Retail Store,Completed,New
INV100646,2024-06-11,C0136,P0028,S003,5,"₹5,225.98",0%,26129.9,26129.9,UPI,Retail Store,Completed,Returning
INV100647,2024-07-03,C0111,P0019,S005,10,₹220.04,5%,2200.4,2090.38,Cash,Online,Completed,Returning
INV100648,2024-09-08,C0039,P0029,S001,4,"₹4,171.86",0%,16687.44,16687.44,UPI,Online,Returned,Repeat
INV100649,2024-03-24,C0120,P0028,S002,8,"₹5,336.52",0%,42692.16,42692.16,Wallet,Retail Store,Returned,Repeat
INV100650,2024-02-27,C0038,P0008,S006,2,"₹2,693.04",0%,5386.08,5386.08,UPI,Online,Cancelled,Repeat
INV100651,2024-10-15,C0170,P0014,S010,1,"₹18,969.11",15%,18969.11,16123.74,UPI,Retail Store,Completed,New
INV100652,2024-09-12,C0174,P0007,S006,1,"₹29,801.84",5%,29801.84,28311.75,Credit Card,Retail Store,Completed,Returning
INV100653,2024-02-24,C0083,P0010,S001,2,"₹5,544.72",10%,11089.44,9980.5,Cash,Retail Store,Completed,Returning
INV100654,2024-12-02,C0002,P0022,S001,10,₹399.71,10%,3997.1,3597.39,Wallet,Online,Completed,New
INV100655,2024-11-25,C0073,P0021,S001,2,₹297.79,15%,595.58,506.24,Cash,Online,Returned,Repeat
INV100656,2024-04-01,C0062,P0026,S002,1,₹304.11,0%,304.11,304.11,Cash,Retail Store,Completed,New
INV100657,2024-06-01,C0126,P0028,S005,10,"₹5,265.43",0%,52654.3,52654.3,Credit Card,Retail Store,Cancelled,New
INV100658,2024-09-07,C0115,P0025,S008,5,₹419.56,15%,2097.8,1783.13,Credit Card,Retail Store,Completed,Returning
INV100659,2024-04-05,C0112,P0028,S002,1,"₹5,250.52",15%,5250.52,4462.94,Cash,Distributor,Completed,Returning
INV100660,2024-12-17,C0040,P0032,S009,9,"₹2,517.13",0%,22654.17,22654.17,Cash,Online,Returned,Repeat
INV100661,2024-03-17,C0033,P0020,S004,9,₹493.57,10%,4442.13,3997.92,Credit Card,Distributor,Completed,New
INV100662,2024-09-19,C0028,P0033,S007,7,₹749.96,0%,5249.72,5249.72,Wallet,Retail Store,Completed,Repeat
INV100663,2024-10-26,C0021,P0033,S001,2,₹773.73,20%,1547.46,1237.97,UPI,Online,Returned,New
INV100664,2024-02-12,C0107,P0020,S006,10,₹506.60,20%,5066.0,4052.8,Cash,Distributor,Completed,Repeat
INV100665,2024-04-05,C0055,P0012,S002,10,"₹18,286.95",5%,182869.5,173726.02,Credit Card,Retail Store,Cancelled,New
INV100666,2024-01-03,C0102,P0008,S001,3,"₹2,533.91",20%,7601.73,6081.38,Cash,Distributor,Cancelled,Returning
INV100667,2024-09-06,C0078,P0024,S007,5,₹465.08,0%,2325.4,2325.4,Credit Card,Online,Completed,New
INV100668,2024-12-22,C0049,P0002,S004,8,"₹80,026.60",20%,640212.8,512170.24,UPI,Retail Store,Cancelled,New
INV100669,2024-02-14,C0078,P0030,S003,8,"₹1,812.72",10%,14501.76,13051.58,UPI,Online,Returned,Repeat
INV100670,2024-08-29,C0006,P0029,S010,4,"₹4,344.54",0%,17378.16,17378.16,Cash,Online,Completed,New
INV100671,2024-02-22,C0162,P0028,S007,8,"₹5,454.72",20%,43637.76,34910.21,Wallet,Retail Store,Completed,Repeat
INV100672,2024-07-23,C0125,P0033,S010,10,₹803.11,20%,8031.1,6424.88,Cash,Online,Completed,Returning
INV100673,2024-01-10,C0109,P0021,S009,2,₹295.17,5%,590.34,560.82,Cash,Retail Store,Completed,Repeat
INV100674,2024-11-14,C0166,P0023,S008,7,₹76.79,0%,537.53,537.53,UPI,Retail Store,Completed,Repeat
INV100675,2024-04-28,C0130,P0015,S010,6,"₹25,833.52",15%,155001.12,131750.95,Cash,Online,Completed,Returning
INV100676,2024-12-30,C0100,P0027,S006,8,"₹1,935.57",0%,15484.56,15484.56,Bank Transfer,Distributor,Completed,Returning
INV100677,2024-09-04,C0034,P0012,S004,3,"₹17,239.08",15%,51717.24,43959.65,Cash,Retail Store,Completed,New
INV100678,2024-04-17,C0143,P0004,S001,6,"₹71,041.38",5%,426248.28,404935.87,UPI,Online,Cancelled,New
INV100679,2024-02-02,C0087,P0028,S002,10,"₹5,059.99",0%,50599.9,50599.9,credit card,Retail Store,Completed,Repeat
INV100680,2024-06-30,C0012,P0018,S003,9,"₹5,399.83",15%,48598.47,41308.7,Credit Card, online ,Returned,New
INV100681,2024-02-24,C0157,P0007,S009,1,"₹27,133.19",15%,27133.19,23063.21,Credit Card,Online,Completed,New
INV100682,2024-05-29,C0114,P0033,S008,2,₹771.98,0%,1543.96,1543.96,Bank Transfer,Online,Completed,New
INV100683,2024-08-12,C0107,P0001,S004,8,"₹75,727.13",5%,605817.04,575526.19,UPI,Online,Completed,Repeat
INV100684,2024-07-31,C0093,P0016,S003,9,"₹21,911.81",10%,197206.29,177485.66,UPI,Retail Store,Returned,Repeat
INV100685,2024-08-22,C0133,P0024,S001,8,₹516.15,0%,4129.2,4129.2,Wallet,Online,Completed,Repeat
INV100686,2024-06-10,C0103,P0011,S007,1,"₹7,811.32",10%,7811.32,7030.19,UPI,Distributor,Completed,Returning
INV100687,2024-12-31,C0170,P0019,S007,7,₹226.49,20%,1585.43,1268.34,Bank Transfer,Distributor,Completed,Repeat
INV100688,2024-01-05,C0072,P0010,S007,8,"₹5,017.63",20%,40141.04,32112.83,Wallet,Distributor,Cancelled,Returning
INV100689,2024-08-14,C0179,P0023,S007,4,₹75.79,5%,303.16,288.0,Wallet,Retail Store,Returned,Returning
INV100690,2024-03-05,C0134,P0019,S004,2,₹221.26,15%,442.52,376.14,Wallet,Retail Store,Completed,New
INV100691,2024-01-15,C0139,P0017,S004,5,"₹13,705.50",20%,68527.5,54822.0,Wallet,Online,Completed,Repeat
INV100692,2024-05-12,C0161,P0033,S006,2,₹785.19,0%,1570.38,1570.38,Credit Card,Retail Store,Completed,Returning
INV100693,2024-01-03,C0117,P0022,S004,10,₹425.35,15%,4253.5,3615.47,Wallet,Distributor,Completed,Repeat
INV100694,2024-06-02,C0073,P0009,S007,9,"₹5,140.71",20%,46266.39,37013.11,Bank Transfer,Distributor,Cancelled,New
INV100695,2024-07-03,C0117,P0007,S003,7,"₹27,024.46",10%,189171.22,170254.1,Credit Card,Retail Store,Completed,Repeat
INV100696,2024-04-19,C0115,P0005,S006,9,"₹9,823.80",10%,88414.2,79572.78,Wallet,Retail Store,Completed,Returning
INV100697,2024-09-12,C0163,P0028,S008,8,"₹5,794.84",20%,46358.72,37086.98,UPI,Online,Cancelled,New
INV100698,2024-09-05,C0118,P0009,S009,9,"₹5,523.71",0%,49713.39,49713.39,Cash,Retail Store,Completed,Returning
INV100699,2024-03-21,C0144,P0024,S002,10,₹463.91,10%,4639.1,4175.19,Bank Transfer,Distributor,Completed,New
INV100700,2024-09-24,C0040,P0008,S006,5,"₹2,463.16",5%,12315.8,11700.01,Cash,Online,Completed,New
INV100701,2024-10-28,C0108,P0004,S005,5,"₹69,017.68",0%,345088.4,345088.4,Cash,Online,Completed,Returning
INV100702,2024-06-27,C0018,P0003,S007,8,"₹47,950.15",15%,383601.2,326061.02,Cash,Retail Store,Returned,Repeat
INV100703,2024-11-06,C0034,P0009,S009,8,"₹5,500.35",10%,44002.8,39602.52,UPI,Distributor,Completed,New
INV100704,2024-11-15,C0171,P0027,S007,4,"₹1,849.65",10%,7398.6,6658.74,Credit Card,Distributor,Returned,Returning
INV100705,2024-05-22,C0166,P0006,S003,1,"₹13,845.00",15%,13845.0,11768.25,Bank Transfer,Distributor,Completed,Returning
INV100706,2024-10-13,C0022,P0013,S010,9,"₹5,028.31",15%,45254.79,38466.57,Wallet,Distributor,Completed,Repeat
INV100707,2024-09-14,C0005,P0008,S009,3,"₹2,451.65",0%,7354.95,7354.95,UPI,Online,Cancelled,Repeat
INV100708,2024-02-13,C0137,P0021,S007,10,₹277.33,0%,2773.3,2773.3,Credit Card,Retail Store,Returned,New
INV100709,2024-07-31,C0007,P0021,S007,5,₹260.59,0%,1302.95,1302.95,Credit Card,Distributor,Completed,Repeat
INV100710,2024-03-14,C0047,P0017,S002,3,"₹14,880.98",5%,44642.94,42410.79,UPI,Online,Cancelled,Repeat
INV100711,2024-04-02,C0007,P0004,S005,7,"₹70,610.95",0%,494276.65,494276.65,Cash,Retail Store,Completed,Repeat
INV100712,2024-03-02,C0014,P0013,S004,10,"₹4,625.65",15%,46256.5,39318.03,Wallet,Distributor,Returned,New
INV100713,2024-05-17,C0016,P0021,S008,9,₹258.40,10%,2325.6,2093.04,Credit Card,Retail Store,Completed,New
INV100714,2024-05-17,C0142,P0007,S004,9,"₹30,283.30",20%,272549.7,218039.76,Bank Transfer,Distributor,Returned,Repeat
INV100715,2024-02-12,C0163,P0033,S004,3,₹759.11,5%,2277.33,2163.46,UPI,Online,Cancelled,Repeat
INV100716,2024-10-11,C0116,P0003,S001,8,"₹47,788.31",15%,382306.48,324960.51,UPI,Online,Completed,Repeat
INV100717,2024-05-19,C0154,P0017,S007,6,"₹13,239.25",20%,79435.5,63548.4,Wallet,Retail Store,Completed,New
INV100718,2024-09-30,C0145,P0005,S005,2,"₹9,994.59",10%,19989.18,17990.26,UPI,Distributor,Cancelled,Repeat
INV100719,2024-08-09,C0054,P0033,S006,6,₹725.43,20%,4352.58,3482.06,Cash,Retail Store,Completed,Returning
INV100720,2024-06-13,C0088,P0014,S008,10,"₹16,783.20",5%,167832.0,159440.4,UPI,Distributor,Completed,Returning
INV100721,2024-08-31,C0002,P0001,S003,7,"₹83,360.49",15%,583523.43,495994.92,Cash,Retail Store,Cancelled,New
INV100722,2024-11-28,C0167,P0005,S009,1,"₹9,602.07",20%,9602.07,7681.66,Credit Card,Retail Store,Returned,Returning
INV100723,2024-07-02,C0100,P0012,S001,2,"₹16,902.97",10%,33805.94,30425.35,UPI,Retail Store,Completed,New
INV100724,2024-01-11,C0072,P0023,S004,2,₹82.82,15%,165.64,140.79,UPI,Online,Returned,Repeat
INV100725,2024-01-19,C0072,P0032,S010,4,"₹2,477.70",0%,9910.8,9910.8,Cash,Online,Completed,Returning
INV100726,2024-09-13,C0127,P0011,S009,4,"₹7,786.87",20%,31147.48,24917.98,Wallet,Distributor,Completed,New
INV100727,2024-10-28,C0033,P0005,S003,5,"₹10,238.01",15%,51190.05,43511.54,Wallet,Distributor,Completed,New
INV100728,2024-12-13,C0006,P0017,S009,8,"₹14,849.29",0%,118794.32,118794.32,Credit Card,Retail Store,Returned,Repeat
INV100729,2024-05-20,C0032,P0030,S008,6,"₹2,044.25",15%,12265.5,10425.67,UPI,Online,Completed,Repeat
INV100730,2024-09-29,C0115,P0021,S001,7,₹270.37,0%,1892.59,1892.59,Wallet,Online,Completed,Returning
INV100731,2024-08-04,C0020,P0016,S004,3,"₹20,314.95",5%,60944.85,57897.61,Credit Card,Online,Returned,Repeat
INV100732,2024-01-13,C0152,P0022,S005,4,₹409.49,0%,1637.96,1637.96,Bank Transfer,Online,Completed,Returning
INV100733,2024-05-01,C0019,P0029,S002,8,"₹4,222.36",15%,33778.88,28712.05,Credit Card,Online,Returned,Repeat
INV100734,2024-12-21,C0017,P0009,S001,8,"₹5,186.86",0%,41494.88,41494.88,Cash,Online,Completed,Returning
INV100735,2024-01-29,C0144,P0004,S005,7,"₹68,002.77",10%,476019.39,428417.45,Cash,Online,Cancelled,Returning
INV100736,2024-11-15,C0003,P0030,S007,8,"₹2,082.22",10%,16657.76,14991.98,Wallet,Online,Completed,Returning
INV100737,2024-12-11,C0007,P0030,S009,6,"₹1,866.32",15%,11197.92,9518.23,Credit Card,Online,Cancelled,Returning
INV100738,2024-02-04,C0152,P0013,S010,3,"₹4,836.14",20%,14508.42,11606.74,Bank Transfer,Retail Store,Returned,Returning
INV100739,2024-11-13,C0114,P0012,S004,3,"₹16,046.87",0%,48140.61,48140.61,Bank Transfer,Distributor,Returned,Returning
INV100740,2024-11-29,C0092,P0020,S010,9,₹481.48,0%,4333.32,4333.32,Bank Transfer,Distributor,Completed,Repeat
INV100741,2024-07-07,C0003,P0010,S001,4,"₹5,535.02",15%,22140.08,18819.07,Wallet,Online,Returned,Repeat
INV100742,2024-04-10,C0052,P0013,S002,6,"₹4,958.96",0%,29753.76,29753.76,Cash,Distributor,Completed,Returning
INV100743,2024-10-16,C0086,P0020,S007,6,₹478.01,0%,2868.06,2868.06,Credit Card,Retail Store,Completed,New
INV100744,2024-11-23,C0058,P0015,S008,10,"₹23,429.78",0%,234297.8,234297.8,Bank Transfer,Distributor,Returned,New
INV100745,2024-07-23,C0048,P0001,S006,1,"₹76,619.39",0%,76619.39,76619.39,Wallet,Online,Completed,Repeat
INV100746,2024-08-13,C0050,P0024,S001,1,₹470.84,0%,470.84,470.84,UPI,Online,Completed,Returning
INV100747,2024-03-30,C0087,P0016,S003,4,"₹19,863.36",0%,79453.44,79453.44,Bank Transfer,Online,Completed,Returning
INV100748,2024-03-11,C0098,P0008,S006,4,"₹2,525.40",5%,10101.6,9596.52,Bank Transfer,Retail Store,Completed,Returning
INV100749,2024-11-15,C0112,P0005,S002,3,"₹10,144.11",0%,30432.33,30432.33,UPI,Distributor,Returned,Returning
INV100750,2024-07-10,C0082,P0028,S004,1,"₹5,462.19",15%,5462.19,4642.86,Wallet,Retail Store,Completed,Repeat
INV100751,2024-05-06,C0014,P0018,S003,9,"₹5,581.81",15%,50236.29,42700.85,UPI,Distributor,Completed,Repeat
INV100752,2024-12-05,C0158,P0005,S003,9,"₹10,076.55",10%,90688.95,81620.05,Wallet,Retail Store,Returned,Returning
INV100753,2024-08-25,C0046,P0021,S006,9,₹276.97,20%,2492.73,1994.18,Cash,Retail Store,Completed,Returning
INV100754,2024-07-24,C0164,P0003,S004,4,"₹49,076.78",0%,196307.12,196307.12,UPI,Retail Store,Completed,Repeat
INV100755,2024-08-05,C0097,P0011,S006,5,"₹7,001.97",15%,35009.85,29758.37,Credit Card,Retail Store,Returned,Returning
INV100756,2024-06-29,C0059,P0003,S008,9,"₹48,161.20",15%,433450.8,368433.18,Cash,Retail Store,completed,Repeat
INV100757,2024-07-07,C0128,P0021,S005,7,₹263.47,0%,1844.29,1844.29,UPI,Retail Store,Completed,Repeat
INV100758,2024-02-12,C0076,P0033,S009,9,₹703.32,20%,6329.88,5063.9,Bank Transfer,Online,Completed,New
INV100759,2024-02-06,C0093,P0003,S009,4,"₹47,055.55",5%,188222.2,178811.09,Bank Transfer,Retail Store,Completed,Returning
INV100760,2024-12-15,C0071,P0013,S010,3,"₹5,014.57",20%,15043.71,12034.97,Bank Transfer,Online,Completed,Repeat
INV100761,2024-06-26,C0104,P0026,S010,1,₹329.38,10%,329.38,296.44,UPI,Retail Store,Completed,New
INV100762,2024-04-17,C0122,P0015,S009,10,"₹25,458.62",15%,254586.2,216398.27,Cash,Retail Store,Completed,Repeat
INV100763,2024-04-06,C0110,P0027,S004,8,"₹2,005.77",10%,16046.16,14441.54,Credit Card,Retail Store,Completed,Returning
INV100764,2024-03-06,C0079,P0001,S008,6,"₹74,958.57",5%,449751.42,427263.85,Cash,Distributor,Returned,Returning
INV100765,2024-10-02,C0077,P0021,S010,1,₹290.39,15%,290.39,246.83,UPI,Online,Completed,Returning
INV100766,2024-11-18,C0155,P0026,S007,4,₹299.01,10%,1196.04,1076.44,Cash,Online,Returned,New
INV100767,2024-06-17,C0146,P0029,S005,2,"₹4,207.61",0%,8415.22,8415.22,Wallet,Online,Completed,Returning
INV100768,2024-11-04,C0126,P0002,S003,4,"₹90,427.62",0%,361710.48,361710.48,Cash,Retail Store,Completed,New
INV100769,2024-05-29,C0169,P0005,S008,1,"₹9,715.76",5%,9715.76,9229.97,UPI,Retail Store,Returned,Repeat
INV100770,2024-03-21,C0029,P0009,S009,7,"₹5,565.42",10%,38957.94,35062.15,Cash,Online,Completed,New
INV100771,2024-06-07,C0111,P0031,S003,10,"₹1,077.79",15%,10777.9,9161.22,Wallet,Online,Cancelled,Returning
INV100772,2024-12-16,C0118,P0018,S004,1,"₹5,211.61",0%,5211.61,5211.61,Cash,Distributor,Completed,Returning
INV100773,2024-06-17,C0146,P0032,S008,8,"₹2,412.28",15%,19298.24,16403.5,Credit Card,Retail Store,Returned,Repeat
INV100774,2024-12-24,C0077,P0026,S010,3,₹308.55,10%,925.65,833.09,Wallet,Distributor,Returned,Repeat
INV100775,2024-07-15,C0169,P0012,S010,2,"₹17,809.26",10%,35618.52,32056.67,Credit Card,Online,Completed,Repeat
INV100776,2024-11-17,C0138,P0019,S002,4,₹216.32,10%,865.28,778.75,Wallet,Online,Completed,New
INV100777,2024-02-23,C0130,P0021,S007,8,₹266.72,0%,2133.76,2133.76,Wallet, online ,Returned,New
INV100778,2024-02-07,C0164,P0030,S007,6,"₹1,931.29",20%,11587.74,9270.19,UPI,Retail Store,Completed,New
INV100779,2024-05-08,C0030,P0009,S006,8,"₹5,323.90",10%,42591.2,38332.08,Credit Card,Distributor,Completed,Returning
INV100780,2024-08-12,C0036,P0031,S005,3,"₹1,061.57",0%,3184.71,3184.71,Wallet,Online,Completed,Repeat
INV100781,2024-03-04,C0137,P0026,S003,2,₹335.01,20%,670.02,536.02,Bank Transfer,Online,Returned,Repeat
INV100782,2024-04-01,C0056,P0003,S009,4,"₹51,012.78",10%,204051.12,183646.01,Wallet,Distributor,Completed,Repeat
INV100783,2024-12-19,C0079,P0029,S001,10,"₹4,167.62",0%,41676.2,41676.2,Cash,Online,Completed,Repeat
INV100784,2024-05-02,C0052,P0006,S001,7,"₹14,624.43",0%,102371.01,102371.01,Bank Transfer,Online,Completed,New
INV100785,2024-02-19,C0171,P0011,S003,1,"₹7,515.28",10%,7515.28,6763.75,Bank Transfer,Retail Store,Cancelled,Returning
INV100786,2024-04-07,C0160,P0014,S009,7,"₹17,088.62",10%,119620.34,107658.31,UPI,Online,Completed,Repeat
INV100787,2024-03-29,C0004,P0026,S006,1,₹306.68,10%,306.68,276.01,UPI,Online,Completed,Returning
INV100788,2024-11-15,C0095,P0003,S002,4,"₹47,885.52",10%,191542.08,172387.87,Wallet,Retail Store,Completed,Returning
INV100789,2024-10-01,C0146,P0011,S005,2,"₹7,289.50",15%,14579.0,12392.15,Cash,Distributor,Completed,Repeat
INV100790,2024-03-30,C0163,P0021,S008,2,₹256.28,5%,512.56,486.93,Wallet,Retail Store,Returned,Returning
INV100791,2024-11-23,C0060,P0033,S010,1,₹696.45,0%,696.45,696.45,Credit Card,Retail Store,Completed,Returning
INV100792,2024-08-07,C0063,P0006,S001,3,"₹13,559.90",5%,40679.7,38645.71,credit card,Online,Returned,New
INV100793,2024-11-24,C0010,P0016,S010,8,"₹22,213.86",20%,177710.88,142168.7,UPI,Retail Store,Completed,Returning
INV100794,2024-01-21,C0134,P0027,S005,1,"₹2,003.95",0%,2003.95,2003.95,Bank Transfer,Retail Store,Completed,New
INV100795,2024-10-03,C0014,P0016,S004,10,"₹21,021.07",10%,210210.7,189189.63,UPI,Retail Store,Completed,New
INV100796,2024-09-08,C0018,P0013,S001,3,"₹4,539.94",0%,13619.82,13619.82,UPI,Distributor,Cancelled,New
INV100797,2024-04-30,C0130,P0006,S007,8,"₹12,833.88",5%,102671.04,97537.49,UPI,Online,Returned,New
INV100798,2024-11-06,C0064,P0020,S005,10,₹548.46,10%,5484.6,4936.14,UPI,Retail Store,Returned,New
INV100799,2024-07-03,C0102,P0025,S003,8,₹407.82,10%,3262.56,2936.3,Wallet,Distributor,Returned,New
INV100800,2024-09-03,C0006,P0025,S007,2,₹419.22,5%,838.44,796.52,UPI,Distributor,Completed,Repeat
INV100801,2024-07-13,C0119,P0020,S008,5,₹515.34,10%,2576.7,2319.03,Cash,Online,Completed,New
INV100802,2024-08-28,C0051,P0010,S004,1,"₹5,570.80",0%,5570.8,5570.8,Bank Transfer,Retail Store,Returned,Repeat
INV100803,2024-07-21,C0096,P0025,S008,5,₹445.14,20%,2225.7,1780.56,Credit Card,Retail Store,Completed,New
INV100804,2024-07-16,C0145,P0011,S004,7,"₹7,825.82",5%,54780.74,52041.7,Bank Transfer,Distributor,Returned,Returning
INV100805,2024-12-18,C0095,P0004,S007,7,"₹69,758.86",20%,488312.02,390649.62,Cash,Online,Completed,Returning
INV100806,2024-12-27,C0174,P0002,S003,5,"₹84,239.14",15%,421195.7,358016.34,UPI,Retail Store,Completed,Returning
INV100807,2024-10-23,C0170,P0011,S001,2,"₹7,673.56",0%,15347.12,15347.12,Cash,Retail Store,Cancelled,New
INV100808,2024-09-22,C0049,P0028,S003,7,"₹5,552.27",5%,38865.89,36922.6,Wallet,Distributor,Returned,Returning
INV100809,2024-06-06,C0106,P0006,S002,10,"₹14,244.54",5%,142445.4,135323.13,Bank Transfer,Distributor,Completed,Returning
INV100810,2024-07-22,C0179,P0020,S001,3,₹469.58,10%,1408.74,1267.87,Credit Card,Distributor,Returned,Returning
INV100811,2024-08-01,C0168,P0019,S007,3,₹215.04,0%,645.12,645.12,UPI,Online,Returned,New
INV100812,2024-09-14,C0029,P0029,S010,4,"₹4,277.06",0%,17108.24,17108.24,UPI,Online,Completed,Repeat
INV100813,2024-08-13,C0161,P0007,S003,2,"₹27,041.88",5%,54083.76,51379.57,Credit Card,Retail Store,Completed,Repeat
INV100814,2024-01-16,C0150,P0016,S008,8,"₹21,822.37",20%,174578.96,139663.17,Credit Card,Online,Completed,New
INV100815,2024-12-06,C0150,P0003,S002,4,"₹51,764.86",15%,207059.44,176000.52,Cash,Distributor,Cancelled,Repeat
INV100816,2024-09-05,C0122,P0022,S010,7,₹402.73,5%,2819.11,2678.15,Bank Transfer,Retail Store,Completed,Repeat
INV100817,2024-12-06,C0103,P0025,S010,1,₹437.58,5%,437.58,415.7,Credit Card,Online,Returned,Returning
INV100818,2024-07-24,C0036,P0002,S010,2,"₹81,849.90",15%,163699.8,139144.83,UPI,Retail Store,Returned,Returning
INV100819,2024-12-17,C0169,P0031,S009,7,₹956.75,20%,6697.25,5357.8,Bank Transfer,Online,Completed,New
INV100820,2024-06-15,C0174,P0029,S004,10,"₹4,420.25",10%,44202.5,39782.25,Wallet,Online,Completed,Repeat
INV100821,2024-08-31,C0169,P0007,S007,5,"₹27,548.69",15%,137743.45,117081.93,UPI,Distributor,Cancelled,Returning
INV100822,2024-09-15,C0009,P0009,S008,2,"₹5,641.89",5%,11283.78,10719.59,Wallet,Retail Store,Completed,Repeat
INV100823,2024-02-29,C0124,P0016,S004,4,"₹21,797.97",0%,87191.88,87191.88,Credit Card,Online,Returned,Returning
INV100824,2024-01-15,C0042,P0021,S007,5,₹287.45,0%,1437.25,1437.25,Cash,Distributor,Completed,Returning
INV100825,2024-03-10,C0137,P0032,S002,6,"₹2,784.26",0%,16705.56,16705.56,Wallet,Online,Completed,Repeat
INV100826,2024-07-14,C0168,P0028,S004,4,"₹5,055.68",5%,20222.72,19211.58,Credit Card,Online,Completed,Repeat
INV100827,2024-10-30,C0049,P0008,S010,6,"₹2,687.00",0%,16122.0,16122.0,Cash,Distributor,Completed,Repeat
INV100828,2024-02-01,C0152,P0013,S007,7,"₹5,038.87",5%,35272.09,33508.49,UPI,Distributor,Cancelled,Returning
INV100829,2024-04-23,C0028,P0026,S001,9,₹311.98,10%,2807.82,2527.04,Bank Transfer,Online,Returned,Returning
INV100830,2024-08-21,C0038,P0019,S003,1,₹213.13,15%,213.13,181.16,Wallet,Distributor,Completed,Repeat
INV100831,2024-12-27,C0147,P0031,S004,8,"₹1,039.92",5%,8319.36,7903.39,Cash,Online,Completed,New
INV100832,2024-04-17,C0058,P0004,S003,8,"₹71,445.78",20%,571566.24,457252.99,UPI,Online,Cancelled,Repeat
INV100833,2024-06-21,C0109,P0031,S006,7,₹938.04,10%,6566.28,5909.65,Bank Transfer,Retail Store,Completed,Returning
INV100834,2024-10-07,C0101,P0007,S003,6,"₹30,656.98",15%,183941.88,156350.6,Credit Card,Distributor,Completed,Repeat
INV100835,2024-12-01,C0042,P0009,S008,8,"₹5,697.48",5%,45579.84,43300.85,UPI,Online,Completed,Returning
INV100836,2024-11-29,C0003,P0024,S010,2,₹517.36,20%,1034.72,827.78,UPI,Retail Store,Returned,Returning
INV100837,2024-03-27,C0015,P0007,S006,8,"₹31,024.02",0%,248192.16,248192.16,Credit Card,Distributor,Completed,Returning
INV100838,2024-08-10,C0039,P0026,S004,1,₹308.12,0%,308.12,308.12,Cash,Retail Store,Cancelled,New
INV100839,2024-11-30,C0097,P0006,S008,7,"₹13,849.83",5%,96948.81,92101.37,Cash,Retail Store,Completed,New
INV100840,2024-02-29,C0022,P0008,S008,9,"₹2,349.13",0%,21142.17,21142.17,Wallet,Distributor,Returned,Repeat
INV100841,2024-12-21,C0025,P0012,S007,8,"₹17,820.56",20%,142564.48,114051.58,Bank Transfer,Distributor,Completed,New
INV100842,2024-06-15,C0017,P0012,S007,1,"₹17,415.48",10%,17415.48,15673.93,Wallet,Distributor,Returned,New
INV100843,2024-09-22,C0150,P0008,S004,2,"₹2,690.52",0%,5381.04,5381.04,UPI,Online,Cancelled,Repeat
INV100844,2024-06-09,C0032,P0003,S003,10,"₹50,663.81",0%,506638.1,506638.1,Credit Card,Distributor,Completed,New
INV100845,2024-02-13,C0032,P0033,S005,6,₹714.60,15%,4287.6,3644.46,Credit Card,Online,Completed,New
INV100846,2024-09-22,C0076,P0029,S003,10,"₹4,632.22",10%,46322.2,41689.98,Wallet,Retail Store,Cancelled,Returning
INV100847,2024-09-18,C0054,P0007,S001,4,"₹27,516.24",0%,110064.96,110064.96,Bank Transfer,Online,Completed,Returning
INV100848,2024-10-09,C0056,P0023,S005,3,₹82.78,20%,248.34,198.67,Credit Card,Distributor,Completed,Repeat
INV100849,2024-07-14,C0167,P0011,S007,8,"₹8,033.99",0%,64271.92,64271.92,Cash,Distributor,Completed,Returning
INV100850,2024-04-14,C0019,P0018,S004,6,"₹5,389.59",15%,32337.54,27486.91,Wallet,Distributor,Completed,Repeat
INV100851,2024-03-19,C0081,P0028,S007,1,"₹5,169.29",15%,5169.29,4393.9,Bank Transfer,Online,Cancelled,New
INV100852,2024-12-16,C0141,P0027,S002,6,"₹1,773.70",20%,10642.2,8513.76,Bank Transfer,Retail Store,Completed,New
INV100853,2024-05-20,C0003,P0007,S007,4,"₹31,055.16",10%,124220.64,111798.58,Credit Card,Online,Cancelled,Returning
INV100854,2024-06-05,C0151,P0032,S002,9,"₹2,687.87",5%,24190.83,22981.29,Bank Transfer,Distributor,Completed,Returning
INV100855,2024-02-20,C0013,P0011,S006,7,"₹7,314.48",0%,51201.36,51201.36,Wallet,Distributor,Cancelled,Repeat
INV100856,2024-09-01,C0152,P0009,S005,1,"₹5,368.65",20%,5368.65,4294.92,UPI,Distributor,Completed,New
INV100857,2024-07-12,C0146,P0018,S001,6,"₹5,490.71",20%,32944.26,26355.41,Wallet,Retail Store,Returned,New
INV100858,2024-08-12,C0091,P0030,S009,5,"₹2,105.05",5%,10525.25,9998.99,Wallet,Distributor,Completed,Repeat
INV100859,2024-11-21,C0023,P0020,S007,6,₹521.27,0%,3127.62,3127.62,Credit Card,Distributor,Completed,New
INV100860,2024-03-25,C0148,P0004,S002,5,"₹77,701.63",15%,388508.15,330231.93,Credit Card,Retail Store,Cancelled,Returning
INV100861,2024-03-10,C0123,P0032,S009,9,"₹2,447.95",20%,22031.55,17625.24,Credit Card,Distributor,Completed,Returning
INV100862,2024-01-04,C0109,P0023,S004,9,₹82.61,20%,743.49,594.79,Wallet,Retail Store,Completed,Returning
INV100863,2024-09-25,C0058,P0012,S002,6,"₹17,298.45",0%,103790.7,103790.7,Credit Card,Retail Store,Returned,Repeat
INV100864,2024-03-28,C0096,P0008,S006,4,"₹2,685.96",15%,10743.84,9132.26,Credit Card,Retail Store,Completed,Repeat
INV100865,2024-05-30,C0068,P0014,S001,10,"₹17,369.98",10%,173699.8,156329.82,Bank Transfer,Distributor,Cancelled,New
INV100866,2024-08-25,C0159,P0032,S001,6,"₹2,652.48",0%,15914.88,15914.88,Bank Transfer,Retail Store,Completed,New
INV100867,2024-01-03,C0090,P0012,S007,6,"₹16,159.67",0%,96958.02,96958.02,Cash,Online,Completed,Returning
INV100868,2024-09-20,C0040,P0027,S002,8,"₹1,793.95",0%,14351.6,14351.6,Bank Transfer,Online,Returned,Repeat
INV100869,2024-07-10,C0077,P0024,S007,3,₹519.42,15%,1558.26,1324.52,Credit Card,Retail Store,Returned,New
INV100870,2024-03-12,C0091,P0028,S001,6,"₹5,127.02",20%,30762.12,24609.7,UPI,Retail Store,Completed,New
INV100871,2024-07-21,C0108,P0022,S001,3,₹391.42,20%,1174.26,939.41,Cash,Distributor,Completed,New
INV100872,2024-08-03,C0126,P0032,S003,6,"₹2,605.11",10%,15630.66,14067.59,Cash,Online,Completed,New
INV100873,2024-01-11,C0033,P0010,S006,9,"₹5,491.37",0%,49422.33,49422.33,UPI,Online,Completed,Repeat
INV100874,2024-11-01,C0003,P0028,S008,5,"₹5,374.79",5%,26873.95,25530.25,Cash, online ,Cancelled,New
INV100875,2024-09-18,C0048,P0016,S005,2,"₹22,605.78",5%,45211.56,42950.98,UPI,Distributor,Returned,New
INV100876,2024-08-30,C0027,P0033,S010,3,₹813.67,0%,2441.01,2441.01,Wallet,Distributor,Completed,New
INV100877,2024-03-02,C0034,P0026,S001,5,₹343.52,0%,1717.6,1717.6,Cash,Online,Cancelled,New
INV100878,2024-02-16,C0014,P0025,S007,9,₹426.15,5%,3835.35,3643.58,UPI,Online,Completed,Repeat
INV100879,2024-09-02,C0016,P0033,S007,1,₹707.17,5%,707.17,671.81,Bank Transfer,Retail Store,Completed,Returning
INV100880,2024-08-02,C0064,P0021,S001,3,₹255.52,0%,766.56,766.56,Bank Transfer,Online,Completed,Repeat
INV100881,2024-05-23,C0156,P0007,S007,3,"₹31,039.15",5%,93117.45,88461.58,Bank Transfer,Retail Store,Completed,New
INV100882,2024-02-19,C0172,P0001,S009,3,"₹76,653.04",5%,229959.12,218461.16,Bank Transfer,Distributor,Cancelled,Returning
INV100883,2024-11-05,C0096,P0016,S005,4,"₹20,560.45",15%,82241.8,69905.53,Credit Card,Online,Cancelled,New
INV100884,2024-01-22,C0151,P0013,S004,8,"₹4,500.78",0%,36006.24,36006.24,Wallet,Distributor,Completed,Repeat
INV100885,2024-08-30,C0052,P0010,S001,3,"₹5,197.17",0%,15591.51,15591.51,Bank Transfer,Distributor,Completed,Repeat
INV100886,2024-08-17,C0162,P0008,S007,2,"₹2,510.26",10%,5020.52,4518.47,Wallet,Online,Completed,Returning
INV100887,2024-05-20,C0179,P0009,S005,1,"₹4,980.57",15%,4980.57,4233.48,UPI,Distributor,Returned,Repeat
INV100888,2024-12-16,C0137,P0033,S002,3,₹784.49,10%,2353.47,2118.12,Cash,Distributor,Returned,Repeat
INV100889,2024-11-06,C0070,P0014,S003,1,"₹18,401.66",0%,18401.66,18401.66,Wallet,Distributor,Completed,Returning
INV100890,2024-08-21,C0129,P0017,S005,4,"₹14,339.42",5%,57357.68,54489.8,Wallet,Online,Completed,New
INV100891,2024-01-24,C0137,P0016,S005,1,"₹19,769.71",20%,19769.71,15815.77,Bank Transfer,Online,Completed,New
INV100892,2024-11-24,C0064,P0014,S009,2,"₹18,625.05",0%,37250.1,37250.1,Wallet,Retail Store,Completed,New
INV100893,2024-12-27,C0141,P0017,S003,7,"₹13,421.63",15%,93951.41,79858.7,Credit Card,Distributor,Completed,Repeat
INV100894,2024-04-22,C0072,P0012,S005,1,"₹17,695.12",15%,17695.12,15040.85,Wallet,Online,Returned,Returning
INV100895,2024-05-11,C0161,P0014,S008,4,"₹17,519.39",5%,70077.56,66573.68,Wallet,Distributor,Returned,New
INV100896,2024-08-16,C0060,P0028,S006,3,"₹5,036.72",10%,15110.16,13599.14,UPI,Retail Store,Completed,New
INV100897,2024-04-06,C0146,P0032,S003,5,"₹2,525.23",0%,12626.15,12626.15,UPI,Retail Store,Cancelled,New
INV100898,2024-02-05,C0037,P0005,S007,4,"₹10,321.16",10%,41284.64,37156.18,Cash,Online,Cancelled,New
INV100899,2024-01-07,C0155,P0007,S007,7,"₹27,154.62",0%,190082.34,190082.34,Credit Card,Distributor,Completed,New
INV100900,2024-05-07,C0022,P0018,S003,10,"₹5,503.22",0%,55032.2,55032.2,Credit Card,Online,Cancelled,Returning
INV100901,2024-06-22,C0022,P0013,S003,8,"₹5,132.45",15%,41059.6,34900.66,UPI,Retail Store,Completed,Repeat
INV100902,2024-03-20,C0063,P0004,S009,5,"₹73,211.69",20%,366058.45,292846.76,Credit Card,Online,Completed,Returning
INV100903,2024-05-31,C0027,P0033,S007,3,₹803.97,0%,2411.91,2411.91,Credit Card,Online,Returned,Repeat
INV100904,2024-03-16,C0091,P0019,S004,7,₹232.93,20%,1630.51,1304.41,Credit Card,Retail Store,Completed,New
INV100905,2024-04-24,C0027,P0019,S006,2,₹213.60,15%,427.2,363.12,credit card,Online,Completed,Returning
INV100906,2024-03-18,C0046,P0028,S009,6,"₹5,112.29",15%,30673.74,26072.68,Cash,Online,Completed,Returning
INV100907,2024-05-26,C0090,P0007,S005,8,"₹28,355.14",20%,226841.12,181472.9,Bank Transfer,Distributor,completed,New
INV100908,2024-03-17,C0168,P0010,S006,3,"₹5,221.17",10%,15663.51,14097.16,Cash,Online,Completed,Returning
INV100909,2024-08-06,C0072,P0010,S002,6,"₹4,998.03",0%,29988.18,29988.18,Cash,Retail Store,Completed,Repeat
INV100910,2024-08-05,C0124,P0027,S010,6,"₹1,990.34",0%,11942.04,11942.04,UPI,Retail Store,Returned,Returning
INV100911,2024-09-11,C0138,P0032,S009,9,"₹2,556.26",0%,23006.34,23006.34,Wallet,Distributor,Returned,Returning
INV100912,2024-10-22,C0178,P0015,S002,4,"₹22,505.92",5%,90023.68,85522.5,Credit Card,Retail Store,Cancelled,Repeat
INV100913,2024-03-09,C0029,P0004,S006,6,"₹70,316.13",0%,421896.78,421896.78,UPI,Distributor,Returned,New
INV100914,2024-04-17,C0058,P0004,S003,2,"₹75,076.99",20%,150153.98,120123.18,Cash,Distributor,Completed,Returning
INV100915,2024-08-05,C0096,P0004,S002,10,"₹72,434.78",0%,724347.8,724347.8,Wallet,Online,Completed,New
INV100916,2024-07-06,C0037,P0006,S004,2,"₹13,712.79",0%,27425.58,27425.58,Cash,Online,Completed,Repeat
INV100917,2024-03-12,C0136,P0020,S008,7,₹496.99,20%,3478.93,2783.14,Credit Card,Retail Store,Completed,New
INV100918,2024-01-31,C0165,P0003,S010,3,"₹46,768.33",15%,140304.99,119259.24,Cash,Retail Store,Returned,Returning
INV100919,2024-12-30,C0067,P0033,S005,4,₹806.30,10%,3225.2,2902.68,Bank Transfer,Online,Cancelled,Repeat
INV100920,2024-03-05,C0055,P0026,S010,1,₹315.91,0%,315.91,315.91,Wallet,Distributor,Completed,Returning
INV100921,2024-08-27,C0123,P0021,S007,7,₹257.92,0%,1805.44,1805.44,Bank Transfer,Distributor,Returned,New
INV100922,2024-05-18,C0028,P0007,S002,6,"₹30,253.57",15%,181521.42,154293.21,Bank Transfer,Online,Completed,Repeat
INV100923,2024-03-24,C0139,P0007,S002,4,"₹26,695.59",15%,106782.36,90765.01,Bank Transfer,Online,Cancelled,New
INV100924,2024-11-22,C0009,P0016,S005,2,"₹21,166.29",15%,42332.58,35982.69,Wallet,Retail Store,Completed,New
INV100925,2024-06-10,C0024,P0020,S001,6,₹547.72,5%,3286.32,3122.0,Wallet,Online,Completed,Repeat
INV100926,2024-07-01,C0034,P0007,S006,7,"₹28,978.24",20%,202847.68,162278.14,Wallet,Online,Completed,Returning
INV100927,2024-07-14,C0123,P0003,S005,3,"₹50,899.09",0%,152697.27,152697.27,Credit Card,Distributor,Completed,Returning
INV100928,2024-04-28,C0056,P0010,S003,9,"₹5,680.86",15%,51127.74,43458.58,Wallet,Distributor,Cancelled,Repeat
INV100929,2024-08-17,C0034,P0022,S005,6,₹434.65,15%,2607.9,2216.71,Cash,Online,Returned,New
INV100930,2024-04-16,C0157,P0005,S003,10,"₹10,453.33",20%,104533.3,83626.64,Credit Card,Online,Completed,Repeat
INV100931,2024-10-07,C0023,P0032,S002,8,"₹2,466.71",5%,19733.68,18747.0,Bank Transfer,Online,Completed,Repeat
INV100932,2024-10-22,C0094,P0023,S002,2,₹83.93,0%,167.86,167.86,Cash,Retail Store,Returned,Repeat
INV100933,2024-08-14,C0167,P0009,S002,10,"₹4,962.39",10%,49623.9,44661.51,Bank Transfer,Retail Store,Returned,Returning
INV100934,2024-12-14,C0034,P0029,S006,9,"₹4,816.89",15%,43352.01,36849.21,Bank Transfer,Online,Returned,Returning
INV100935,2024-08-18,C0068,P0003,S010,1,"₹51,755.40",20%,51755.4,41404.32,Wallet,Online,Completed,New
INV100936,2024-05-28,C0097,P0011,S010,7,"₹7,167.93",0%,50175.51,50175.51,Cash,Distributor,Completed,Repeat
INV100937,2024-08-26,C0120,P0030,S002,2,"₹2,035.69",0%,4071.38,4071.38,Cash,Retail Store,Completed,Repeat
INV100938,2024-06-17,C0017,P0021,S006,10,₹264.94,10%,2649.4,2384.46,Cash,Online,Completed,Repeat
INV100939,2024-01-20,C0140,P0010,S008,3,"₹5,024.66",20%,15073.98,12059.18,Wallet,Online,Cancelled,Repeat
INV100940,2024-02-01,C0093,P0028,S008,4,"₹5,138.25",0%,20553.0,20553.0,Credit Card,Distributor,Returned,Repeat
INV100941,2024-05-09,C0163,P0012,S002,3,"₹16,636.25",0%,49908.75,49908.75,Credit Card,Retail Store,Returned,Repeat
INV100942,2024-09-25,C0055,P0017,S003,1,"₹14,753.96",0%,14753.96,14753.96,Cash,Retail Store,Completed,New
INV100943,2024-04-11,C0090,P0027,S008,8,"₹1,955.92",15%,15647.36,13300.26,UPI,Distributor,Returned,Repeat
INV100944,2024-12-20,C0147,P0025,S001,9,₹393.01,15%,3537.09,3006.53,Wallet,Distributor,Completed,Repeat
INV100945,2024-12-06,C0082,P0001,S003,8,"₹78,395.16",0%,627161.28,627161.28,Bank Transfer,Online,Returned,Repeat
INV100946,2024-09-23,C0001,P0029,S003,8,"₹4,829.41",20%,38635.28,30908.22,Credit Card,Online,Completed,Returning
INV100947,2024-04-06,C0108,P0011,S010,7,"₹7,317.98",0%,51225.86,51225.86,UPI,Distributor,Cancelled,New
INV100948,2024-07-08,C0094,P0002,S005,5,"₹89,174.74",15%,445873.7,378992.65,Credit Card,Distributor,Returned,Returning
INV100949,2024-08-21,C0106,P0027,S006,6,"₹1,876.04",15%,11256.24,9567.8,Bank Transfer,Online,Completed,Repeat
INV100950,2024-08-07,C0096,P0012,S009,10,"₹17,378.76",0%,173787.6,173787.6,Cash,Retail Store,Returned,Returning
INV100951,2024-05-25,C0180,P0007,S002,2,"₹29,655.00",0%,59310.0,59310.0,Wallet,Retail Store,Completed,Repeat
INV100952,2024-11-15,C0140,P0007,S008,9,"₹30,379.02",15%,273411.18,232399.5,Bank Transfer,Retail Store,Completed,New
INV100953,2024-08-20,C0142,P0025,S002,4,₹442.70,10%,1770.8,1593.72,Bank Transfer,Retail Store,Returned,Returning
INV100954,2024-12-26,C0102,P0001,S006,4,"₹75,687.57",15%,302750.28,257337.74,Bank Transfer,Retail Store,Returned,Returning
INV100955,2024-05-03,C0002,P0027,S001,1,"₹1,793.27",0%,1793.27,1793.27,Bank Transfer,Distributor,Cancelled,Repeat
INV100956,2024-06-20,C0044,P0028,S004,9,"₹5,122.02",10%,46098.18,41488.36,Cash,Online,Cancelled,Repeat
INV100957,2024-03-06,C0163,P0025,S003,7,₹414.07,5%,2898.49,2753.57,Cash,Online,Completed,Returning
INV100958,2024-03-05,C0130,P0008,S010,7,"₹2,712.77",20%,18989.39,15191.51,Wallet,Online,Completed,New
INV100959,2024-02-17,C0024,P0002,S007,1,"₹88,509.30",20%,88509.3,70807.44,UPI,Online,Cancelled,Returning
INV100960,2024-10-05,C0021,P0025,S001,3,₹421.81,10%,1265.43,1138.89,Bank Transfer,Online,Completed,Returning
INV100961,2024-04-23,C0077,P0013,S009,4,"₹5,045.63",20%,20182.52,16146.02,Cash,Retail Store,Completed,Repeat
INV100962,2024-02-12,C0037,P0002,S010,2,"₹84,288.78",0%,168577.56,168577.56,Wallet,Online,Completed,New
INV100963,2024-05-24,C0068,P0012,S002,2,"₹18,212.41",10%,36424.82,32782.34,UPI,Retail Store,Completed,Repeat
INV100964,2024-01-12,C0106,P0005,S008,2,"₹9,977.40",0%,19954.8,19954.8,Cash,Retail Store,Returned,New
INV100965,2024-04-02,C0077,P0001,S003,10,"₹79,740.02",20%,797400.2,637920.16,Credit Card,Online,Completed,Repeat
INV100966,2024-09-04,C0158,P0001,S003,9,"₹75,322.49",20%,677902.41,542321.93,Credit Card,Online,Cancelled,New
INV100967,2024-10-01,C0006,P0033,S003,4,₹707.74,5%,2830.96,2689.41,UPI,Online,Completed,New
INV100968,2024-04-22,C0022,P0009,S005,5,"₹5,099.23",10%,25496.15,22946.53,Credit Card,Retail Store,Cancelled,Returning
INV100969,2024-05-30,C0120,P0032,S007,9,"₹2,780.33",10%,25022.97,22520.67,Bank Transfer,Online,Completed,Returning
INV100970,2024-05-23,C0101,P0007,S010,10,"₹27,412.34",5%,274123.4,260417.23,UPI,Distributor,Returned,Repeat
INV100971,2024-08-16,C0109,P0018,S006,10,"₹5,347.51",0%,53475.1,53475.1,Cash, online ,Cancelled,Repeat
INV100972,2024-07-10,C0162,P0005,S008,3,"₹10,397.06",0%,31191.18,31191.18,Bank Transfer,Distributor,Returned,Repeat
INV100973,2024-11-05,C0166,P0023,S007,1,₹77.03,0%,77.03,77.03,Bank Transfer,Retail Store,Completed,Repeat
INV100974,2024-05-05,C0019,P0014,S006,6,"₹19,005.99",0%,114035.94,114035.94,Credit Card,Online,Completed,Returning
INV100975,2024-01-06,C0085,P0014,S008,10,"₹19,353.04",5%,193530.4,183853.88,Wallet,Online,Returned,Repeat
INV100976,2024-11-04,C0055,P0014,S002,9,"₹18,821.88",5%,169396.92,160927.07,Credit Card,Distributor,Returned,Returning
INV100977,2024-08-10,C0082,P0021,S004,4,₹291.16,0%,1164.64,1164.64,Cash,Online,Completed,Repeat
INV100978,2024-03-02,C0032,P0029,S003,10,"₹4,557.53",5%,45575.3,43296.53,UPI,Distributor,Completed,Repeat
INV100979,2024-01-10,C0165,P0001,S008,5,"₹82,687.79",0%,413438.95,413438.95,Cash,Online,Cancelled,Returning
INV100980,2024-01-21,C0087,P0002,S002,8,"₹89,321.33",0%,714570.64,714570.64,Cash,Distributor,Completed,Repeat
INV100981,2024-06-11,C0089,P0026,S002,9,₹321.13,5%,2890.17,2745.66,Credit Card,Retail Store,Completed,Returning
INV100982,2024-08-20,C0127,P0008,S006,10,"₹2,351.68",0%,23516.8,23516.8,Credit Card,Online,Completed,New
INV100983,2024-06-14,C0177,P0028,S004,3,"₹5,120.73",0%,15362.19,15362.19,Bank Transfer,Distributor,Completed,Returning
INV100984,2024-01-27,C0067,P0003,S002,1,"₹46,093.30",5%,46093.3,43788.64,Bank Transfer,Distributor,Cancelled,Repeat
INV100985,2024-05-18,C0179,P0011,S003,10,"₹7,044.14",10%,70441.4,63397.26,Bank Transfer,Online,Cancelled,Repeat
INV100986,2024-11-22,C0115,P0008,S009,9,"₹2,574.91",0%,23174.19,23174.19,Cash,Retail Store,Completed,Returning
INV100987,2024-09-04,C0058,P0006,S005,5,"₹12,657.31",20%,63286.55,50629.24,Wallet,Online,Completed,Returning
INV100988,2024-02-09,C0020,P0032,S001,4,"₹2,675.39",0%,10701.56,10701.56,Cash,Retail Store,Completed,Repeat
INV100989,2024-02-23,C0088,P0014,S010,9,"₹19,235.78",15%,173122.02,147153.72,Bank Transfer,Distributor,Returned,Returning
INV100990,2024-03-19,C0130,P0007,S003,4,"₹28,431.43",5%,113725.72,108039.43,Cash,Distributor,Cancelled,New
INV100991,2024-07-23,C0049,P0005,S005,7,"₹9,975.74",0%,69830.18,69830.18,Wallet,Distributor,Completed,New
INV100992,2024-08-24,C0028,P0008,S004,1,"₹2,415.87",10%,2415.87,2174.28,Credit Card,Retail Store,Cancelled,Repeat
INV100993,2024-06-29,C0068,P0008,S009,2,"₹2,515.34",5%,5030.68,4779.15,UPI,Retail Store,Cancelled,Repeat
INV100994,2024-09-17,C0086,P0004,S008,5,"₹68,025.83",5%,340129.15,323122.69,Cash,Distributor,Returned,New
INV100995,2024-05-30,C0049,P0026,S003,10,₹322.97,5%,3229.7,3068.22,Cash,Distributor,Returned,New
INV100996,2024-12-14,C0013,P0016,S002,4,"₹19,451.28",0%,77805.12,77805.12,Credit Card,Distributor,Completed,New
INV100997,2024-02-03,C0137,P0007,S005,4,"₹29,886.17",15%,119544.68,101612.98,Cash,Retail Store,Returned,New
INV100998,2024-04-22,C0178,P0018,S008,4,"₹5,497.60",0%,21990.4,21990.4,Bank Transfer,Distributor,Completed,Returning
INV100999,2024-11-01,C0074,P0001,S002,3,"₹83,517.47",15%,250552.41,212969.55,Wallet,Retail Store,Completed,Returning
INV101000,2024-05-02,C0044,P0021,S002,3,₹270.25,0%,810.75,810.75,Cash,Online,Completed,Returning
INV101001,2024-08-30,C0110,P0022,S001,3,₹436.32,5%,1308.96,1243.51,UPI,Distributor,Completed,Returning
INV101002,2024-06-29,C0122,P0001,S008,4,"₹73,502.12",10%,294008.48,264607.63,Credit Card,Distributor,Completed,New
INV101003,2024-09-25,C0129,P0011,S003,2,"₹7,265.79",0%,14531.58,14531.58,Bank Transfer,Retail Store,Returned,Returning
INV101004,2024-06-28,C0140,P0017,S008,5,"₹13,785.44",5%,68927.2,65480.84,Bank Transfer,Retail Store,Completed,Returning
INV101005,2024-12-05,C0153,P0031,S002,5,"₹1,010.14",20%,5050.7,4040.56,Credit Card,Online,Returned,New
INV101006,2024-12-03,C0037,P0023,S008,1,₹82.20,0%,82.2,82.2,Cash,Retail Store,Completed,Returning
INV101007,2024-02-15,C0050,P0025,S002,5,₹424.74,20%,2123.7,1698.96,Cash,Distributor,Completed,Repeat
INV101008,2024-12-13,C0090,P0022,S007,10,₹440.53,10%,4405.3,3964.77,Bank Transfer,Retail Store,Completed,New
INV101009,2024-10-23,C0134,P0022,S010,2,₹430.66,10%,861.32,775.19,Wallet,Retail Store,Completed,New
INV101010,2024-01-05,C0128,P0010,S008,3,"₹5,659.28",15%,16977.84,14431.16,Wallet,Distributor,Completed,Repeat
INV101011,2024-09-06,C0074,P0005,S005,1,"₹8,975.55",10%,8975.55,8077.99,Bank Transfer,Distributor,Completed,New
INV101012,2024-09-07,C0079,P0001,S007,6,"₹82,593.30",20%,495559.8,396447.84,Credit Card,Retail Store,Completed,Repeat
INV101013,2024-05-25,C0129,P0010,S002,5,"₹5,683.92",0%,28419.6,28419.6,UPI,Retail Store,Cancelled,New
INV101014,2024-05-28,C0057,P0003,S008,6,"₹51,922.51",0%,311535.06,311535.06,Cash,Retail Store,Returned,New
INV101015,2024-05-13,C0078,P0020,S003,10,₹524.88,10%,5248.8,4723.92,Bank Transfer,Distributor,Completed,Returning
INV101016,2024-04-12,C0065,P0009,S007,9,"₹5,186.51",0%,46678.59,46678.59,Credit Card,Retail Store,Cancelled,Returning
INV101017,2024-08-24,C0140,P0012,S007,7,"₹16,262.61",0%,113838.27,113838.27,Cash,Distributor,Completed,Returning
INV101018,2024-12-16,C0092,P0030,S006,7,"₹1,937.93",10%,13565.51,12208.96,credit card,Retail Store,Completed,Returning
INV101019,2024-01-14,C0108,P0006,S003,10,"₹14,184.66",5%,141846.6,134754.27,Wallet,Distributor,Completed,New
INV101020,2024-11-13,C0140,P0019,S001,7,₹216.03,0%,1512.21,1512.21,Credit Card,Retail Store,Cancelled,Repeat
INV101021,2024-01-28,C0022,P0004,S005,2,"₹73,801.77",5%,147603.54,140223.36,Bank Transfer,Distributor,Returned,Returning
INV101022,2024-06-18,C0016,P0008,S010,9,"₹2,631.50",20%,23683.5,18946.8,UPI,Distributor,Completed,Returning
INV101023,2024-09-10,C0035,P0015,S003,5,"₹23,710.95",20%,118554.75,94843.8,Credit Card,Retail Store,Cancelled,Returning
INV101024,2024-04-12,C0030,P0005,S001,3,"₹10,275.86",15%,30827.58,26203.44,Wallet,Online,Completed,New
INV101025,2024-02-23,C0122,P0002,S009,8,"₹78,811.62",10%,630492.96,567443.66,Credit Card,Retail Store,Returned,Repeat
INV101026,2024-04-04,C0061,P0017,S010,8,"₹14,137.16",20%,113097.28,90477.82,Cash,Online,Completed,New
INV101027,2024-03-13,C0169,P0016,S003,9,"₹21,618.23",20%,194564.07,155651.26,UPI,Retail Store,Returned,Repeat
INV101028,2024-05-28,C0171,P0007,S010,8,"₹29,738.76",5%,237910.08,226014.58,Cash,Retail Store,Completed,Repeat
INV101029,2024-08-01,C0109,P0010,S001,5,"₹4,946.01",10%,24730.05,22257.05,Cash,Online,Cancelled,Repeat
INV101030,2024-01-18,C0166,P0029,S001,6,"₹4,468.93",0%,26813.58,26813.58,Cash,Retail Store,Completed,New
INV101031,2024-07-02,C0129,P0033,S004,6,₹757.25,20%,4543.5,3634.8,Wallet,Online,Completed,Returning
INV101032,2024-03-18,C0091,P0022,S008,3,₹429.98,5%,1289.94,1225.44,Bank Transfer,Retail Store,Completed,Returning
INV101033,2024-09-04,C0097,P0031,S010,3,"₹1,040.62",15%,3121.86,2653.58,Wallet,Distributor,Cancelled,Repeat
INV101034,2024-03-07,C0179,P0021,S010,10,₹281.46,5%,2814.6,2673.87,Cash,Online,Completed,New
INV101035,2024-03-22,C0060,P0007,S002,8,"₹28,852.36",20%,230818.88,184655.1,UPI,Distributor,Completed,New
INV101036,2024-03-30,C0099,P0027,S002,1,"₹1,822.76",15%,1822.76,1549.35,Credit Card,Distributor,Completed,Repeat
INV101037,2024-07-10,C0156,P0002,S003,6,"₹87,541.32",0%,525247.92,525247.92,Cash,Online,Cancelled,Returning
INV101038,2024-04-12,C0051,P0017,S008,8,"₹13,402.08",20%,107216.64,85773.31,UPI,Distributor,Completed,Repeat
INV101039,2024-09-27,C0050,P0006,S010,1,"₹14,560.51",20%,14560.51,11648.41,Credit Card,Online,Completed,New
INV101040,2024-01-03,C0093,P0027,S010,9,"₹1,850.17",0%,16651.53,16651.53,Wallet,Retail Store,Completed,New
INV101041,2024-10-19,C0122,P0033,S006,6,₹802.47,15%,4814.82,4092.6,UPI,Online,Returned,Repeat
INV101042,2024-11-16,C0097,P0005,S010,2,"₹10,124.72",0%,20249.44,20249.44,Bank Transfer,Online,Completed,Repeat
INV101043,2024-04-28,C0014,P0022,S001,4,₹439.01,5%,1756.04,1668.24,Bank Transfer,Retail Store,Completed,New
INV101044,2024-03-21,C0074,P0005,S009,10,"₹10,234.47",0%,102344.7,102344.7,Wallet,Distributor,Completed,Repeat
INV101045,2024-11-12,C0015,P0008,S010,8,"₹2,605.57",5%,20844.56,19802.33,Credit Card,Retail Store,Returned,Repeat
INV101046,2024-04-12,C0086,P0004,S003,4,"₹76,389.15",15%,305556.6,259723.11,Bank Transfer,Distributor,Completed,New
INV101047,2024-09-09,C0019,P0003,S006,2,"₹50,232.61",10%,100465.22,90418.7,Wallet,Online,Cancelled,Repeat
INV101048,2024-03-07,C0070,P0003,S002,1,"₹49,516.14",10%,49516.14,44564.53,Bank Transfer,Retail Store,Returned,Repeat
INV101049,2024-04-26,C0006,P0004,S001,4,"₹73,962.30",15%,295849.2,251471.82,Cash,Distributor,Completed,Returning
INV101050,2024-09-03,C0014,P0025,S007,3,₹426.23,10%,1278.69,1150.82,Wallet,Online,Completed,Repeat
INV101051,2024-03-01,C0158,P0024,S006,4,₹489.74,5%,1958.96,1861.01,Credit Card,Online,Completed,New
INV101052,2024-10-28,C0003,P0015,S007,9,"₹22,673.80",15%,204064.2,173454.57,Credit Card,Distributor,Completed,New
INV101053,2024-02-09,C0015,P0009,S008,3,"₹4,965.93",5%,14897.79,14152.9,Bank Transfer,Distributor,Completed,Repeat
INV101054,2024-03-07,C0156,P0026,S008,2,₹299.68,20%,599.36,479.49,Bank Transfer,Distributor,Completed,Repeat
INV101055,2024-12-27,C0092,P0015,S008,5,"₹25,546.98",5%,127734.9,121348.15,Bank Transfer,Distributor,Completed,Returning
INV101056,2024-05-16,C0082,P0033,S002,1,₹802.55,5%,802.55,762.42,Wallet,Retail Store,Completed,New
INV101057,2024-04-14,C0036,P0015,S005,9,"₹22,974.91",0%,206774.19,206774.19,UPI,Online,Completed,Returning
INV101058,2024-08-13,C0167,P0030,S002,1,"₹2,068.53",10%,2068.53,1861.68,Bank Transfer,Retail Store,completed,Repeat
INV101059,2024-06-02,C0022,P0004,S005,10,"₹72,650.35",10%,726503.5,653853.15,Cash,Retail Store,Returned,New
INV101060,2024-04-24,C0053,P0025,S003,7,₹383.35,15%,2683.45,2280.93,Bank Transfer,Online,Cancelled,Repeat
INV101061,2024-01-14,C0156,P0022,S005,10,₹428.16,0%,4281.6,4281.6,Bank Transfer,Distributor,Cancelled,Repeat
INV101062,2024-08-06,C0015,P0007,S009,7,"₹30,965.68",20%,216759.76,173407.81,Bank Transfer,Distributor,Returned,Repeat
INV101063,2024-10-20,C0146,P0017,S003,7,"₹14,422.42",10%,100956.94,90861.25,UPI,Online,Completed,Repeat
INV101064,2024-12-15,C0071,P0006,S004,9,"₹13,210.10",5%,118890.9,112946.35,Cash,Online,Cancelled,Repeat
INV101065,2024-07-04,C0069,P0017,S010,1,"₹13,448.27",0%,13448.27,13448.27,Bank Transfer,Retail Store,Completed,Repeat
INV101066,2024-08-24,C0005,P0029,S001,8,"₹4,826.84",0%,38614.72,38614.72,Cash,Distributor,Cancelled,New
INV101067,2024-07-28,C0015,P0006,S005,10,"₹13,159.09",15%,131590.9,111852.26,Credit Card,Retail Store,Completed,Repeat
INV101068,2024-05-21,C0067,P0032,S003,4,"₹2,468.70",20%,9874.8,7899.84,Wallet, online ,Completed,New
INV101069,2024-02-28,C0168,P0003,S003,9,"₹50,088.14",10%,450793.26,405713.93,Credit Card,Distributor,Completed,New
INV101070,2024-12-31,C0067,P0017,S001,6,"₹14,361.77",15%,86170.62,73245.03,Wallet,Online,Completed,New
INV101071,2024-02-09,C0130,P0029,S002,9,"₹4,302.96",0%,38726.64,38726.64,Bank Transfer,Distributor,Completed,Returning
INV101072,2024-07-31,C0019,P0028,S005,3,"₹5,237.41",0%,15712.23,15712.23,Bank Transfer,Retail Store,Returned,Returning
INV101073,2024-07-10,C0121,P0019,S010,1,₹214.82,0%,214.82,214.82,Bank Transfer,Online,Cancelled,New
INV101074,2024-02-24,C0156,P0014,S006,9,"₹19,009.94",20%,171089.46,136871.57,Wallet,Distributor,Completed,New
INV101075,2024-07-12,C0150,P0003,S003,7,"₹46,120.22",20%,322841.54,258273.23,Credit Card,Online,Cancelled,Returning
INV101076,2024-10-21,C0162,P0027,S009,2,"₹1,989.15",15%,3978.3,3381.56,Wallet,Retail Store,Cancelled,Returning
INV101077,2024-08-13,C0082,P0018,S004,10,"₹5,603.04",5%,56030.4,53228.88,Bank Transfer,Online,Completed,New
INV101078,2024-08-21,C0081,P0008,S004,8,"₹2,729.43",20%,21835.44,17468.35,Cash,Retail Store,Completed,Repeat
INV101079,2024-10-13,C0130,P0005,S006,8,"₹9,269.10",15%,74152.8,63029.88,Cash,Online,Cancelled,New
INV101080,2024-10-02,C0063,P0027,S010,3,"₹1,825.74",15%,5477.22,4655.64,Bank Transfer,Retail Store,Completed,New
INV101081,2024-02-11,C0105,P0027,S009,3,"₹1,896.80",15%,5690.4,4836.84,UPI,Online,Returned,New
INV101082,2024-03-26,C0031,P0027,S005,9,"₹2,029.22",20%,18262.98,14610.38,Credit Card,Online,Completed,Repeat
INV101083,2024-01-13,C0177,P0011,S002,3,"₹7,940.55",15%,23821.65,20248.4,Cash,Retail Store,Completed,New
INV101084,2024-07-24,C0179,P0016,S005,2,"₹22,281.22",5%,44562.44,42334.32,Bank Transfer,Distributor,Cancelled,Returning
INV101085,2024-02-25,C0012,P0005,S006,8,"₹9,889.82",10%,79118.56,71206.7,Cash,Retail Store,Returned,Returning
INV101086,2024-03-09,C0047,P0033,S002,3,₹765.52,0%,2296.56,2296.56,Bank Transfer,Distributor,Returned,Repeat
INV101087,2024-06-13,C0113,P0012,S009,10,"₹18,488.98",5%,184889.8,175645.31,Credit Card,Online,Completed,Repeat
INV101088,2024-06-23,C0013,P0033,S007,5,₹740.24,5%,3701.2,3516.14,UPI,Online,Completed,Returning
INV101089,2024-04-17,C0111,P0018,S010,10,"₹4,920.35",5%,49203.5,46743.32,Bank Transfer,Online,Completed,Repeat
INV101090,2024-05-20,C0125,P0029,S004,3,"₹4,807.67",5%,14423.01,13701.86,Bank Transfer,Distributor,Completed,New
INV101091,2024-12-07,C0072,P0010,S002,4,"₹5,551.54",15%,22206.16,18875.24,UPI,Online,Cancelled,New
INV101092,2024-10-03,C0138,P0013,S001,8,"₹4,728.46",0%,37827.68,37827.68,Bank Transfer,Distributor,Returned,Returning
INV101093,2024-08-15,C0134,P0009,S008,5,"₹5,542.37",0%,27711.85,27711.85,Credit Card,Retail Store,Returned,Repeat
INV101094,2024-05-14,C0023,P0009,S005,2,"₹5,617.28",5%,11234.56,10672.83,UPI,Distributor,Completed,Repeat
INV101095,2024-03-21,C0130,P0022,S005,8,₹426.73,20%,3413.84,2731.07,Credit Card,Distributor,Completed,New
INV101096,2024-08-09,C0026,P0021,S004,9,₹292.71,20%,2634.39,2107.51,Credit Card,Distributor,Completed,New
INV101097,2024-03-11,C0151,P0025,S004,4,₹410.96,5%,1643.84,1561.65,Cash,Online,Returned,Repeat
INV101098,2024-03-08,C0051,P0006,S009,4,"₹13,420.13",0%,53680.52,53680.52,Cash,Distributor,Cancelled,New
INV101099,2024-12-29,C0046,P0003,S007,5,"₹48,508.71",15%,242543.55,206162.02,Wallet,Online,Completed,Repeat
INV101100,2024-09-28,C0169,P0012,S005,4,"₹17,724.56",5%,70898.24,67353.33,Cash,Distributor,Returned,Returning
INV101101,2024-07-01,C0140,P0031,S005,2,₹944.57,0%,1889.14,1889.14,Bank Transfer,Retail Store,Returned,Repeat
INV101102,2024-05-06,C0170,P0028,S002,3,"₹5,780.22",10%,17340.66,15606.59,Credit Card,Retail Store,Returned,Returning
INV101103,2024-03-06,C0124,P0032,S010,7,"₹2,493.86",20%,17457.02,13965.62,Bank Transfer,Retail Store,Cancelled,New
INV101104,2024-07-28,C0016,P0021,S005,6,₹272.88,10%,1637.28,1473.55,Cash,Retail Store,Returned,Repeat
INV101105,2024-01-28,C0069,P0032,S004,6,"₹2,737.07",20%,16422.42,13137.94,Bank Transfer,Retail Store,Returned,New
INV101106,2024-10-20,C0043,P0014,S002,10,"₹17,696.63",15%,176966.3,150421.36,Wallet,Distributor,Completed,Returning
INV101107,2024-01-11,C0098,P0006,S006,6,"₹12,615.37",15%,75692.22,64338.39,Credit Card,Distributor,Completed,Repeat
INV101108,2024-10-01,C0051,P0011,S009,7,"₹7,175.47",20%,50228.29,40182.63,UPI,Retail Store,Completed,Repeat
INV101109,2024-04-20,C0142,P0016,S001,1,"₹21,804.23",0%,21804.23,21804.23,Wallet,Online,Cancelled,Repeat
INV101110,2024-09-05,C0011,P0011,S005,5,"₹7,176.27",0%,35881.35,35881.35,UPI,Online,Completed,Returning
INV101111,2024-03-04,C0097,P0026,S003,5,₹299.67,0%,1498.35,1498.35,Wallet,Distributor,Returned,New
INV101112,2024-01-08,C0139,P0010,S002,10,"₹5,008.49",10%,50084.9,45076.41,Wallet,Retail Store,Completed,Repeat
INV101113,2024-09-19,C0006,P0020,S005,8,₹477.59,0%,3820.72,3820.72,Wallet,Retail Store,Returned,Repeat
INV101114,2024-08-07,C0024,P0015,S007,9,"₹24,385.63",5%,219470.67,208497.14,Wallet,Distributor,Completed,Repeat
INV101115,2024-01-09,C0128,P0026,S006,9,₹301.30,20%,2711.7,2169.36,UPI,Distributor,Completed,Repeat
INV101116,2024-04-28,C0115,P0024,S008,10,₹506.07,0%,5060.7,5060.7,Bank Transfer,Online,Completed,New
INV101117,2024-10-14,C0044,P0014,S008,10,"₹16,981.17",0%,169811.7,169811.7,Cash,Distributor,Returned,Returning
INV101118,2024-10-17,C0060,P0004,S008,5,"₹70,511.06",10%,352555.3,317299.77,Bank Transfer,Online,Completed,Repeat
INV101119,2024-12-18,C0145,P0027,S001,5,"₹1,810.23",20%,9051.15,7240.92,Wallet,Retail Store,Cancelled,Repeat
INV101120,2024-06-09,C0167,P0016,S006,8,"₹20,892.11",20%,167136.88,133709.5,Wallet,Distributor,Completed,New
INV101121,2024-08-05,C0180,P0005,S007,3,"₹9,163.31",0%,27489.93,27489.93,Credit Card,Online,Completed,Repeat
INV101122,2024-02-28,C0010,P0028,S008,3,"₹5,648.21",20%,16944.63,13555.7,Cash,Online,Cancelled,Repeat
INV101123,2024-07-23,C0003,P0019,S002,7,₹227.16,5%,1590.12,1510.61,Bank Transfer,Distributor,Completed,Returning
INV101124,2024-07-09,C0145,P0011,S003,5,"₹7,722.32",15%,38611.6,32819.86,Wallet,Distributor,Completed,Returning
INV101125,2024-11-05,C0065,P0031,S008,4,"₹1,075.84",5%,4303.36,4088.19,UPI,Online,Cancelled,Returning
INV101126,2024-08-30,C0003,P0021,S007,3,₹276.40,0%,829.2,829.2,Credit Card,Retail Store,Completed,New
INV101127,2024-12-21,C0025,P0030,S006,2,"₹2,002.15",0%,4004.3,4004.3,Wallet,Online,Completed,Repeat
INV101128,2024-11-21,C0144,P0015,S006,1,"₹23,568.90",0%,23568.9,23568.9,Cash,Distributor,Completed,Repeat
INV101129,2024-11-15,C0104,P0017,S009,9,"₹14,230.88",20%,128077.92,102462.34,Credit Card,Distributor,Completed,New
INV101130,2024-04-20,C0072,P0012,S005,10,"₹16,229.73",0%,162297.3,162297.3,Wallet,Distributor,Returned,Repeat
INV101131,2024-10-21,C0152,P0018,S010,8,"₹4,978.08",0%,39824.64,39824.64,credit card,Online,Completed,Returning
INV101132,2024-03-16,C0037,P0011,S008,1,"₹6,993.61",5%,6993.61,6643.93,Credit Card,Online,Cancelled,Repeat
INV101133,2024-08-05,C0171,P0031,S006,5,"₹1,048.92",15%,5244.6,4457.91,UPI,Distributor,Returned,Repeat
INV101134,2024-07-16,C0122,P0023,S005,9,₹81.59,5%,734.31,697.59,Wallet,Online,Completed,Returning
INV101135,2024-05-22,C0037,P0028,S009,8,"₹5,555.08",10%,44440.64,39996.58,Bank Transfer,Distributor,Completed,Returning
INV101136,2024-08-10,C0167,P0023,S003,1,₹85.81,5%,85.81,81.52,Bank Transfer,Distributor,Returned,New
INV101137,2024-11-11,C0144,P0013,S007,6,"₹5,163.98",0%,30983.88,30983.88,Credit Card,Online,Returned,Repeat
INV101138,2024-09-26,C0050,P0001,S010,5,"₹73,310.47",5%,366552.35,348224.73,Bank Transfer,Retail Store,Cancelled,New
INV101139,2024-11-06,C0070,P0003,S005,8,"₹45,847.01",10%,366776.08,330098.47,Bank Transfer,Retail Store,Completed,Returning
INV101140,2024-01-16,C0121,P0030,S008,3,"₹2,041.40",10%,6124.2,5511.78,Wallet,Online,Completed,Repeat
INV101141,2024-01-15,C0157,P0010,S003,3,"₹5,198.31",0%,15594.93,15594.93,Credit Card,Online,Returned,Returning
INV101142,2024-12-29,C0016,P0021,S002,9,₹299.19,5%,2692.71,2558.07,UPI,Distributor,Cancelled,Returning
INV101143,2024-01-09,C0086,P0021,S003,10,₹297.45,20%,2974.5,2379.6,Wallet,Online,Returned,Repeat
INV101144,2024-12-07,C0172,P0004,S002,4,"₹68,603.99",15%,274415.96,233253.57,Bank Transfer,Online,Completed,Repeat
INV101145,2024-01-23,C0071,P0013,S009,7,"₹4,933.80",0%,34536.6,34536.6,Credit Card,Retail Store,Completed,Returning
INV101146,2024-06-28,C0031,P0022,S008,10,₹384.00,20%,3840.0,3072.0,Cash,Online,Completed,New
INV101147,2024-04-03,C0023,P0012,S006,10,"₹18,546.97",20%,185469.7,148375.76,UPI,Online,Completed,Returning
INV101148,2024-07-10,C0118,P0006,S004,5,"₹13,871.49",20%,69357.45,55485.96,UPI,Distributor,Completed,Repeat
INV101149,2024-01-28,C0098,P0019,S003,5,₹221.72,0%,1108.6,1108.6,Cash,Online,Completed,Repeat
INV101150,2024-04-12,C0046,P0019,S005,8,₹205.13,5%,1641.04,1558.99,Bank Transfer,Distributor,Completed,Repeat
INV101151,2024-11-24,C0134,P0029,S003,1,"₹4,409.84",15%,4409.84,3748.36,Wallet,Distributor,Completed,Returning
INV101152,2024-08-10,C0089,P0019,S004,6,₹235.89,20%,1415.34,1132.27,Wallet,Distributor,Completed,New
INV101153,2024-09-19,C0054,P0017,S004,8,"₹12,836.69",5%,102693.52,97558.84,Credit Card,Distributor,Completed,Repeat
INV101154,2024-03-12,C0120,P0021,S006,10,₹284.74,10%,2847.4,2562.66,Credit Card,Retail Store,Completed,Returning
INV101155,2024-07-02,C0003,P0011,S007,8,"₹7,304.28",5%,58434.24,55512.53,Credit Card,Online,Completed,Repeat
INV101156,2024-03-24,C0120,P0012,S001,8,"₹17,140.38",15%,137123.04,116554.58,Wallet,Distributor,Returned,Returning
INV101157,2024-07-23,C0122,P0016,S005,6,"₹20,405.69",15%,122434.14,104069.02,Cash,Retail Store,Completed,New
INV101158,2024-09-16,C0028,P0027,S007,5,"₹1,868.41",15%,9342.05,7940.74,Credit Card,Online,Cancelled,New
INV101159,2024-06-02,C0153,P0013,S010,3,"₹4,955.52",0%,14866.56,14866.56,Credit Card,Online,Completed,New
INV101160,2024-06-26,C0118,P0026,S003,8,₹329.61,0%,2636.88,2636.88,UPI,Online,Completed,Repeat
INV101161,2024-02-11,C0048,P0016,S004,7,"₹21,700.37",0%,151902.59,151902.59,UPI,Distributor,Cancelled,Repeat
INV101162,2024-01-03,C0123,P0011,S006,2,"₹7,560.08",10%,15120.16,13608.14,Cash,Distributor,Completed,Repeat
INV101163,2024-12-08,C0097,P0030,S004,2,"₹1,846.23",10%,3692.46,3323.21,UPI,Retail Store,Completed,Repeat
INV101164,2024-12-11,C0109,P0026,S009,2,₹320.85,5%,641.7,609.62,Wallet,Online,Completed,Returning
INV101165,2024-04-01,C0061,P0024,S006,6,₹520.35,15%,3122.1,2653.79,Wallet, online ,Returned,New
INV101166,2024-11-26,C0059,P0009,S008,4,"₹5,109.51",0%,20438.04,20438.04,Cash,Online,Completed,Repeat
INV101167,2024-11-30,C0047,P0028,S003,5,"₹5,289.37",5%,26446.85,25124.51,Cash,Online,Completed,Repeat
INV101168,2024-04-01,C0042,P0026,S009,2,₹337.20,10%,674.4,606.96,Bank Transfer,Distributor,Completed,Returning
INV101169,2024-07-26,C0004,P0011,S006,3,"₹7,508.64",15%,22525.92,19147.03,Cash,Online,Returned,Returning
INV101170,2024-12-09,C0103,P0028,S001,5,"₹5,178.90",10%,25894.5,23305.05,Credit Card,Distributor,Returned,Returning
INV101171,2024-07-09,C0122,P0022,S009,6,₹430.01,0%,2580.06,2580.06,Cash,Distributor,Returned,Returning
INV101172,2024-02-10,C0039,P0001,S006,10,"₹74,608.87",5%,746088.7,708784.26,Wallet,Distributor,Returned,Repeat
INV101173,2024-01-25,C0119,P0019,S001,2,₹218.04,10%,436.08,392.47,Credit Card,Distributor,Completed,Repeat
INV101174,2024-08-05,C0087,P0019,S001,9,₹208.16,5%,1873.44,1779.77,Bank Transfer,Retail Store,Completed,Repeat
INV101175,2024-06-15,C0077,P0003,S010,2,"₹51,291.02",5%,102582.04,97452.94,Wallet,Distributor,Returned,New
INV101176,2024-03-30,C0022,P0007,S003,3,"₹28,931.31",20%,86793.93,69435.14,Bank Transfer,Retail Store,Returned,Returning
INV101177,2024-11-12,C0063,P0030,S001,2,"₹1,922.95",5%,3845.9,3653.61,UPI,Distributor,Completed,Repeat
INV101178,2024-09-19,C0021,P0022,S005,7,₹379.80,10%,2658.6,2392.74,Bank Transfer,Distributor,Completed,Repeat
INV101179,2024-02-29,C0050,P0017,S005,10,"₹13,963.97",15%,139639.7,118693.74,UPI,Distributor,Completed,Repeat
INV101180,2024-10-20,C0122,P0014,S007,5,"₹18,742.12",20%,93710.6,74968.48,UPI,Retail Store,Cancelled,Returning
INV101181,2024-01-24,C0155,P0026,S003,5,₹295.99,5%,1479.95,1405.95,UPI,Online,Returned,Returning
INV101182,2024-03-07,C0071,P0018,S008,10,"₹5,104.30",20%,51043.0,40834.4,UPI,Online,Completed,Returning
INV101183,2024-06-15,C0057,P0005,S010,5,"₹10,015.68",20%,50078.4,40062.72,Cash,Distributor,Returned,Returning
INV101184,2024-10-31,C0085,P0025,S008,9,₹402.55,0%,3622.95,3622.95,Bank Transfer,Retail Store,Returned,New
INV101185,2024-08-24,C0128,P0014,S009,3,"₹17,872.37",20%,53617.11,42893.69,Cash,Online,Cancelled,New
INV101186,2024-11-19,C0125,P0023,S002,4,₹87.49,20%,349.96,279.97,Bank Transfer,Retail Store,Completed,Repeat
INV101187,2024-08-19,C0173,P0030,S001,3,"₹1,989.58",15%,5968.74,5073.43,Wallet,Retail Store,Cancelled,Repeat
INV101188,2024-07-31,C0006,P0019,S009,8,₹215.06,0%,1720.48,1720.48,Wallet,Online,Returned,Returning
INV101189,2024-03-04,C0025,P0026,S004,4,₹325.09,0%,1300.36,1300.36,UPI,Online,Returned,Returning
INV101190,2024-07-28,C0091,P0014,S007,10,"₹17,666.70",5%,176667.0,167833.65,Bank Transfer,Distributor,Completed,Returning
INV101191,2024-12-17,C0163,P0021,S009,9,₹272.92,15%,2456.28,2087.84,Cash,Retail Store,Returned,Repeat
INV101192,2024-08-18,C0041,P0012,S007,5,"₹17,350.87",0%,86754.35,86754.35,Bank Transfer,Retail Store,Completed,Returning
INV101193,2024-02-20,C0099,P0027,S007,7,"₹1,940.00",0%,13580.0,13580.0,Wallet,Online,Completed,Returning
INV101194,2024-11-13,C0129,P0006,S010,10,"₹13,364.70",20%,133647.0,106917.6,Credit Card,Retail Store,Cancelled,New
INV101195,2024-03-26,C0146,P0031,S002,6,"₹1,046.18",0%,6277.08,6277.08,Cash,Distributor,Cancelled,New
INV101196,2024-03-23,C0118,P0024,S004,3,₹529.36,10%,1588.08,1429.27,UPI,Retail Store,Completed,Repeat
INV101197,2024-02-03,C0008,P0014,S010,8,"₹17,450.27",10%,139602.16,125641.94,Wallet,Retail Store,Completed,New
INV101198,2024-08-24,C0129,P0008,S010,6,"₹2,439.40",0%,14636.4,14636.4,Credit Card,Online,Completed,Returning
INV101199,2024-12-12,C0105,P0031,S007,2,"₹1,080.76",10%,2161.52,1945.37,Wallet,Online,Cancelled,Returning
INV101200,2024-09-30,C0007,P0029,S008,1,"₹4,716.00",5%,4716.0,4480.2,Credit Card,Retail Store,Returned,Returning
INV101201,2024-09-18,C0162,P0029,S007,2,"₹4,237.56",0%,8475.12,8475.12,Bank Transfer,Distributor,Completed,Returning
INV101202,2024-03-27,C0094,P0027,S006,3,"₹1,988.34",0%,5965.02,5965.02,UPI,Retail Store,Completed,Repeat
INV101203,2024-11-24,C0178,P0005,S008,8,"₹10,085.34",0%,80682.72,80682.72,Bank Transfer,Retail Store,Returned,Repeat
INV101204,2024-08-18,C0180,P0017,S010,5,"₹12,846.23",15%,64231.15,54596.48,UPI,Online,Cancelled,Repeat
INV101205,2024-01-14,C0057,P0024,S010,6,₹478.23,20%,2869.38,2295.5,UPI,Distributor,Completed,Repeat
INV101206,2024-12-31,C0113,P0019,S003,3,₹223.21,0%,669.63,669.63,Cash,Retail Store,Completed,New
INV101207,2024-04-18,C0150,P0020,S003,10,₹490.63,0%,4906.3,4906.3,Wallet,Distributor,Cancelled,Repeat
INV101208,2024-09-01,C0159,P0011,S006,3,"₹7,923.43",15%,23770.29,20204.75,Bank Transfer,Distributor,Completed,Repeat
INV101209,2024-09-05,C0166,P0011,S009,8,"₹7,481.08",0%,59848.64,59848.64,Cash,Online,completed,Repeat
INV101210,2024-04-25,C0080,P0014,S004,3,"₹18,508.61",5%,55525.83,52749.54,Credit Card,Distributor,Completed,Repeat
INV101211,2024-09-12,C0118,P0001,S009,4,"₹74,670.55",20%,298682.2,238945.76,Credit Card,Retail Store,Completed,Repeat
INV101212,2024-09-16,C0018,P0018,S009,9,"₹5,289.00",20%,47601.0,38080.8,Credit Card,Online,Returned,Returning
INV101213,2024-09-24,C0064,P0016,S005,3,"₹22,411.63",20%,67234.89,53787.91,UPI,Online,Returned,New
INV101214,2024-01-21,C0156,P0018,S009,5,"₹5,461.76",0%,27308.8,27308.8,Credit Card,Online,Cancelled,Repeat
INV101215,2024-02-01,C0054,P0015,S004,10,"₹24,361.90",15%,243619.0,207076.15,Credit Card,Distributor,Completed,Repeat
INV101216,2024-11-20,C0019,P0013,S008,2,"₹4,507.35",10%,9014.7,8113.23,UPI,Online,Cancelled,Returning
INV101217,2024-04-20,C0154,P0032,S005,10,"₹2,638.39",0%,26383.9,26383.9,Credit Card,Distributor,Returned,Returning
INV101218,2024-04-09,C0151,P0030,S001,5,"₹1,994.73",10%,9973.65,8976.28,Cash,Distributor,Completed,Repeat
INV101219,2024-09-16,C0124,P0033,S005,5,₹798.55,5%,3992.75,3793.11,UPI,Retail Store,Completed,Returning
INV101220,2024-10-14,C0129,P0020,S008,2,₹509.26,0%,1018.52,1018.52,Bank Transfer,Distributor,Returned,Repeat
INV101221,2024-03-24,C0046,P0005,S007,5,"₹10,346.22",0%,51731.1,51731.1,Cash,Retail Store,Cancelled,New
INV101222,2024-04-09,C0028,P0015,S004,5,"₹23,689.41",15%,118447.05,100679.99,Wallet,Retail Store,Completed,Returning
INV101223,2024-06-02,C0157,P0014,S010,3,"₹17,192.20",5%,51576.6,48997.77,Cash,Online,Completed,Returning
INV101224,2024-12-05,C0041,P0021,S009,8,₹281.94,20%,2255.52,1804.42,Cash,Distributor,Completed,New
INV101225,2024-05-14,C0121,P0020,S006,3,₹496.69,5%,1490.07,1415.57,Bank Transfer,Distributor,Completed,Repeat
INV101226,2024-06-06,C0109,P0026,S007,1,₹298.58,10%,298.58,268.72,Cash,Retail Store,Completed,Repeat
INV101227,2024-05-20,C0005,P0013,S004,5,"₹5,086.22",5%,25431.1,24159.55,Credit Card,Retail Store,Returned,Repeat
INV101228,2024-06-15,C0143,P0013,S004,10,"₹4,782.98",15%,47829.8,40655.33,Bank Transfer,Online,Completed,New
INV101229,2024-03-23,C0084,P0031,S010,8,"₹1,052.34",0%,8418.72,8418.72,Cash,Distributor,Returned,New
INV101230,2024-05-23,C0156,P0025,S001,2,₹422.16,0%,844.32,844.32,Bank Transfer,Distributor,Completed,Repeat
INV101231,2024-05-25,C0029,P0031,S003,2,"₹1,083.92",5%,2167.84,2059.45,Cash,Online,Completed,Returning
INV101232,2024-06-02,C0147,P0013,S009,2,"₹4,632.40",10%,9264.8,8338.32,Wallet,Distributor,Completed,Returning
INV101233,2024-09-28,C0075,P0002,S003,2,"₹87,713.41",20%,175426.82,140341.46,Bank Transfer,Retail Store,Returned,Returning
INV101234,2024-04-19,C0048,P0021,S008,4,₹271.59,10%,1086.36,977.72,UPI,Distributor,Completed,Repeat
INV101235,2024-11-05,C0006,P0009,S002,7,"₹5,268.14",10%,36876.98,33189.28,Cash,Online,Cancelled,New
INV101236,2024-09-19,C0096,P0002,S010,7,"₹91,085.24",0%,637596.68,637596.68,Bank Transfer,Distributor,Returned,Repeat
INV101237,2024-10-21,C0086,P0005,S002,10,"₹10,422.06",0%,104220.6,104220.6,Credit Card,Distributor,Completed,Returning
INV101238,2024-02-14,C0147,P0030,S010,4,"₹2,046.79",0%,8187.16,8187.16,Cash,Retail Store,Returned,Repeat
INV101239,2024-03-18,C0167,P0022,S002,3,₹416.18,20%,1248.54,998.83,Cash,Distributor,Returned,New
INV101240,2024-07-24,C0148,P0019,S001,10,₹202.55,10%,2025.5,1822.95,UPI,Retail Store,Returned,New
INV101241,2024-05-12,C0058,P0021,S009,8,₹285.06,20%,2280.48,1824.38,Wallet,Retail Store,Cancelled,New
INV101242,2024-04-06,C0038,P0014,S005,3,"₹16,813.32",0%,50439.96,50439.96,Wallet,Online,Completed,Returning
INV101243,2024-06-27,C0018,P0021,S006,4,₹264.77,20%,1059.08,847.26,Bank Transfer,Online,Returned,Repeat
INV101244,2024-04-29,C0056,P0023,S001,3,₹76.29,10%,228.87,205.98,credit card,Online,Returned,Returning
INV101245,2024-04-16,C0098,P0004,S008,8,"₹69,198.69",10%,553589.52,498230.57,Cash,Distributor,Completed,New
INV101246,2024-03-30,C0130,P0008,S003,4,"₹2,722.55",0%,10890.2,10890.2,Wallet,Retail Store,Completed,Repeat
INV101247,2024-04-07,C0054,P0006,S009,6,"₹13,031.62",10%,78189.72,70370.75,Credit Card,Retail Store,Completed,New
INV101248,2024-07-13,C0108,P0026,S002,6,₹344.37,5%,2066.22,1962.91,Credit Card,Retail Store,Completed,New
INV101249,2024-12-25,C0022,P0025,S008,1,₹428.10,5%,428.1,406.69,Bank Transfer,Online,Completed,New
INV101250,2024-03-31,C0145,P0001,S003,9,"₹73,888.91",0%,665000.19,665000.19,Cash,Online,Completed,Returning
INV101251,2024-04-17,C0170,P0019,S006,10,₹230.79,10%,2307.9,2077.11,Cash,Online,Completed,Returning
INV101252,2024-03-18,C0172,P0012,S006,2,"₹15,962.60",0%,31925.2,31925.2,UPI,Retail Store,Returned,Returning
INV101253,2024-07-10,C0068,P0021,S001,1,₹256.76,5%,256.76,243.92,Cash,Online,Completed,Repeat
INV101254,2024-01-24,C0139,P0025,S010,9,₹390.35,0%,3513.15,3513.15,Credit Card,Retail Store,Completed,New
INV101255,2024-08-02,C0017,P0008,S008,8,"₹2,688.14",10%,21505.12,19354.61,Wallet,Retail Store,Completed,Returning
INV101256,2024-11-22,C0001,P0020,S008,8,₹479.91,5%,3839.28,3647.32,Wallet,Retail Store,Cancelled,Returning
INV101257,2024-02-19,C0123,P0032,S010,4,"₹2,487.38",0%,9949.52,9949.52,UPI,Online,Completed,Returning
INV101258,2024-02-12,C0025,P0026,S005,10,₹308.58,0%,3085.8,3085.8,Bank Transfer,Online,Completed,Repeat
INV101259,2024-12-29,C0119,P0018,S003,6,"₹5,151.92",10%,30911.52,27820.37,UPI,Distributor,Completed,Returning
INV101260,2024-07-16,C0162,P0004,S004,3,"₹68,550.95",0%,205652.85,205652.85,Credit Card,Online,Completed,Repeat
INV101261,2024-06-14,C0003,P0031,S008,6,"₹1,027.77",0%,6166.62,6166.62,Wallet,Retail Store,Returned,New
INV101262,2024-08-20,C0160,P0017,S009,8,"₹14,420.92",0%,115367.36,115367.36,Wallet, online ,Completed,New
INV101263,2024-05-10,C0088,P0032,S009,8,"₹2,436.21",20%,19489.68,15591.74,Bank Transfer,Distributor,Completed,New
INV101264,2024-07-06,C0110,P0002,S009,3,"₹81,139.35",0%,243418.05,243418.05,Cash,Online,Completed,Returning
INV101265,2024-12-30,C0076,P0009,S006,5,"₹5,302.30",10%,26511.5,23860.35,Credit Card,Distributor,Completed,Repeat
INV101266,2024-09-18,C0050,P0010,S004,1,"₹5,462.75",0%,5462.75,5462.75,Bank Transfer,Distributor,Cancelled,New
INV101267,2024-10-15,C0136,P0004,S009,6,"₹69,568.45",15%,417410.7,354799.09,Wallet,Online,Completed,New
INV101268,2024-02-21,C0175,P0011,S010,4,"₹7,082.73",20%,28330.92,22664.74,Wallet,Retail Store,Completed,Repeat
INV101269,2024-01-26,C0103,P0019,S007,9,₹233.26,10%,2099.34,1889.41,Cash,Retail Store,Completed,Returning
INV101270,2024-06-02,C0001,P0005,S005,9,"₹9,395.04",20%,84555.36,67644.29,Wallet,Distributor,Completed,New
INV101271,2024-07-29,C0036,P0010,S008,3,"₹5,174.44",0%,15523.32,15523.32,UPI,Distributor,Returned,Repeat
INV101272,2024-10-29,C0050,P0016,S006,2,"₹22,502.21",0%,45004.42,45004.42,Bank Transfer,Online,Returned,New
INV101273,2024-10-26,C0173,P0010,S004,8,"₹5,411.20",0%,43289.6,43289.6,Bank Transfer,Online,Completed,Returning
INV101274,2024-06-08,C0135,P0007,S010,8,"₹29,705.03",0%,237640.24,237640.24,Bank Transfer,Online,Cancelled,Returning
INV101275,2024-11-08,C0117,P0010,S002,6,"₹5,644.81",5%,33868.86,32175.42,Credit Card,Retail Store,Completed,New
INV101276,2024-11-16,C0120,P0028,S010,3,"₹5,551.92",20%,16655.76,13324.61,Cash,Retail Store,Completed,Returning
INV101277,2024-02-22,C0023,P0024,S004,8,₹531.43,20%,4251.44,3401.15,Cash,Online,Completed,Repeat
INV101278,2024-05-21,C0065,P0033,S006,7,₹794.81,20%,5563.67,4450.94,Bank Transfer,Online,Completed,New
INV101279,2024-12-31,C0125,P0016,S010,8,"₹21,254.40",0%,170035.2,170035.2,Bank Transfer,Online,Returned,Returning
INV101280,2024-11-06,C0145,P0025,S010,9,₹405.17,20%,3646.53,2917.22,Wallet,Online,Cancelled,Returning
INV101281,2024-02-20,C0148,P0007,S002,4,"₹29,332.93",5%,117331.72,111465.13,Wallet,Retail Store,Returned,Returning
INV101282,2024-01-21,C0089,P0029,S008,10,"₹4,159.43",15%,41594.3,35355.15,Cash,Distributor,Returned,Returning
INV101283,2024-01-14,C0056,P0012,S001,6,"₹16,686.99",0%,100121.94,100121.94,Cash,Online,Returned,Repeat
INV101284,2024-07-02,C0175,P0023,S006,4,₹80.49,5%,321.96,305.86,Credit Card,Retail Store,Returned,Returning
INV101285,2024-11-21,C0068,P0011,S004,9,"₹7,678.23",15%,69104.07,58738.46,Cash,Retail Store,Completed,Repeat
INV101286,2024-02-15,C0086,P0023,S010,9,₹85.15,20%,766.35,613.08,UPI,Retail Store,Completed,New
INV101287,2024-02-16,C0164,P0026,S006,10,₹328.62,10%,3286.2,2957.58,Cash,Online,Completed,Returning
INV101288,2024-09-05,C0090,P0022,S008,6,₹441.45,0%,2648.7,2648.7,Bank Transfer,Online,Completed,New
INV101289,2024-10-24,C0080,P0033,S009,5,₹758.85,15%,3794.25,3225.11,Cash,Distributor,Completed,New
INV101290,2024-02-17,C0024,P0026,S005,3,₹313.23,20%,939.69,751.75,Bank Transfer,Retail Store,Completed,Repeat
INV101291,2024-02-23,C0076,P0006,S006,4,"₹14,270.38",10%,57081.52,51373.37,UPI,Distributor,Completed,Returning
INV101292,2024-05-20,C0007,P0032,S004,4,"₹2,760.66",0%,11042.64,11042.64,Cash,Distributor,Completed,New
INV101293,2024-01-07,C0076,P0016,S001,10,"₹22,081.80",10%,220818.0,198736.2,Cash,Distributor,Cancelled,Returning
INV101294,2024-04-08,C0106,P0012,S009,10,"₹17,612.10",10%,176121.0,158508.9,Cash,Distributor,Completed,Returning
INV101295,2024-07-05,C0068,P0028,S006,6,"₹5,231.91",0%,31391.46,31391.46,Bank Transfer,Online,Completed,Repeat
INV101296,2024-12-25,C0064,P0009,S002,9,"₹5,336.22",20%,48025.98,38420.78,Bank Transfer,Online,Cancelled,New
INV101297,2024-06-27,C0180,P0015,S008,5,"₹25,767.64",15%,128838.2,109512.47,Cash,Distributor,Returned,Repeat
INV101298,2024-10-29,C0112,P0005,S003,1,"₹9,607.17",15%,9607.17,8166.09,Credit Card,Retail Store,Returned,Returning
INV101299,2024-03-16,C0017,P0023,S002,5,₹77.97,15%,389.85,331.37,Credit Card,Distributor,Cancelled,Repeat
INV101300,2024-08-08,C0035,P0026,S004,8,₹323.42,5%,2587.36,2457.99,Bank Transfer,Retail Store,Completed,Returning
INV101301,2024-09-17,C0105,P0010,S009,10,"₹5,571.71",5%,55717.1,52931.24,Wallet,Online,Completed,Returning
INV101302,2024-03-02,C0019,P0005,S009,7,"₹9,161.94",20%,64133.58,51306.86,UPI,Online,Cancelled,New
INV101303,2024-04-02,C0008,P0032,S002,6,"₹2,435.23",0%,14611.38,14611.38,Cash,Distributor,Returned,Repeat
INV101304,2024-07-14,C0179,P0031,S003,6,₹941.91,0%,5651.46,5651.46,Bank Transfer,Online,Returned,Repeat
INV101305,2024-09-12,C0024,P0012,S005,7,"₹16,505.72",0%,115540.04,115540.04,Credit Card,Retail Store,Returned,New
INV101306,2024-09-25,C0066,P0002,S010,1,"₹78,859.04",15%,78859.04,67030.18,Bank Transfer,Online,Completed,New
INV101307,2024-09-27,C0004,P0001,S006,7,"₹72,476.84",5%,507337.88,481970.99,Wallet,Distributor,Completed,New
INV101308,2024-03-29,C0049,P0032,S003,9,"₹2,802.59",0%,25223.31,25223.31,Credit Card,Distributor,Completed,Returning
INV101309,2024-07-10,C0147,P0012,S008,3,"₹16,290.89",15%,48872.67,41541.77,Cash,Online,Cancelled,New
INV101310,2024-10-02,C0031,P0020,S005,2,₹525.21,5%,1050.42,997.9,Wallet,Distributor,Completed,New
INV101311,2024-09-11,C0050,P0010,S010,6,"₹5,627.21",10%,33763.26,30386.93,Wallet,Retail Store,Returned,New
INV101312,2024-12-08,C0142,P0005,S006,4,"₹9,131.21",5%,36524.84,34698.6,Cash,Online,Returned,New
INV101313,2024-07-02,C0016,P0031,S010,2,₹941.12,15%,1882.24,1599.9,Bank Transfer,Distributor,Cancelled,Returning
INV101314,2024-12-25,C0137,P0026,S009,4,₹312.21,5%,1248.84,1186.4,Cash,Online,Completed,Returning
INV101315,2024-08-06,C0104,P0028,S007,2,"₹4,976.51",10%,9953.02,8957.72,Credit Card,Retail Store,Cancelled,Repeat
INV101316,2024-11-08,C0100,P0020,S008,5,₹526.51,20%,2632.55,2106.04,Wallet,Online,Completed,New
INV101317,2024-06-06,C0151,P0012,S006,1,"₹15,957.03",15%,15957.03,13563.48,Bank Transfer,Retail Store,Completed,Repeat
INV101318,2024-10-02,C0014,P0028,S009,9,"₹5,394.46",0%,48550.14,48550.14,Credit Card,Online,Completed,Repeat
INV101319,2024-04-05,C0057,P0021,S002,4,₹264.68,10%,1058.72,952.85,Wallet,Online,Completed,Repeat
INV101320,2024-04-15,C0177,P0008,S005,1,"₹2,608.16",0%,2608.16,2608.16,Bank Transfer,Online,Returned,New
INV101321,2024-07-09,C0103,P0003,S003,3,"₹47,447.45",15%,142342.35,120991.0,Bank Transfer,Retail Store,Cancelled,Returning
INV101322,2024-11-16,C0080,P0014,S005,7,"₹16,766.76",20%,117367.32,93893.86,Cash,Retail Store,Completed,New
INV101323,2024-09-06,C0065,P0001,S007,1,"₹81,753.04",20%,81753.04,65402.43,UPI,Distributor,Completed,New
INV101324,2024-11-22,C0030,P0008,S003,8,"₹2,414.37",0%,19314.96,19314.96,Bank Transfer,Online,Completed,Returning
INV101325,2024-12-21,C0102,P0019,S009,5,₹231.92,5%,1159.6,1101.62,Bank Transfer,Online,Completed,Repeat
INV101326,2024-04-13,C0023,P0032,S004,3,"₹2,810.84",15%,8432.52,7167.64,Cash,Retail Store,Completed,New
INV101327,2024-04-27,C0010,P0025,S003,2,₹433.17,20%,866.34,693.07,UPI,Retail Store,Cancelled,Repeat
INV101328,2024-08-12,C0037,P0029,S010,1,"₹4,803.65",20%,4803.65,3842.92,UPI,Online,Completed,New
INV101329,2024-10-18,C0004,P0010,S006,5,"₹5,139.79",0%,25698.95,25698.95,UPI,Distributor,Completed,Repeat
INV101330,2024-07-13,C0040,P0019,S009,2,₹208.34,0%,416.68,416.68,UPI,Retail Store,Returned,New
INV101331,2024-08-13,C0018,P0016,S010,9,"₹21,139.66",5%,190256.94,180744.09,UPI,Distributor,Completed,New
INV101332,2024-02-27,C0176,P0005,S007,9,"₹8,939.14",15%,80452.26,68384.42,UPI,Distributor,Completed,Repeat
INV101333,2024-01-20,C0037,P0007,S004,1,"₹26,660.58",10%,26660.58,23994.52,Credit Card,Retail Store,Cancelled,New
INV101334,2024-04-24,C0161,P0003,S010,9,"₹45,656.12",0%,410905.08,410905.08,Cash,Distributor,Returned,Repeat
INV101335,2024-12-17,C0158,P0025,S008,4,₹412.31,20%,1649.24,1319.39,Bank Transfer,Retail Store,Returned,Repeat
INV101336,2024-03-19,C0117,P0024,S004,3,₹505.61,5%,1516.83,1440.99,UPI,Retail Store,Completed,New
INV101337,2024-07-07,C0006,P0028,S005,3,"₹5,352.39",0%,16057.17,16057.17,Wallet,Online,Returned,New
INV101338,2024-11-16,C0091,P0014,S007,7,"₹18,077.64",10%,126543.48,113889.13,Cash,Retail Store,Returned,Repeat
INV101339,2024-07-05,C0087,P0021,S007,3,₹279.04,20%,837.12,669.7,UPI,Online,Completed,Returning
INV101340,2024-04-09,C0169,P0024,S008,9,₹484.85,10%,4363.65,3927.29,Bank Transfer,Online,Returned,New
INV101341,2024-08-28,C0028,P0029,S005,10,"₹4,169.21",10%,41692.1,37522.89,UPI,Retail Store,Cancelled,New
INV101342,2024-12-03,C0099,P0028,S003,8,"₹5,554.10",0%,44432.8,44432.8,Cash,Distributor,Completed,Repeat
INV101343,2024-12-14,C0145,P0010,S007,10,"₹4,971.76",0%,49717.6,49717.6,Bank Transfer,Retail Store,Completed,Returning
INV101344,2024-03-07,C0125,P0021,S010,10,₹288.17,15%,2881.7,2449.45,Credit Card,Distributor,Completed,New
INV101345,2024-02-13,C0006,P0001,S001,6,"₹76,060.01",0%,456360.06,456360.06,Bank Transfer,Online,Completed,New
INV101346,2024-06-06,C0017,P0024,S010,6,₹526.78,15%,3160.68,2686.58,Cash,Retail Store,Completed,Returning
INV101347,2024-03-30,C0075,P0020,S002,9,₹542.99,0%,4886.91,4886.91,UPI,Online,Returned,New
INV101348,2024-09-29,C0159,P0027,S003,9,"₹1,937.65",15%,17438.85,14823.02,Bank Transfer,Distributor,Completed,New
INV101349,2024-12-05,C0038,P0029,S002,1,"₹4,765.28",0%,4765.28,4765.28,Cash,Retail Store,Returned,New
INV101350,2024-01-11,C0151,P0024,S008,10,₹469.57,15%,4695.7,3991.34,Credit Card,Retail Store,Cancelled,Repeat
INV101351,2024-06-22,C0022,P0024,S002,3,₹504.58,0%,1513.74,1513.74,Cash,Online,Completed,Returning
INV101352,2024-04-10,C0163,P0021,S005,2,₹282.28,5%,564.56,536.33,Cash,Online,Cancelled,Returning
INV101353,2024-08-01,C0044,P0024,S005,4,₹477.36,15%,1909.44,1623.02,Wallet,Online,Returned,Repeat
INV101354,2024-03-26,C0014,P0016,S005,5,"₹22,612.14",10%,113060.7,101754.63,Bank Transfer,Online,Completed,Returning
INV101355,2024-12-02,C0118,P0006,S006,9,"₹12,761.16",0%,114850.44,114850.44,Wallet,Online,Cancelled,New
INV101356,2024-06-03,C0098,P0013,S008,7,"₹4,470.72",10%,31295.04,28165.54,Bank Transfer,Distributor,Returned,Repeat
INV101357,2024-07-06,C0132,P0028,S007,6,"₹5,768.66",0%,34611.96,34611.96,credit card,Distributor,Completed,Repeat
INV101358,2024-05-24,C0069,P0006,S008,2,"₹14,459.62",20%,28919.24,23135.39,Wallet,Online,Completed,New
INV101359,2024-02-24,C0063,P0005,S003,6,"₹9,150.77",0%,54904.62,54904.62,UPI, online ,Completed,New
INV101360,2024-01-07,C0088,P0005,S003,10,"₹10,408.75",20%,104087.5,83270.0,Cash,Distributor,completed,Returning
INV101361,2024-02-24,C0157,P0008,S001,3,"₹2,713.31",0%,8139.93,8139.93,Credit Card,Online,Completed,Returning
INV101362,2024-02-16,C0001,P0028,S004,4,"₹5,573.94",0%,22295.76,22295.76,Cash,Retail Store,Cancelled,New
INV101363,2024-08-31,C0051,P0032,S010,3,"₹2,516.03",10%,7548.09,6793.28,Wallet,Online,Returned,New
INV101364,2024-09-16,C0002,P0006,S003,4,"₹12,789.90",5%,51159.6,48601.62,Wallet,Distributor,Completed,Returning
INV101365,2024-03-04,C0180,P0005,S004,3,"₹10,084.26",5%,30252.78,28740.14,UPI,Online,Returned,Returning
INV101366,2024-10-30,C0076,P0027,S009,5,"₹1,876.24",0%,9381.2,9381.2,Bank Transfer,Distributor,Completed,Returning
INV101367,2024-01-04,C0168,P0017,S005,3,"₹12,903.68",0%,38711.04,38711.04,Cash,Retail Store,Completed,Returning
INV101368,2024-08-08,C0021,P0029,S001,2,"₹4,555.35",5%,9110.7,8655.17,Bank Transfer,Distributor,Cancelled,Returning
INV101369,2024-02-03,C0146,P0017,S006,8,"₹14,414.78",5%,115318.24,109552.33,Cash,Retail Store,Returned,Repeat
INV101370,2024-09-07,C0081,P0013,S004,10,"₹4,475.91",0%,44759.1,44759.1,Bank Transfer,Retail Store,Returned,Repeat
INV101371,2024-06-15,C0104,P0030,S008,8,"₹1,850.49",0%,14803.92,14803.92,Cash,Retail Store,Completed,New
INV101372,2024-06-11,C0098,P0010,S007,6,"₹5,210.79",0%,31264.74,31264.74,UPI,Online,Cancelled,New
INV101373,2024-04-21,C0025,P0002,S007,8,"₹81,733.46",0%,653867.68,653867.68,UPI,Online,Returned,Repeat
INV101374,2024-03-22,C0078,P0018,S004,4,"₹5,347.12",10%,21388.48,19249.63,Cash,Retail Store,Returned,New
INV101375,2024-09-06,C0171,P0004,S006,2,"₹77,973.38",0%,155946.76,155946.76,Cash,Distributor,Completed,New
INV101376,2024-04-30,C0133,P0032,S004,7,"₹2,401.40",10%,16809.8,15128.82,Bank Transfer,Distributor,Completed,Repeat
INV101377,2024-11-18,C0080,P0028,S010,2,"₹5,067.52",15%,10135.04,8614.78,Bank Transfer,Retail Store,Completed,Returning
INV101378,2024-03-06,C0095,P0031,S002,1,₹986.09,10%,986.09,887.48,UPI,Online,Completed,Returning
INV101379,2024-04-29,C0081,P0031,S005,9,"₹1,019.47",5%,9175.23,8716.47,Bank Transfer,Distributor,Completed,New
INV101380,2024-06-13,C0162,P0015,S010,10,"₹25,676.52",0%,256765.2,256765.2,UPI,Retail Store,Cancelled,Repeat
INV101381,2024-01-10,C0081,P0033,S002,7,₹769.15,0%,5384.05,5384.05,Credit Card,Distributor,Returned,Repeat
INV101382,2024-11-04,C0069,P0005,S008,7,"₹10,138.51",0%,70969.57,70969.57,Bank Transfer,Distributor,Completed,Repeat
INV101383,2024-01-31,C0122,P0016,S004,1,"₹20,467.00",5%,20467.0,19443.65,Wallet,Retail Store,Cancelled,New
INV101384,2024-05-19,C0082,P0032,S006,10,"₹2,479.36",15%,24793.6,21074.56,UPI,Distributor,Cancelled,New
INV101385,2024-05-31,C0016,P0013,S009,9,"₹4,634.72",5%,41712.48,39626.86,Cash,Retail Store,Completed,Repeat
INV101386,2024-05-13,C0053,P0010,S005,1,"₹5,393.84",0%,5393.84,5393.84,Cash,Online,Completed,Repeat
INV101387,2024-03-16,C0115,P0025,S009,3,₹409.24,15%,1227.72,1043.56,Bank Transfer,Online,Completed,Repeat
INV101388,2024-05-21,C0051,P0030,S005,3,"₹1,846.24",15%,5538.72,4707.91,Credit Card,Online,Completed,Repeat
INV101389,2024-10-09,C0123,P0024,S003,6,₹484.87,20%,2909.22,2327.38,Credit Card,Distributor,Returned,Returning
INV101390,2024-06-14,C0102,P0012,S006,10,"₹17,657.30",0%,176573.0,176573.0,Bank Transfer,Distributor,Cancelled,New
INV101391,2024-09-18,C0015,P0009,S008,2,"₹5,048.38",0%,10096.76,10096.76,Credit Card,Distributor,Completed,Returning
INV101392,2024-04-30,C0024,P0024,S006,6,₹487.84,0%,2927.04,2927.04,Credit Card,Retail Store,Returned,Returning
INV101393,2024-02-01,C0135,P0027,S007,3,"₹1,996.63",15%,5989.89,5091.41,UPI,Retail Store,Completed,New
INV101394,2024-05-13,C0059,P0016,S001,9,"₹19,449.09",0%,175041.81,175041.81,UPI,Retail Store,Completed,New
INV101395,2024-04-22,C0060,P0010,S003,9,"₹5,116.90",5%,46052.1,43749.49,Cash,Online,Cancelled,Repeat
INV101396,2024-09-09,C0007,P0027,S009,2,"₹1,807.47",0%,3614.94,3614.94,Credit Card,Online,Completed,Returning
INV101397,2024-09-08,C0002,P0023,S002,10,₹81.31,5%,813.1,772.44,UPI,Retail Store,Completed,New
INV101398,2024-10-01,C0002,P0019,S005,9,₹219.82,5%,1978.38,1879.46,UPI,Online,Cancelled,Repeat
INV101399,2024-06-20,C0051,P0021,S005,7,₹284.40,0%,1990.8,1990.8,Cash,Online,Returned,Returning
INV101400,2024-11-29,C0172,P0033,S007,4,₹707.49,0%,2829.96,2829.96,Cash,Online,Completed,New
