Invoice Number,Field_1,Vendor,Pin code,Field_2,Invoice Date,Field_3,Tax(18%),Field_4,Total Price,Field_5,Total Amount,Field_6,Sum,Field_7,SUMIF
INV-41957,,Vendor,33600,,8-Apr-24,,5694,,25941,,31635,,31635,,0
INV-57631,,Vendor,47569,,14-Apr-24,,1505,,6854,,8359,,8359,,
INV-22433,,Vendor,61796,,4-May-24,,13664,,62247,,75911,,75911,,
INV-22709,,Vendor,93694,,16-Apr-24,,9748,,44408,,54157,,54157,,
INV-21860,,Vendor,59640,,22-Apr-24,,12036,,54830,,66866,,66866,,
INV-94395,,Vendor,60898,,30-Apr-24,,6555,,29860,,36414,,36414,,
INV-96666,,Vendor,86073,,3-May-24,,934,,4253,,5186,,5186,,
INV-70601,,Vendor,21985,,23-Apr-24,,8172,,37229,,45401,,45401,,
INV-86808,,Vendor,95378,,10-Apr-24,,17292,,78775,,96067,,96067,,
INV-49547,,Vendor,70417,,2-May-24,,14437,,65768,,80205,,80205,,
INV-33116,,Vendor,65145,,1-May-24,,11825,,53869,,65693,,65693,,
INV-16533,,Vendor,32109,,21-Apr-24,,9914,,45162,,55076,,55076,,
INV-39074,,Vendor,31684,,20-Apr-24,,2006,,9140,,11146,,11146,,
INV-54598,,Vendor,85581,,26-Apr-24,,12935,,58926,,71861,,71861,,
INV-76961,,Vendor,87622,,7-Apr-24,,15687,,71463,,87151,,87151,,
INV-10352,,Vendor,99585,,19-Apr-24,,13434,,61197,,74631,,74631,,
INV-76430,,Vendor,53234,,1-May-24,,8182,,37274,,45456,,45456,,
INV-92150,,Vendor,22053,,13-Apr-24,,6115,,27857,,33972,,33972,,
INV-51789,,Vendor,51326,,13-Apr-24,,19,,87,,106,,106,,
INV-19791,,Vendor,36003,,22-Apr-24,,5752,,26205,,31957,,31957,,
INV-82424,,Vendor,94847,,17-Apr-24,,9845,,44851,,54696,,54696,,
INV-73270,,Vendor,97017,,2-May-24,,16348,,74474,,90822,,90822,,
INV-13369,,Vendor,53404,,20-Apr-24,,7440,,33893,,41333,,41333,,
INV-46091,,Vendor,72837,,18-Apr-24,,12375,,56374,,68748,,68748,,
INV-33037,,Vendor,60817,,21-Apr-24,,646,,2941,,3587,,3587,,
INV-28405,,Vendor,55350,,5-May-24,,10278,,46824,,57102,,57102,,
INV-11026,,Vendor,26879,,15-Apr-24,,7243,,32997,,40240,,40240,,
INV-49116,,Vendor,96093,,2-May-24,,15240,,69425,,84665,,84665,,
INV-35038,,Vendor,53057,,10-Apr-24,,5303,,24156,,29459,,29459,,
INV-30441,,Vendor,65482,,24-Apr-24,,16027,,73014,,89041,,89041,,
INV-53968,,Vendor,84268,,14-Apr-24,,10492,,47799,,58292,,58292,,
INV-92123,,Vendor,76313,,15-Apr-24,,5440,,24780,,30220,,30220,,
INV-41882,,Vendor,29415,,28-Apr-24,,13964,,63615,,77579,,77579,,
INV-30440,,Vendor,17217,,8-Apr-24,,17257,,78615,,95873,,95873,,
INV-93465,,Vendor,66377,,14-Apr-24,,12731,,57998,,70729,,70729,,
INV-47027,,Vendor,24397,,7-Apr-24,,7737,,35245,,42982,,42982,,
INV-34291,,Vendor,85074,,26-Apr-24,,11981,,54579,,66560,,66560,,
INV-99555,,Vendor,68597,,25-Apr-24,,8242,,37545,,45787,,45787,,
INV-10315,,Vendor,54263,,14-Apr-24,,15635,,71225,,86859,,86859,,
INV-53195,,Vendor,58642,,15-Apr-24,,14968,,68187,,83155,,83155,,
INV-34130,,Vendor,69143,,3-May-24,,8919,,40632,,49552,,49552,,
INV-43618,,Vendor,99159,,27-Apr-24,,9807,,44674,,54481,,54481,,
INV-71102,,Vendor,39295,,16-Apr-24,,14384,,65526,,79910,,79910,,
INV-38982,,Vendor,82727,,15-Apr-24,,4782,,21785,,26568,,26568,,
INV-85068,,Vendor,45295,,4-May-24,,2911,,13260,,16171,,16171,,
INV-33146,,Vendor,62701,,12-Apr-24,,11286,,51415,,62702,,62702,,
INV-43393,,Vendor,81228,,19-Apr-24,,16239,,73978,,90217,,90217,,
INV-92936,,Vendor,41847,,16-Apr-24,,11922,,54312,,66234,,66234,,
INV-55465,,Vendor,65786,,24-Apr-24,,2681,,12214,,14895,,14895,,
INV-86061,,Vendor,92329,,16-Apr-24,,11414,,51999,,63413,,63413,,
INV-10753,,Vendor,10279,,17-Apr-24,,2615,,11913,,14528,,14528,,
INV-25410,,Vendor,72855,,9-Apr-24,,5984,,27261,,33245,,33245,,
INV-68563,,Vendor,45132,,13-Apr-24,,3092,,14085,,17177,,17177,,
INV-68918,,Vendor,95174,,26-Apr-24,,2624,,11954,,14578,,14578,,
INV-53627,,Vendor,82202,,2-May-24,,4102,,18686,,22788,,22788,,
INV-56829,,Vendor,94730,,17-Apr-24,,10462,,47660,,58122,,58122,,
INV-50069,,Vendor,76685,,22-Apr-24,,2994,,13638,,16632,,16632,,
INV-23052,,Vendor,20721,,11-Apr-24,,14269,,65005,,79274,,79274,,
INV-29225,,Vendor,30183,,29-Apr-24,,9752,,44426,,54178,,54178,,
INV-12656,,Vendor,71858,,23-Apr-24,,3508,,15980,,19488,,19488,,
INV-13009,,Vendor,87285,,4-May-24,,17424,,79377,,96801,,96801,,
INV-82413,,Vendor,99203,,30-Apr-24,,10938,,49830,,60768,,60768,,
INV-41291,,Vendor,36784,,2-May-24,,8122,,37000,,45122,,45122,,
INV-99522,,Vendor,44745,,1-May-24,,9549,,43502,,53051,,53051,,
INV-76263,,Vendor,26826,,28-Apr-24,,6742,,30714,,37456,,37456,,
INV-76653,,Vendor,71426,,12-Apr-24,,7114,,32410,,39524,,39524,,
INV-83499,,Vendor,94419,,23-Apr-24,,1342,,6113,,7454,,7454,,
INV-35035,,Vendor,23863,,25-Apr-24,,9153,,41697,,50850,,50850,,
INV-29620,,Vendor,10813,,27-Apr-24,,5847,,26638,,32485,,32485,,
INV-74101,,Vendor,85138,,30-Apr-24,,17126,,78018,,95144,,95144,,
INV-14527,,Vendor,93622,,24-Apr-24,,14344,,65344,,79687,,79687,,
INV-51089,,Vendor,71859,,15-Apr-24,,16426,,74828,,91254,,91254,,
INV-59108,,Vendor,88387,,19-Apr-24,,13409,,61087,,74497,,74497,,
INV-86031,,Vendor,15422,,12-Apr-24,,6821,,31072,,37893,,37893,,
INV-66361,,Vendor,18752,,7-Apr-24,,12695,,57831,,70526,,70526,,
INV-24341,,Vendor,10991,,19-Apr-24,,15508,,70650,,86158,,86158,,
INV-91971,,Vendor,67389,,5-May-24,,14156,,64488,,78644,,78644,,
INV-94752,,Vendor,73761,,24-Apr-24,,5582,,25429,,31011,,31011,,
INV-43612,,Vendor,67845,,24-Apr-24,,11636,,53007,,64643,,64643,,
INV-40993,,Vendor,31345,,26-Apr-24,,12819,,58395,,71214,,71214,,
INV-64248,,Vendor,87813,,7-Apr-24,,10072,,45882,,55953,,55953,,
INV-40226,,Vendor,74198,,23-Apr-24,,11217,,51100,,62317,,62317,,
INV-62881,,Vendor,17177,,22-Apr-24,,12662,,57683,,70345,,70345,,
INV-39789,,Vendor,67254,,12-Apr-24,,2418,,11014,,13432,,13432,,
INV-76625,,Vendor,62129,,29-Apr-24,,6576,,29958,,36534,,36534,,
INV-57561,,Vendor,10444,,19-Apr-24,,15174,,69128,,84302,,84302,,
INV-77189,,Vendor,44379,,3-May-24,,16137,,73513,,89650,,89650,,
INV-39809,,Vendor,82051,,21-Apr-24,,11473,,52266,,63739,,63739,,
INV-38413,,Vendor,85915,,22-Apr-24,,4409,,20086,,24496,,24496,,
INV-50333,,Vendor,49020,,13-Apr-24,,12882,,58687,,71569,,71569,,
INV-84540,,Vendor,77174,,19-Apr-24,,4912,,22379,,27292,,27292,,
INV-17472,,Vendor,54769,,26-Apr-24,,5930,,27013,,32943,,32943,,
INV-84382,,Vendor,19838,,11-Apr-24,,11820,,53847,,65667,,65667,,
INV-23425,,Vendor,43113,,8-Apr-24,,3046,,13878,,16924,,16924,,
INV-94482,,Vendor,43475,,15-Apr-24,,721,,3284,,4005,,4005,,
INV-42277,,Vendor,79854,,13-Apr-24,,3453,,15731,,19184,,19184,,
INV-27505,,Vendor,24176,,21-Apr-24,,17932,,81692,,99624,,99624,,
INV-66213,,Vendor,98037,,22-Apr-24,,378,,1723,,2101,,2101,,
INV-95612,,Vendor,79879,,19-Apr-24,,8271,,37679,,45950,,45950,,
INV-19301,,Vendor,42043,,5-May-24,,10547,,48046,,58593,,58593,,
INV-87867,,Vendor,75725,,1-May-24,,59,,268,,327,,327,,
INV-29812,,Vendor,26810,,22-Apr-24,,3962,,18051,,22014,,22014,,
INV-78508,,Vendor,57624,,19-Apr-24,,13738,,62583,,76321,,76321,,
INV-78368,,Vendor,20626,,1-May-24,,708,,3226,,3934,,3934,,
INV-81358,,Vendor,67832,,11-Apr-24,,15443,,70351,,85794,,85794,,
INV-24401,,Vendor,42324,,3-May-24,,14740,,67148,,81888,,81888,,
INV-41696,,Vendor,65831,,5-May-24,,13645,,62160,,75805,,75805,,
INV-83302,,Vendor,88696,,24-Apr-24,,14383,,65523,,79906,,79906,,
INV-68478,,Vendor,99783,,19-Apr-24,,1046,,4765,,5811,,5811,,
INV-49744,,Vendor,55645,,21-Apr-24,,11621,,52940,,64561,,64561,,
INV-99523,,Vendor,62635,,30-Apr-24,,3643,,16596,,20239,,20239,,
INV-23283,,Vendor,44258,,3-May-24,,4632,,21102,,25734,,25734,,
INV-89599,,Vendor,59952,,18-Apr-24,,12355,,56285,,68640,,68640,,
INV-52234,,Vendor,70432,,30-Apr-24,,12727,,57977,,70703,,70703,,
INV-48692,,Vendor,33647,,28-Apr-24,,5660,,25783,,31443,,31443,,
INV-94295,,Vendor,35399,,19-Apr-24,,5841,,26611,,32453,,32453,,
INV-66537,,Vendor,33469,,22-Apr-24,,1730,,7883,,9614,,9614,,
INV-69814,,Vendor,80963,,26-Apr-24,,10062,,45840,,55903,,55903,,
INV-56597,,Vendor,73394,,7-Apr-24,,16121,,73442,,89563,,89563,,
INV-59360,,Vendor,60776,,23-Apr-24,,8724,,39745,,48469,,48469,,
INV-34797,,Vendor,15791,,14-Apr-24,,12606,,57427,,70033,,70033,,
INV-35739,,Vendor,77379,,5-May-24,,1708,,7780,,9487,,9487,,
INV-63401,,Vendor,60037,,10-Apr-24,,3362,,15315,,18676,,18676,,
INV-63463,,Vendor,17809,,15-Apr-24,,9845,,44852,,54697,,54697,,
INV-12440,,Vendor,64939,,24-Apr-24,,6445,,29362,,35807,,35807,,
INV-70327,,Vendor,90844,,4-May-24,,1634,,7443,,9076,,9076,,
INV-70996,,Vendor,47532,,23-Apr-24,,7526,,34283,,41809,,41809,,
INV-55379,,Vendor,41759,,4-May-24,,2792,,12719,,15511,,15511,,
INV-13439,,Vendor,68439,,21-Apr-24,,14310,,65188,,79498,,79498,,
INV-83312,,Vendor,24089,,13-Apr-24,,12851,,58542,,71393,,71393,,
INV-56757,,Vendor,40890,,28-Apr-24,,15799,,71974,,87773,,87773,,
INV-26090,,Vendor,87864,,18-Apr-24,,7139,,32524,,39663,,39663,,
INV-19611,,Vendor,53764,,14-Apr-24,,9725,,44302,,54027,,54027,,
INV-89803,,Vendor,40277,,5-May-24,,13457,,61305,,74763,,74763,,
INV-91128,,Vendor,12445,,23-Apr-24,,9421,,42917,,52338,,52338,,
INV-18793,,Vendor,53067,,4-May-24,,6547,,29823,,36370,,36370,,
INV-53611,,Vendor,96980,,10-Apr-24,,17970,,81862,,99832,,99832,,
INV-79028,,Vendor,59601,,15-Apr-24,,16270,,74121,,90391,,90391,,
INV-72051,,Vendor,24793,,4-May-24,,1041,,4743,,5784,,5784,,
INV-98974,,Vendor,68255,,5-May-24,,5881,,26793,,32675,,32675,,
INV-45840,,Vendor,30205,,8-Apr-24,,7680,,34987,,42667,,42667,,
INV-45828,,Vendor,54336,,22-Apr-24,,13209,,60175,,73384,,73384,,
INV-61265,,Vendor,78043,,22-Apr-24,,9830,,44780,,54610,,54610,,
INV-36197,,Vendor,61670,,29-Apr-24,,9802,,44653,,54455,,54455,,
INV-81936,,Vendor,92128,,8-Apr-24,,16149,,73567,,89716,,89716,,
INV-23638,,Vendor,14048,,2-May-24,,1551,,7064,,8614,,8614,,
INV-49399,,Vendor,96355,,3-May-24,,6965,,31732,,38697,,38697,,
INV-78931,,Vendor,76252,,3-May-24,,17884,,81471,,99354,,99354,,
INV-75698,,Vendor,58411,,10-Apr-24,,5770,,26285,,32055,,32055,,
INV-39376,,Vendor,78848,,10-Apr-24,,1510,,6878,,8388,,8388,,
INV-53688,,Vendor,67306,,15-Apr-24,,1060,,4831,,5892,,5892,,
INV-69636,,Vendor,85726,,29-Apr-24,,918,,4182,,5100,,5100,,
INV-79592,,Vendor,28436,,4-May-24,,1153,,5251,,6404,,6404,,
INV-10783,,Vendor,34827,,29-Apr-24,,3897,,17754,,21652,,21652,,
INV-18401,,Vendor,28870,,29-Apr-24,,6998,,31878,,38876,,38876,,
INV-79395,,Vendor,51347,,14-Apr-24,,10335,,47083,,57419,,57419,,
INV-54209,,Vendor,37480,,14-Apr-24,,3852,,17549,,21401,,21401,,
INV-23878,,Vendor,34174,,2-May-24,,1037,,4722,,5759,,5759,,
INV-22791,,Vendor,36378,,1-May-24,,697,,3174,,3870,,3870,,
INV-46621,,Vendor,68970,,20-Apr-24,,10640,,48469,,59109,,59109,,
INV-65160,,Vendor,74457,,3-May-24,,3672,,16727,,20399,,20399,,
INV-21610,,Vendor,70927,,22-Apr-24,,15874,,72314,,88188,,88188,,
INV-30890,,Vendor,19103,,22-Apr-24,,15794,,71949,,87743,,87743,,
INV-75393,,Vendor,67197,,25-Apr-24,,11088,,50511,,61599,,61599,,
INV-56510,,Vendor,86504,,7-Apr-24,,7582,,34540,,42122,,42122,,
INV-39871,,Vendor,31200,,11-Apr-24,,3995,,18201,,22197,,22197,,
INV-98209,,Vendor,50323,,14-Apr-24,,5407,,24634,,30041,,30041,,
INV-12420,,Vendor,69777,,27-Apr-24,,10202,,46478,,56680,,56680,,
INV-45119,,Vendor,67548,,11-Apr-24,,2981,,13578,,16559,,16559,,
INV-41887,,Vendor,48032,,17-Apr-24,,4737,,21579,,26316,,26316,,
INV-75000,,Vendor,61576,,20-Apr-24,,17013,,77505,,94519,,94519,,
INV-22993,,Vendor,84313,,15-Apr-24,,3779,,17215,,20994,,20994,,
INV-17562,,Vendor,84969,,27-Apr-24,,13235,,60292,,73527,,73527,,
INV-56278,,Vendor,19143,,2-May-24,,9753,,44431,,54184,,54184,,
INV-11660,,Vendor,35667,,24-Apr-24,,13834,,63022,,76856,,76856,,
INV-16256,,Vendor,30628,,8-Apr-24,,11117,,50643,,61759,,61759,,
INV-36159,,Vendor,60155,,11-Apr-24,,10675,,48631,,59306,,59306,,
INV-34760,,Vendor,92190,,23-Apr-24,,9787,,44586,,54373,,54373,,
INV-64970,,Vendor,51266,,12-Apr-24,,1811,,8249,,10060,,10060,,
INV-60137,,Vendor,33544,,30-Apr-24,,3559,,16214,,19773,,19773,,
INV-80799,,Vendor,36307,,21-Apr-24,,3967,,18070,,22036,,22036,,
INV-38880,,Vendor,10559,,22-Apr-24,,6875,,31319,,38194,,38194,,
INV-89248,,Vendor,90495,,28-Apr-24,,10821,,49294,,60114,,60114,,
INV-36815,,Vendor,74606,,23-Apr-24,,1285,,5854,,7139,,7139,,
INV-84294,,Vendor,33623,,8-Apr-24,,692,,3150,,3842,,3842,,
INV-95300,,Vendor,20160,,3-May-24,,14886,,67816,,82702,,82702,,
INV-44230,,Vendor,62677,,27-Apr-24,,4785,,21797,,26581,,26581,,
INV-39479,,Vendor,44996,,7-Apr-24,,13238,,60305,,73542,,73542,,
INV-93141,,Vendor,17331,,16-Apr-24,,17814,,81154,,98969,,98969,,
INV-37568,,Vendor,52619,,9-Apr-24,,9584,,43662,,53247,,53247,,
INV-83367,,Vendor,42470,,27-Apr-24,,3794,,17285,,21079,,21079,,
INV-15347,,Vendor,54288,,5-May-24,,17885,,81477,,99362,,99362,,
INV-83640,,Vendor,99806,,4-May-24,,4314,,19653,,23967,,23967,,
INV-39718,,Vendor,82991,,6-May-24,,7986,,36382,,44368,,44368,,
INV-10936,,Vendor,63702,,17-Apr-24,,6238,,28419,,34658,,34658,,
INV-92908,,Vendor,74313,,17-Apr-24,,13057,,59484,,72541,,72541,,
INV-96812,,Vendor,25871,,19-Apr-24,,5962,,27158,,33120,,33120,,
INV-78694,,Vendor,22463,,14-Apr-24,,8727,,39758,,48486,,48486,,
INV-80156,,Vendor,49365,,19-Apr-24,,10081,,45923,,56004,,56004,,
INV-15920,,Vendor,40798,,4-May-24,,17604,,80197,,97801,,97801,,
INV-13178,,Vendor,19133,,9-Apr-24,,10026,,45674,,55700,,55700,,
INV-39161,,Vendor,48475,,19-Apr-24,,5928,,27004,,32931,,32931,,
INV-87327,,Vendor,73534,,6-May-24,,1889,,8607,,10496,,10496,,
INV-46799,,Vendor,53379,,6-May-24,,17978,,81899,,99876,,99876,,
INV-54919,,Vendor,42059,,13-Apr-24,,7531,,34306,,41836,,41836,,
INV-19602,,Vendor,17752,,18-Apr-24,,10120,,46103,,56223,,56223,,
INV-87907,,Vendor,54881,,21-Apr-24,,1370,,6243,,7613,,7613,,
INV-79971,,Vendor,43277,,1-May-24,,2262,,10303,,12565,,12565,,
INV-18814,,Vendor,82177,,3-May-24,,6914,,31497,,38411,,38411,,
INV-31897,,Vendor,68295,,12-Apr-24,,4276,,19478,,23753,,23753,,
INV-18065,,Vendor,48953,,25-Apr-24,,9279,,42272,,51551,,51551,,
INV-85692,,Vendor,22580,,21-Apr-24,,4630,,21092,,25722,,25722,,
INV-62766,,Vendor,69621,,17-Apr-24,,6670,,30385,,37055,,37055,,
INV-49744,,Vendor,51967,,22-Apr-24,,11256,,51278,,62534,,62534,,
INV-78589,,Vendor,85912,,18-Apr-24,,15011,,68382,,83392,,83392,,
INV-23290,,Vendor,21496,,14-Apr-24,,17493,,79689,,97182,,97182,,
INV-81451,,Vendor,22885,,18-Apr-24,,1303,,5934,,7236,,7236,,
INV-90866,,Vendor,13431,,24-Apr-24,,9991,,45514,,55505,,55505,,
INV-29260,,Vendor,66858,,24-Apr-24,,720,,3282,,4003,,4003,,
INV-50240,,Vendor,89469,,2-May-24,,9813,,44703,,54516,,54516,,
INV-99238,,Vendor,23426,,2-May-24,,14041,,63966,,78007,,78007,,
INV-70461,,Vendor,15868,,27-Apr-24,,15390,,70110,,85499,,85499,,
INV-96968,,Vendor,13199,,2-May-24,,14786,,67357,,82142,,82142,,
INV-79051,,Vendor,56444,,29-Apr-24,,16357,,74514,,90871,,90871,,
INV-42049,,Vendor,74162,,25-Apr-24,,1266,,5769,,7035,,7035,,
INV-39785,,Vendor,23991,,2-May-24,,9656,,43989,,53645,,53645,,
INV-38952,,Vendor,38823,,18-Apr-24,,1823,,8305,,10128,,10128,,
INV-73145,,Vendor,81510,,11-Apr-24,,8727,,39759,,48486,,48486,,
INV-34848,,Vendor,82423,,9-Apr-24,,10211,,46519,,56730,,56730,,
INV-80804,,Vendor,80082,,5-May-24,,4818,,21949,,26767,,26767,,
INV-20446,,Vendor,39688,,2-May-24,,8234,,37512,,45747,,45747,,
INV-90137,,Vendor,12584,,22-Apr-24,,9503,,43294,,52797,,52797,,
INV-33945,,Vendor,82001,,11-Apr-24,,15244,,69445,,84689,,84689,,
INV-72460,,Vendor,21676,,17-Apr-24,,12887,,58707,,71594,,71594,,
INV-93791,,Vendor,52603,,8-Apr-24,,3637,,16568,,20205,,20205,,
INV-63654,,Vendor,91796,,29-Apr-24,,16209,,73840,,90048,,90048,,
INV-47027,,Vendor,19102,,13-Apr-24,,4030,,18359,,22389,,22389,,
INV-43151,,Vendor,91541,,27-Apr-24,,6797,,30966,,37764,,37764,,
INV-84599,,Vendor,14474,,8-Apr-24,,12140,,55303,,67443,,67443,,
INV-83207,,Vendor,84767,,7-Apr-24,,6465,,29452,,35917,,35917,,
INV-93819,,Vendor,17477,,19-Apr-24,,2965,,13509,,16474,,16474,,
INV-58589,,Vendor,36821,,3-May-24,,1495,,6809,,8303,,8303,,
INV-33265,,Vendor,12118,,6-May-24,,108,,494,,602,,602,,
INV-74061,,Vendor,71870,,20-Apr-24,,8411,,38319,,46731,,46731,,
INV-37703,,Vendor,92413,,16-Apr-24,,16068,,73197,,89265,,89265,,
INV-57004,,Vendor,82191,,21-Apr-24,,1303,,5936,,7238,,7238,,
INV-16306,,Vendor,25184,,22-Apr-24,,3936,,17929,,21864,,21864,,
INV-98018,,Vendor,99783,,19-Apr-24,,5063,,23064,,28126,,28126,,
INV-46242,,Vendor,54274,,4-May-24,,6873,,31309,,38182,,38182,,
INV-58401,,Vendor,86156,,25-Apr-24,,4619,,21043,,25662,,25662,,
INV-64612,,Vendor,28142,,17-Apr-24,,11550,,52615,,64164,,64164,,
INV-23557,,Vendor,58043,,16-Apr-24,,5857,,26683,,32540,,32540,,
INV-16352,,Vendor,19702,,21-Apr-24,,13314,,60654,,73968,,73968,,
INV-53596,,Vendor,61064,,29-Apr-24,,13808,,62902,,76710,,76710,,
INV-77825,,Vendor,99836,,17-Apr-24,,6837,,31148,,37985,,37985,,
INV-86083,,Vendor,85243,,12-Apr-24,,14820,,67514,,82335,,82335,,
INV-59937,,Vendor,51540,,7-Apr-24,,17233,,78505,,95737,,95737,,
INV-34728,,Vendor,68589,,16-Apr-24,,8340,,37992,,46332,,46332,,
INV-37726,,Vendor,75880,,26-Apr-24,,11808,,53794,,65602,,65602,,
INV-37677,,Vendor,48158,,10-Apr-24,,14023,,63884,,77908,,77908,,
INV-75809,,Vendor,13071,,8-Apr-24,,12312,,56086,,68398,,68398,,
INV-69295,,Vendor,37285,,17-Apr-24,,12901,,58772,,71673,,71673,,
INV-60562,,Vendor,17664,,9-Apr-24,,2285,,10409,,12693,,12693,,
INV-11074,,Vendor,15487,,8-Apr-24,,8960,,40818,,49778,,49778,,
INV-26238,,Vendor,58338,,9-Apr-24,,9129,,41589,,50718,,50718,,
INV-71817,,Vendor,33245,,9-Apr-24,,10120,,46102,,56222,,56222,,
INV-57574,,Vendor,46380,,27-Apr-24,,14328,,65274,,79602,,79602,,
INV-63588,,Vendor,71277,,11-Apr-24,,8253,,37597,,45850,,45850,,
INV-41300,,Vendor,84626,,19-Apr-24,,1269,,5782,,7051,,7051,,
INV-43245,,Vendor,46068,,7-Apr-24,,16964,,77280,,94244,,94244,,
INV-25733,,Vendor,48079,,10-Apr-24,,1934,,8812,,10746,,10746,,
INV-62010,,Vendor,44000,,12-Apr-24,,6295,,28679,,34974,,34974,,
INV-58820,,Vendor,86336,,28-Apr-24,,13393,,61015,,74408,,74408,,
INV-50617,,Vendor,41906,,14-Apr-24,,9495,,43254,,52748,,52748,,
INV-62618,,Vendor,99562,,25-Apr-24,,8351,,38043,,46394,,46394,,
INV-67165,,Vendor,76024,,20-Apr-24,,15644,,71266,,86910,,86910,,
INV-37846,,Vendor,95360,,6-May-24,,16520,,75256,,91776,,91776,,
INV-44908,,Vendor,67991,,20-Apr-24,,11792,,53721,,65513,,65513,,
INV-61426,,Vendor,12258,,13-Apr-24,,4598,,20948,,25546,,25546,,
INV-46756,,Vendor,41316,,24-Apr-24,,14820,,67512,,82332,,82332,,
INV-53529,,Vendor,36975,,1-May-24,,6779,,30884,,37664,,37664,,
INV-44401,,Vendor,57444,,13-Apr-24,,685,,3119,,3804,,3804,,
INV-44366,,Vendor,54026,,9-Apr-24,,1532,,6978,,8510,,8510,,
INV-32273,,Vendor,31672,,2-May-24,,12771,,58179,,70950,,70950,,
INV-27820,,Vendor,85394,,28-Apr-24,,8289,,37763,,46052,,46052,,
INV-31420,,Vendor,95896,,15-Apr-24,,17126,,78019,,95145,,95145,,
INV-73535,,Vendor,87070,,9-Apr-24,,17808,,81126,,98935,,98935,,
INV-60848,,Vendor,15525,,16-Apr-24,,1552,,7070,,8622,,8622,,
INV-57558,,Vendor,70137,,20-Apr-24,,6336,,28863,,35199,,35199,,
INV-21557,,Vendor,87421,,6-May-24,,6420,,29246,,35666,,35666,,
INV-35892,,Vendor,34450,,8-Apr-24,,15974,,72771,,88745,,88745,,
INV-97920,,Vendor,38321,,18-Apr-24,,12553,,57184,,69737,,69737,,
INV-21405,,Vendor,16636,,18-Apr-24,,14077,,64129,,78206,,78206,,
INV-26133,,Vendor,44621,,3-May-24,,13834,,63022,,76856,,76856,,
INV-25304,,Vendor,90584,,6-May-24,,6318,,28783,,35101,,35101,,
INV-49026,,Vendor,68257,,26-Apr-24,,17888,,81491,,99379,,99379,,
INV-68008,,Vendor,68940,,10-Apr-24,,7348,,33472,,40820,,40820,,
INV-86379,,Vendor,18007,,8-Apr-24,,10884,,49580,,60464,,60464,,
INV-75361,,Vendor,19249,,3-May-24,,16125,,73458,,89583,,89583,,
INV-88735,,Vendor,30648,,19-Apr-24,,2654,,12088,,14742,,14742,,
INV-52828,,Vendor,68210,,11-Apr-24,,6817,,31057,,37874,,37874,,
INV-25201,,Vendor,75766,,25-Apr-24,,11591,,52805,,64396,,64396,,
INV-82603,,Vendor,92090,,7-Apr-24,,7885,,35923,,43808,,43808,,
INV-33701,,Vendor,47120,,18-Apr-24,,15110,,68834,,83944,,83944,,
INV-10515,,Vendor,58429,,23-Apr-24,,16541,,75355,,91897,,91897,,
INV-20826,,Vendor,84083,,23-Apr-24,,9753,,44432,,54186,,54186,,
INV-42886,,Vendor,46865,,1-May-24,,10514,,47896,,58410,,58410,,
INV-69905,,Vendor,87673,,26-Apr-24,,4600,,20957,,25558,,25558,,
INV-34700,,Vendor,35801,,21-Apr-24,,7175,,32688,,39863,,39863,,
INV-68064,,Vendor,47718,,11-Apr-24,,3155,,14373,,17529,,17529,,
INV-13444,,Vendor,20316,,6-May-24,,16781,,76445,,93225,,93225,,
INV-26043,,Vendor,67752,,2-May-24,,17075,,77785,,94860,,94860,,
INV-67212,,Vendor,59916,,28-Apr-24,,13659,,62225,,75884,,75884,,
INV-95632,,Vendor,67811,,2-May-24,,13093,,59645,,72738,,72738,,
INV-18762,,Vendor,35867,,27-Apr-24,,5598,,25501,,31098,,31098,,
INV-26084,,Vendor,44819,,13-Apr-24,,5949,,27101,,33050,,33050,,
INV-37563,,Vendor,99814,,30-Apr-24,,5176,,23579,,28755,,28755,,
INV-22042,,Vendor,33958,,18-Apr-24,,13156,,59931,,73087,,73087,,
INV-60216,,Vendor,93994,,18-Apr-24,,1612,,7344,,8957,,8957,,
INV-48812,,Vendor,26411,,26-Apr-24,,13742,,62603,,76345,,76345,,
INV-58227,,Vendor,45046,,25-Apr-24,,16458,,74977,,91435,,91435,,
INV-89468,,Vendor,76459,,14-Apr-24,,16307,,74286,,90593,,90593,,
INV-78649,,Vendor,51508,,27-Apr-24,,2071,,9436,,11507,,11507,,
INV-51279,,Vendor,43058,,19-Apr-24,,12089,,55070,,67159,,67159,,
INV-26865,,Vendor,20749,,18-Apr-24,,5712,,26023,,31735,,31735,,
INV-10505,,Vendor,54750,,5-May-24,,2673,,12179,,14852,,14852,,
INV-62190,,Vendor,50299,,15-Apr-24,,17108,,77935,,95043,,95043,,
INV-44236,,Vendor,56520,,8-Apr-24,,11991,,54627,,66619,,66619,,
INV-22132,,Vendor,49962,,5-May-24,,5741,,26152,,31892,,31892,,
INV-19013,,Vendor,22025,,29-Apr-24,,2609,,11888,,14497,,14497,,
INV-22349,,Vendor,19287,,1-May-24,,12688,,57801,,70489,,70489,,
INV-72734,,Vendor,53646,,12-Apr-24,,11226,,51141,,62367,,62367,,
INV-92147,,Vendor,18229,,25-Apr-24,,15855,,72227,,88082,,88082,,
INV-74276,,Vendor,95386,,13-Apr-24,,17639,,80356,,97995,,97995,,
INV-99287,,Vendor,83981,,3-May-24,,10587,,48230,,58818,,58818,,
INV-37774,,Vendor,36410,,13-Apr-24,,12391,,56450,,68841,,68841,,
INV-59790,,Vendor,48715,,5-May-24,,4196,,19117,,23313,,23313,,
INV-40869,,Vendor,87106,,17-Apr-24,,10492,,47798,,58290,,58290,,
INV-36113,,Vendor,11768,,26-Apr-24,,1412,,6432,,7844,,7844,,
INV-57040,,Vendor,78380,,8-Apr-24,,11460,,52206,,63666,,63666,,
INV-83024,,Vendor,49615,,14-Apr-24,,11479,,52292,,63771,,63771,,
INV-24201,,Vendor,96428,,25-Apr-24,,1161,,5288,,6449,,6449,,
INV-71076,,Vendor,44146,,13-Apr-24,,3138,,14297,,17435,,17435,,
INV-95882,,Vendor,40788,,15-Apr-24,,1423,,6484,,7907,,7907,,
INV-49920,,Vendor,88922,,20-Apr-24,,12838,,58486,,71325,,71325,,
INV-68686,,Vendor,25523,,6-May-24,,15535,,70772,,86307,,86307,,
INV-76998,,Vendor,66637,,6-May-24,,5587,,25452,,31039,,31039,,
INV-75475,,Vendor,50796,,26-Apr-24,,9618,,43815,,53433,,53433,,
INV-22206,,Vendor,76090,,18-Apr-24,,15928,,72562,,88490,,88490,,
INV-52781,,Vendor,66749,,12-Apr-24,,17477,,79619,,97096,,97096,,
INV-77875,,Vendor,19770,,5-May-24,,8558,,38984,,47542,,47542,,
INV-34091,,Vendor,89550,,18-Apr-24,,8006,,36474,,44480,,44480,,
INV-79245,,Vendor,87772,,30-Apr-24,,15825,,72091,,87916,,87916,,
INV-74975,,Vendor,26353,,3-May-24,,13134,,59831,,72965,,72965,,
INV-73125,,Vendor,19045,,1-May-24,,11291,,51437,,62728,,62728,,
INV-36019,,Vendor,71495,,26-Apr-24,,2555,,11639,,14194,,14194,,
INV-66205,,Vendor,68612,,25-Apr-24,,10995,,50089,,61084,,61084,,
INV-50991,,Vendor,39683,,5-May-24,,2195,,10001,,12196,,12196,,
INV-88245,,Vendor,21977,,21-Apr-24,,7964,,36281,,44245,,44245,,
INV-66466,,Vendor,85945,,5-May-24,,13309,,60630,,73940,,73940,,
INV-95544,,Vendor,64086,,22-Apr-24,,1236,,5629,,6864,,6864,,
INV-41420,,Vendor,36646,,5-May-24,,3796,,17294,,21091,,21091,,
INV-89426,,Vendor,12487,,15-Apr-24,,2289,,10427,,12715,,12715,,
INV-42071,,Vendor,93510,,23-Apr-24,,6016,,27405,,33421,,33421,,
INV-37030,,Vendor,15031,,19-Apr-24,,12616,,57473,,70089,,70089,,
INV-75032,,Vendor,83569,,24-Apr-24,,16080,,73251,,89331,,89331,,
INV-17425,,Vendor,62160,,22-Apr-24,,11396,,51917,,63313,,63313,,
INV-26089,,Vendor,82354,,21-Apr-24,,15543,,70805,,86348,,86348,,
INV-35263,,Vendor,48670,,18-Apr-24,,4823,,21973,,26796,,26796,,
INV-68838,,Vendor,98034,,11-Apr-24,,6475,,29497,,35972,,35972,,
INV-78817,,Vendor,77981,,28-Apr-24,,9887,,45042,,54930,,54930,,
INV-59181,,Vendor,63366,,30-Apr-24,,6340,,28880,,35220,,35220,,
INV-37321,,Vendor,82889,,2-May-24,,4420,,20135,,24555,,24555,,
INV-12403,,Vendor,68629,,1-May-24,,811,,3697,,4508,,4508,,
INV-70854,,Vendor,44500,,27-Apr-24,,15173,,69123,,84297,,84297,,
INV-42164,,Vendor,29850,,18-Apr-24,,456,,2076,,2531,,2531,,
INV-15675,,Vendor,97039,,2-May-24,,17943,,81742,,99685,,99685,,
INV-25626,,Vendor,19621,,8-Apr-24,,2528,,11516,,14044,,14044,,
INV-31523,,Vendor,42122,,8-Apr-24,,9490,,43233,,52723,,52723,,
INV-97825,,Vendor,86648,,5-May-24,,9879,,45002,,54881,,54881,,
INV-87942,,Vendor,21369,,17-Apr-24,,3647,,16613,,20260,,20260,,
INV-39774,,Vendor,55927,,25-Apr-24,,16238,,73971,,90209,,90209,,
INV-78816,,Vendor,27879,,29-Apr-24,,10113,,46068,,56181,,56181,,
INV-33149,,Vendor,23278,,7-Apr-24,,11660,,53118,,64778,,64778,,
INV-46954,,Vendor,64389,,5-May-24,,12922,,58867,,71789,,71789,,
INV-81481,,Vendor,50436,,9-Apr-24,,1363,,6209,,7572,,7572,,
INV-64408,,Vendor,61935,,23-Apr-24,,12804,,58328,,71132,,71132,,
INV-93618,,Vendor,81670,,24-Apr-24,,627,,2856,,3483,,3483,,
INV-46470,,Vendor,80722,,28-Apr-24,,15566,,70910,,86475,,86475,,
INV-70591,,Vendor,48327,,27-Apr-24,,12013,,54724,,66737,,66737,,
INV-38431,,Vendor,92015,,29-Apr-24,,522,,2378,,2900,,2900,,
INV-33154,,Vendor,16216,,28-Apr-24,,7293,,33226,,40519,,40519,,
INV-73181,,Vendor,51004,,15-Apr-24,,5605,,25534,,31140,,31140,,
INV-28912,,Vendor,25591,,4-May-24,,4183,,19057,,23240,,23240,,
INV-55389,,Vendor,22122,,16-Apr-24,,17180,,78265,,95445,,95445,,
INV-63889,,Vendor,82506,,14-Apr-24,,17367,,79118,,96485,,96485,,
INV-70893,,Vendor,58994,,11-Apr-24,,15490,,70565,,86054,,86054,,
INV-75215,,Vendor,74474,,29-Apr-24,,525,,2392,,2917,,2917,,
INV-77544,,Vendor,71097,,22-Apr-24,,8418,,38349,,46767,,46767,,
INV-10948,,Vendor,24109,,6-May-24,,2905,,13232,,16137,,16137,,
INV-81562,,Vendor,53542,,29-Apr-24,,5693,,25935,,31628,,31628,,
INV-93862,,Vendor,44914,,10-Apr-24,,12424,,56597,,69021,,69021,,
INV-75927,,Vendor,67454,,24-Apr-24,,17632,,80325,,97958,,97958,,
INV-32458,,Vendor,58619,,12-Apr-24,,1206,,5492,,6697,,6697,,
INV-20175,,Vendor,29750,,6-May-24,,11610,,52889,,64498,,64498,,
INV-51649,,Vendor,45323,,24-Apr-24,,11237,,51189,,62425,,62425,,
INV-21388,,Vendor,23160,,6-May-24,,1312,,5978,,7290,,7290,,
INV-20019,,Vendor,94549,,6-May-24,,6192,,28207,,34399,,34399,,
INV-13436,,Vendor,38849,,7-Apr-24,,2151,,9801,,11952,,11952,,
INV-34354,,Vendor,10727,,24-Apr-24,,11556,,52646,,64202,,64202,,
INV-86030,,Vendor,75999,,10-Apr-24,,3854,,17558,,21412,,21412,,
INV-23195,,Vendor,80481,,27-Apr-24,,6927,,31557,,38484,,38484,,
INV-25220,,Vendor,38855,,29-Apr-24,,6821,,31072,,37893,,37893,,
INV-11422,,Vendor,78967,,28-Apr-24,,5390,,24554,,29944,,29944,,
INV-58458,,Vendor,56478,,19-Apr-24,,9279,,42273,,51552,,51552,,
INV-80983,,Vendor,11038,,27-Apr-24,,2973,,13542,,16514,,16514,,
INV-69479,,Vendor,48993,,12-Apr-24,,8990,,40952,,49942,,49942,,
INV-10315,,Vendor,75084,,20-Apr-24,,9292,,42330,,51623,,51623,,
INV-40102,,Vendor,62470,,29-Apr-24,,16118,,73427,,89545,,89545,,
INV-37973,,Vendor,57230,,21-Apr-24,,6698,,30511,,37209,,37209,,
INV-35101,,Vendor,62801,,20-Apr-24,,1208,,5503,,6711,,6711,,
INV-89700,,Vendor,94647,,2-May-24,,4148,,18895,,23043,,23043,,
INV-97748,,Vendor,19623,,18-Apr-24,,7240,,32982,,40222,,40222,,
INV-85311,,Vendor,79989,,12-Apr-24,,7108,,32379,,39486,,39486,,
INV-85417,,Vendor,16721,,4-May-24,,12665,,57697,,70363,,70363,,
INV-43911,,Vendor,47856,,1-May-24,,13288,,60533,,73821,,73821,,
INV-92761,,Vendor,87140,,14-Apr-24,,14959,,68146,,83105,,83105,,
INV-92865,,Vendor,25019,,30-Apr-24,,3167,,14425,,17592,,17592,,
INV-45621,,Vendor,27322,,18-Apr-24,,14483,,65979,,80462,,80462,,
INV-46181,,Vendor,62314,,7-Apr-24,,5917,,26954,,32870,,32870,,
INV-90170,,Vendor,66536,,15-Apr-24,,2808,,12791,,15599,,15599,,
INV-56363,,Vendor,21473,,18-Apr-24,,5720,,26058,,31778,,31778,,
INV-76369,,Vendor,10295,,13-Apr-24,,11663,,53132,,64796,,64796,,
INV-19369,,Vendor,54357,,16-Apr-24,,12385,,56422,,68807,,68807,,
INV-40446,,Vendor,20393,,29-Apr-24,,15279,,69603,,84881,,84881,,
INV-35034,,Vendor,91265,,24-Apr-24,,6010,,27378,,33387,,33387,,
INV-35749,,Vendor,20105,,6-May-24,,7888,,35936,,43825,,43825,,
INV-38558,,Vendor,23682,,6-May-24,,5529,,25186,,30714,,30714,,
INV-52228,,Vendor,23195,,1-May-24,,11116,,50638,,61754,,61754,,
INV-55290,,Vendor,89979,,11-Apr-24,,8007,,36476,,44483,,44483,,
INV-38883,,Vendor,18317,,8-Apr-24,,11055,,50363,,61419,,61419,,
INV-31602,,Vendor,78350,,8-Apr-24,,1849,,8425,,10274,,10274,,
INV-58550,,Vendor,35667,,30-Apr-24,,3663,,16686,,20349,,20349,,
INV-45238,,Vendor,89453,,22-Apr-24,,12364,,56325,,68689,,68689,,
INV-40185,,Vendor,51879,,9-Apr-24,,13602,,61964,,75565,,75565,,
INV-79304,,Vendor,82282,,18-Apr-24,,6355,,28951,,35306,,35306,,
INV-89019,,Vendor,11306,,21-Apr-24,,2884,,13139,,16024,,16024,,
INV-96724,,Vendor,55706,,16-Apr-24,,13559,,61767,,75325,,75325,,
INV-87433,,Vendor,37319,,8-Apr-24,,13165,,59975,,73140,,73140,,
INV-22100,,Vendor,97945,,14-Apr-24,,27,,124,,151,,151,,
INV-67778,,Vendor,77091,,5-May-24,,15341,,69889,,85230,,85230,,
INV-29209,,Vendor,59361,,13-Apr-24,,6051,,27564,,33615,,33615,,
INV-70966,,Vendor,88753,,8-Apr-24,,12859,,58579,,71438,,71438,,
INV-79090,,Vendor,97515,,14-Apr-24,,14240,,64873,,79113,,79113,,
INV-89272,,Vendor,59822,,12-Apr-24,,15118,,68872,,83991,,83991,,
INV-85454,,Vendor,58049,,15-Apr-24,,7756,,35332,,43088,,43088,,
INV-31117,,Vendor,27160,,19-Apr-24,,8017,,36524,,44542,,44542,,
INV-98245,,Vendor,32655,,26-Apr-24,,12836,,58477,,71313,,71313,,
INV-76049,,Vendor,79063,,6-May-24,,8812,,40143,,48954,,48954,,
INV-55572,,Vendor,99700,,30-Apr-24,,4571,,20822,,25393,,25393,,
INV-83943,,Vendor,71473,,19-Apr-24,,16415,,74779,,91193,,91193,,
INV-91658,,Vendor,25200,,7-Apr-24,,3086,,14060,,17147,,17147,,
INV-95746,,Vendor,49040,,9-Apr-24,,10262,,46747,,57009,,57009,,
INV-32008,,Vendor,81378,,26-Apr-24,,9676,,44082,,53758,,53758,,
INV-89112,,Vendor,45342,,8-Apr-24,,14258,,64953,,79211,,79211,,
INV-62721,,Vendor,37747,,27-Apr-24,,16823,,76638,,93461,,93461,,
INV-37630,,Vendor,80561,,12-Apr-24,,7556,,34423,,41979,,41979,,
INV-57022,,Vendor,73516,,2-May-24,,16958,,77253,,94212,,94212,,
INV-40158,,Vendor,94360,,25-Apr-24,,17342,,79001,,96342,,96342,,
INV-26389,,Vendor,22400,,25-Apr-24,,14288,,65092,,79380,,79380,,
INV-97292,,Vendor,39886,,15-Apr-24,,821,,3739,,4559,,4559,,
INV-47270,,Vendor,81531,,4-May-24,,11089,,50519,,61608,,61608,,
INV-68083,,Vendor,34196,,5-May-24,,1566,,7135,,8702,,8702,,
INV-20213,,Vendor,61384,,8-Apr-24,,5609,,25553,,31162,,31162,,
INV-13047,,Vendor,48648,,5-May-24,,7694,,35049,,42742,,42742,,
INV-91893,,Vendor,55156,,24-Apr-24,,16341,,74444,,90785,,90785,,
INV-54217,,Vendor,94939,,23-Apr-24,,11900,,54213,,66113,,66113,,
INV-15894,,Vendor,31868,,2-May-24,,3832,,17457,,21289,,21289,,
INV-21566,,Vendor,20049,,21-Apr-24,,3406,,15516,,18922,,18922,,
INV-29830,,Vendor,61941,,15-Apr-24,,7716,,35150,,42866,,42866,,
INV-62236,,Vendor,33989,,30-Apr-24,,6674,,30404,,37078,,37078,,
INV-36195,,Vendor,31122,,2-May-24,,16119,,73430,,89549,,89549,,
INV-33422,,Vendor,13004,,2-May-24,,2303,,10490,,12793,,12793,,
INV-36286,,Vendor,46007,,1-May-24,,16992,,77410,,94402,,94402,,
INV-85546,,Vendor,37437,,12-Apr-24,,2875,,13097,,15972,,15972,,
INV-53506,,Vendor,76524,,1-May-24,,13518,,61583,,75102,,75102,,
INV-42833,,Vendor,22654,,27-Apr-24,,13740,,62594,,76334,,76334,,
INV-51466,,Vendor,54898,,13-Apr-24,,10275,,46807,,57082,,57082,,
INV-99726,,Vendor,16558,,23-Apr-24,,16015,,72959,,88974,,88974,,
INV-41583,,Vendor,28271,,26-Apr-24,,16320,,74347,,90667,,90667,,
INV-10021,,Vendor,31553,,11-Apr-24,,17742,,80826,,98568,,98568,,
INV-88672,,Vendor,33048,,17-Apr-24,,8245,,37561,,45806,,45806,,
INV-52855,,Vendor,13959,,2-May-24,,2475,,11274,,13749,,13749,,
INV-17005,,Vendor,41020,,11-Apr-24,,10228,,46592,,56820,,56820,,
INV-60472,,Vendor,71124,,26-Apr-24,,11334,,51632,,62966,,62966,,
INV-99418,,Vendor,45001,,29-Apr-24,,5561,,25333,,30894,,30894,,
INV-97521,,Vendor,47720,,9-Apr-24,,713,,3247,,3960,,3960,,
INV-96021,,Vendor,93309,,19-Apr-24,,12647,,57613,,70259,,70259,,
INV-22040,,Vendor,61201,,25-Apr-24,,16922,,77091,,94014,,94014,,
INV-56459,,Vendor,60469,,24-Apr-24,,7167,,32652,,39819,,39819,,
INV-67410,,Vendor,75099,,28-Apr-24,,13387,,60985,,74372,,74372,,
INV-41165,,Vendor,12917,,9-Apr-24,,5780,,26330,,32110,,32110,,
INV-49327,,Vendor,74262,,3-May-24,,3092,,14086,,17179,,17179,,
INV-53519,,Vendor,43761,,26-Apr-24,,6105,,27812,,33917,,33917,,
INV-23482,,Vendor,82921,,7-Apr-24,,3034,,13820,,16854,,16854,,
INV-64980,,Vendor,61126,,15-Apr-24,,17006,,77471,,94476,,94476,,
INV-37605,,Vendor,26756,,3-May-24,,8761,,39910,,48671,,48671,,
INV-82542,,Vendor,47771,,2-May-24,,11269,,51337,,62606,,62606,,
INV-21269,,Vendor,38804,,28-Apr-24,,17302,,78822,,96125,,96125,,
INV-28944,,Vendor,31742,,4-May-24,,15369,,70017,,85386,,85386,,
INV-53893,,Vendor,65774,,27-Apr-24,,384,,1747,,2131,,2131,,
INV-88863,,Vendor,27298,,12-Apr-24,,2611,,11896,,14508,,14508,,
INV-65461,,Vendor,33416,,7-Apr-24,,4027,,18344,,22371,,22371,,
INV-60113,,Vendor,82489,,27-Apr-24,,10320,,47013,,57333,,57333,,
INV-95057,,Vendor,66134,,27-Apr-24,,3285,,14967,,18252,,18252,,
INV-56395,,Vendor,19789,,15-Apr-24,,9969,,45414,,55383,,55383,,
INV-12170,,Vendor,29526,,19-Apr-24,,12313,,56094,,68408,,68408,,
INV-63525,,Vendor,86816,,27-Apr-24,,14018,,63861,,77880,,77880,,
INV-21323,,Vendor,54873,,3-May-24,,14448,,65818,,80266,,80266,,
INV-47983,,Vendor,63705,,9-Apr-24,,1141,,5199,,6340,,6340,,
INV-89942,,Vendor,67097,,18-Apr-24,,4887,,22261,,27148,,27148,,
INV-60844,,Vendor,81818,,27-Apr-24,,10637,,48458,,59095,,59095,,
INV-86567,,Vendor,31908,,30-Apr-24,,2188,,9968,,12156,,12156,,
INV-89565,,Vendor,97696,,18-Apr-24,,6138,,27962,,34100,,34100,,
INV-12714,,Vendor,54308,,29-Apr-24,,6876,,31325,,38201,,38201,,
INV-94567,,Vendor,95526,,26-Apr-24,,763,,3475,,4238,,4238,,
INV-83568,,Vendor,56896,,9-Apr-24,,8599,,39171,,47770,,47770,,
INV-58822,,Vendor,33124,,4-May-24,,959,,4367,,5326,,5326,,
INV-65575,,Vendor,94708,,8-Apr-24,,14415,,65667,,80082,,80082,,
INV-63339,,Vendor,86565,,20-Apr-24,,6117,,27864,,33981,,33981,,
INV-82067,,Vendor,82484,,1-May-24,,1563,,7121,,8684,,8684,,
INV-48883,,Vendor,94646,,14-Apr-24,,15212,,69300,,84513,,84513,,
INV-29546,,Vendor,81726,,5-May-24,,8219,,37441,,45660,,45660,,
INV-83519,,Vendor,49505,,25-Apr-24,,4232,,19281,,23513,,23513,,
INV-79090,,Vendor,73444,,8-Apr-24,,10169,,46327,,56496,,56496,,
INV-54006,,Vendor,88244,,17-Apr-24,,8798,,40079,,48877,,48877,,
INV-35491,,Vendor,94294,,15-Apr-24,,11634,,52999,,64633,,64633,,
INV-29435,,Vendor,86910,,12-Apr-24,,11345,,51681,,63026,,63026,,
INV-20725,,Vendor,24561,,22-Apr-24,,12314,,56098,,68413,,68413,,
INV-54145,,Vendor,43410,,27-Apr-24,,16434,,74866,,91300,,91300,,
INV-88989,,Vendor,36091,,6-May-24,,8947,,40758,,49705,,49705,,
INV-59868,,Vendor,27825,,27-Apr-24,,623,,2838,,3461,,3461,,
INV-10057,,Vendor,94424,,26-Apr-24,,4543,,20697,,25241,,25241,,
INV-90070,,Vendor,72159,,22-Apr-24,,6907,,31464,,38371,,38371,,
INV-66850,,Vendor,67792,,20-Apr-24,,9947,,45316,,55263,,55263,,
INV-45289,,Vendor,53964,,19-Apr-24,,2778,,12654,,15432,,15432,,
INV-92035,,Vendor,64347,,12-Apr-24,,12315,,56104,,68419,,68419,,
INV-83813,,Vendor,26464,,2-May-24,,8123,,37006,,45129,,45129,,
INV-69791,,Vendor,48772,,6-May-24,,100,,455,,555,,555,,
INV-62985,,Vendor,58975,,2-May-24,,10220,,46559,,56779,,56779,,
INV-29542,,Vendor,88937,,13-Apr-24,,2692,,12264,,14956,,14956,,
INV-13897,,Vendor,64402,,1-May-24,,13066,,59521,,72587,,72587,,
INV-31497,,Vendor,78817,,18-Apr-24,,9825,,44760,,54585,,54585,,
INV-48934,,Vendor,85062,,6-May-24,,5654,,25755,,31409,,31409,,
INV-17879,,Vendor,21189,,21-Apr-24,,9638,,43908,,53546,,53546,,
INV-66918,,Vendor,90868,,10-Apr-24,,9098,,41444,,50542,,50542,,
INV-88673,,Vendor,47643,,14-Apr-24,,16356,,74509,,90865,,90865,,
INV-64166,,Vendor,31961,,16-Apr-24,,5296,,24128,,29424,,29424,,
INV-90612,,Vendor,36897,,16-Apr-24,,8979,,40903,,49882,,49882,,
INV-95220,,Vendor,71827,,22-Apr-24,,15706,,71550,,87256,,87256,,
INV-42889,,Vendor,33243,,11-Apr-24,,10134,,46165,,56299,,56299,,
INV-23483,,Vendor,64163,,19-Apr-24,,12880,,58674,,71553,,71553,,
INV-20704,,Vendor,84808,,2-May-24,,3529,,16075,,19604,,19604,,
INV-62482,,Vendor,21246,,1-May-24,,3258,,14842,,18099,,18099,,
INV-39004,,Vendor,89270,,16-Apr-24,,10685,,48675,,59360,,59360,,
INV-61590,,Vendor,91614,,21-Apr-24,,4975,,22665,,27640,,27640,,
INV-17205,,Vendor,28767,,1-May-24,,2085,,9500,,11586,,11586,,
INV-53117,,Vendor,79530,,15-Apr-24,,1806,,8228,,10034,,10034,,
INV-18933,,Vendor,29355,,16-Apr-24,,16217,,73875,,90092,,90092,,
INV-63116,,Vendor,56923,,25-Apr-24,,1208,,5501,,6709,,6709,,
INV-36379,,Vendor,54264,,15-Apr-24,,8611,,39227,,47838,,47838,,
INV-55260,,Vendor,17837,,16-Apr-24,,6786,,30915,,37701,,37701,,
INV-21439,,Vendor,43213,,12-Apr-24,,8161,,37178,,45339,,45339,,
INV-11283,,Vendor,15682,,13-Apr-24,,3984,,18151,,22136,,22136,,
INV-73555,,Vendor,48381,,22-Apr-24,,14933,,68028,,82960,,82960,,
INV-20298,,Vendor,38632,,16-Apr-24,,90,,408,,498,,498,,
INV-16702,,Vendor,83614,,5-May-24,,8795,,40064,,48859,,48859,,
INV-82707,,Vendor,51102,,4-May-24,,16504,,75187,,91691,,91691,,
INV-42813,,Vendor,71837,,17-Apr-24,,13464,,61337,,74801,,74801,,
INV-72571,,Vendor,13801,,29-Apr-24,,3134,,14279,,17414,,17414,,
INV-76325,,Vendor,46959,,24-Apr-24,,16633,,75773,,92406,,92406,,
INV-50879,,Vendor,29347,,7-Apr-24,,4298,,19579,,23877,,23877,,
INV-85792,,Vendor,81897,,30-Apr-24,,9477,,43171,,52648,,52648,,
INV-39226,,Vendor,99999,,21-Apr-24,,5838,,26595,,32433,,32433,,
INV-59270,,Vendor,56693,,7-Apr-24,,3954,,18012,,21966,,21966,,
INV-26837,,Vendor,69553,,30-Apr-24,,11759,,53567,,65325,,65325,,
INV-15770,,Vendor,76435,,12-Apr-24,,16168,,73653,,89821,,89821,,
INV-28029,,Vendor,83667,,12-Apr-24,,15366,,70002,,85369,,85369,,
INV-35965,,Vendor,32431,,24-Apr-24,,6034,,27489,,33523,,33523,,
INV-90029,,Vendor,75946,,18-Apr-24,,6463,,29444,,35908,,35908,,
INV-97226,,Vendor,57053,,30-Apr-24,,2622,,11946,,14568,,14568,,
INV-57652,,Vendor,12764,,24-Apr-24,,12691,,57814,,70505,,70505,,
INV-29554,,Vendor,34342,,24-Apr-24,,9331,,42509,,51840,,51840,,
INV-92990,,Vendor,23719,,29-Apr-24,,4229,,19266,,23495,,23495,,
INV-22139,,Vendor,12311,,24-Apr-24,,7514,,34233,,41747,,41747,,
INV-57696,,Vendor,26312,,18-Apr-24,,14118,,64317,,78435,,78435,,
INV-82812,,Vendor,27562,,5-May-24,,4099,,18674,,22773,,22773,,
INV-83990,,Vendor,71992,,26-Apr-24,,1383,,6302,,7685,,7685,,
INV-91387,,Vendor,88567,,29-Apr-24,,6453,,29395,,35848,,35848,,
INV-89135,,Vendor,96855,,27-Apr-24,,5807,,26456,,32263,,32263,,
INV-96318,,Vendor,48272,,7-Apr-24,,6281,,28612,,34893,,34893,,
INV-17352,,Vendor,18395,,1-May-24,,20,,92,,112,,112,,
INV-44777,,Vendor,81341,,3-May-24,,14769,,67279,,82048,,82048,,
INV-39882,,Vendor,64519,,26-Apr-24,,4557,,20759,,25315,,25315,,
INV-54813,,Vendor,53877,,11-Apr-24,,2692,,12263,,14955,,14955,,
INV-27273,,Vendor,22938,,17-Apr-24,,9966,,45400,,55366,,55366,,
INV-42852,,Vendor,70433,,29-Apr-24,,5722,,26068,,31790,,31790,,
INV-31812,,Vendor,92318,,12-Apr-24,,17142,,78089,,95231,,95231,,
INV-41771,,Vendor,70910,,24-Apr-24,,14837,,67593,,82430,,82430,,
INV-13154,,Vendor,55644,,21-Apr-24,,5155,,23483,,28638,,28638,,
INV-14533,,Vendor,69839,,4-May-24,,15554,,70857,,86411,,86411,,
INV-60590,,Vendor,75446,,5-May-24,,11092,,50530,,61622,,61622,,
INV-90767,,Vendor,80934,,3-May-24,,11665,,53140,,64804,,64804,,
INV-48267,,Vendor,90492,,21-Apr-24,,16999,,77438,,94437,,94437,,
INV-63690,,Vendor,52019,,20-Apr-24,,2868,,13068,,15936,,15936,,
INV-89301,,Vendor,67802,,20-Apr-24,,1714,,7807,,9521,,9521,,
INV-62764,,Vendor,94524,,12-Apr-24,,8416,,38341,,46758,,46758,,
INV-95315,,Vendor,65374,,23-Apr-24,,1634,,7444,,9078,,9078,,
INV-74572,,Vendor,62982,,17-Apr-24,,13327,,60712,,74039,,74039,,
INV-89919,,Vendor,44507,,19-Apr-24,,12125,,55236,,67362,,67362,,
INV-18603,,Vendor,68398,,7-Apr-24,,11410,,51979,,63390,,63390,,
INV-17188,,Vendor,25857,,24-Apr-24,,14383,,65521,,79903,,79903,,
INV-41402,,Vendor,76564,,23-Apr-24,,13321,,60686,,74008,,74008,,
INV-23602,,Vendor,77504,,6-May-24,,7994,,36419,,44413,,44413,,
INV-43030,,Vendor,23382,,25-Apr-24,,13922,,63421,,77343,,77343,,
INV-59230,,Vendor,53951,,7-Apr-24,,17316,,78885,,96201,,96201,,
INV-58383,,Vendor,58576,,8-Apr-24,,7073,,32223,,39296,,39296,,
INV-56112,,Vendor,33508,,23-Apr-24,,15189,,69192,,84381,,84381,,
INV-22915,,Vendor,22384,,9-Apr-24,,2450,,11163,,13614,,13614,,
INV-45803,,Vendor,54695,,2-May-24,,15768,,71833,,87601,,87601,,
INV-52603,,Vendor,98738,,23-Apr-24,,69,,312,,381,,381,,
INV-64194,,Vendor,37146,,15-Apr-24,,1092,,4976,,6069,,6069,,
INV-97925,,Vendor,32203,,2-May-24,,5953,,27117,,33070,,33070,,
INV-37358,,Vendor,64175,,5-May-24,,2112,,9619,,11731,,11731,,
INV-19287,,Vendor,90450,,21-Apr-24,,13461,,61324,,74785,,74785,,
INV-78130,,Vendor,82937,,1-May-24,,6095,,27767,,33862,,33862,,
INV-43377,,Vendor,23453,,22-Apr-24,,6072,,27661,,33733,,33733,,
INV-25890,,Vendor,24204,,12-Apr-24,,11131,,50706,,61836,,61836,,
INV-62708,,Vendor,69151,,15-Apr-24,,9482,,43196,,52679,,52679,,
INV-31516,,Vendor,57353,,29-Apr-24,,16500,,75167,,91667,,91667,,
INV-74935,,Vendor,82759,,6-May-24,,14011,,63828,,77839,,77839,,
INV-21810,,Vendor,57724,,1-May-24,,329,,1500,,1829,,1829,,
INV-90107,,Vendor,77587,,25-Apr-24,,2111,,9619,,11730,,11730,,
INV-50895,,Vendor,84299,,22-Apr-24,,4189,,19084,,23273,,23273,,
INV-45580,,Vendor,59759,,12-Apr-24,,3638,,16574,,20212,,20212,,
INV-33965,,Vendor,58551,,13-Apr-24,,15192,,69210,,84402,,84402,,
INV-75199,,Vendor,59865,,3-May-24,,13943,,63520,,77463,,77463,,
INV-82283,,Vendor,86873,,30-Apr-24,,850,,3874,,4724,,4724,,
INV-67663,,Vendor,75088,,16-Apr-24,,2630,,11980,,14609,,14609,,
INV-47856,,Vendor,56878,,15-Apr-24,,13725,,62523,,76247,,76247,,
INV-92011,,Vendor,79669,,16-Apr-24,,17879,,81447,,99326,,99326,,
INV-20290,,Vendor,42585,,30-Apr-24,,2864,,13048,,15912,,15912,,
INV-81768,,Vendor,14325,,30-Apr-24,,2969,,13525,,16493,,16493,,
INV-54590,,Vendor,29511,,4-May-24,,17911,,81593,,99503,,99503,,
INV-86429,,Vendor,64969,,22-Apr-24,,1039,,4735,,5775,,5775,,
INV-54715,,Vendor,57229,,13-Apr-24,,2175,,9910,,12085,,12085,,
INV-17084,,Vendor,75747,,20-Apr-24,,323,,1473,,1796,,1796,,
INV-50784,,Vendor,26059,,20-Apr-24,,7496,,34149,,41645,,41645,,
INV-73227,,Vendor,88272,,6-May-24,,17784,,81016,,98800,,98800,,
INV-73092,,Vendor,58501,,29-Apr-24,,8179,,37260,,45439,,45439,,
INV-56355,,Vendor,78598,,13-Apr-24,,16204,,73819,,90024,,90024,,
INV-73794,,Vendor,44592,,20-Apr-24,,7168,,32654,,39822,,39822,,
INV-48290,,Vendor,78517,,13-Apr-24,,5947,,27090,,33037,,33037,,
INV-15952,,Vendor,47502,,13-Apr-24,,8753,,39874,,48626,,48626,,
INV-77451,,Vendor,80104,,2-May-24,,11595,,52820,,64415,,64415,,
INV-24982,,Vendor,64595,,3-May-24,,16169,,73659,,89828,,89828,,
INV-20845,,Vendor,11690,,1-May-24,,17532,,79870,,97403,,97403,,
INV-64954,,Vendor,34992,,1-May-24,,2522,,11490,,14012,,14012,,
INV-84414,,Vendor,68144,,14-Apr-24,,4931,,22465,,27397,,27397,,
INV-12419,,Vendor,12003,,7-Apr-24,,13011,,59273,,72284,,72284,,
INV-73729,,Vendor,52521,,22-Apr-24,,10208,,46504,,56712,,56712,,
INV-63537,,Vendor,26201,,5-May-24,,1584,,7215,,8799,,8799,,
INV-72704,,Vendor,32738,,4-May-24,,267,,1215,,1482,,1482,,
INV-92715,,Vendor,56398,,17-Apr-24,,2017,,9187,,11204,,11204,,
INV-66700,,Vendor,36516,,10-Apr-24,,6058,,27596,,33654,,33654,,
INV-66907,,Vendor,44797,,18-Apr-24,,1167,,5316,,6483,,6483,,
INV-71017,,Vendor,10525,,14-Apr-24,,9461,,43099,,52560,,52560,,
INV-41929,,Vendor,28209,,16-Apr-24,,13964,,63612,,77575,,77575,,
INV-17347,,Vendor,73066,,5-May-24,,1967,,8959,,10925,,10925,,
INV-95196,,Vendor,19485,,29-Apr-24,,16449,,74936,,91385,,91385,,
INV-97987,,Vendor,12365,,20-Apr-24,,5316,,24218,,29534,,29534,,
INV-29122,,Vendor,25813,,6-May-24,,2784,,12683,,15467,,15467,,
INV-30158,,Vendor,63177,,28-Apr-24,,5101,,23240,,28342,,28342,,
INV-51079,,Vendor,62553,,24-Apr-24,,4763,,21700,,26464,,26464,,
INV-15429,,Vendor,31592,,16-Apr-24,,13201,,60139,,73340,,73340,,
INV-34365,,Vendor,22264,,28-Apr-24,,15951,,72664,,88615,,88615,,
INV-33909,,Vendor,86570,,2-May-24,,15608,,71105,,86713,,86713,,
INV-51406,,Vendor,48909,,13-Apr-24,,11946,,54420,,66365,,66365,,
INV-76424,,Vendor,96685,,18-Apr-24,,13870,,63187,,77057,,77057,,
INV-68634,,Vendor,46987,,3-May-24,,6974,,31772,,38747,,38747,,
INV-88869,,Vendor,22467,,21-Apr-24,,17642,,80367,,98009,,98009,,
INV-99497,,Vendor,66285,,26-Apr-24,,13153,,59921,,73074,,73074,,
INV-82437,,Vendor,48854,,9-Apr-24,,10718,,48825,,59542,,59542,,
INV-46824,,Vendor,80898,,23-Apr-24,,11325,,51591,,62916,,62916,,
INV-32481,,Vendor,33678,,7-Apr-24,,15120,,68878,,83998,,83998,,
INV-55624,,Vendor,13905,,27-Apr-24,,11143,,50764,,61908,,61908,,
INV-11982,,Vendor,71530,,23-Apr-24,,6173,,28120,,34293,,34293,,
INV-97242,,Vendor,57017,,1-May-24,,2613,,11902,,14515,,14515,,
INV-27218,,Vendor,30898,,26-Apr-24,,8296,,37794,,46090,,46090,,
INV-14315,,Vendor,29296,,28-Apr-24,,4517,,20578,,25095,,25095,,
INV-79122,,Vendor,85156,,5-May-24,,6204,,28262,,34466,,34466,,
INV-48935,,Vendor,60074,,24-Apr-24,,12692,,57820,,70512,,70512,,
INV-92106,,Vendor,40201,,24-Apr-24,,962,,4384,,5346,,5346,,
INV-66818,,Vendor,31159,,20-Apr-24,,17941,,81733,,99675,,99675,,
INV-40354,,Vendor,85642,,19-Apr-24,,2457,,11191,,13648,,13648,,
INV-70430,,Vendor,58253,,15-Apr-24,,5751,,26201,,31952,,31952,,
INV-47961,,Vendor,89091,,16-Apr-24,,2784,,12682,,15466,,15466,,
INV-19302,,Vendor,20895,,28-Apr-24,,1713,,7803,,9516,,9516,,
INV-12499,,Vendor,74038,,23-Apr-24,,8631,,39319,,47950,,47950,,
INV-29179,,Vendor,63951,,5-May-24,,10734,,48899,,59634,,59634,,
INV-57388,,Vendor,17514,,5-May-24,,11386,,51870,,63257,,63257,,
INV-22357,,Vendor,95826,,22-Apr-24,,8007,,36476,,44482,,44482,,
INV-51911,,Vendor,92357,,18-Apr-24,,3450,,15716,,19166,,19166,,
INV-92105,,Vendor,90120,,7-Apr-24,,15032,,68478,,83510,,83510,,
INV-85096,,Vendor,16293,,17-Apr-24,,497,,2265,,2763,,2763,,
INV-20673,,Vendor,81705,,11-Apr-24,,3226,,14695,,17921,,17921,,
INV-57053,,Vendor,85178,,10-Apr-24,,8285,,37741,,46026,,46026,,
INV-80851,,Vendor,38139,,12-Apr-24,,3956,,18020,,21976,,21976,,
INV-98307,,Vendor,91763,,10-Apr-24,,8962,,40825,,49787,,49787,,
INV-71589,,Vendor,85466,,26-Apr-24,,17804,,81106,,98910,,98910,,
INV-54657,,Vendor,93934,,30-Apr-24,,1258,,5732,,6990,,6990,,
INV-38201,,Vendor,37906,,26-Apr-24,,6559,,29879,,36438,,36438,,
INV-17843,,Vendor,46928,,11-Apr-24,,7872,,35860,,43732,,43732,,
INV-76195,,Vendor,86802,,11-Apr-24,,9468,,43133,,52601,,52601,,
INV-50473,,Vendor,41166,,18-Apr-24,,17218,,78440,,95658,,95658,,
INV-43988,,Vendor,61157,,19-Apr-24,,263,,1200,,1463,,1463,,
INV-21549,,Vendor,89827,,19-Apr-24,,15205,,69269,,84474,,84474,,
INV-95113,,Vendor,50752,,16-Apr-24,,7811,,35582,,43392,,43392,,
INV-57753,,Vendor,39966,,8-Apr-24,,4083,,18602,,22685,,22685,,
INV-14098,,Vendor,99525,,20-Apr-24,,11347,,51692,,63039,,63039,,
INV-43087,,Vendor,42840,,14-Apr-24,,1264,,5760,,7024,,7024,,
INV-91879,,Vendor,53772,,11-Apr-24,,10362,,47203,,57565,,57565,,
INV-91890,,Vendor,47500,,26-Apr-24,,14127,,64357,,78484,,78484,,
INV-66097,,Vendor,80811,,23-Apr-24,,14914,,67943,,82857,,82857,,
INV-58270,,Vendor,90175,,14-Apr-24,,2145,,9771,,11915,,11915,,
INV-44305,,Vendor,76059,,1-May-24,,3075,,14007,,17082,,17082,,
INV-34702,,Vendor,79538,,14-Apr-24,,10469,,47692,,58161,,58161,,
INV-20191,,Vendor,67580,,10-Apr-24,,128,,584,,712,,712,,
INV-91073,,Vendor,73847,,16-Apr-24,,17719,,80721,,98440,,98440,,
INV-59316,,Vendor,59015,,15-Apr-24,,6691,,30480,,37170,,37170,,
INV-15297,,Vendor,93634,,16-Apr-24,,11309,,51519,,62828,,62828,,
INV-49569,,Vendor,78346,,8-Apr-24,,15464,,70446,,85910,,85910,,
INV-94095,,Vendor,71277,,17-Apr-24,,11056,,50367,,61424,,61424,,
INV-96038,,Vendor,15688,,17-Apr-24,,16767,,76382,,93149,,93149,,
INV-66971,,Vendor,45731,,13-Apr-24,,7723,,35184,,42907,,42907,,
INV-77996,,Vendor,90132,,21-Apr-24,,17935,,81703,,99638,,99638,,
INV-23395,,Vendor,67048,,15-Apr-24,,13507,,61530,,75037,,75037,,
INV-92513,,Vendor,42612,,1-May-24,,1839,,8376,,10215,,10215,,
INV-25964,,Vendor,58648,,17-Apr-24,,11324,,51587,,62912,,62912,,
INV-46133,,Vendor,30803,,30-Apr-24,,12656,,57656,,70313,,70313,,
INV-31208,,Vendor,82122,,9-Apr-24,,10406,,47403,,57809,,57809,,
INV-82628,,Vendor,44472,,26-Apr-24,,12632,,57545,,70177,,70177,,
INV-90484,,Vendor,64882,,12-Apr-24,,6042,,27523,,33565,,33565,,
INV-28507,,Vendor,40745,,27-Apr-24,,4272,,19461,,23732,,23732,,
INV-95912,,Vendor,92003,,13-Apr-24,,17095,,77875,,94970,,94970,,
INV-38625,,Vendor,41520,,12-Apr-24,,14352,,65381,,79733,,79733,,
INV-81860,,Vendor,39796,,12-Apr-24,,3109,,14163,,17272,,17272,,
INV-87888,,Vendor,25229,,27-Apr-24,,5066,,23079,,28145,,28145,,
INV-22834,,Vendor,41402,,6-May-24,,16505,,75188,,91692,,91692,,
INV-41312,,Vendor,50083,,3-May-24,,11876,,54102,,65978,,65978,,
INV-77198,,Vendor,95389,,19-Apr-24,,11819,,53840,,65659,,65659,,
INV-31729,,Vendor,15386,,18-Apr-24,,8381,,38182,,46563,,46563,,
INV-57725,,Vendor,26006,,3-May-24,,524,,2386,,2910,,2910,,
INV-36211,,Vendor,19721,,23-Apr-24,,6219,,28331,,34550,,34550,,
INV-51521,,Vendor,45382,,20-Apr-24,,12041,,54854,,66895,,66895,,
INV-84509,,Vendor,31967,,6-May-24,,17360,,79084,,96444,,96444,,
INV-12783,,Vendor,40645,,26-Apr-24,,10510,,47878,,58388,,58388,,
INV-48371,,Vendor,34199,,21-Apr-24,,3059,,13935,,16994,,16994,,
INV-90863,,Vendor,19871,,2-May-24,,2464,,11226,,13690,,13690,,
INV-87024,,Vendor,14453,,7-Apr-24,,14283,,65067,,79351,,79351,,
INV-21468,,Vendor,21135,,23-Apr-24,,15084,,68718,,83803,,83803,,
INV-82660,,Vendor,39831,,20-Apr-24,,16516,,75239,,91755,,91755,,
INV-10967,,Vendor,24843,,7-Apr-24,,3177,,14474,,17652,,17652,,
INV-82978,,Vendor,21505,,10-Apr-24,,16141,,73529,,89670,,89670,,
INV-79841,,Vendor,36218,,4-May-24,,6721,,30619,,37340,,37340,,
INV-11661,,Vendor,17745,,13-Apr-24,,1683,,7669,,9353,,9353,,
INV-11408,,Vendor,19863,,10-Apr-24,,5568,,25365,,30933,,30933,,
INV-47010,,Vendor,30768,,4-May-24,,11391,,51892,,63282,,63282,,
INV-84986,,Vendor,47911,,30-Apr-24,,13323,,60694,,74017,,74017,,
INV-12955,,Vendor,19254,,26-Apr-24,,7740,,35258,,42997,,42997,,
INV-39072,,Vendor,41396,,3-May-24,,11681,,53212,,64892,,64892,,
INV-86956,,Vendor,11758,,20-Apr-24,,6200,,28246,,34447,,34447,,
INV-30388,,Vendor,86358,,26-Apr-24,,14528,,66183,,80711,,80711,,
INV-72193,,Vendor,62683,,4-May-24,,4972,,22651,,27623,,27623,,
INV-74428,,Vendor,65297,,6-May-24,,17422,,79368,,96791,,96791,,
INV-83585,,Vendor,39954,,13-Apr-24,,7833,,35682,,43514,,43514,,
INV-69283,,Vendor,19643,,10-Apr-24,,3817,,17388,,21205,,21205,,
INV-55623,,Vendor,76995,,27-Apr-24,,933,,4252,,5185,,5185,,
INV-20266,,Vendor,67494,,26-Apr-24,,5280,,24054,,29334,,29334,,
INV-83725,,Vendor,91935,,1-May-24,,12377,,56384,,68761,,68761,,
INV-99156,,Vendor,55589,,4-May-24,,8723,,39736,,48459,,48459,,
INV-40639,,Vendor,21680,,23-Apr-24,,3960,,18039,,21999,,21999,,
INV-74854,,Vendor,73833,,22-Apr-24,,13609,,61997,,75606,,75606,,
INV-15516,,Vendor,86658,,11-Apr-24,,7511,,34215,,41726,,41726,,
INV-82916,,Vendor,96805,,13-Apr-24,,3025,,13781,,16806,,16806,,
INV-45915,,Vendor,49487,,26-Apr-24,,11395,,51910,,63304,,63304,,
INV-25346,,Vendor,80770,,26-Apr-24,,8793,,40059,,48852,,48852,,
INV-79905,,Vendor,50846,,9-Apr-24,,212,,967,,1179,,1179,,
INV-31718,,Vendor,17010,,30-Apr-24,,8407,,38296,,46703,,46703,,
INV-17194,,Vendor,11123,,7-Apr-24,,6257,,28505,,34762,,34762,,
INV-24078,,Vendor,32491,,21-Apr-24,,8192,,37319,,45511,,45511,,
INV-81718,,Vendor,50275,,28-Apr-24,,15094,,68761,,83855,,83855,,
INV-25328,,Vendor,68923,,21-Apr-24,,15845,,72184,,88029,,88029,,
INV-99269,,Vendor,90857,,10-Apr-24,,11554,,52635,,64189,,64189,,
INV-12956,,Vendor,11323,,23-Apr-24,,4467,,20348,,24814,,24814,,
INV-39036,,Vendor,16955,,20-Apr-24,,10862,,49483,,60345,,60345,,
INV-20242,,Vendor,49798,,20-Apr-24,,13020,,59312,,72332,,72332,,
INV-93929,,Vendor,80641,,21-Apr-24,,10110,,46056,,56166,,56166,,
INV-74271,,Vendor,50641,,8-Apr-24,,6738,,30696,,37434,,37434,,
INV-37936,,Vendor,11285,,4-May-24,,1703,,7760,,9464,,9464,,
INV-82573,,Vendor,88482,,8-Apr-24,,3538,,16116,,19654,,19654,,
INV-26468,,Vendor,97412,,24-Apr-24,,10095,,45987,,56082,,56082,,
INV-80712,,Vendor,53689,,7-Apr-24,,5325,,24257,,29582,,29582,,
INV-85822,,Vendor,95442,,19-Apr-24,,13336,,60754,,74090,,74090,,
INV-64204,,Vendor,16969,,4-May-24,,17298,,78801,,96099,,96099,,
INV-98118,,Vendor,13748,,17-Apr-24,,2987,,13606,,16593,,16593,,
INV-66483,,Vendor,13726,,29-Apr-24,,12868,,58622,,71491,,71491,,
INV-60164,,Vendor,83131,,6-May-24,,13333,,60738,,74071,,74071,,
INV-93607,,Vendor,77464,,10-Apr-24,,12016,,54738,,66753,,66753,,
INV-46654,,Vendor,87556,,15-Apr-24,,14290,,65101,,79391,,79391,,
INV-89379,,Vendor,20166,,1-May-24,,8557,,38982,,47539,,47539,,
INV-13803,,Vendor,82552,,16-Apr-24,,8444,,38467,,46911,,46911,,
INV-85184,,Vendor,68578,,6-May-24,,14571,,66378,,80948,,80948,,
INV-57629,,Vendor,80810,,22-Apr-24,,14787,,67362,,82149,,82149,,
INV-68541,,Vendor,95716,,27-Apr-24,,14768,,67275,,82043,,82043,,
INV-66832,,Vendor,33955,,24-Apr-24,,10813,,49260,,60073,,60073,,
INV-85720,,Vendor,62855,,21-Apr-24,,17518,,79802,,97319,,97319,,
INV-91014,,Vendor,92560,,8-Apr-24,,14843,,67616,,82459,,82459,,
INV-42669,,Vendor,44570,,6-May-24,,3223,,14684,,17907,,17907,,
INV-25994,,Vendor,24015,,21-Apr-24,,935,,4260,,5195,,5195,,
INV-26523,,Vendor,73038,,19-Apr-24,,7890,,35943,,43832,,43832,,
INV-90911,,Vendor,30139,,22-Apr-24,,8423,,38370,,46793,,46793,,
INV-68956,,Vendor,66596,,8-Apr-24,,3008,,13702,,16710,,16710,,
INV-33352,,Vendor,54305,,29-Apr-24,,13131,,59817,,72948,,72948,,
INV-81063,,Vendor,17050,,26-Apr-24,,8654,,39423,,48076,,48076,,
INV-43854,,Vendor,53257,,19-Apr-24,,3759,,17122,,20881,,20881,,
INV-19263,,Vendor,86753,,20-Apr-24,,14907,,67908,,82814,,82814,,
INV-23180,,Vendor,20311,,19-Apr-24,,14964,,68171,,83135,,83135,,
INV-22083,,Vendor,68438,,22-Apr-24,,7859,,35800,,43659,,43659,,
INV-77610,,Vendor,99967,,17-Apr-24,,13470,,61363,,74833,,74833,,
INV-78469,,Vendor,34743,,26-Apr-24,,7532,,34313,,41845,,41845,,
INV-53875,,Vendor,36532,,8-Apr-24,,8801,,40095,,48896,,48896,,
INV-62649,,Vendor,89767,,9-Apr-24,,3598,,16392,,19990,,19990,,
INV-81393,,Vendor,53789,,13-Apr-24,,51,,234,,285,,285,,
INV-10666,,Vendor,57374,,11-Apr-24,,10580,,48198,,58778,,58778,,
INV-54817,,Vendor,87331,,4-May-24,,5844,,26623,,32467,,32467,,
INV-56071,,Vendor,94765,,29-Apr-24,,1315,,5989,,7303,,7303,,
INV-38564,,Vendor,35665,,16-Apr-24,,336,,1532,,1868,,1868,,
INV-49465,,Vendor,91440,,21-Apr-24,,286,,1301,,1587,,1587,,
INV-79763,,Vendor,83163,,21-Apr-24,,8273,,37690,,45964,,45964,,
INV-56466,,Vendor,16639,,29-Apr-24,,3841,,17499,,21340,,21340,,
INV-32246,,Vendor,44347,,18-Apr-24,,7462,,33994,,41456,,41456,,
INV-86942,,Vendor,37744,,16-Apr-24,,3715,,16923,,20637,,20637,,
INV-87441,,Vendor,79748,,4-May-24,,8694,,39608,,48302,,48302,,
INV-82807,,Vendor,24661,,26-Apr-24,,9003,,41013,,50016,,50016,,
INV-74788,,Vendor,52465,,25-Apr-24,,12434,,56644,,69078,,69078,,
INV-82923,,Vendor,37578,,30-Apr-24,,7034,,32044,,39078,,39078,,
INV-47513,,Vendor,41236,,23-Apr-24,,15743,,71718,,87460,,87460,,
INV-71466,,Vendor,90302,,12-Apr-24,,17283,,78735,,96019,,96019,,
INV-31109,,Vendor,73838,,2-May-24,,2089,,9517,,11606,,11606,,
INV-36408,,Vendor,36963,,15-Apr-24,,6101,,27795,,33897,,33897,,
INV-39626,,Vendor,71265,,19-Apr-24,,1456,,6633,,8089,,8089,,
INV-66412,,Vendor,26057,,22-Apr-24,,15957,,72691,,88647,,88647,,
INV-13148,,Vendor,73109,,26-Apr-24,,3295,,15009,,18304,,18304,,
INV-68439,,Vendor,46145,,28-Apr-24,,5020,,22871,,27892,,27892,,
INV-79566,,Vendor,44686,,26-Apr-24,,17547,,79937,,97484,,97484,,
INV-89944,,Vendor,73796,,14-Apr-24,,15833,,72129,,87962,,87962,,
INV-54152,,Vendor,89262,,5-May-24,,1318,,6005,,7324,,7324,,
INV-54058,,Vendor,31068,,15-Apr-24,,2472,,11262,,13734,,13734,,
INV-79357,,Vendor,64044,,26-Apr-24,,4429,,20177,,24606,,24606,,
INV-29658,,Vendor,95390,,20-Apr-24,,1192,,5432,,6624,,6624,,
INV-89346,,Vendor,93568,,24-Apr-24,,10051,,45790,,55841,,55841,,
INV-15603,,Vendor,68576,,1-May-24,,12445,,56693,,69138,,69138,,
INV-65669,,Vendor,96950,,5-May-24,,12738,,58027,,70765,,70765,,
INV-40063,,Vendor,49654,,15-Apr-24,,15424,,70264,,85688,,85688,,
INV-20477,,Vendor,41317,,9-Apr-24,,5298,,24134,,29432,,29432,,
INV-46477,,Vendor,37292,,22-Apr-24,,9487,,43218,,52704,,52704,,
INV-32526,,Vendor,87408,,18-Apr-24,,3892,,17732,,21624,,21624,,
INV-84498,,Vendor,78174,,2-May-24,,10358,,47188,,57546,,57546,,
INV-81702,,Vendor,58869,,14-Apr-24,,14716,,67039,,81755,,81755,,
INV-90244,,Vendor,39690,,9-Apr-24,,5234,,23843,,29077,,29077,,
INV-64601,,Vendor,17629,,17-Apr-24,,621,,2828,,3449,,3449,,
INV-27386,,Vendor,79305,,22-Apr-24,,17489,,79672,,97161,,97161,,
INV-65792,,Vendor,46526,,17-Apr-24,,2631,,11985,,14616,,14616,,
INV-38662,,Vendor,90805,,8-Apr-24,,15690,,71478,,87168,,87168,,
INV-24530,,Vendor,50768,,21-Apr-24,,7092,,32307,,39399,,39399,,
INV-66183,,Vendor,56151,,16-Apr-24,,12354,,56280,,68634,,68634,,
INV-86945,,Vendor,21651,,6-May-24,,11736,,53462,,65198,,65198,,
INV-72997,,Vendor,46245,,30-Apr-24,,13321,,60685,,74007,,74007,,
INV-97632,,Vendor,94397,,20-Apr-24,,5001,,22784,,27786,,27786,,
INV-49117,,Vendor,50881,,8-Apr-24,,16420,,74802,,91222,,91222,,
INV-50364,,Vendor,18638,,4-May-24,,6953,,31674,,38627,,38627,,
INV-80172,,Vendor,26385,,24-Apr-24,,12903,,58781,,71684,,71684,,
INV-43928,,Vendor,39105,,30-Apr-24,,8331,,37952,,46283,,46283,,
INV-17660,,Vendor,81030,,17-Apr-24,,13422,,61145,,74567,,74567,,
INV-70928,,Vendor,98668,,2-May-24,,9428,,42948,,52376,,52376,,
INV-53460,,Vendor,30610,,17-Apr-24,,2805,,12779,,15584,,15584,,
INV-96581,,Vendor,17087,,18-Apr-24,,2019,,9199,,11219,,11219,,
INV-64107,,Vendor,20301,,21-Apr-24,,17596,,80159,,97755,,97755,,
INV-84016,,Vendor,91866,,25-Apr-24,,17739,,80810,,98549,,98549,,
INV-65209,,Vendor,77524,,10-Apr-24,,17446,,79475,,96920,,96920,,
INV-58637,,Vendor,32203,,10-Apr-24,,9622,,43834,,53456,,53456,,
INV-14352,,Vendor,74738,,3-May-24,,15239,,69420,,84659,,84659,,
INV-93557,,Vendor,16560,,9-Apr-24,,10256,,46723,,56979,,56979,,
INV-58974,,Vendor,68650,,30-Apr-24,,2701,,12304,,15005,,15005,,
INV-35348,,Vendor,59391,,27-Apr-24,,7767,,35384,,43152,,43152,,
INV-46332,,Vendor,99961,,11-Apr-24,,12690,,57811,,70501,,70501,,
INV-66128,,Vendor,27188,,28-Apr-24,,16897,,76976,,93873,,93873,,
INV-80058,,Vendor,30338,,28-Apr-24,,9129,,41587,,50716,,50716,,
INV-70948,,Vendor,25837,,8-Apr-24,,9294,,42341,,51635,,51635,,
INV-21419,,Vendor,87858,,19-Apr-24,,924,,4210,,5134,,5134,,
INV-46361,,Vendor,32808,,7-Apr-24,,17156,,78154,,95309,,95309,,
INV-73441,,Vendor,13136,,1-May-24,,1206,,5493,,6699,,6699,,
INV-89650,,Vendor,30985,,20-Apr-24,,6137,,27956,,34092,,34092,,
INV-54885,,Vendor,32424,,7-Apr-24,,4242,,19325,,23567,,23567,,
INV-81858,,Vendor,28647,,9-Apr-24,,9300,,42365,,51665,,51665,,
INV-86500,,Vendor,96488,,3-May-24,,12082,,55038,,67120,,67120,,
INV-58828,,Vendor,85813,,27-Apr-24,,12090,,55075,,67164,,67164,,
INV-98781,,Vendor,76423,,21-Apr-24,,477,,2171,,2647,,2647,,
INV-50681,,Vendor,50344,,19-Apr-24,,3338,,15208,,18546,,18546,,
INV-66019,,Vendor,56104,,2-May-24,,412,,1877,,2289,,2289,,
INV-78137,,Vendor,88514,,17-Apr-24,,15048,,68551,,83598,,83598,,
INV-68618,,Vendor,61235,,30-Apr-24,,16880,,76896,,93775,,93775,,
INV-80393,,Vendor,35298,,23-Apr-24,,1943,,8852,,10795,,10795,,
INV-52307,,Vendor,26504,,18-Apr-24,,5755,,26218,,31973,,31973,,
INV-85154,,Vendor,37538,,4-May-24,,4509,,20540,,25049,,25049,,
INV-60295,,Vendor,90744,,3-May-24,,11048,,50331,,61380,,61380,,
INV-83561,,Vendor,11585,,25-Apr-24,,8688,,39578,,48266,,48266,,
INV-11615,,Vendor,97017,,10-Apr-24,,2076,,9456,,11532,,11532,,
INV-88188,,Vendor,78894,,29-Apr-24,,13241,,60322,,73563,,73563,,
INV-63611,,Vendor,11058,,1-May-24,,5147,,23449,,28596,,28596,,
INV-46229,,Vendor,18682,,11-Apr-24,,12131,,55262,,67393,,67393,,
INV-55143,,Vendor,58634,,22-Apr-24,,6089,,27739,,33828,,33828,,
INV-11921,,Vendor,51534,,19-Apr-24,,4712,,21464,,26176,,26176,,
INV-38117,,Vendor,54661,,25-Apr-24,,4684,,21338,,26022,,26022,,
INV-16354,,Vendor,91842,,28-Apr-24,,11111,,50618,,61730,,61730,,
INV-35406,,Vendor,58235,,16-Apr-24,,15217,,69322,,84539,,84539,,
INV-46933,,Vendor,89244,,19-Apr-24,,9602,,43740,,53342,,53342,,
INV-98962,,Vendor,25098,,15-Apr-24,,13190,,60088,,73278,,73278,,
INV-31663,,Vendor,73765,,26-Apr-24,,5025,,22891,,27915,,27915,,
INV-58483,,Vendor,34450,,19-Apr-24,,13844,,63066,,76909,,76909,,
INV-52528,,Vendor,41552,,8-Apr-24,,9135,,41616,,50751,,50751,,
INV-84666,,Vendor,63722,,9-Apr-24,,9433,,42972,,52405,,52405,,
INV-63193,,Vendor,62405,,21-Apr-24,,15520,,70704,,86224,,86224,,
INV-35274,,Vendor,37792,,9-Apr-24,,3312,,15088,,18399,,18399,,
INV-16203,,Vendor,54522,,5-May-24,,1271,,5788,,7059,,7059,,
INV-33120,,Vendor,41018,,28-Apr-24,,11423,,52037,,63460,,63460,,
INV-64507,,Vendor,42509,,9-Apr-24,,17902,,81555,,99457,,99457,,
INV-79196,,Vendor,14001,,20-Apr-24,,16884,,76914,,93798,,93798,,
INV-59427,,Vendor,76002,,24-Apr-24,,15831,,72121,,87952,,87952,,
INV-58850,,Vendor,69169,,30-Apr-24,,5834,,26577,,32411,,32411,,
INV-99153,,Vendor,90358,,5-May-24,,14325,,65256,,79581,,79581,,
INV-44988,,Vendor,88950,,7-Apr-24,,9818,,44726,,54544,,54544,,
INV-30848,,Vendor,45539,,14-Apr-24,,395,,1799,,2194,,2194,,
INV-52620,,Vendor,66977,,12-Apr-24,,2479,,11293,,13771,,13771,,
INV-49655,,Vendor,55659,,17-Apr-24,,2854,,13000,,15853,,15853,,
INV-50442,,Vendor,18654,,19-Apr-24,,548,,2496,,3044,,3044,,
INV-58602,,Vendor,51658,,24-Apr-24,,797,,3632,,4429,,4429,,
INV-97343,,Vendor,95299,,29-Apr-24,,15598,,71058,,86656,,86656,,
INV-63382,,Vendor,48764,,16-Apr-24,,17067,,77750,,94818,,94818,,
INV-12382,,Vendor,47892,,29-Apr-24,,16403,,74726,,91129,,91129,,
INV-50399,,Vendor,91313,,19-Apr-24,,14158,,64496,,78654,,78654,,
INV-73872,,Vendor,15014,,6-May-24,,17867,,81395,,99262,,99262,,
INV-54424,,Vendor,11399,,1-May-24,,14249,,64914,,79164,,79164,,
INV-80233,,Vendor,32975,,21-Apr-24,,9645,,43940,,53585,,53585,,
INV-27966,,Vendor,43003,,26-Apr-24,,3364,,15325,,18689,,18689,,
INV-60868,,Vendor,10246,,19-Apr-24,,604,,2753,,3357,,3357,,
INV-92173,,Vendor,92554,,21-Apr-24,,4360,,19864,,24225,,24225,,
INV-20225,,Vendor,86421,,20-Apr-24,,2520,,11480,,14000,,14000,,
INV-55046,,Vendor,40945,,1-May-24,,12649,,57624,,70273,,70273,,
INV-56397,,Vendor,73369,,12-Apr-24,,9855,,44893,,54748,,54748,,
INV-29624,,Vendor,27294,,8-Apr-24,,13117,,59755,,72872,,72872,,
INV-12169,,Vendor,79324,,25-Apr-24,,1854,,8447,,10301,,10301,,
INV-85686,,Vendor,73266,,29-Apr-24,,8329,,37942,,46271,,46271,,
INV-13627,,Vendor,82660,,9-Apr-24,,13589,,61905,,75494,,75494,,
INV-36348,,Vendor,35576,,4-May-24,,199,,905,,1104,,1104,,
INV-95406,,Vendor,53273,,5-May-24,,317,,1444,,1761,,1761,,
INV-18362,,Vendor,67011,,22-Apr-24,,1422,,6479,,7901,,7901,,
INV-24393,,Vendor,40386,,23-Apr-24,,17700,,80632,,98332,,98332,,
INV-43713,,Vendor,11071,,28-Apr-24,,13355,,60838,,74192,,74192,,
INV-98498,,Vendor,54045,,16-Apr-24,,3431,,15632,,19063,,19063,,
INV-93918,,Vendor,56812,,7-Apr-24,,11757,,53561,,65319,,65319,,
INV-50573,,Vendor,34128,,28-Apr-24,,7780,,35442,,43222,,43222,,
INV-96413,,Vendor,17918,,12-Apr-24,,12292,,55999,,68291,,68291,,
INV-19638,,Vendor,31596,,6-May-24,,6774,,30857,,37631,,37631,,
INV-32463,,Vendor,31713,,28-Apr-24,,4451,,20276,,24727,,24727,,
INV-64069,,Vendor,12976,,14-Apr-24,,11870,,54074,,65944,,65944,,
INV-45621,,Vendor,82719,,5-May-24,,7825,,35647,,43472,,43472,,
INV-29167,,Vendor,29230,,9-Apr-24,,4437,,20212,,24649,,24649,,
INV-21489,,Vendor,82024,,14-Apr-24,,6184,,28172,,34357,,34357,,
INV-47330,,Vendor,70574,,20-Apr-24,,7765,,35373,,43138,,43138,,
INV-17351,,Vendor,79618,,18-Apr-24,,16424,,74822,,91246,,91246,,
INV-56748,,Vendor,17057,,12-Apr-24,,13814,,62933,,76747,,76747,,
INV-72413,,Vendor,29959,,5-May-24,,544,,2477,,3021,,3021,,
INV-22208,,Vendor,87544,,23-Apr-24,,16790,,76486,,93276,,93276,,
INV-46577,,Vendor,60110,,1-May-24,,6244,,28444,,34688,,34688,,
INV-27737,,Vendor,83852,,26-Apr-24,,4035,,18381,,22415,,22415,,
INV-29869,,Vendor,90913,,11-Apr-24,,3434,,15645,,19079,,19079,,
INV-62771,,Vendor,11206,,20-Apr-24,,6088,,27735,,33823,,33823,,
INV-65777,,Vendor,41213,,15-Apr-24,,6979,,31791,,38770,,38770,,
INV-39239,,Vendor,79323,,21-Apr-24,,11139,,50746,,61886,,61886,,
INV-29689,,Vendor,95348,,9-Apr-24,,3958,,18030,,21988,,21988,,
INV-33483,,Vendor,72592,,1-May-24,,7022,,31987,,39009,,39009,,
INV-35940,,Vendor,52960,,18-Apr-24,,10327,,47047,,57374,,57374,,
INV-61456,,Vendor,35196,,28-Apr-24,,13928,,63449,,77377,,77377,,
INV-36306,,Vendor,34076,,4-May-24,,3407,,15519,,18925,,18925,,
INV-16540,,Vendor,36540,,11-Apr-24,,5519,,25142,,30661,,30661,,
INV-58041,,Vendor,43710,,1-May-24,,12468,,56800,,69268,,69268,,
INV-90400,,Vendor,92280,,9-Apr-24,,17903,,81559,,99463,,99463,,
INV-94276,,Vendor,30062,,25-Apr-24,,17332,,78959,,96292,,96292,,
INV-19436,,Vendor,89057,,27-Apr-24,,9730,,44325,,54055,,54055,,
INV-12620,,Vendor,59587,,20-Apr-24,,10970,,49973,,60943,,60943,,
INV-89651,,Vendor,53637,,1-May-24,,12821,,58406,,71226,,71226,,
INV-64789,,Vendor,86122,,22-Apr-24,,10468,,47688,,58156,,58156,,
INV-35916,,Vendor,59335,,21-Apr-24,,4228,,19260,,23487,,23487,,
INV-24744,,Vendor,37861,,17-Apr-24,,9430,,42960,,52390,,52390,,
INV-47907,,Vendor,17226,,8-Apr-24,,7339,,33435,,40775,,40775,,
INV-32761,,Vendor,12569,,18-Apr-24,,16778,,76433,,93211,,93211,,
INV-42794,,Vendor,45992,,7-Apr-24,,8479,,38626,,47105,,47105,,
INV-69597,,Vendor,87494,,2-May-24,,8063,,36732,,44796,,44796,,
INV-38944,,Vendor,17201,,28-Apr-24,,13787,,62809,,76596,,76596,,
INV-12448,,Vendor,67469,,9-Apr-24,,339,,1546,,1885,,1885,,
INV-28392,,Vendor,55072,,15-Apr-24,,5118,,23315,,28433,,28433,,
INV-18732,,Vendor,99084,,15-Apr-24,,14512,,66111,,80623,,80623,,
INV-17176,,Vendor,20418,,20-Apr-24,,9053,,41241,,50294,,50294,,
INV-42857,,Vendor,12402,,28-Apr-24,,5375,,24487,,29863,,29863,,
INV-39346,,Vendor,83013,,18-Apr-24,,4419,,20131,,24550,,24550,,
INV-18295,,Vendor,85424,,15-Apr-24,,14146,,64443,,78589,,78589,,
INV-72849,,Vendor,99793,,16-Apr-24,,10175,,46351,,56525,,56525,,
INV-34105,,Vendor,22664,,17-Apr-24,,5833,,26570,,32403,,32403,,
INV-54281,,Vendor,26838,,18-Apr-24,,4313,,19647,,23960,,23960,,
INV-23941,,Vendor,84594,,1-May-24,,7065,,32187,,39252,,39252,,
INV-20819,,Vendor,68040,,19-Apr-24,,8042,,36638,,44680,,44680,,
INV-91575,,Vendor,74797,,1-May-24,,6252,,28482,,34734,,34734,,
INV-69403,,Vendor,80569,,22-Apr-24,,8894,,40518,,49412,,49412,,
INV-68375,,Vendor,57426,,9-Apr-24,,7074,,32225,,39299,,39299,,
INV-18112,,Vendor,39072,,6-May-24,,16796,,76517,,93313,,93313,,
INV-45654,,Vendor,64227,,19-Apr-24,,7371,,33580,,40952,,40952,,
INV-44234,,Vendor,37801,,24-Apr-24,,1550,,7059,,8609,,8609,,
INV-62226,,Vendor,78088,,23-Apr-24,,13368,,60897,,74265,,74265,,
INV-89418,,Vendor,15606,,3-May-24,,7630,,34759,,42389,,42389,,
INV-98438,,Vendor,95829,,25-Apr-24,,13738,,62584,,76322,,76322,,
INV-87360,,Vendor,31609,,20-Apr-24,,4655,,21207,,25862,,25862,,
INV-44075,,Vendor,42989,,3-May-24,,16574,,75504,,92078,,92078,,
INV-36820,,Vendor,22983,,25-Apr-24,,1723,,7850,,9573,,9573,,
INV-23067,,Vendor,63659,,28-Apr-24,,14558,,66319,,80877,,80877,,
INV-80482,,Vendor,93553,,30-Apr-24,,7834,,35690,,43525,,43525,,
INV-16590,,Vendor,48274,,24-Apr-24,,12877,,58664,,71542,,71542,,
INV-99534,,Vendor,86980,,7-Apr-24,,5631,,25650,,31281,,31281,,
INV-68971,,Vendor,63395,,10-Apr-24,,13308,,60627,,73935,,73935,,
INV-65091,,Vendor,79723,,1-May-24,,12503,,56957,,69459,,69459,,
INV-53199,,Vendor,10753,,5-May-24,,16574,,75503,,92077,,92077,,
INV-84528,,Vendor,94324,,14-Apr-24,,780,,3553,,4333,,4333,,
INV-38087,,Vendor,84591,,16-Apr-24,,2557,,11647,,14204,,14204,,
INV-54292,,Vendor,38619,,29-Apr-24,,16091,,73302,,89392,,89392,,
INV-14056,,Vendor,57877,,20-Apr-24,,4631,,21099,,25731,,25731,,
INV-64009,,Vendor,63811,,28-Apr-24,,15428,,70285,,85713,,85713,,
INV-82345,,Vendor,38228,,15-Apr-24,,3627,,16521,,20148,,20148,,
INV-21503,,Vendor,83817,,25-Apr-24,,1536,,6998,,8534,,8534,,
INV-81886,,Vendor,34189,,11-Apr-24,,8476,,38614,,47090,,47090,,
INV-89841,,Vendor,79008,,15-Apr-24,,5016,,22851,,27867,,27867,,
INV-69162,,Vendor,50904,,1-May-24,,6055,,27584,,33640,,33640,,
INV-21868,,Vendor,86412,,24-Apr-24,,16940,,77171,,94111,,94111,,
INV-10854,,Vendor,20330,,26-Apr-24,,6374,,29035,,35409,,35409,,
INV-54819,,Vendor,56192,,21-Apr-24,,9747,,44401,,54147,,54147,,
INV-79671,,Vendor,78721,,6-May-24,,5268,,23998,,29266,,29266,,
INV-80256,,Vendor,90061,,22-Apr-24,,9859,,44912,,54771,,54771,,
INV-35952,,Vendor,69936,,5-May-24,,3703,,16868,,20571,,20571,,
INV-81667,,Vendor,11746,,21-Apr-24,,1699,,7740,,9439,,9439,,
INV-91188,,Vendor,92432,,21-Apr-24,,1900,,8654,,10554,,10554,,
INV-88572,,Vendor,51469,,9-Apr-24,,13490,,61454,,74944,,74944,,
INV-20024,,Vendor,61657,,23-Apr-24,,3096,,14104,,17200,,17200,,
INV-84137,,Vendor,97472,,11-Apr-24,,2945,,13418,,16363,,16363,,
INV-77883,,Vendor,74288,,4-May-24,,465,,2117,,2581,,2581,,
INV-82230,,Vendor,37361,,22-Apr-24,,15063,,68619,,83681,,83681,,
INV-32405,,Vendor,17436,,9-Apr-24,,45,,203,,248,,248,,
INV-21083,,Vendor,42410,,20-Apr-24,,13319,,60677,,73996,,73996,,
INV-51114,,Vendor,11208,,27-Apr-24,,8478,,38624,,47102,,47102,,
INV-18276,,Vendor,83556,,8-Apr-24,,3963,,18052,,22014,,22014,,
INV-14310,,Vendor,92655,,8-Apr-24,,6283,,28624,,34908,,34908,,
INV-53647,,Vendor,63992,,30-Apr-24,,16807,,76566,,93373,,93373,,
INV-25547,,Vendor,86185,,6-May-24,,10813,,49260,,60073,,60073,,
INV-15609,,Vendor,27132,,3-May-24,,12650,,57626,,70275,,70275,,
INV-81614,,Vendor,55415,,19-Apr-24,,9209,,41950,,51159,,51159,,
INV-17719,,Vendor,46732,,1-May-24,,6009,,27373,,33382,,33382,,
INV-96886,,Vendor,90730,,7-Apr-24,,15786,,71913,,87699,,87699,,
INV-19943,,Vendor,44700,,19-Apr-24,,3463,,15776,,19239,,19239,,
INV-17470,,Vendor,21925,,14-Apr-24,,17866,,81390,,99256,,99256,,
INV-68484,,Vendor,48183,,14-Apr-24,,16844,,76735,,93579,,93579,,
INV-30277,,Vendor,23925,,4-May-24,,13320,,60682,,74003,,74003,,
INV-85228,,Vendor,78654,,6-May-24,,3547,,16156,,19703,,19703,,
INV-50943,,Vendor,28889,,16-Apr-24,,14311,,65196,,79507,,79507,,
INV-91790,,Vendor,47868,,23-Apr-24,,7039,,32065,,39104,,39104,,
INV-95341,,Vendor,31216,,20-Apr-24,,4810,,21912,,26721,,26721,,
INV-87228,,Vendor,28083,,5-May-24,,10971,,49981,,60952,,60952,,
INV-45914,,Vendor,50068,,20-Apr-24,,8435,,38428,,46864,,46864,,
INV-73900,,Vendor,88840,,23-Apr-24,,10158,,46273,,56431,,56431,,
INV-52993,,Vendor,87675,,18-Apr-24,,8255,,37608,,45863,,45863,,
INV-63382,,Vendor,69133,,2-May-24,,11334,,51634,,62968,,62968,,
INV-13775,,Vendor,26855,,17-Apr-24,,15087,,68731,,83818,,83818,,
INV-95352,,Vendor,79138,,18-Apr-24,,14464,,65890,,80354,,80354,,
INV-96220,,Vendor,45899,,7-Apr-24,,9485,,43208,,52693,,52693,,
INV-37861,,Vendor,41231,,4-May-24,,769,,3503,,4272,,4272,,
INV-53387,,Vendor,45582,,24-Apr-24,,17996,,81981,,99977,,99977,,
INV-88373,,Vendor,49687,,11-Apr-24,,3552,,16183,,19736,,19736,,
INV-81276,,Vendor,47431,,5-May-24,,14764,,67259,,82023,,82023,,
INV-37313,,Vendor,23953,,24-Apr-24,,8432,,38410,,46842,,46842,,
INV-40525,,Vendor,60720,,3-May-24,,3020,,13757,,16777,,16777,,
INV-35997,,Vendor,12580,,16-Apr-24,,2979,,13570,,16549,,16549,,
INV-38592,,Vendor,22742,,14-Apr-24,,15968,,72744,,88712,,88712,,
INV-24041,,Vendor,59573,,18-Apr-24,,16049,,73110,,89159,,89159,,
INV-26404,,Vendor,59187,,18-Apr-24,,12685,,57786,,70471,,70471,,
INV-19203,,Vendor,48124,,2-May-24,,12882,,58684,,71566,,71566,,
INV-37429,,Vendor,46790,,19-Apr-24,,2364,,10771,,13135,,13135,,
INV-35303,,Vendor,62926,,26-Apr-24,,14985,,68267,,83253,,83253,,
INV-59010,,Vendor,30688,,24-Apr-24,,3590,,16354,,19944,,19944,,
INV-79986,,Vendor,69407,,12-Apr-24,,1675,,7629,,9303,,9303,,
INV-87535,,Vendor,35233,,22-Apr-24,,4006,,18251,,22257,,22257,,
INV-79299,,Vendor,59442,,11-Apr-24,,2932,,13357,,16290,,16290,,
INV-35342,,Vendor,74670,,3-May-24,,9791,,44604,,54395,,54395,,
INV-10555,,Vendor,58241,,30-Apr-24,,13032,,59368,,72400,,72400,,
INV-64562,,Vendor,32892,,24-Apr-24,,4493,,20467,,24959,,24959,,
INV-36497,,Vendor,74993,,21-Apr-24,,4195,,19109,,23303,,23303,,
INV-90450,,Vendor,71905,,28-Apr-24,,6891,,31392,,38284,,38284,,
INV-85040,,Vendor,77085,,26-Apr-24,,9276,,42260,,51536,,51536,,
INV-27034,,Vendor,91492,,16-Apr-24,,10274,,46802,,57075,,57075,,
INV-63724,,Vendor,87494,,10-Apr-24,,5362,,24425,,29787,,29787,,
INV-82349,,Vendor,22156,,19-Apr-24,,10791,,49160,,59952,,59952,,
INV-16628,,Vendor,85067,,21-Apr-24,,3773,,17189,,20962,,20962,,
INV-23809,,Vendor,96073,,3-May-24,,7671,,34944,,42615,,42615,,
INV-14101,,Vendor,53570,,18-Apr-24,,11038,,50283,,61321,,61321,,
INV-42947,,Vendor,87084,,1-May-24,,14275,,65030,,79305,,79305,,
INV-57601,,Vendor,43140,,17-Apr-24,,7590,,34576,,42166,,42166,,
INV-91157,,Vendor,35733,,24-Apr-24,,9685,,44121,,53806,,53806,,
INV-23674,,Vendor,48961,,10-Apr-24,,4696,,21393,,26089,,26089,,
INV-84330,,Vendor,49972,,17-Apr-24,,9798,,44636,,54434,,54434,,
INV-10022,,Vendor,45368,,3-May-24,,8366,,38113,,46480,,46480,,
INV-85088,,Vendor,92719,,1-May-24,,6452,,29391,,35842,,35842,,
INV-58733,,Vendor,61063,,5-May-24,,4911,,22371,,27281,,27281,,
INV-41772,,Vendor,38271,,25-Apr-24,,15506,,70639,,86145,,86145,,
INV-83456,,Vendor,91657,,1-May-24,,4122,,18779,,22901,,22901,,
INV-31812,,Vendor,62366,,9-Apr-24,,12478,,56842,,69320,,69320,,
INV-86910,,Vendor,71469,,4-May-24,,2330,,10613,,12943,,12943,,
INV-99444,,Vendor,36330,,28-Apr-24,,7306,,33285,,40591,,40591,,
INV-72291,,Vendor,36679,,3-May-24,,14753,,67207,,81960,,81960,,
INV-54599,,Vendor,62956,,9-Apr-24,,10493,,47800,,58293,,58293,,
INV-94583,,Vendor,55977,,16-Apr-24,,13345,,60795,,74141,,74141,,
INV-18796,,Vendor,66322,,10-Apr-24,,3353,,15275,,18628,,18628,,
INV-32288,,Vendor,72790,,6-May-24,,10109,,46054,,56164,,56164,,
INV-95741,,Vendor,56482,,21-Apr-24,,1919,,8741,,10660,,10660,,
INV-10107,,Vendor,96432,,4-May-24,,3647,,16614,,20261,,20261,,
INV-69016,,Vendor,90151,,19-Apr-24,,11640,,53027,,64668,,64668,,
INV-72530,,Vendor,15252,,6-May-24,,8069,,36759,,44828,,44828,,
INV-53884,,Vendor,60643,,6-May-24,,10719,,48832,,59551,,59551,,
INV-12739,,Vendor,20109,,20-Apr-24,,3913,,17827,,21740,,21740,,
INV-94225,,Vendor,65694,,22-Apr-24,,2789,,12706,,15495,,15495,,
INV-53750,,Vendor,68384,,24-Apr-24,,5221,,23785,,29006,,29006,,
INV-14134,,Vendor,85828,,21-Apr-24,,7339,,33432,,40770,,40770,,
INV-90604,,Vendor,27236,,13-Apr-24,,7224,,32911,,40135,,40135,,
INV-84926,,Vendor,64091,,8-Apr-24,,2603,,11859,,14462,,14462,,
INV-25396,,Vendor,21509,,2-May-24,,5376,,24492,,29868,,29868,,
INV-57983,,Vendor,83923,,18-Apr-24,,452,,2057,,2509,,2509,,
INV-36411,,Vendor,40874,,9-Apr-24,,12559,,57213,,69772,,69772,,
INV-43848,,Vendor,61856,,28-Apr-24,,15720,,71613,,87333,,87333,,
INV-21907,,Vendor,14381,,11-Apr-24,,13656,,62211,,75867,,75867,,
INV-25033,,Vendor,27453,,18-Apr-24,,2946,,13423,,16369,,16369,,
INV-30333,,Vendor,48885,,16-Apr-24,,5973,,27212,,33185,,33185,,
INV-54322,,Vendor,23465,,11-Apr-24,,6654,,30313,,36968,,36968,,
INV-33585,,Vendor,32917,,13-Apr-24,,10968,,49964,,60932,,60932,,
INV-12158,,Vendor,54218,,6-May-24,,15443,,70353,,85796,,85796,,
INV-80848,,Vendor,41856,,26-Apr-24,,1288,,5866,,7153,,7153,,
INV-93957,,Vendor,23879,,20-Apr-24,,2601,,11848,,14449,,14449,,
INV-91601,,Vendor,70958,,24-Apr-24,,4594,,20929,,25523,,25523,,
INV-44960,,Vendor,10473,,26-Apr-24,,6652,,30304,,36956,,36956,,
INV-95337,,Vendor,93393,,28-Apr-24,,5567,,25361,,30928,,30928,,
INV-77652,,Vendor,80839,,5-May-24,,9413,,42880,,52292,,52292,,
INV-89951,,Vendor,35321,,23-Apr-24,,2278,,10378,,12656,,12656,,
INV-47450,,Vendor,77620,,13-Apr-24,,321,,1463,,1784,,1784,,
INV-74556,,Vendor,89415,,24-Apr-24,,4760,,21686,,26447,,26447,,
INV-52970,,Vendor,82641,,21-Apr-24,,17457,,79528,,96986,,96986,,
INV-99795,,Vendor,46953,,30-Apr-24,,8320,,37903,,46223,,46223,,
INV-74532,,Vendor,91569,,20-Apr-24,,4371,,19911,,24281,,24281,,
INV-17358,,Vendor,87923,,15-Apr-24,,6185,,28177,,34362,,34362,,
INV-85199,,Vendor,40392,,6-May-24,,2188,,9967,,12155,,12155,,
INV-30738,,Vendor,63404,,23-Apr-24,,7472,,34040,,41513,,41513,,
INV-51283,,Vendor,21042,,8-Apr-24,,4474,,20383,,24857,,24857,,
INV-93683,,Vendor,35098,,3-May-24,,10798,,49193,,59991,,59991,,
INV-68142,,Vendor,42353,,8-Apr-24,,5221,,23785,,29006,,29006,,
INV-34460,,Vendor,47599,,11-Apr-24,,11242,,51214,,62456,,62456,,
INV-10895,,Vendor,91903,,13-Apr-24,,4151,,18910,,23061,,23061,,
INV-30954,,Vendor,86875,,18-Apr-24,,13832,,63014,,76846,,76846,,
INV-53551,,Vendor,29759,,11-Apr-24,,3346,,15241,,18587,,18587,,
INV-94509,,Vendor,81475,,24-Apr-24,,16904,,77006,,93910,,93910,,
INV-86632,,Vendor,25186,,11-Apr-24,,1651,,7523,,9175,,9175,,
INV-35831,,Vendor,34219,,11-Apr-24,,1088,,4955,,6043,,6043,,
INV-95848,,Vendor,42565,,20-Apr-24,,16386,,74648,,91034,,91034,,
INV-28690,,Vendor,28285,,22-Apr-24,,2276,,10368,,12644,,12644,,
INV-23155,,Vendor,68844,,25-Apr-24,,8392,,38229,,46620,,46620,,
INV-88186,,Vendor,85578,,28-Apr-24,,9154,,41702,,50856,,50856,,
INV-21890,,Vendor,46527,,7-Apr-24,,13371,,60911,,74281,,74281,,
INV-82890,,Vendor,58627,,22-Apr-24,,17876,,81436,,99313,,99313,,
INV-81276,,Vendor,70748,,9-Apr-24,,13295,,60568,,73863,,73863,,
INV-58619,,Vendor,39374,,22-Apr-24,,8665,,39472,,48136,,48136,,
INV-92489,,Vendor,45203,,21-Apr-24,,4214,,19197,,23410,,23410,,
INV-69733,,Vendor,78265,,20-Apr-24,,3730,,16991,,20721,,20721,,
INV-60332,,Vendor,80632,,7-Apr-24,,15858,,72243,,88101,,88101,,
INV-38344,,Vendor,78869,,5-May-24,,11756,,53557,,65313,,65313,,
INV-81125,,Vendor,62508,,30-Apr-24,,16971,,77315,,94286,,94286,,
INV-92743,,Vendor,49707,,1-May-24,,2241,,10209,,12450,,12450,,
INV-16737,,Vendor,69927,,6-May-24,,9170,,41773,,50943,,50943,,
INV-60225,,Vendor,90015,,13-Apr-24,,6883,,31357,,38240,,38240,,
INV-49662,,Vendor,35318,,11-Apr-24,,16316,,74327,,90642,,90642,,
INV-53048,,Vendor,60753,,13-Apr-24,,5427,,24724,,30152,,30152,,
INV-87481,,Vendor,29958,,6-May-24,,10068,,45865,,55932,,55932,,
INV-43015,,Vendor,32519,,5-May-24,,1395,,6354,,7749,,7749,,
INV-57968,,Vendor,54557,,11-Apr-24,,15440,,70339,,85779,,85779,,
INV-51938,,Vendor,26275,,22-Apr-24,,9881,,45012,,54892,,54892,,
INV-68388,,Vendor,24413,,8-Apr-24,,6246,,28456,,34702,,34702,,
INV-28330,,Vendor,71519,,19-Apr-24,,35,,161,,196,,196,,
INV-58441,,Vendor,30823,,22-Apr-24,,8323,,37915,,46238,,46238,,
INV-63549,,Vendor,14739,,7-Apr-24,,15751,,71752,,87503,,87503,,
INV-39143,,Vendor,27243,,1-May-24,,214,,976,,1190,,1190,,
INV-98232,,Vendor,12200,,25-Apr-24,,7109,,32386,,39495,,39495,,
INV-94146,,Vendor,83268,,27-Apr-24,,9568,,43588,,53156,,53156,,
INV-52902,,Vendor,93769,,28-Apr-24,,12215,,55647,,67862,,67862,,
INV-43179,,Vendor,41938,,12-Apr-24,,13586,,61891,,75477,,75477,,
INV-82502,,Vendor,45772,,6-May-24,,16240,,73984,,90224,,90224,,
INV-88240,,Vendor,66687,,9-Apr-24,,17943,,81739,,99682,,99682,,
INV-46779,,Vendor,11166,,10-Apr-24,,5561,,25336,,30897,,30897,,
INV-86788,,Vendor,20980,,10-Apr-24,,2090,,9520,,11610,,11610,,
INV-73687,,Vendor,29008,,15-Apr-24,,9164,,41745,,50909,,50909,,
INV-30717,,Vendor,47109,,16-Apr-24,,12780,,58219,,70999,,70999,,
INV-22957,,Vendor,58592,,5-May-24,,11456,,52190,,63646,,63646,,
INV-74081,,Vendor,68823,,8-Apr-24,,3916,,17841,,21757,,21757,,
INV-56290,,Vendor,84261,,12-Apr-24,,14626,,66629,,81254,,81254,,
INV-57756,,Vendor,43759,,25-Apr-24,,8595,,39154,,47749,,47749,,
INV-64890,,Vendor,14172,,27-Apr-24,,15866,,72279,,88146,,88146,,
INV-20792,,Vendor,62828,,12-Apr-24,,5411,,24649,,30060,,30060,,
INV-65271,,Vendor,26531,,26-Apr-24,,16101,,73347,,89448,,89448,,
INV-16319,,Vendor,12822,,25-Apr-24,,5450,,24830,,30280,,30280,,
INV-53429,,Vendor,73681,,7-Apr-24,,17903,,81558,,99461,,99461,,
INV-39902,,Vendor,89853,,30-Apr-24,,1393,,6344,,7737,,7737,,
INV-21563,,Vendor,43479,,21-Apr-24,,12257,,55835,,68092,,68092,,
INV-51842,,Vendor,26622,,20-Apr-24,,5044,,22977,,28020,,28020,,
INV-20770,,Vendor,16360,,12-Apr-24,,5138,,23408,,28546,,28546,,
INV-94402,,Vendor,54277,,17-Apr-24,,17366,,79110,,96476,,96476,,
INV-65882,,Vendor,43901,,23-Apr-24,,3735,,17014,,20748,,20748,,
INV-12135,,Vendor,26536,,20-Apr-24,,1132,,5155,,6286,,6286,,
INV-67256,,Vendor,97646,,10-Apr-24,,14098,,64225,,78324,,78324,,
INV-29206,,Vendor,53788,,2-May-24,,4461,,20321,,24782,,24782,,
INV-41903,,Vendor,66697,,5-May-24,,6240,,28428,,34668,,34668,,
INV-68412,,Vendor,38069,,2-May-24,,723,,3293,,4015,,4015,,
INV-35668,,Vendor,99832,,28-Apr-24,,14093,,64201,,78294,,78294,,
INV-55180,,Vendor,56306,,1-May-24,,5593,,25479,,31072,,31072,,
INV-61714,,Vendor,26444,,14-Apr-24,,3898,,17759,,21658,,21658,,
INV-90617,,Vendor,76669,,4-May-24,,10547,,48045,,58592,,58592,,
INV-72527,,Vendor,51623,,9-Apr-24,,14215,,64755,,78970,,78970,,
INV-29361,,Vendor,35376,,17-Apr-24,,12084,,55049,,67133,,67133,,
INV-69957,,Vendor,85961,,1-May-24,,16652,,75858,,92510,,92510,,
INV-40134,,Vendor,78406,,30-Apr-24,,5039,,22955,,27994,,27994,,
INV-57370,,Vendor,14428,,25-Apr-24,,14983,,68257,,83240,,83240,,
INV-24353,,Vendor,97630,,7-Apr-24,,12424,,56597,,69020,,69020,,
INV-40432,,Vendor,84832,,2-May-24,,3186,,14516,,17702,,17702,,
INV-91040,,Vendor,49278,,16-Apr-24,,3236,,14740,,17975,,17975,,
INV-72554,,Vendor,69871,,9-Apr-24,,15704,,71542,,87247,,87247,,
INV-66007,,Vendor,15913,,11-Apr-24,,12141,,55308,,67449,,67449,,
INV-79532,,Vendor,24188,,2-May-24,,13727,,62534,,76261,,76261,,
INV-37849,,Vendor,71213,,1-May-24,,2298,,10470,,12769,,12769,,
INV-34866,,Vendor,31052,,11-Apr-24,,17345,,79017,,96362,,96362,,
INV-44952,,Vendor,12943,,8-Apr-24,,175,,797,,971,,971,,
INV-86833,,Vendor,61139,,6-May-24,,11056,,50364,,61420,,61420,,
INV-21218,,Vendor,66543,,10-Apr-24,,1392,,6341,,7733,,7733,,
INV-64609,,Vendor,49374,,27-Apr-24,,11173,,50897,,62069,,62069,,
INV-44695,,Vendor,42410,,28-Apr-24,,6644,,30265,,36909,,36909,,
INV-66423,,Vendor,20658,,13-Apr-24,,3589,,16352,,19941,,19941,,
INV-21470,,Vendor,40186,,19-Apr-24,,17602,,80187,,97789,,97789,,
INV-20927,,Vendor,71256,,15-Apr-24,,5986,,27270,,33256,,33256,,
INV-20792,,Vendor,63227,,10-Apr-24,,11867,,54059,,65925,,65925,,
INV-61543,,Vendor,17223,,20-Apr-24,,2409,,10974,,13383,,13383,,
INV-20899,,Vendor,41139,,5-May-24,,17149,,78121,,95270,,95270,,
INV-36234,,Vendor,77926,,23-Apr-24,,3078,,14023,,17101,,17101,,
INV-35000,,Vendor,38912,,23-Apr-24,,15246,,69454,,84700,,84700,,
INV-94201,,Vendor,13390,,26-Apr-24,,1873,,8531,,10404,,10404,,
INV-72795,,Vendor,40183,,29-Apr-24,,2166,,9869,,12035,,12035,,
INV-25736,,Vendor,74879,,29-Apr-24,,9334,,42523,,51858,,51858,,
INV-86101,,Vendor,28345,,14-Apr-24,,8175,,37242,,45417,,45417,,
INV-79796,,Vendor,77143,,19-Apr-24,,8646,,39386,,48032,,48032,,
INV-43420,,Vendor,45078,,8-Apr-24,,2490,,11341,,13831,,13831,,
INV-49138,,Vendor,87161,,12-Apr-24,,12819,,58398,,71217,,71217,,
INV-74324,,Vendor,42610,,15-Apr-24,,2883,,13133,,16016,,16016,,
INV-70987,,Vendor,13911,,26-Apr-24,,8316,,37885,,46201,,46201,,
INV-71211,,Vendor,34639,,11-Apr-24,,17205,,78380,,95585,,95585,,
INV-24361,,Vendor,13108,,29-Apr-24,,6504,,29629,,36133,,36133,,
INV-48268,,Vendor,24664,,21-Apr-24,,17309,,78850,,96159,,96159,,
INV-96588,,Vendor,39312,,9-Apr-24,,7991,,36403,,44394,,44394,,
INV-10084,,Vendor,85426,,15-Apr-24,,241,,1097,,1338,,1338,,
INV-55916,,Vendor,16746,,3-May-24,,14110,,64277,,78387,,78387,,
INV-29229,,Vendor,40121,,18-Apr-24,,5668,,25820,,31488,,31488,,
INV-45007,,Vendor,26629,,5-May-24,,16021,,72985,,89006,,89006,,
INV-70285,,Vendor,17821,,4-May-24,,15303,,69712,,85014,,85014,,
INV-20130,,Vendor,65118,,14-Apr-24,,11302,,51488,,62790,,62790,,
INV-29495,,Vendor,39728,,15-Apr-24,,14538,,66227,,80765,,80765,,
INV-74290,,Vendor,33297,,18-Apr-24,,621,,2830,,3451,,3451,,
INV-96791,,Vendor,50568,,14-Apr-24,,11280,,51385,,62664,,62664,,
INV-54820,,Vendor,27350,,29-Apr-24,,135,,616,,751,,751,,
INV-62215,,Vendor,36811,,19-Apr-24,,9707,,44220,,53926,,53926,,
INV-87175,,Vendor,65843,,22-Apr-24,,4630,,21094,,25724,,25724,,
INV-41442,,Vendor,69801,,29-Apr-24,,13497,,61486,,74982,,74982,,
INV-51564,,Vendor,59503,,29-Apr-24,,16002,,72899,,88901,,88901,,
INV-68613,,Vendor,76505,,3-May-24,,11915,,54280,,66195,,66195,,
INV-92111,,Vendor,64631,,21-Apr-24,,1745,,7951,,9696,,9696,,
INV-55631,,Vendor,89939,,27-Apr-24,,3928,,17895,,21823,,21823,,
INV-40759,,Vendor,18153,,30-Apr-24,,1849,,8425,,10274,,10274,,
INV-61102,,Vendor,75299,,27-Apr-24,,16977,,77340,,94317,,94317,,
INV-50542,,Vendor,35897,,9-Apr-24,,4911,,22371,,27282,,27282,,
INV-71577,,Vendor,85449,,30-Apr-24,,12046,,54877,,66923,,66923,,
INV-82428,,Vendor,51526,,26-Apr-24,,17752,,80870,,98621,,98621,,
INV-81094,,Vendor,12304,,9-Apr-24,,17267,,78661,,95929,,95929,,
INV-18196,,Vendor,63878,,30-Apr-24,,4562,,20782,,25344,,25344,,
INV-94681,,Vendor,98070,,24-Apr-24,,7603,,34634,,42237,,42237,,
INV-64194,,Vendor,46039,,11-Apr-24,,6253,,28487,,34740,,34740,,
INV-32584,,Vendor,83701,,27-Apr-24,,7510,,34210,,41720,,41720,,
INV-68616,,Vendor,45139,,24-Apr-24,,2614,,11910,,14524,,14524,,
INV-50617,,Vendor,21560,,16-Apr-24,,8488,,38668,,47156,,47156,,
INV-66009,,Vendor,62930,,27-Apr-24,,14858,,67687,,82545,,82545,,
INV-76321,,Vendor,75279,,8-Apr-24,,7386,,33649,,41036,,41036,,
INV-41866,,Vendor,43595,,20-Apr-24,,1327,,6044,,7370,,7370,,
INV-22133,,Vendor,72752,,21-Apr-24,,8321,,37906,,46226,,46226,,
INV-69798,,Vendor,93689,,24-Apr-24,,12317,,56111,,68427,,68427,,
INV-68417,,Vendor,92741,,16-Apr-24,,7411,,33760,,41171,,41171,,
INV-66891,,Vendor,93452,,18-Apr-24,,7998,,36436,,44434,,44434,,
INV-85390,,Vendor,97742,,16-Apr-24,,7922,,36089,,44011,,44011,,
INV-77584,,Vendor,35834,,16-Apr-24,,3242,,14769,,18011,,18011,,
INV-27996,,Vendor,36743,,16-Apr-24,,461,,2102,,2563,,2563,,
INV-34694,,Vendor,96992,,12-Apr-24,,4516,,20574,,25090,,25090,,
INV-74929,,Vendor,31968,,9-Apr-24,,14442,,65789,,80231,,80231,,
INV-45044,,Vendor,78042,,6-May-24,,2995,,13645,,16640,,16640,,
INV-80262,,Vendor,28102,,30-Apr-24,,16606,,75651,,92258,,92258,,
INV-49647,,Vendor,55101,,30-Apr-24,,17419,,79351,,96770,,96770,,
INV-70184,,Vendor,80119,,12-Apr-24,,11581,,52758,,64338,,64338,,
INV-50618,,Vendor,53015,,16-Apr-24,,3845,,17517,,21363,,21363,,
INV-33403,,Vendor,34746,,28-Apr-24,,17107,,77931,,95038,,95038,,
INV-92304,,Vendor,50028,,26-Apr-24,,9066,,41300,,50365,,50365,,
INV-74115,,Vendor,40223,,23-Apr-24,,6989,,31839,,38828,,38828,,
INV-82698,,Vendor,49885,,5-May-24,,9636,,43896,,53532,,53532,,
INV-80844,,Vendor,95253,,4-May-24,,7857,,35792,,43649,,43649,,
INV-54512,,Vendor,67818,,29-Apr-24,,10175,,46354,,56529,,56529,,
INV-27588,,Vendor,28499,,18-Apr-24,,10133,,46161,,56293,,56293,,
INV-26926,,Vendor,36806,,18-Apr-24,,4171,,19001,,23172,,23172,,
INV-44528,,Vendor,52627,,4-May-24,,17704,,80652,,98356,,98356,,
INV-96586,,Vendor,46881,,9-Apr-24,,14747,,67180,,81927,,81927,,
INV-52641,,Vendor,24836,,5-May-24,,9540,,43459,,52998,,52998,,
INV-14350,,Vendor,96223,,20-Apr-24,,12132,,55266,,67398,,67398,,
INV-66160,,Vendor,86145,,11-Apr-24,,5450,,24827,,30277,,30277,,
INV-99643,,Vendor,75180,,1-May-24,,10257,,46726,,56983,,56983,,
INV-69115,,Vendor,17849,,12-Apr-24,,990,,4511,,5501,,5501,,
INV-47144,,Vendor,77296,,12-Apr-24,,13836,,63032,,76868,,76868,,
INV-91713,,Vendor,23824,,18-Apr-24,,15865,,72274,,88139,,88139,,
INV-92908,,Vendor,24621,,23-Apr-24,,13354,,60836,,74190,,74190,,
INV-17846,,Vendor,76703,,18-Apr-24,,3431,,15630,,19061,,19061,,
INV-93280,,Vendor,98186,,27-Apr-24,,1738,,7917,,9655,,9655,,
INV-98937,,Vendor,48614,,7-Apr-24,,8553,,38964,,47517,,47517,,
INV-29273,,Vendor,66391,,4-May-24,,14235,,64847,,79082,,79082,,
INV-80965,,Vendor,68000,,26-Apr-24,,7716,,35151,,42867,,42867,,
INV-23865,,Vendor,95477,,4-May-24,,11832,,53900,,65731,,65731,,
INV-33014,,Vendor,44062,,1-May-24,,10547,,48049,,58596,,58596,,
INV-44527,,Vendor,63818,,29-Apr-24,,6221,,28341,,34563,,34563,,
INV-43690,,Vendor,76974,,20-Apr-24,,6416,,29228,,35643,,35643,,
INV-59253,,Vendor,25908,,24-Apr-24,,13831,,63007,,76838,,76838,,
INV-54744,,Vendor,95193,,5-May-24,,6992,,31854,,38847,,38847,,
INV-90772,,Vendor,98294,,21-Apr-24,,4653,,21197,,25849,,25849,,
INV-97630,,Vendor,61480,,27-Apr-24,,12652,,57637,,70289,,70289,,
INV-76414,,Vendor,14971,,19-Apr-24,,172,,782,,954,,954,,
INV-46339,,Vendor,34410,,21-Apr-24,,1703,,7758,,9461,,9461,,
INV-17377,,Vendor,73242,,30-Apr-24,,3243,,14775,,18018,,18018,,
INV-58044,,Vendor,23813,,23-Apr-24,,5335,,24304,,29639,,29639,,
INV-84295,,Vendor,28834,,3-May-24,,2225,,10137,,12362,,12362,,
INV-87131,,Vendor,30136,,28-Apr-24,,5816,,26494,,32310,,32310,,
INV-23770,,Vendor,70800,,4-May-24,,9364,,42659,,52024,,52024,,
INV-89832,,Vendor,89744,,14-Apr-24,,13694,,62385,,76079,,76079,,
INV-84522,,Vendor,52250,,9-Apr-24,,9809,,44685,,54494,,54494,,
INV-25013,,Vendor,95461,,2-May-24,,9507,,43309,,52816,,52816,,
INV-71854,,Vendor,44810,,16-Apr-24,,6445,,29363,,35808,,35808,,
INV-27407,,Vendor,51394,,16-Apr-24,,3227,,14700,,17926,,17926,,
INV-76508,,Vendor,21258,,23-Apr-24,,2651,,12076,,14727,,14727,,
INV-23989,,Vendor,88479,,17-Apr-24,,7045,,32093,,39138,,39138,,
INV-74375,,Vendor,53521,,9-Apr-24,,8416,,38341,,46757,,46757,,
INV-66484,,Vendor,39430,,16-Apr-24,,10140,,46195,,56335,,56335,,
INV-21344,,Vendor,31019,,13-Apr-24,,1904,,8673,,10576,,10576,,
INV-72523,,Vendor,50561,,8-Apr-24,,13448,,61262,,74709,,74709,,
INV-69182,,Vendor,79061,,28-Apr-24,,6951,,31664,,38615,,38615,,
INV-92310,,Vendor,29058,,15-Apr-24,,13903,,63338,,77242,,77242,,
INV-14174,,Vendor,98101,,7-Apr-24,,15673,,71399,,87072,,87072,,
INV-84898,,Vendor,13783,,24-Apr-24,,10264,,46759,,57024,,57024,,
INV-54849,,Vendor,34251,,19-Apr-24,,6755,,30773,,37528,,37528,,
INV-23200,,Vendor,28708,,16-Apr-24,,9283,,42287,,51569,,51569,,
INV-18308,,Vendor,52604,,2-May-24,,4902,,22332,,27234,,27234,,
INV-92657,,Vendor,66338,,17-Apr-24,,12886,,58701,,71586,,71586,,
INV-56403,,Vendor,96720,,15-Apr-24,,12842,,58503,,71345,,71345,,
INV-45830,,Vendor,88480,,4-May-24,,7086,,32281,,39366,,39366,,
INV-91955,,Vendor,75921,,8-Apr-24,,12605,,57423,,70028,,70028,,
INV-68561,,Vendor,28588,,30-Apr-24,,1097,,4998,,6095,,6095,,
INV-49969,,Vendor,80167,,21-Apr-24,,10639,,48466,,59105,,59105,,
INV-20938,,Vendor,49821,,24-Apr-24,,14069,,64091,,78159,,78159,,
INV-29459,,Vendor,10315,,6-May-24,,15215,,69315,,84530,,84530,,
INV-37028,,Vendor,85454,,16-Apr-24,,15437,,70322,,85759,,85759,,
INV-68774,,Vendor,21373,,26-Apr-24,,12244,,55780,,68024,,68024,,
INV-16453,,Vendor,86694,,8-Apr-24,,1408,,6413,,7821,,7821,,
INV-79286,,Vendor,70407,,22-Apr-24,,6928,,31561,,38489,,38489,,
INV-40743,,Vendor,15687,,5-May-24,,4169,,18991,,23160,,23160,,
INV-60395,,Vendor,18100,,9-Apr-24,,7258,,33065,,40323,,40323,,
INV-82228,,Vendor,49633,,1-May-24,,3502,,15952,,19453,,19453,,
INV-66057,,Vendor,27172,,8-Apr-24,,3270,,14899,,18169,,18169,,
INV-91564,,Vendor,45175,,4-May-24,,13659,,62225,,75884,,75884,,
INV-75781,,Vendor,30380,,27-Apr-24,,16087,,73284,,89371,,89371,,
INV-81987,,Vendor,28784,,22-Apr-24,,14701,,66970,,81671,,81671,,
INV-64665,,Vendor,14194,,13-Apr-24,,9606,,43761,,53367,,53367,,
INV-48106,,Vendor,66790,,25-Apr-24,,7162,,32629,,39791,,39791,,
INV-51090,,Vendor,59333,,13-Apr-24,,3369,,15350,,18719,,18719,,
INV-86721,,Vendor,54065,,11-Apr-24,,8612,,39232,,47843,,47843,,
INV-18523,,Vendor,83618,,10-Apr-24,,8836,,40251,,49087,,49087,,
INV-90526,,Vendor,65030,,14-Apr-24,,14455,,65849,,80304,,80304,,
INV-96039,,Vendor,45842,,13-Apr-24,,14849,,67643,,82492,,82492,,
INV-81196,,Vendor,68965,,12-Apr-24,,17239,,78535,,95774,,95774,,
INV-39645,,Vendor,80429,,21-Apr-24,,5879,,26782,,32661,,32661,,
INV-11456,,Vendor,41270,,8-Apr-24,,7757,,35336,,43093,,43093,,
INV-51335,,Vendor,13984,,21-Apr-24,,12141,,55310,,67451,,67451,,
INV-69830,,Vendor,61498,,17-Apr-24,,15680,,71432,,87112,,87112,,
INV-54464,,Vendor,60842,,2-May-24,,6529,,29742,,36271,,36271,,
INV-45348,,Vendor,61127,,22-Apr-24,,11086,,50502,,61588,,61588,,
INV-79073,,Vendor,21162,,13-Apr-24,,4320,,19679,,23999,,23999,,
INV-16443,,Vendor,22120,,8-Apr-24,,15473,,70486,,85959,,85959,,
INV-90881,,Vendor,44841,,7-Apr-24,,9767,,44494,,54261,,54261,,
INV-58181,,Vendor,22257,,3-May-24,,13546,,61708,,75254,,75254,,
INV-31285,,Vendor,14618,,18-Apr-24,,7677,,34972,,42649,,42649,,
INV-79613,,Vendor,23614,,2-May-24,,15033,,68482,,83515,,83515,,
INV-76411,,Vendor,84909,,26-Apr-24,,1435,,6538,,7973,,7973,,
INV-86050,,Vendor,72613,,19-Apr-24,,4944,,22521,,27465,,27465,,
INV-97895,,Vendor,23823,,29-Apr-24,,6864,,31269,,38133,,38133,,
INV-41815,,Vendor,10676,,24-Apr-24,,9219,,41999,,51219,,51219,,
INV-50354,,Vendor,90726,,19-Apr-24,,4337,,19757,,24093,,24093,,
INV-24630,,Vendor,53044,,29-Apr-24,,896,,4083,,4980,,4980,,
INV-31278,,Vendor,17966,,28-Apr-24,,12221,,55674,,67896,,67896,,
INV-62861,,Vendor,82305,,15-Apr-24,,67,,304,,371,,371,,
INV-30425,,Vendor,54369,,18-Apr-24,,9948,,45321,,55269,,55269,,
INV-60297,,Vendor,77399,,26-Apr-24,,10480,,47744,,58224,,58224,,
INV-58420,,Vendor,57566,,24-Apr-24,,3056,,13921,,16977,,16977,,
INV-95982,,Vendor,36825,,29-Apr-24,,9203,,41924,,51127,,51127,,
INV-73515,,Vendor,50491,,8-Apr-24,,4467,,20351,,24818,,24818,,
INV-81028,,Vendor,61721,,18-Apr-24,,16361,,74534,,90895,,90895,,
INV-48867,,Vendor,65651,,4-May-24,,10006,,45585,,55591,,55591,,
INV-71887,,Vendor,44177,,2-May-24,,3484,,15872,,19356,,19356,,
INV-20160,,Vendor,50353,,26-Apr-24,,624,,2844,,3468,,3468,,
INV-17591,,Vendor,46646,,19-Apr-24,,4193,,19102,,23295,,23295,,
INV-74126,,Vendor,67063,,15-Apr-24,,7266,,33100,,40366,,40366,,
INV-33648,,Vendor,84220,,21-Apr-24,,3571,,16266,,19836,,19836,,
INV-42685,,Vendor,68724,,9-Apr-24,,9979,,45460,,55439,,55439,,
INV-46572,,Vendor,32511,,27-Apr-24,,7457,,33971,,41428,,41428,,
INV-87120,,Vendor,52441,,24-Apr-24,,12136,,55284,,67420,,67420,,
INV-36847,,Vendor,50511,,19-Apr-24,,4402,,20055,,24457,,24457,,
INV-91328,,Vendor,57656,,2-May-24,,14709,,67009,,81718,,81718,,
INV-68198,,Vendor,18450,,2-May-24,,9327,,42489,,51816,,51816,,
INV-94663,,Vendor,32560,,1-May-24,,3314,,15095,,18409,,18409,,
INV-39118,,Vendor,89876,,16-Apr-24,,10549,,48057,,58606,,58606,,
INV-22239,,Vendor,29230,,24-Apr-24,,2353,,10720,,13073,,13073,,
INV-20916,,Vendor,59466,,6-May-24,,15254,,69492,,84746,,84746,,
INV-23881,,Vendor,84872,,2-May-24,,13256,,60387,,73642,,73642,,
INV-33573,,Vendor,81990,,19-Apr-24,,12339,,56213,,68552,,68552,,
INV-56278,,Vendor,54277,,17-Apr-24,,6645,,30271,,36916,,36916,,
INV-96982,,Vendor,22618,,25-Apr-24,,11468,,52244,,63712,,63712,,
INV-98595,,Vendor,97847,,9-Apr-24,,11365,,51776,,63141,,63141,,
INV-57543,,Vendor,60999,,21-Apr-24,,5288,,24090,,29378,,29378,,
INV-65325,,Vendor,83609,,6-May-24,,3745,,17062,,20808,,20808,,
INV-48403,,Vendor,65880,,18-Apr-24,,9401,,42829,,52230,,52230,,
INV-35233,,Vendor,29726,,25-Apr-24,,11340,,51661,,63001,,63001,,
INV-44254,,Vendor,99097,,14-Apr-24,,322,,1467,,1789,,1789,,
INV-89045,,Vendor,71674,,2-May-24,,4955,,22574,,27529,,27529,,
INV-78735,,Vendor,28280,,12-Apr-24,,17171,,78223,,95394,,95394,,
INV-73598,,Vendor,60441,,3-May-24,,4742,,21603,,26346,,26346,,
INV-67244,,Vendor,16648,,30-Apr-24,,5205,,23714,,28919,,28919,,
INV-60468,,Vendor,40646,,7-Apr-24,,4892,,22287,,27179,,27179,,
INV-23816,,Vendor,82879,,19-Apr-24,,9449,,43043,,52492,,52492,,
INV-97758,,Vendor,32305,,15-Apr-24,,2059,,9380,,11439,,11439,,
INV-16882,,Vendor,82851,,8-Apr-24,,5707,,25998,,31704,,31704,,
INV-98624,,Vendor,99271,,3-May-24,,16318,,74340,,90658,,90658,,
INV-87083,,Vendor,70451,,5-May-24,,14904,,67895,,82798,,82798,,
INV-50835,,Vendor,81716,,13-Apr-24,,3025,,13781,,16806,,16806,,
INV-29492,,Vendor,10651,,3-May-24,,12955,,59016,,71970,,71970,,
INV-38152,,Vendor,55925,,16-Apr-24,,12071,,54990,,67060,,67060,,
INV-83617,,Vendor,30582,,6-May-24,,10276,,46812,,57088,,57088,,
INV-59998,,Vendor,85942,,3-May-24,,16782,,76450,,93232,,93232,,
INV-65708,,Vendor,71488,,9-Apr-24,,12848,,58532,,71380,,71380,,
INV-11244,,Vendor,76246,,14-Apr-24,,13154,,59926,,73080,,73080,,
INV-49955,,Vendor,16531,,5-May-24,,12803,,58326,,71129,,71129,,
INV-89005,,Vendor,54032,,29-Apr-24,,1276,,5813,,7089,,7089,,
INV-78102,,Vendor,36502,,26-Apr-24,,16352,,74493,,90845,,90845,,
INV-26997,,Vendor,16278,,29-Apr-24,,17649,,80399,,98048,,98048,,
INV-71630,,Vendor,26108,,8-Apr-24,,16318,,74337,,90655,,90655,,
INV-17880,,Vendor,96519,,10-Apr-24,,13423,,61149,,74572,,74572,,
INV-12161,,Vendor,77682,,22-Apr-24,,7069,,32203,,39272,,39272,,
INV-39994,,Vendor,22209,,20-Apr-24,,8663,,39465,,48128,,48128,,
INV-71517,,Vendor,80468,,11-Apr-24,,7109,,32384,,39493,,39493,,
INV-64781,,Vendor,41833,,6-May-24,,7333,,33404,,40737,,40737,,
INV-54250,,Vendor,50851,,15-Apr-24,,11496,,52369,,63865,,63865,,
INV-40860,,Vendor,97566,,16-Apr-24,,3902,,17774,,21675,,21675,,
INV-65660,,Vendor,35141,,15-Apr-24,,15844,,72178,,88022,,88022,,
INV-19182,,Vendor,91782,,9-Apr-24,,17612,,80232,,97843,,97843,,
INV-58513,,Vendor,91213,,28-Apr-24,,6691,,30481,,37172,,37172,,
INV-12073,,Vendor,17556,,19-Apr-24,,13434,,61201,,74635,,74635,,
INV-29656,,Vendor,22392,,9-Apr-24,,10647,,48501,,59148,,59148,,
INV-42891,,Vendor,29435,,23-Apr-24,,2208,,10057,,12265,,12265,,
INV-84449,,Vendor,42768,,20-Apr-24,,3968,,18078,,22046,,22046,,
INV-44687,,Vendor,88310,,30-Apr-24,,14654,,66757,,81411,,81411,,
INV-10115,,Vendor,65057,,18-Apr-24,,2246,,10230,,12475,,12475,,
INV-78692,,Vendor,49101,,6-May-24,,14615,,66581,,81196,,81196,,
INV-90609,,Vendor,50986,,21-Apr-24,,5560,,25328,,30887,,30887,,
INV-75248,,Vendor,36323,,17-Apr-24,,10469,,47694,,58163,,58163,,
INV-42336,,Vendor,53231,,13-Apr-24,,7147,,32561,,39708,,39708,,
INV-69970,,Vendor,78391,,17-Apr-24,,14578,,66412,,80990,,80990,,
INV-27464,,Vendor,33758,,6-May-24,,13500,,61502,,75003,,75003,,
INV-57762,,Vendor,84149,,19-Apr-24,,2510,,11435,,13945,,13945,,
INV-47868,,Vendor,86077,,19-Apr-24,,8143,,37095,,45238,,45238,,
INV-26317,,Vendor,71785,,5-May-24,,899,,4094,,4992,,4992,,
INV-60384,,Vendor,34967,,30-Apr-24,,6852,,31215,,38068,,38068,,
INV-25577,,Vendor,21605,,18-Apr-24,,8643,,39374,,48017,,48017,,
INV-49927,,Vendor,43529,,23-Apr-24,,15332,,69846,,85178,,85178,,
INV-15143,,Vendor,21890,,14-Apr-24,,15246,,69454,,84701,,84701,,
INV-18684,,Vendor,99626,,8-Apr-24,,2759,,12568,,15327,,15327,,
INV-58301,,Vendor,13122,,7-Apr-24,,17742,,80825,,98567,,98567,,
INV-73605,,Vendor,64945,,17-Apr-24,,13473,,61379,,74853,,74853,,
INV-65145,,Vendor,62230,,24-Apr-24,,17152,,78139,,95291,,95291,,
INV-29348,,Vendor,15010,,2-May-24,,9402,,42833,,52235,,52235,,
INV-80448,,Vendor,28452,,25-Apr-24,,7661,,34899,,42560,,42560,,
INV-76399,,Vendor,97133,,10-Apr-24,,11646,,53053,,64699,,64699,,
INV-91354,,Vendor,62548,,9-Apr-24,,17867,,81394,,99261,,99261,,
INV-84252,,Vendor,42086,,28-Apr-24,,3333,,15183,,18516,,18516,,
INV-80870,,Vendor,91392,,17-Apr-24,,5546,,25264,,30810,,30810,,
INV-30908,,Vendor,82352,,16-Apr-24,,7401,,33715,,41115,,41115,,
INV-31441,,Vendor,69439,,1-May-24,,8698,,39625,,48323,,48323,,
INV-24877,,Vendor,75714,,4-May-24,,539,,2455,,2993,,2993,,
INV-85502,,Vendor,59448,,20-Apr-24,,12508,,56979,,69486,,69486,,
INV-74849,,Vendor,75591,,16-Apr-24,,17843,,81286,,99129,,99129,,
INV-61461,,Vendor,10610,,27-Apr-24,,7548,,34384,,41932,,41932,,
INV-44310,,Vendor,12217,,15-Apr-24,,5185,,23621,,28806,,28806,,
INV-18993,,Vendor,74261,,30-Apr-24,,6660,,30338,,36998,,36998,,
INV-45925,,Vendor,83577,,27-Apr-24,,6404,,29175,,35580,,35580,,
INV-95208,,Vendor,68817,,22-Apr-24,,15824,,72088,,87912,,87912,,
INV-12389,,Vendor,29247,,13-Apr-24,,16152,,73581,,89733,,89733,,
INV-35010,,Vendor,89375,,6-May-24,,16602,,75632,,92235,,92235,,
INV-89019,,Vendor,40724,,18-Apr-24,,13572,,61829,,75401,,75401,,
INV-40238,,Vendor,34736,,29-Apr-24,,283,,1288,,1571,,1571,,
INV-61006,,Vendor,64184,,25-Apr-24,,17616,,80252,,97869,,97869,,
INV-71756,,Vendor,26151,,22-Apr-24,,13925,,63438,,77363,,77363,,
INV-75863,,Vendor,26335,,7-Apr-24,,13991,,63736,,77726,,77726,,
INV-88637,,Vendor,90834,,4-May-24,,7702,,35088,,42791,,42791,,
INV-46747,,Vendor,72565,,28-Apr-24,,10607,,48319,,58925,,58925,,
INV-44318,,Vendor,20217,,11-Apr-24,,9214,,41977,,51191,,51191,,
INV-79117,,Vendor,55519,,18-Apr-24,,14790,,67375,,82165,,82165,,
INV-29345,,Vendor,91880,,2-May-24,,17900,,81543,,99442,,99442,,
INV-26726,,Vendor,37436,,8-Apr-24,,2196,,10004,,12200,,12200,,
INV-62881,,Vendor,40126,,25-Apr-24,,11424,,52041,,63465,,63465,,
INV-96860,,Vendor,19231,,14-Apr-24,,5097,,23220,,28317,,28317,,
INV-85604,,Vendor,38256,,1-May-24,,15388,,70102,,85490,,85490,,
INV-96687,,Vendor,69936,,2-May-24,,2831,,12897,,15728,,15728,,
INV-99191,,Vendor,85636,,26-Apr-24,,8878,,40446,,49324,,49324,,
INV-71780,,Vendor,66725,,20-Apr-24,,13638,,62130,,75768,,75768,,
INV-59230,,Vendor,93585,,26-Apr-24,,1597,,7276,,8873,,8873,,
INV-71249,,Vendor,23723,,9-Apr-24,,5053,,23021,,28074,,28074,,
INV-31285,,Vendor,19665,,14-Apr-24,,8147,,37112,,45258,,45258,,
INV-25091,,Vendor,43132,,22-Apr-24,,3503,,15960,,19464,,19464,,
INV-87142,,Vendor,56741,,9-Apr-24,,3048,,13883,,16931,,16931,,
INV-35095,,Vendor,99173,,30-Apr-24,,15635,,71228,,86864,,86864,,
INV-68976,,Vendor,53940,,4-May-24,,3326,,15150,,18476,,18476,,
INV-91450,,Vendor,22708,,18-Apr-24,,3568,,16254,,19822,,19822,,
INV-64507,,Vendor,68673,,22-Apr-24,,4433,,20196,,24629,,24629,,
INV-40971,,Vendor,38291,,26-Apr-24,,1204,,5484,,6688,,6688,,
INV-43891,,Vendor,72723,,19-Apr-24,,16131,,73483,,89614,,89614,,
INV-17883,,Vendor,59939,,30-Apr-24,,10406,,47407,,57813,,57813,,
INV-32728,,Vendor,98536,,15-Apr-24,,11692,,53263,,64955,,64955,,
INV-84591,,Vendor,95617,,26-Apr-24,,14666,,66810,,81476,,81476,,
INV-44914,,Vendor,60099,,28-Apr-24,,9947,,45312,,55259,,55259,,
INV-56237,,Vendor,70715,,23-Apr-24,,1288,,5869,,7158,,7158,,
INV-65410,,Vendor,17072,,30-Apr-24,,16149,,73568,,89717,,89717,,
INV-26694,,Vendor,66407,,11-Apr-24,,14729,,67099,,81829,,81829,,
INV-91762,,Vendor,64901,,11-Apr-24,,9101,,41462,,50564,,50564,,
INV-96305,,Vendor,16341,,22-Apr-24,,11216,,51094,,62310,,62310,,
INV-20159,,Vendor,36757,,7-Apr-24,,466,,2124,,2591,,2591,,
INV-12876,,Vendor,48284,,14-Apr-24,,14186,,64625,,78811,,78811,,
INV-94201,,Vendor,38889,,30-Apr-24,,8708,,39672,,48380,,48380,,
INV-21127,,Vendor,85301,,19-Apr-24,,12865,,58609,,71474,,71474,,
INV-89088,,Vendor,37093,,8-Apr-24,,2980,,13576,,16557,,16557,,
INV-34678,,Vendor,83472,,9-Apr-24,,108,,493,,601,,601,,
INV-19350,,Vendor,54070,,12-Apr-24,,10718,,48826,,59544,,59544,,
INV-15267,,Vendor,12027,,7-Apr-24,,9571,,43602,,53173,,53173,,
INV-59363,,Vendor,38812,,25-Apr-24,,3010,,13714,,16725,,16725,,
INV-28787,,Vendor,60945,,21-Apr-24,,4289,,19540,,23829,,23829,,
INV-11557,,Vendor,71879,,18-Apr-24,,10659,,48557,,59216,,59216,,
INV-78043,,Vendor,12025,,23-Apr-24,,16696,,76062,,92758,,92758,,
INV-44281,,Vendor,28578,,25-Apr-24,,13359,,60860,,74219,,74219,,
INV-35022,,Vendor,59281,,1-May-24,,165,,750,,914,,914,,
INV-69272,,Vendor,89472,,4-May-24,,1853,,8439,,10292,,10292,,
INV-82216,,Vendor,50940,,30-Apr-24,,6481,,29526,,36007,,36007,,
INV-74172,,Vendor,43208,,18-Apr-24,,11099,,50564,,61663,,61663,,
INV-47295,,Vendor,54168,,17-Apr-24,,12295,,56009,,68304,,68304,,
INV-77765,,Vendor,50683,,23-Apr-24,,9197,,41898,,51095,,51095,,
INV-18403,,Vendor,78589,,8-Apr-24,,17145,,78106,,95252,,95252,,
INV-66316,,Vendor,62045,,7-Apr-24,,4319,,19677,,23996,,23996,,
INV-35793,,Vendor,60577,,15-Apr-24,,12820,,58403,,71223,,71223,,
INV-11513,,Vendor,14550,,16-Apr-24,,16819,,76621,,93440,,93440,,
INV-19567,,Vendor,89441,,18-Apr-24,,13984,,63707,,77691,,77691,,
INV-73425,,Vendor,72342,,27-Apr-24,,12494,,56917,,69410,,69410,,
INV-37290,,Vendor,56853,,25-Apr-24,,3992,,18185,,22177,,22177,,
INV-26108,,Vendor,33883,,23-Apr-24,,335,,1526,,1861,,1861,,
INV-80263,,Vendor,78843,,6-May-24,,1874,,8539,,10413,,10413,,
INV-21767,,Vendor,69897,,19-Apr-24,,7485,,34099,,41584,,41584,,
INV-67522,,Vendor,78159,,2-May-24,,711,,3239,,3950,,3950,,
INV-35136,,Vendor,52733,,30-Apr-24,,9091,,41414,,50504,,50504,,
INV-12082,,Vendor,23337,,11-Apr-24,,3766,,17155,,20921,,20921,,
INV-91445,,Vendor,24958,,8-Apr-24,,15032,,68480,,83513,,83513,,
INV-33173,,Vendor,84728,,23-Apr-24,,11029,,50244,,61274,,61274,,
INV-50132,,Vendor,16689,,2-May-24,,5591,,25470,,31061,,31061,,
INV-13291,,Vendor,42032,,8-Apr-24,,15732,,71667,,87398,,87398,,
INV-23807,,Vendor,20418,,5-May-24,,6917,,31511,,38428,,38428,,
INV-15398,,Vendor,46637,,27-Apr-24,,9380,,42731,,52111,,52111,,
INV-20491,,Vendor,53890,,4-May-24,,9225,,42023,,51247,,51247,,
INV-91677,,Vendor,41305,,8-Apr-24,,17739,,80812,,98552,,98552,,
INV-80380,,Vendor,83607,,17-Apr-24,,14715,,67035,,81750,,81750,,
INV-64387,,Vendor,43368,,19-Apr-24,,14796,,67405,,82201,,82201,,
INV-51135,,Vendor,70888,,27-Apr-24,,6635,,30226,,36861,,36861,,
INV-35289,,Vendor,70224,,10-Apr-24,,9757,,44450,,54207,,54207,,
INV-20415,,Vendor,63817,,23-Apr-24,,4979,,22683,,27663,,27663,,
INV-74814,,Vendor,41017,,12-Apr-24,,8051,,36676,,44727,,44727,,
INV-55924,,Vendor,21710,,7-Apr-24,,15354,,69944,,85297,,85297,,
INV-76416,,Vendor,97673,,26-Apr-24,,9121,,41551,,50672,,50672,,
INV-78154,,Vendor,48734,,30-Apr-24,,5520,,25148,,30668,,30668,,
INV-10021,,Vendor,75726,,20-Apr-24,,14533,,66204,,80737,,80737,,
INV-95032,,Vendor,58253,,29-Apr-24,,5372,,24473,,29845,,29845,,
INV-31502,,Vendor,63664,,12-Apr-24,,9760,,44460,,54220,,54220,,
INV-46535,,Vendor,52456,,28-Apr-24,,17460,,79539,,96999,,96999,,
INV-57141,,Vendor,36987,,16-Apr-24,,17928,,81674,,99602,,99602,,
INV-68563,,Vendor,90533,,7-Apr-24,,1372,,6251,,7624,,7624,,
INV-93188,,Vendor,18975,,18-Apr-24,,10459,,47649,,58108,,58108,,
INV-96527,,Vendor,98854,,4-May-24,,7359,,33524,,40883,,40883,,
INV-65019,,Vendor,71536,,10-Apr-24,,11965,,54505,,66470,,66470,,
INV-11819,,Vendor,99148,,21-Apr-24,,1003,,4571,,5575,,5575,,
INV-92851,,Vendor,39770,,5-May-24,,13320,,60679,,73999,,73999,,
INV-12159,,Vendor,88814,,27-Apr-24,,12084,,55049,,67133,,67133,,
INV-85416,,Vendor,29467,,24-Apr-24,,7361,,33531,,40892,,40892,,
INV-42208,,Vendor,36249,,21-Apr-24,,9512,,43333,,52845,,52845,,
INV-41073,,Vendor,49655,,26-Apr-24,,4164,,18971,,23135,,23135,,
INV-16249,,Vendor,99687,,24-Apr-24,,14100,,64231,,78331,,78331,,
INV-56616,,Vendor,22510,,25-Apr-24,,7722,,35179,,42901,,42901,,
INV-61546,,Vendor,62923,,9-Apr-24,,10967,,49963,,60930,,60930,,
INV-80306,,Vendor,22082,,4-May-24,,12544,,57145,,69689,,69689,,
INV-81178,,Vendor,80097,,1-May-24,,17069,,77759,,94829,,94829,,
INV-76164,,Vendor,46840,,27-Apr-24,,14916,,67951,,82868,,82868,,
INV-95049,,Vendor,11690,,13-Apr-24,,5282,,24064,,29346,,29346,,
INV-78282,,Vendor,28824,,18-Apr-24,,15414,,70217,,85631,,85631,,
INV-20022,,Vendor,95862,,24-Apr-24,,260,,1182,,1442,,1442,,
INV-66934,,Vendor,19057,,14-Apr-24,,10010,,45599,,55608,,55608,,
INV-29134,,Vendor,71361,,8-Apr-24,,10903,,49670,,60574,,60574,,
INV-19936,,Vendor,44236,,25-Apr-24,,16810,,76577,,93387,,93387,,
INV-39437,,Vendor,86624,,28-Apr-24,,7201,,32804,,40005,,40005,,
INV-46861,,Vendor,67227,,17-Apr-24,,10358,,47187,,57545,,57545,,
INV-91254,,Vendor,47531,,24-Apr-24,,16445,,74918,,91363,,91363,,
INV-58559,,Vendor,35099,,11-Apr-24,,11919,,54299,,66219,,66219,,
INV-21555,,Vendor,61184,,28-Apr-24,,8246,,37565,,45811,,45811,,
INV-36329,,Vendor,66092,,18-Apr-24,,1812,,8254,,10065,,10065,,
INV-65161,,Vendor,53471,,22-Apr-24,,3038,,13840,,16878,,16878,,
INV-91360,,Vendor,31637,,11-Apr-24,,7081,,32256,,39337,,39337,,
INV-56650,,Vendor,76980,,1-May-24,,12756,,58112,,70869,,70869,,
INV-98467,,Vendor,47241,,4-May-24,,4305,,19610,,23914,,23914,,
INV-85846,,Vendor,38441,,28-Apr-24,,2359,,10745,,13103,,13103,,
INV-36528,,Vendor,63907,,6-May-24,,10687,,48686,,59373,,59373,,
INV-35418,,Vendor,53311,,11-Apr-24,,2311,,10529,,12841,,12841,,
INV-65033,,Vendor,92104,,14-Apr-24,,14752,,67201,,81953,,81953,,
INV-74968,,Vendor,54952,,23-Apr-24,,13299,,60586,,73886,,73886,,
INV-68663,,Vendor,47763,,24-Apr-24,,7633,,34772,,42405,,42405,,
INV-66081,,Vendor,10333,,15-Apr-24,,7284,,33181,,40465,,40465,,
INV-24876,,Vendor,38414,,19-Apr-24,,7536,,34330,,41866,,41866,,
INV-22147,,Vendor,72294,,5-May-24,,952,,4337,,5289,,5289,,
INV-69348,,Vendor,56823,,22-Apr-24,,5338,,24319,,29658,,29658,,
INV-76948,,Vendor,40898,,8-Apr-24,,11663,,53133,,64796,,64796,,
INV-92565,,Vendor,67315,,11-Apr-24,,16562,,75450,,92012,,92012,,
INV-17459,,Vendor,67822,,21-Apr-24,,1611,,7341,,8952,,8952,,
INV-31861,,Vendor,93200,,2-May-24,,4264,,19425,,23689,,23689,,
INV-84212,,Vendor,83642,,28-Apr-24,,4404,,20063,,24467,,24467,,
INV-24987,,Vendor,21099,,20-Apr-24,,9371,,42691,,52063,,52063,,
INV-73763,,Vendor,25092,,12-Apr-24,,8840,,40273,,49113,,49113,,
INV-64464,,Vendor,55624,,1-May-24,,14220,,64779,,78998,,78998,,
INV-30547,,Vendor,30342,,24-Apr-24,,13985,,63708,,77693,,77693,,
INV-72563,,Vendor,72021,,13-Apr-24,,1765,,8042,,9808,,9808,,
INV-53464,,Vendor,29992,,21-Apr-24,,6853,,31220,,38073,,38073,,
INV-25535,,Vendor,95568,,9-Apr-24,,12013,,54726,,66739,,66739,,
INV-96712,,Vendor,88098,,16-Apr-24,,13381,,60957,,74337,,74337,,
INV-68018,,Vendor,17408,,25-Apr-24,,17263,,78642,,95905,,95905,,
INV-31290,,Vendor,12108,,29-Apr-24,,7517,,34242,,41759,,41759,,
INV-16370,,Vendor,87440,,23-Apr-24,,2777,,12649,,15426,,15426,,
INV-22351,,Vendor,69072,,2-May-24,,7030,,32027,,39057,,39057,,
INV-21617,,Vendor,56301,,12-Apr-24,,17841,,81277,,99119,,99119,,
INV-18207,,Vendor,77082,,16-Apr-24,,14852,,67657,,82509,,82509,,
INV-77741,,Vendor,43219,,9-Apr-24,,4484,,20428,,24912,,24912,,
INV-40845,,Vendor,67426,,2-May-24,,530,,2415,,2946,,2946,,
INV-29363,,Vendor,82788,,21-Apr-24,,8603,,39193,,47796,,47796,,
INV-61370,,Vendor,22060,,18-Apr-24,,17998,,81991,,99988,,99988,,
INV-52104,,Vendor,30259,,11-Apr-24,,1377,,6271,,7648,,7648,,
INV-23642,,Vendor,25128,,9-Apr-24,,14593,,66480,,81073,,81073,,
INV-52771,,Vendor,16237,,22-Apr-24,,14949,,68103,,83052,,83052,,
INV-38451,,Vendor,22687,,10-Apr-24,,5916,,26950,,32866,,32866,,
INV-34064,,Vendor,43531,,11-Apr-24,,1752,,7979,,9731,,9731,,
INV-28689,,Vendor,82057,,1-May-24,,12835,,58472,,71307,,71307,,
INV-47794,,Vendor,86917,,8-Apr-24,,4601,,20958,,25559,,25559,,
INV-13276,,Vendor,85313,,4-May-24,,6476,,29502,,35978,,35978,,
INV-43162,,Vendor,72682,,11-Apr-24,,10302,,46933,,57236,,57236,,
INV-43835,,Vendor,31019,,11-Apr-24,,3736,,17021,,20757,,20757,,
INV-71135,,Vendor,84714,,17-Apr-24,,9410,,42868,,52278,,52278,,
INV-46917,,Vendor,99166,,14-Apr-24,,17689,,80585,,98274,,98274,,
INV-70629,,Vendor,33430,,27-Apr-24,,5320,,24236,,29556,,29556,,
INV-36971,,Vendor,44041,,26-Apr-24,,1377,,6271,,7648,,7648,,
INV-87761,,Vendor,86977,,9-Apr-24,,9633,,43884,,53517,,53517,,
INV-66171,,Vendor,47751,,21-Apr-24,,813,,3704,,4517,,4517,,
INV-68380,,Vendor,48124,,2-May-24,,10137,,46180,,56317,,56317,,
INV-64470,,Vendor,52497,,5-May-24,,4464,,20337,,24801,,24801,,
INV-63101,,Vendor,32451,,11-Apr-24,,10017,,45634,,55651,,55651,,
INV-70987,,Vendor,67703,,6-May-24,,15392,,70121,,85513,,85513,,
INV-77908,,Vendor,59127,,2-May-24,,12939,,58942,,71881,,71881,,
INV-25296,,Vendor,89494,,22-Apr-24,,12869,,58625,,71494,,71494,,
INV-92224,,Vendor,25270,,14-Apr-24,,10926,,49774,,60700,,60700,,
INV-60049,,Vendor,82599,,12-Apr-24,,13521,,61596,,75117,,75117,,
INV-96514,,Vendor,62590,,9-Apr-24,,5816,,26493,,32309,,32309,,
INV-55241,,Vendor,23748,,3-May-24,,8468,,38577,,47045,,47045,,
INV-81159,,Vendor,40499,,18-Apr-24,,15209,,69286,,84495,,84495,,
INV-39069,,Vendor,85441,,15-Apr-24,,17028,,77572,,94600,,94600,,
INV-13302,,Vendor,32068,,24-Apr-24,,12276,,55925,,68202,,68202,,
INV-39251,,Vendor,59590,,26-Apr-24,,10858,,49466,,60325,,60325,,
INV-22709,,Vendor,44381,,27-Apr-24,,5606,,25538,,31144,,31144,,
INV-11020,,Vendor,16245,,18-Apr-24,,14237,,64859,,79097,,79097,,
INV-43546,,Vendor,42064,,4-May-24,,11444,,52132,,63576,,63576,,
INV-10135,,Vendor,38218,,13-Apr-24,,2018,,9194,,11213,,11213,,
INV-32423,,Vendor,51691,,18-Apr-24,,209,,952,,1161,,1161,,
INV-16258,,Vendor,50076,,30-Apr-24,,8183,,37278,,45461,,45461,,
INV-89723,,Vendor,48040,,2-May-24,,16999,,77441,,94440,,94440,,
INV-58363,,Vendor,20091,,4-May-24,,1979,,9014,,10993,,10993,,
INV-46827,,Vendor,19087,,18-Apr-24,,17566,,80024,,97590,,97590,,
INV-16557,,Vendor,84272,,12-Apr-24,,4325,,19701,,24025,,24025,,
INV-13961,,Vendor,61932,,11-Apr-24,,17078,,77799,,94877,,94877,,
INV-84017,,Vendor,96330,,17-Apr-24,,16242,,73989,,90231,,90231,,
INV-98602,,Vendor,97126,,14-Apr-24,,4497,,20487,,24985,,24985,,
INV-26105,,Vendor,70904,,19-Apr-24,,12573,,57276,,69849,,69849,,
INV-60446,,Vendor,63166,,27-Apr-24,,7150,,32570,,39720,,39720,,
INV-20162,,Vendor,15285,,11-Apr-24,,13113,,59736,,72849,,72849,,
INV-13206,,Vendor,18631,,28-Apr-24,,12427,,56613,,69040,,69040,,
INV-41742,,Vendor,54635,,9-Apr-24,,14854,,67670,,82524,,82524,,
INV-63829,,Vendor,69376,,18-Apr-24,,6728,,30648,,37376,,37376,,
INV-84458,,Vendor,34445,,26-Apr-24,,943,,4294,,5237,,5237,,
INV-90223,,Vendor,87682,,17-Apr-24,,10020,,45645,,55665,,55665,,
INV-57437,,Vendor,93506,,10-Apr-24,,11643,,53039,,64682,,64682,,
INV-76489,,Vendor,58390,,4-May-24,,11163,,50856,,62019,,62019,,
INV-11530,,Vendor,70207,,13-Apr-24,,13743,,62608,,76351,,76351,,
INV-42062,,Vendor,53393,,14-Apr-24,,7668,,34934,,42602,,42602,,
INV-16133,,Vendor,64829,,26-Apr-24,,6315,,28771,,35086,,35086,,
INV-15684,,Vendor,16453,,14-Apr-24,,4760,,21683,,26442,,26442,,
INV-77466,,Vendor,57875,,29-Apr-24,,1485,,6765,,8250,,8250,,
INV-49587,,Vendor,16472,,27-Apr-24,,10310,,46969,,57280,,57280,,
INV-85439,,Vendor,75100,,9-Apr-24,,7662,,34907,,42569,,42569,,
INV-14981,,Vendor,35296,,28-Apr-24,,9849,,44869,,54718,,54718,,
INV-99054,,Vendor,86772,,8-Apr-24,,5051,,23012,,28064,,28064,,
INV-98839,,Vendor,87490,,15-Apr-24,,7319,,33340,,40659,,40659,,
INV-15013,,Vendor,48080,,9-Apr-24,,7477,,34062,,41539,,41539,,
INV-31250,,Vendor,50400,,5-May-24,,6315,,28768,,35083,,35083,,
INV-79499,,Vendor,51973,,26-Apr-24,,17799,,81085,,98884,,98884,,
INV-33151,,Vendor,51326,,16-Apr-24,,9689,,44138,,53827,,53827,,
INV-62245,,Vendor,38593,,8-Apr-24,,10563,,48122,,58686,,58686,,
INV-91967,,Vendor,34540,,26-Apr-24,,13873,,63199,,77072,,77072,,
INV-75672,,Vendor,98629,,18-Apr-24,,15711,,71572,,87283,,87283,,
INV-13643,,Vendor,55151,,16-Apr-24,,6591,,30026,,36617,,36617,,
INV-13538,,Vendor,39702,,7-Apr-24,,245,,1115,,1360,,1360,,
INV-78774,,Vendor,15438,,28-Apr-24,,13834,,63023,,76857,,76857,,
INV-98575,,Vendor,62099,,8-Apr-24,,496,,2258,,2754,,2754,,
INV-12297,,Vendor,23128,,26-Apr-24,,16962,,77272,,94235,,94235,,
INV-88753,,Vendor,85055,,22-Apr-24,,10449,,47602,,58051,,58051,,
INV-85551,,Vendor,58096,,21-Apr-24,,1815,,8270,,10086,,10086,,
INV-22628,,Vendor,44106,,15-Apr-24,,15935,,72593,,88528,,88528,,
INV-56760,,Vendor,24143,,7-Apr-24,,11946,,54421,,66367,,66367,,
INV-44038,,Vendor,52322,,2-May-24,,760,,3463,,4224,,4224,,
INV-57447,,Vendor,67059,,25-Apr-24,,17384,,79195,,96579,,96579,,
INV-50489,,Vendor,93299,,14-Apr-24,,17561,,80001,,97562,,97562,,
INV-81071,,Vendor,75299,,25-Apr-24,,16004,,72907,,88911,,88911,,
INV-52809,,Vendor,22201,,3-May-24,,4476,,20390,,24866,,24866,,
INV-37440,,Vendor,91480,,6-May-24,,7934,,36142,,44075,,44075,,
INV-96407,,Vendor,35371,,28-Apr-24,,1543,,7028,,8571,,8571,,
INV-52643,,Vendor,66318,,21-Apr-24,,3524,,16055,,19579,,19579,,
INV-96997,,Vendor,28300,,8-Apr-24,,13842,,63056,,76898,,76898,,
INV-14187,,Vendor,49547,,2-May-24,,4349,,19812,,24161,,24161,,
INV-27726,,Vendor,22633,,21-Apr-24,,17709,,80676,,98385,,98385,,
INV-36161,,Vendor,92322,,16-Apr-24,,1881,,8570,,10451,,10451,,
INV-17832,,Vendor,59248,,7-Apr-24,,6501,,29616,,36117,,36117,,
INV-23383,,Vendor,74173,,18-Apr-24,,2148,,9784,,11932,,11932,,
INV-59915,,Vendor,96390,,22-Apr-24,,3617,,16480,,20097,,20097,,
INV-90549,,Vendor,47316,,8-Apr-24,,16358,,74522,,90880,,90880,,
INV-30207,,Vendor,46257,,2-May-24,,12205,,55602,,67808,,67808,,
INV-96813,,Vendor,72972,,30-Apr-24,,1018,,4637,,5655,,5655,,
INV-70737,,Vendor,39992,,14-Apr-24,,6582,,29985,,36567,,36567,,
INV-99739,,Vendor,15079,,25-Apr-24,,17070,,77762,,94832,,94832,,
INV-83707,,Vendor,54325,,15-Apr-24,,14496,,66036,,80532,,80532,,
INV-96667,,Vendor,71238,,20-Apr-24,,6922,,31534,,38456,,38456,,
INV-86043,,Vendor,76829,,26-Apr-24,,5635,,25670,,31304,,31304,,
INV-60411,,Vendor,68119,,22-Apr-24,,10083,,45933,,56016,,56016,,
INV-42765,,Vendor,40912,,11-Apr-24,,1613,,7348,,8961,,8961,,
INV-23143,,Vendor,42340,,16-Apr-24,,14909,,67917,,82826,,82826,,
INV-64741,,Vendor,80829,,1-May-24,,4759,,21682,,26441,,26441,,
INV-74959,,Vendor,37612,,30-Apr-24,,105,,476,,581,,581,,
INV-41853,,Vendor,35447,,18-Apr-24,,3941,,17956,,21897,,21897,,
INV-43655,,Vendor,28180,,10-Apr-24,,2805,,12779,,15584,,15584,,
INV-45257,,Vendor,14002,,21-Apr-24,,10920,,49748,,60669,,60669,,
INV-26952,,Vendor,70542,,19-Apr-24,,8642,,39367,,48009,,48009,,
INV-47421,,Vendor,96403,,18-Apr-24,,4395,,20021,,24416,,24416,,
INV-75818,,Vendor,24691,,13-Apr-24,,17425,,79379,,96803,,96803,,
INV-43206,,Vendor,70598,,5-May-24,,4993,,22747,,27740,,27740,,
INV-12567,,Vendor,68404,,20-Apr-24,,3715,,16922,,20636,,20636,,
INV-62039,,Vendor,77929,,26-Apr-24,,9961,,45379,,55340,,55340,,
INV-37427,,Vendor,92121,,11-Apr-24,,3232,,14725,,17957,,17957,,
INV-97473,,Vendor,96001,,30-Apr-24,,13638,,62126,,75764,,75764,,
INV-71703,,Vendor,69524,,3-May-24,,16881,,76902,,93783,,93783,,
INV-20759,,Vendor,23784,,17-Apr-24,,196,,893,,1089,,1089,,
INV-47435,,Vendor,59853,,17-Apr-24,,10546,,48042,,58588,,58588,,
INV-20129,,Vendor,91706,,12-Apr-24,,14375,,65487,,79863,,79863,,
INV-20050,,Vendor,86127,,20-Apr-24,,12210,,55622,,67831,,67831,,
INV-94947,,Vendor,74217,,4-May-24,,15863,,72267,,88130,,88130,,
INV-33418,,Vendor,97513,,28-Apr-24,,588,,2676,,3264,,3264,,
INV-57000,,Vendor,80119,,9-Apr-24,,9254,,42156,,51410,,51410,,
INV-21572,,Vendor,45207,,2-May-24,,16720,,76167,,92887,,92887,,
INV-28166,,Vendor,18476,,28-Apr-24,,12938,,58941,,71879,,71879,,
INV-74835,,Vendor,40605,,12-Apr-24,,529,,2412,,2942,,2942,,
INV-84588,,Vendor,20004,,19-Apr-24,,2909,,13250,,16159,,16159,,
INV-26230,,Vendor,26970,,25-Apr-24,,17113,,77959,,95072,,95072,,
INV-59421,,Vendor,84970,,22-Apr-24,,13290,,60544,,73834,,73834,,
INV-25503,,Vendor,74198,,8-Apr-24,,3390,,15443,,18833,,18833,,
INV-11139,,Vendor,67783,,18-Apr-24,,8038,,36619,,44657,,44657,,
INV-29392,,Vendor,37343,,27-Apr-24,,1997,,9097,,11094,,11094,,
INV-62974,,Vendor,38701,,12-Apr-24,,7449,,33933,,41381,,41381,,
INV-68810,,Vendor,19340,,8-Apr-24,,14477,,65952,,80429,,80429,,
INV-12562,,Vendor,11215,,20-Apr-24,,8019,,36532,,44551,,44551,,
INV-78480,,Vendor,77849,,20-Apr-24,,5163,,23520,,28683,,28683,,
INV-77134,,Vendor,82156,,20-Apr-24,,2555,,11641,,14196,,14196,,
INV-19388,,Vendor,61898,,15-Apr-24,,5340,,24328,,29668,,29668,,
INV-70315,,Vendor,55156,,29-Apr-24,,3300,,15034,,18334,,18334,,
INV-36980,,Vendor,67220,,22-Apr-24,,12159,,55390,,67549,,67549,,
INV-70801,,Vendor,40189,,16-Apr-24,,10732,,48889,,59621,,59621,,
INV-93214,,Vendor,89855,,1-May-24,,12692,,57819,,70511,,70511,,
INV-99179,,Vendor,43820,,27-Apr-24,,7007,,31921,,38928,,38928,,
INV-91419,,Vendor,55872,,27-Apr-24,,6757,,30781,,37538,,37538,,
INV-27910,,Vendor,25386,,27-Apr-24,,15887,,72376,,88264,,88264,,
INV-46490,,Vendor,39946,,6-May-24,,2903,,13225,,16127,,16127,,
INV-61343,,Vendor,16172,,25-Apr-24,,12772,,58184,,70956,,70956,,
INV-95099,,Vendor,86575,,14-Apr-24,,4878,,22222,,27101,,27101,,
INV-45270,,Vendor,46134,,9-Apr-24,,16103,,73358,,89461,,89461,,
INV-72305,,Vendor,97516,,8-Apr-24,,10620,,48381,,59002,,59002,,
INV-58104,,Vendor,45833,,22-Apr-24,,11991,,54626,,66617,,66617,,
INV-53392,,Vendor,85539,,3-May-24,,3069,,13982,,17051,,17051,,
INV-94649,,Vendor,97602,,6-May-24,,17016,,77516,,94532,,94532,,
INV-64904,,Vendor,11688,,16-Apr-24,,6631,,30207,,36838,,36838,,
INV-33616,,Vendor,53288,,1-May-24,,720,,3278,,3998,,3998,,
INV-97834,,Vendor,98146,,4-May-24,,6819,,31066,,37885,,37885,,
INV-27524,,Vendor,10581,,2-May-24,,1263,,5754,,7017,,7017,,
INV-83961,,Vendor,99373,,15-Apr-24,,7061,,32165,,39226,,39226,,
INV-96276,,Vendor,74592,,6-May-24,,10666,,48588,,59254,,59254,,
INV-87834,,Vendor,13811,,9-Apr-24,,15035,,68492,,83527,,83527,,
INV-25230,,Vendor,71903,,23-Apr-24,,4146,,18888,,23034,,23034,,
INV-55154,,Vendor,24205,,17-Apr-24,,4870,,22185,,27055,,27055,,
INV-20906,,Vendor,92349,,27-Apr-24,,8029,,36575,,44604,,44604,,
INV-29913,,Vendor,68372,,12-Apr-24,,9782,,44560,,54342,,54342,,
INV-76976,,Vendor,39352,,8-Apr-24,,745,,3393,,4138,,4138,,
INV-59066,,Vendor,76749,,3-May-24,,15944,,72632,,88575,,88575,,
INV-90434,,Vendor,98144,,14-Apr-24,,15781,,71892,,87673,,87673,,
INV-94674,,Vendor,81872,,16-Apr-24,,6888,,31377,,38265,,38265,,
INV-94043,,Vendor,28216,,6-May-24,,13912,,63377,,77289,,77289,,
INV-68272,,Vendor,13598,,5-May-24,,7846,,35745,,43591,,43591,,
INV-80453,,Vendor,56627,,29-Apr-24,,16420,,74804,,91224,,91224,,
INV-76852,,Vendor,73490,,18-Apr-24,,3716,,16928,,20644,,20644,,
INV-34178,,Vendor,52924,,29-Apr-24,,9086,,41391,,50477,,50477,,
INV-10299,,Vendor,90756,,8-Apr-24,,5479,,24958,,30437,,30437,,
INV-74826,,Vendor,47520,,23-Apr-24,,14413,,65658,,80070,,80070,,
INV-59865,,Vendor,59271,,29-Apr-24,,11764,,53589,,65353,,65353,,
INV-35193,,Vendor,47662,,27-Apr-24,,5974,,27217,,33192,,33192,,
INV-94102,,Vendor,72438,,28-Apr-24,,7112,,32397,,39509,,39509,,
INV-93483,,Vendor,63748,,28-Apr-24,,3028,,13792,,16820,,16820,,
INV-98585,,Vendor,96189,,22-Apr-24,,12200,,55578,,67778,,67778,,
INV-54772,,Vendor,93402,,8-Apr-24,,14813,,67482,,82295,,82295,,
INV-54359,,Vendor,17687,,3-May-24,,4880,,22229,,27109,,27109,,
INV-69387,,Vendor,25519,,22-Apr-24,,14258,,64954,,79212,,79212,,
INV-21644,,Vendor,71972,,6-May-24,,1584,,7216,,8800,,8800,,
INV-77632,,Vendor,40817,,20-Apr-24,,13919,,63407,,77326,,77326,,
INV-73573,,Vendor,62782,,11-Apr-24,,17496,,79704,,97200,,97200,,
INV-54713,,Vendor,17932,,21-Apr-24,,10312,,46976,,57287,,57287,,
INV-72731,,Vendor,94879,,12-Apr-24,,7604,,34642,,42246,,42246,,
INV-38398,,Vendor,91294,,1-May-24,,13493,,61469,,74962,,74962,,
INV-99668,,Vendor,12824,,15-Apr-24,,2306,,10505,,12811,,12811,,
INV-26836,,Vendor,59010,,28-Apr-24,,6732,,30666,,37397,,37397,,
INV-90535,,Vendor,77566,,8-Apr-24,,13021,,59316,,72336,,72336,,
INV-69670,,Vendor,97394,,18-Apr-24,,1276,,5814,,7091,,7091,,
INV-63133,,Vendor,39144,,24-Apr-24,,9516,,43349,,52864,,52864,,
INV-19627,,Vendor,77252,,26-Apr-24,,6264,,28536,,34800,,34800,,
INV-70532,,Vendor,94067,,7-Apr-24,,16856,,76790,,93646,,93646,,
INV-29472,,Vendor,51290,,22-Apr-24,,17139,,78077,,95216,,95216,,
INV-85544,,Vendor,96706,,28-Apr-24,,15334,,69853,,85187,,85187,,
INV-56217,,Vendor,38188,,15-Apr-24,,7216,,32871,,40087,,40087,,
INV-11367,,Vendor,51516,,19-Apr-24,,2623,,11950,,14574,,14574,,
INV-72838,,Vendor,59313,,30-Apr-24,,1414,,6441,,7855,,7855,,
INV-62995,,Vendor,27595,,18-Apr-24,,6447,,29369,,35816,,35816,,
INV-50123,,Vendor,27242,,8-Apr-24,,10903,,49668,,60571,,60571,,
INV-52352,,Vendor,86416,,1-May-24,,574,,2616,,3191,,3191,,
INV-55173,,Vendor,85982,,17-Apr-24,,5242,,23879,,29121,,29121,,
INV-65581,,Vendor,45174,,21-Apr-24,,11362,,51758,,63120,,63120,,
INV-79852,,Vendor,63557,,7-Apr-24,,401,,1826,,2227,,2227,,
INV-81194,,Vendor,33148,,12-Apr-24,,8456,,38520,,46976,,46976,,
INV-87597,,Vendor,63681,,22-Apr-24,,17164,,78190,,95353,,95353,,
INV-99567,,Vendor,28059,,16-Apr-24,,3697,,16844,,20541,,20541,,
INV-34829,,Vendor,39000,,10-Apr-24,,11537,,52558,,64095,,64095,,
INV-47626,,Vendor,68820,,22-Apr-24,,1424,,6489,,7913,,7913,,
INV-71409,,Vendor,75029,,10-Apr-24,,4641,,21144,,25786,,25786,,
INV-47642,,Vendor,16897,,8-Apr-24,,3387,,15428,,18814,,18814,,
INV-51611,,Vendor,59467,,22-Apr-24,,17633,,80330,,97964,,97964,,
INV-27815,,Vendor,65421,,28-Apr-24,,10387,,47321,,57708,,57708,,
INV-28123,,Vendor,80623,,24-Apr-24,,2787,,12695,,15482,,15482,,
INV-74556,,Vendor,98448,,21-Apr-24,,1197,,5454,,6651,,6651,,
INV-94796,,Vendor,55261,,4-May-24,,13810,,62914,,76724,,76724,,
INV-37695,,Vendor,44605,,10-Apr-24,,13761,,62689,,76451,,76451,,
INV-41721,,Vendor,26932,,29-Apr-24,,15439,,70332,,85771,,85771,,
INV-38450,,Vendor,13307,,12-Apr-24,,7417,,33786,,41203,,41203,,
INV-63801,,Vendor,95987,,1-May-24,,6461,,29433,,35894,,35894,,
INV-22442,,Vendor,10081,,4-May-24,,5686,,25904,,31590,,31590,,
INV-82225,,Vendor,66157,,28-Apr-24,,5058,,23041,,28099,,28099,,
INV-79653,,Vendor,86638,,15-Apr-24,,13337,,60757,,74094,,74094,,
INV-96324,,Vendor,37086,,18-Apr-24,,2331,,10617,,12948,,12948,,
INV-76825,,Vendor,13138,,25-Apr-24,,3906,,17793,,21699,,21699,,
INV-64770,,Vendor,72315,,13-Apr-24,,9863,,44933,,54797,,54797,,
INV-85140,,Vendor,25290,,10-Apr-24,,17513,,79782,,97295,,97295,,
INV-27290,,Vendor,68098,,2-May-24,,16118,,73425,,89543,,89543,,
INV-76885,,Vendor,97117,,22-Apr-24,,886,,4035,,4921,,4921,,
INV-11109,,Vendor,75662,,14-Apr-24,,9076,,41347,,50423,,50423,,
INV-35464,,Vendor,14162,,18-Apr-24,,2707,,12332,,15039,,15039,,
INV-50162,,Vendor,29736,,14-Apr-24,,1413,,6436,,7849,,7849,,
INV-45576,,Vendor,90378,,28-Apr-24,,17702,,80642,,98344,,98344,,
INV-77910,,Vendor,75713,,2-May-24,,12626,,57520,,70146,,70146,,
INV-49361,,Vendor,76346,,13-Apr-24,,9001,,41003,,50003,,50003,,
INV-44904,,Vendor,27630,,20-Apr-24,,11612,,52901,,64513,,64513,,
INV-60307,,Vendor,27240,,12-Apr-24,,13749,,62634,,76383,,76383,,
INV-76035,,Vendor,62543,,1-May-24,,17731,,80775,,98506,,98506,,
INV-38379,,Vendor,81866,,24-Apr-24,,16191,,73757,,89947,,89947,,
INV-59178,,Vendor,92089,,8-Apr-24,,4378,,19945,,24323,,24323,,
INV-25529,,Vendor,93578,,7-Apr-24,,8759,,39903,,48662,,48662,,
INV-51439,,Vendor,83224,,10-Apr-24,,13625,,62068,,75693,,75693,,
INV-25725,,Vendor,86916,,1-May-24,,11394,,51904,,63298,,63298,,
INV-34085,,Vendor,55315,,5-May-24,,4485,,20433,,24918,,24918,,
INV-12094,,Vendor,17098,,28-Apr-24,,5858,,26685,,32543,,32543,,
INV-47288,,Vendor,27966,,30-Apr-24,,11785,,53689,,65474,,65474,,
INV-78491,,Vendor,97244,,12-Apr-24,,11451,,52166,,63617,,63617,,
INV-62155,,Vendor,91625,,15-Apr-24,,6168,,28097,,34264,,34264,,
INV-37774,,Vendor,27758,,20-Apr-24,,17932,,81691,,99623,,99623,,
INV-48989,,Vendor,37508,,30-Apr-24,,6656,,30322,,36978,,36978,,
INV-60355,,Vendor,26149,,30-Apr-24,,7851,,35765,,43616,,43616,,
INV-30814,,Vendor,57471,,11-Apr-24,,16615,,75690,,92305,,92305,,
INV-41655,,Vendor,81273,,11-Apr-24,,16982,,77363,,94346,,94346,,
INV-26418,,Vendor,56567,,4-May-24,,12754,,58101,,70854,,70854,,
INV-63474,,Vendor,59554,,21-Apr-24,,11121,,50662,,61783,,61783,,
INV-33305,,Vendor,41173,,17-Apr-24,,4097,,18665,,22763,,22763,,
INV-84003,,Vendor,91313,,8-Apr-24,,2254,,10268,,12522,,12522,,
INV-41972,,Vendor,73925,,9-Apr-24,,13080,,59588,,72669,,72669,,
INV-98697,,Vendor,90047,,19-Apr-24,,1142,,5204,,6346,,6346,,
INV-23286,,Vendor,49204,,20-Apr-24,,2009,,9152,,11161,,11161,,
INV-99558,,Vendor,85883,,16-Apr-24,,3803,,17326,,21130,,21130,,
INV-91051,,Vendor,15340,,21-Apr-24,,9955,,45349,,55304,,55304,,
INV-69486,,Vendor,95954,,22-Apr-24,,7316,,33326,,40642,,40642,,
INV-65755,,Vendor,57003,,6-May-24,,14471,,65924,,80395,,80395,,
INV-49196,,Vendor,48604,,26-Apr-24,,5769,,26280,,32048,,32048,,
INV-80808,,Vendor,94124,,28-Apr-24,,11146,,50778,,61924,,61924,,
INV-15880,,Vendor,66656,,20-Apr-24,,13363,,60875,,74238,,74238,,
INV-53254,,Vendor,32833,,11-Apr-24,,10423,,47481,,57904,,57904,,
INV-95009,,Vendor,22647,,19-Apr-24,,17715,,80703,,98419,,98419,,
INV-16094,,Vendor,78218,,19-Apr-24,,5093,,23199,,28292,,28292,,
INV-39876,,Vendor,71189,,15-Apr-24,,1782,,8116,,9897,,9897,,
INV-83663,,Vendor,68932,,23-Apr-24,,4566,,20802,,25368,,25368,,
INV-93816,,Vendor,90988,,30-Apr-24,,17375,,79154,,96530,,96530,,
INV-56879,,Vendor,87391,,8-Apr-24,,3898,,17759,,21657,,21657,,
INV-25037,,Vendor,88293,,23-Apr-24,,17066,,77745,,94811,,94811,,
INV-62752,,Vendor,48793,,25-Apr-24,,17672,,80505,,98177,,98177,,
INV-34084,,Vendor,39743,,9-Apr-24,,1117,,5090,,6207,,6207,,
INV-23388,,Vendor,71410,,9-Apr-24,,9413,,42883,,52296,,52296,,
INV-74150,,Vendor,52784,,29-Apr-24,,10290,,46876,,57166,,57166,,
INV-15295,,Vendor,84311,,20-Apr-24,,4078,,18577,,22655,,22655,,
INV-10776,,Vendor,45152,,10-Apr-24,,6746,,30733,,37479,,37479,,
INV-64024,,Vendor,57055,,25-Apr-24,,14209,,64731,,78941,,78941,,
INV-89839,,Vendor,97335,,9-Apr-24,,15983,,72811,,88794,,88794,,
INV-28035,,Vendor,78600,,23-Apr-24,,7865,,35831,,43696,,43696,,
INV-71406,,Vendor,99957,,23-Apr-24,,14300,,65142,,79442,,79442,,
INV-39892,,Vendor,80491,,11-Apr-24,,4011,,18274,,22285,,22285,,
INV-80774,,Vendor,21208,,25-Apr-24,,1644,,7488,,9131,,9131,,
INV-80962,,Vendor,95266,,21-Apr-24,,11223,,51128,,62351,,62351,,
INV-27749,,Vendor,31278,,13-Apr-24,,9695,,44168,,53863,,53863,,
INV-40922,,Vendor,66633,,18-Apr-24,,11975,,54554,,66529,,66529,,
INV-74631,,Vendor,18731,,17-Apr-24,,243,,1109,,1352,,1352,,
INV-72016,,Vendor,84056,,13-Apr-24,,1127,,5136,,6264,,6264,,
INV-13393,,Vendor,98745,,27-Apr-24,,1655,,7541,,9196,,9196,,
INV-83171,,Vendor,75244,,4-May-24,,3264,,14867,,18131,,18131,,
INV-30749,,Vendor,44338,,15-Apr-24,,9186,,41848,,51035,,51035,,
INV-74416,,Vendor,55718,,8-Apr-24,,4533,,20651,,25184,,25184,,
INV-27971,,Vendor,68918,,27-Apr-24,,5458,,24865,,30323,,30323,,
INV-29294,,Vendor,44039,,3-May-24,,4834,,22022,,26857,,26857,,
INV-69855,,Vendor,79718,,28-Apr-24,,7779,,35437,,43216,,43216,,
INV-14011,,Vendor,99642,,9-Apr-24,,11130,,50705,,61836,,61836,,
INV-86225,,Vendor,92664,,8-Apr-24,,1909,,8695,,10603,,10603,,
INV-59158,,Vendor,42133,,7-Apr-24,,2278,,10380,,12658,,12658,,
INV-15869,,Vendor,77706,,5-May-24,,5341,,24333,,29674,,29674,,
INV-21829,,Vendor,35949,,12-Apr-24,,13931,,63466,,77397,,77397,,
INV-55067,,Vendor,24888,,3-May-24,,4848,,22085,,26934,,26934,,
INV-34736,,Vendor,67695,,2-May-24,,16666,,75925,,92591,,92591,,
INV-84067,,Vendor,30813,,21-Apr-24,,2596,,11826,,14422,,14422,,
INV-44058,,Vendor,29860,,3-May-24,,7301,,33261,,40562,,40562,,
INV-35127,,Vendor,93347,,27-Apr-24,,9685,,44121,,53806,,53806,,
INV-91914,,Vendor,88762,,2-May-24,,6730,,30660,,37390,,37390,,
INV-58050,,Vendor,86078,,19-Apr-24,,2455,,11186,,13641,,13641,,
INV-38357,,Vendor,44080,,16-Apr-24,,2310,,10523,,12832,,12832,,
INV-35923,,Vendor,30579,,23-Apr-24,,1806,,8227,,10033,,10033,,
INV-45602,,Vendor,52056,,15-Apr-24,,8489,,38672,,47161,,47161,,
INV-78105,,Vendor,28000,,10-Apr-24,,4434,,20199,,24633,,24633,,
INV-87667,,Vendor,84229,,12-Apr-24,,16843,,76728,,93571,,93571,,
INV-67062,,Vendor,72950,,3-May-24,,2924,,13322,,16246,,16246,,
INV-16333,,Vendor,49816,,11-Apr-24,,14480,,65966,,80447,,80447,,
INV-86399,,Vendor,39984,,11-Apr-24,,15612,,71119,,86731,,86731,,
INV-18824,,Vendor,85082,,20-Apr-24,,2571,,11714,,14285,,14285,,
INV-24885,,Vendor,72842,,19-Apr-24,,13467,,61351,,74819,,74819,,
INV-37463,,Vendor,85773,,19-Apr-24,,4285,,19520,,23805,,23805,,
INV-74315,,Vendor,98149,,11-Apr-24,,6695,,30499,,37194,,37194,,
INV-67603,,Vendor,63363,,20-Apr-24,,17476,,79611,,97087,,97087,,
INV-25419,,Vendor,90944,,18-Apr-24,,2231,,10161,,12392,,12392,,
INV-47344,,Vendor,94847,,11-Apr-24,,15154,,69037,,84191,,84191,,
INV-43058,,Vendor,83071,,2-May-24,,16856,,76788,,93644,,93644,,
INV-61725,,Vendor,65496,,30-Apr-24,,6280,,28609,,34889,,34889,,
INV-36006,,Vendor,32029,,18-Apr-24,,16657,,75880,,92537,,92537,,
INV-74771,,Vendor,15552,,23-Apr-24,,6631,,30209,,36840,,36840,,
INV-17433,,Vendor,64400,,19-Apr-24,,8077,,36794,,44871,,44871,,
INV-48516,,Vendor,25844,,29-Apr-24,,16114,,73407,,89521,,89521,,
INV-45376,,Vendor,47621,,2-May-24,,1894,,8630,,10524,,10524,,
INV-50554,,Vendor,50892,,25-Apr-24,,8467,,38572,,47039,,47039,,
INV-58099,,Vendor,67492,,27-Apr-24,,7204,,32820,,40025,,40025,,
INV-88081,,Vendor,50579,,16-Apr-24,,12382,,56407,,68789,,68789,,
INV-49452,,Vendor,35053,,14-Apr-24,,16102,,73352,,89454,,89454,,
INV-26670,,Vendor,23798,,19-Apr-24,,8369,,38126,,46495,,46495,,
INV-65760,,Vendor,74775,,4-May-24,,3038,,13842,,16880,,16880,,
INV-63436,,Vendor,24930,,23-Apr-24,,13987,,63720,,77708,,77708,,
INV-17398,,Vendor,23743,,10-Apr-24,,16610,,75667,,92277,,92277,,
INV-47702,,Vendor,72326,,16-Apr-24,,16904,,77005,,93909,,93909,,
INV-51765,,Vendor,14934,,6-May-24,,4763,,21700,,26464,,26464,,
INV-82064,,Vendor,97441,,23-Apr-24,,5158,,23499,,28657,,28657,,
INV-65971,,Vendor,49735,,9-Apr-24,,14965,,68175,,83141,,83141,,
INV-57474,,Vendor,74711,,29-Apr-24,,1172,,5339,,6511,,6511,,
INV-68653,,Vendor,75252,,8-Apr-24,,3629,,16534,,20163,,20163,,
INV-78857,,Vendor,72454,,10-Apr-24,,581,,2649,,3230,,3230,,
INV-18680,,Vendor,20234,,21-Apr-24,,6015,,27403,,33418,,33418,,
INV-32518,,Vendor,28950,,28-Apr-24,,6337,,28869,,35206,,35206,,
INV-69990,,Vendor,12293,,1-May-24,,6660,,30342,,37002,,37002,,
INV-49286,,Vendor,22965,,24-Apr-24,,12417,,56565,,68982,,68982,,
INV-13875,,Vendor,89748,,8-Apr-24,,14492,,66018,,80510,,80510,,
INV-35667,,Vendor,44434,,6-May-24,,2262,,10305,,12567,,12567,,
INV-30260,,Vendor,84225,,22-Apr-24,,11724,,53410,,65134,,65134,,
INV-52135,,Vendor,53923,,27-Apr-24,,6139,,27967,,34106,,34106,,
INV-96595,,Vendor,21463,,27-Apr-24,,11260,,51295,,62555,,62555,,
INV-44268,,Vendor,53853,,22-Apr-24,,14543,,66252,,80795,,80795,,
INV-68935,,Vendor,42707,,21-Apr-24,,2555,,11640,,14195,,14195,,
INV-47178,,Vendor,44472,,25-Apr-24,,1746,,7955,,9702,,9702,,
INV-79633,,Vendor,58625,,6-May-24,,5080,,23143,,28223,,28223,,
INV-11540,,Vendor,81577,,28-Apr-24,,1311,,5974,,7285,,7285,,
INV-18739,,Vendor,50497,,19-Apr-24,,8226,,37472,,45698,,45698,,
INV-83607,,Vendor,19371,,1-May-24,,15597,,71053,,86650,,86650,,
INV-76209,,Vendor,83604,,27-Apr-24,,5036,,22940,,27976,,27976,,
INV-66668,,Vendor,35839,,11-Apr-24,,4864,,22160,,27024,,27024,,
INV-92406,,Vendor,40853,,14-Apr-24,,15462,,70439,,85901,,85901,,
INV-31506,,Vendor,26468,,16-Apr-24,,13087,,59619,,72706,,72706,,
INV-60693,,Vendor,57305,,6-May-24,,1285,,5853,,7138,,7138,,
INV-15356,,Vendor,39789,,20-Apr-24,,12783,,58233,,71016,,71016,,
INV-15379,,Vendor,12490,,27-Apr-24,,14460,,65874,,80334,,80334,,
INV-52282,,Vendor,59236,,25-Apr-24,,11216,,51097,,62314,,62314,,
INV-21223,,Vendor,25012,,5-May-24,,12429,,56621,,69050,,69050,,
INV-88247,,Vendor,98627,,16-Apr-24,,15059,,68600,,83659,,83659,,
INV-53440,,Vendor,74557,,18-Apr-24,,6180,,28152,,34331,,34331,,
INV-57924,,Vendor,35095,,29-Apr-24,,11329,,51609,,62938,,62938,,
INV-20076,,Vendor,27014,,20-Apr-24,,10732,,48890,,59622,,59622,,
INV-95168,,Vendor,27281,,21-Apr-24,,4484,,20427,,24911,,24911,,
INV-72550,,Vendor,43315,,7-Apr-24,,4451,,20277,,24728,,24728,,
INV-60178,,Vendor,78325,,4-May-24,,4408,,20080,,24487,,24487,,
INV-73219,,Vendor,95653,,18-Apr-24,,10775,,49088,,59864,,59864,,
INV-38216,,Vendor,61533,,24-Apr-24,,12885,,58697,,71582,,71582,,
INV-94957,,Vendor,21772,,1-May-24,,6910,,31478,,38388,,38388,,
INV-61972,,Vendor,22260,,26-Apr-24,,17031,,77585,,94615,,94615,,
INV-77069,,Vendor,64598,,23-Apr-24,,3506,,15973,,19479,,19479,,
INV-92506,,Vendor,52859,,21-Apr-24,,10864,,49491,,60355,,60355,,
INV-66348,,Vendor,93452,,6-May-24,,15596,,71048,,86644,,86644,,
INV-59532,,Vendor,80663,,23-Apr-24,,14283,,65065,,79348,,79348,,
INV-78117,,Vendor,55104,,15-Apr-24,,8401,,38271,,46672,,46672,,
INV-35935,,Vendor,12445,,12-Apr-24,,8406,,38292,,46697,,46697,,
INV-55737,,Vendor,35384,,15-Apr-24,,11962,,54493,,66455,,66455,,
INV-29437,,Vendor,24400,,24-Apr-24,,2286,,10413,,12699,,12699,,
INV-66141,,Vendor,88081,,23-Apr-24,,13127,,59802,,72930,,72930,,
INV-69213,,Vendor,64582,,4-May-24,,3382,,15409,,18791,,18791,,
INV-66709,,Vendor,38657,,12-Apr-24,,3768,,17164,,20932,,20932,,
INV-12683,,Vendor,89546,,7-Apr-24,,2999,,13664,,16664,,16664,,
INV-76478,,Vendor,67380,,25-Apr-24,,13994,,63751,,77745,,77745,,
INV-40249,,Vendor,48484,,27-Apr-24,,2523,,11493,,14016,,14016,,
INV-53981,,Vendor,52654,,28-Apr-24,,9893,,45066,,54959,,54959,,
INV-30044,,Vendor,53261,,27-Apr-24,,11605,,52867,,64472,,64472,,
INV-90338,,Vendor,78735,,5-May-24,,12980,,59131,,72111,,72111,,
INV-97254,,Vendor,21463,,28-Apr-24,,9238,,42082,,51319,,51319,,
INV-92028,,Vendor,98473,,9-Apr-24,,5913,,26939,,32852,,32852,,
INV-26607,,Vendor,24669,,21-Apr-24,,14387,,65542,,79930,,79930,,
INV-26084,,Vendor,62913,,1-May-24,,12075,,55007,,67082,,67082,,
INV-89844,,Vendor,71967,,29-Apr-24,,5948,,27098,,33046,,33046,,
INV-63840,,Vendor,12576,,14-Apr-24,,4220,,19224,,23444,,23444,,
INV-12356,,Vendor,34209,,29-Apr-24,,16909,,77029,,93938,,93938,,
INV-85351,,Vendor,39913,,11-Apr-24,,9106,,41481,,50587,,50587,,
INV-44296,,Vendor,42264,,13-Apr-24,,11345,,51685,,63030,,63030,,
INV-71536,,Vendor,75793,,27-Apr-24,,5956,,27133,,33089,,33089,,
INV-51279,,Vendor,20468,,21-Apr-24,,8518,,38803,,47320,,47320,,
INV-60271,,Vendor,11886,,9-Apr-24,,6103,,27804,,33907,,33907,,
INV-70750,,Vendor,25293,,26-Apr-24,,1899,,8652,,10551,,10551,,
INV-97270,,Vendor,45775,,19-Apr-24,,12122,,55222,,67344,,67344,,
INV-15862,,Vendor,34218,,11-Apr-24,,17583,,80101,,97684,,97684,,
INV-94538,,Vendor,68908,,17-Apr-24,,12701,,57860,,70561,,70561,,
INV-16885,,Vendor,13349,,5-May-24,,12737,,58024,,70761,,70761,,
INV-57449,,Vendor,59802,,19-Apr-24,,4301,,19596,,23897,,23897,,
INV-55892,,Vendor,22586,,11-Apr-24,,12054,,54910,,66964,,66964,,
INV-38175,,Vendor,43963,,25-Apr-24,,3418,,15573,,18992,,18992,,
INV-19719,,Vendor,29986,,16-Apr-24,,14258,,64954,,79213,,79213,,
INV-35646,,Vendor,31905,,22-Apr-24,,14508,,66093,,80602,,80602,,
INV-22372,,Vendor,87834,,26-Apr-24,,15483,,70534,,86017,,86017,,
INV-13234,,Vendor,63117,,22-Apr-24,,16067,,73193,,89260,,89260,,
INV-32367,,Vendor,52381,,2-May-24,,5115,,23301,,28416,,28416,,
INV-78640,,Vendor,65403,,25-Apr-24,,16028,,73016,,89044,,89044,,
INV-24132,,Vendor,32591,,11-Apr-24,,6345,,28907,,35253,,35253,,
INV-50573,,Vendor,50811,,9-Apr-24,,4083,,18603,,22686,,22686,,
INV-80031,,Vendor,80581,,3-May-24,,10126,,46131,,56257,,56257,,
INV-26063,,Vendor,66394,,19-Apr-24,,5529,,25188,,30717,,30717,,
INV-43549,,Vendor,24860,,4-May-24,,719,,3274,,3992,,3992,,
INV-74621,,Vendor,11811,,5-May-24,,15970,,72752,,88722,,88722,,
INV-12844,,Vendor,70072,,19-Apr-24,,16333,,74407,,90741,,90741,,
INV-81636,,Vendor,19672,,3-May-24,,15254,,69491,,84745,,84745,,
INV-36810,,Vendor,47807,,18-Apr-24,,9469,,43135,,52603,,52603,,
INV-54562,,Vendor,59193,,1-May-24,,955,,4349,,5303,,5303,,
INV-57064,,Vendor,54544,,11-Apr-24,,2644,,12044,,14688,,14688,,
INV-30284,,Vendor,88205,,13-Apr-24,,10445,,47581,,58025,,58025,,
INV-70769,,Vendor,60681,,9-Apr-24,,17654,,80422,,98076,,98076,,
INV-31928,,Vendor,61351,,12-Apr-24,,13367,,60893,,74260,,74260,,
INV-18961,,Vendor,58571,,3-May-24,,7640,,34806,,42446,,42446,,
INV-50173,,Vendor,53358,,24-Apr-24,,15121,,68886,,84007,,84007,,
INV-29347,,Vendor,83701,,5-May-24,,7155,,32596,,39751,,39751,,
INV-57254,,Vendor,78567,,16-Apr-24,,10344,,47123,,57467,,57467,,
INV-80716,,Vendor,49225,,22-Apr-24,,7337,,33425,,40762,,40762,,
INV-54114,,Vendor,41938,,13-Apr-24,,8839,,40267,,49106,,49106,,
INV-59160,,Vendor,72821,,28-Apr-24,,2272,,10348,,12620,,12620,,
INV-16053,,Vendor,57521,,19-Apr-24,,6146,,27999,,34145,,34145,,
INV-41040,,Vendor,83667,,12-Apr-24,,11707,,53332,,65040,,65040,,
INV-88634,,Vendor,23222,,5-May-24,,5794,,26396,,32190,,32190,,
INV-41068,,Vendor,64813,,9-Apr-24,,6658,,30330,,36987,,36987,,
INV-39802,,Vendor,26640,,9-Apr-24,,14929,,68012,,82942,,82942,,
INV-35011,,Vendor,71534,,10-Apr-24,,17817,,81168,,98986,,98986,,
INV-70056,,Vendor,55752,,29-Apr-24,,4640,,21137,,25776,,25776,,
INV-23810,,Vendor,17802,,21-Apr-24,,24,,108,,131,,131,,
INV-57934,,Vendor,11076,,19-Apr-24,,6860,,31253,,38113,,38113,,
INV-33452,,Vendor,60850,,25-Apr-24,,2306,,10504,,12810,,12810,,
INV-39317,,Vendor,76073,,24-Apr-24,,9261,,42187,,51448,,51448,,
INV-31114,,Vendor,69871,,9-Apr-24,,15202,,69255,,84458,,84458,,
INV-51795,,Vendor,85952,,3-May-24,,7575,,34508,,42083,,42083,,
INV-53870,,Vendor,39072,,26-Apr-24,,1680,,7653,,9333,,9333,,
INV-89735,,Vendor,38524,,29-Apr-24,,9437,,42992,,52430,,52430,,
INV-49336,,Vendor,15237,,11-Apr-24,,15861,,72256,,88117,,88117,,
INV-15607,,Vendor,94630,,23-Apr-24,,2912,,13266,,16178,,16178,,
INV-92568,,Vendor,97476,,17-Apr-24,,13537,,61667,,75204,,75204,,
INV-94181,,Vendor,40065,,16-Apr-24,,13919,,63410,,77330,,77330,,
INV-29391,,Vendor,53337,,15-Apr-24,,14255,,64941,,79196,,79196,,
INV-39869,,Vendor,30981,,16-Apr-24,,10862,,49483,,60345,,60345,,
INV-78356,,Vendor,59406,,1-May-24,,12879,,58670,,71548,,71548,,
INV-56918,,Vendor,33688,,20-Apr-24,,3092,,14086,,17178,,17178,,
INV-72677,,Vendor,60313,,29-Apr-24,,8612,,39232,,47844,,47844,,
INV-69741,,Vendor,18261,,19-Apr-24,,9252,,42148,,51400,,51400,,
INV-96283,,Vendor,67660,,4-May-24,,135,,616,,752,,752,,
INV-22123,,Vendor,13304,,12-Apr-24,,1141,,5198,,6339,,6339,,
INV-41542,,Vendor,64703,,25-Apr-24,,17947,,81757,,99704,,99704,,
INV-73312,,Vendor,25767,,3-May-24,,15922,,72533,,88455,,88455,,
INV-70687,,Vendor,34817,,5-May-24,,7150,,32573,,39723,,39723,,
INV-98400,,Vendor,38895,,5-May-24,,12766,,58157,,70924,,70924,,
INV-49100,,Vendor,49337,,26-Apr-24,,12007,,54697,,66704,,66704,,
INV-58849,,Vendor,91629,,12-Apr-24,,15603,,71078,,86681,,86681,,
INV-79512,,Vendor,65393,,25-Apr-24,,8062,,36727,,44789,,44789,,
INV-46814,,Vendor,21525,,7-Apr-24,,7998,,36435,,44433,,44433,,
INV-40791,,Vendor,54049,,13-Apr-24,,5057,,23038,,28096,,28096,,
INV-13401,,Vendor,29020,,4-May-24,,3903,,17780,,21683,,21683,,
INV-53208,,Vendor,61578,,8-Apr-24,,218,,991,,1209,,1209,,
INV-84567,,Vendor,77566,,1-May-24,,17843,,81286,,99129,,99129,,
INV-80281,,Vendor,86647,,3-May-24,,7394,,33684,,41078,,41078,,
INV-48226,,Vendor,84334,,8-Apr-24,,5875,,26764,,32639,,32639,,
INV-24652,,Vendor,63962,,15-Apr-24,,14247,,64902,,79149,,79149,,
INV-28502,,Vendor,82459,,24-Apr-24,,13084,,59603,,72686,,72686,,
INV-80680,,Vendor,98232,,19-Apr-24,,3277,,14930,,18207,,18207,,
INV-39601,,Vendor,46991,,26-Apr-24,,13903,,63337,,77241,,77241,,
INV-99142,,Vendor,32135,,11-Apr-24,,17521,,79818,,97339,,97339,,
INV-17637,,Vendor,49675,,1-May-24,,8687,,39575,,48262,,48262,,
INV-21840,,Vendor,41510,,17-Apr-24,,7369,,33568,,40937,,40937,,
INV-80487,,Vendor,74924,,5-May-24,,4627,,21077,,25703,,25703,,
INV-70971,,Vendor,90559,,20-Apr-24,,16724,,76188,,92913,,92913,,
INV-22913,,Vendor,26490,,12-Apr-24,,10734,,48897,,59631,,59631,,
INV-55273,,Vendor,14601,,12-Apr-24,,15989,,72838,,88827,,88827,,
INV-88517,,Vendor,86160,,8-Apr-24,,15215,,69311,,84525,,84525,,
INV-63058,,Vendor,39586,,3-May-24,,11080,,50477,,61557,,61557,,
INV-85456,,Vendor,34357,,26-Apr-24,,16813,,76591,,93404,,93404,,
INV-41300,,Vendor,72771,,11-Apr-24,,9459,,43089,,52548,,52548,,
INV-34038,,Vendor,20920,,13-Apr-24,,13575,,61840,,75415,,75415,,
INV-82934,,Vendor,19567,,24-Apr-24,,10678,,48642,,59320,,59320,,
INV-74941,,Vendor,28781,,20-Apr-24,,2810,,12803,,15613,,15613,,
INV-15040,,Vendor,61405,,8-Apr-24,,7015,,31957,,38972,,38972,,
INV-32928,,Vendor,45371,,9-Apr-24,,12849,,58535,,71384,,71384,,
INV-50596,,Vendor,65732,,19-Apr-24,,8102,,36910,,45012,,45012,,
INV-69101,,Vendor,68938,,6-May-24,,31,,141,,172,,172,,
INV-65229,,Vendor,20268,,2-May-24,,16969,,77305,,94275,,94275,,
INV-57827,,Vendor,11820,,30-Apr-24,,11519,,52477,,63997,,63997,,
INV-99931,,Vendor,22208,,12-Apr-24,,6633,,30218,,36851,,36851,,
INV-58939,,Vendor,84626,,11-Apr-24,,4351,,19821,,24172,,24172,,
INV-60409,,Vendor,23561,,17-Apr-24,,9121,,41550,,50671,,50671,,
INV-96668,,Vendor,14306,,23-Apr-24,,17493,,79690,,97183,,97183,,
INV-47182,,Vendor,32412,,8-Apr-24,,5317,,24223,,29540,,29540,,
INV-67404,,Vendor,94248,,26-Apr-24,,11951,,54441,,66392,,66392,,
INV-12538,,Vendor,88539,,20-Apr-24,,16620,,75713,,92332,,92332,,
INV-13171,,Vendor,98567,,8-Apr-24,,8338,,37985,,46324,,46324,,
INV-31775,,Vendor,77726,,24-Apr-24,,17350,,79038,,96388,,96388,,
INV-63171,,Vendor,45323,,9-Apr-24,,14951,,68110,,83061,,83061,,
INV-54823,,Vendor,66456,,20-Apr-24,,11560,,52663,,64224,,64224,,
INV-77440,,Vendor,31605,,7-Apr-24,,4203,,19147,,23350,,23350,,
INV-45174,,Vendor,19322,,4-May-24,,8574,,39057,,47631,,47631,,
INV-11214,,Vendor,96402,,15-Apr-24,,5475,,24942,,30417,,30417,,
INV-74113,,Vendor,44320,,3-May-24,,14016,,63849,,77864,,77864,,
INV-21307,,Vendor,96899,,8-Apr-24,,17068,,77754,,94822,,94822,,
INV-57290,,Vendor,91427,,3-May-24,,17516,,79794,,97310,,97310,,
INV-24744,,Vendor,93763,,1-May-24,,11116,,50638,,61754,,61754,,
INV-38995,,Vendor,82059,,22-Apr-24,,13569,,61812,,75381,,75381,,
INV-55554,,Vendor,50916,,8-Apr-24,,10281,,46835,,57116,,57116,,
INV-27181,,Vendor,23930,,24-Apr-24,,2405,,10958,,13363,,13363,,
INV-87785,,Vendor,37794,,20-Apr-24,,12370,,56350,,68720,,68720,,
INV-97860,,Vendor,28488,,29-Apr-24,,10206,,46494,,56700,,56700,,
INV-38620,,Vendor,79152,,17-Apr-24,,1718,,7825,,9543,,9543,,
INV-34280,,Vendor,43088,,25-Apr-24,,2700,,12301,,15001,,15001,,
INV-68604,,Vendor,87451,,5-May-24,,16918,,77071,,93990,,93990,,
INV-40949,,Vendor,31431,,8-Apr-24,,11092,,50529,,61621,,61621,,
INV-86194,,Vendor,75617,,17-Apr-24,,11106,,50594,,61700,,61700,,
INV-27440,,Vendor,91183,,13-Apr-24,,9307,,42399,,51706,,51706,,
INV-47696,,Vendor,91594,,24-Apr-24,,872,,3974,,4846,,4846,,
INV-90469,,Vendor,76060,,14-Apr-24,,8587,,39118,,47705,,47705,,
INV-95047,,Vendor,87311,,6-May-24,,15725,,71637,,87362,,87362,,
INV-42447,,Vendor,72651,,23-Apr-24,,2044,,9311,,11355,,11355,,
INV-57747,,Vendor,12502,,4-May-24,,8638,,39353,,47992,,47992,,
INV-21744,,Vendor,26611,,10-Apr-24,,12723,,57959,,70681,,70681,,
INV-53151,,Vendor,53048,,20-Apr-24,,7630,,34760,,42390,,42390,,
INV-65313,,Vendor,26898,,19-Apr-24,,2737,,12468,,15205,,15205,,
INV-47128,,Vendor,34777,,1-May-24,,15692,,71484,,87176,,87176,,
INV-32030,,Vendor,92207,,12-Apr-24,,5360,,24420,,29780,,29780,,
INV-31054,,Vendor,89776,,16-Apr-24,,6783,,30899,,37682,,37682,,
INV-37000,,Vendor,87953,,13-Apr-24,,15795,,71956,,87751,,87751,,
INV-57969,,Vendor,66662,,5-May-24,,16134,,73498,,89632,,89632,,
INV-32893,,Vendor,50100,,20-Apr-24,,6765,,30818,,37583,,37583,,
INV-67100,,Vendor,91335,,16-Apr-24,,13725,,62523,,76248,,76248,,
INV-99638,,Vendor,11705,,1-May-24,,13002,,59233,,72236,,72236,,
INV-77974,,Vendor,29850,,27-Apr-24,,5926,,26997,,32923,,32923,,
INV-67106,,Vendor,59010,,22-Apr-24,,4623,,21061,,25684,,25684,,
INV-86403,,Vendor,98170,,29-Apr-24,,5156,,23489,,28645,,28645,,
INV-18056,,Vendor,25924,,15-Apr-24,,3199,,14572,,17771,,17771,,
INV-88347,,Vendor,42880,,2-May-24,,11978,,54564,,66542,,66542,,
INV-23448,,Vendor,33619,,9-Apr-24,,15094,,68762,,83856,,83856,,
INV-17453,,Vendor,98703,,26-Apr-24,,15398,,70145,,85543,,85543,,
INV-64532,,Vendor,34632,,5-May-24,,2913,,13269,,16182,,16182,,
INV-33627,,Vendor,24212,,10-Apr-24,,10619,,48375,,58993,,58993,,
INV-20803,,Vendor,97614,,22-Apr-24,,10461,,47654,,58114,,58114,,
INV-54749,,Vendor,85606,,17-Apr-24,,9880,,45007,,54887,,54887,,
INV-57099,,Vendor,32848,,21-Apr-24,,11563,,52675,,64238,,64238,,
INV-84003,,Vendor,46764,,29-Apr-24,,4296,,19569,,23865,,23865,,
INV-81454,,Vendor,55834,,9-Apr-24,,4024,,18333,,22358,,22358,,
INV-79373,,Vendor,99687,,24-Apr-24,,13619,,62043,,75663,,75663,,
INV-74455,,Vendor,71129,,16-Apr-24,,547,,2491,,3038,,3038,,
INV-68824,,Vendor,83420,,11-Apr-24,,6860,,31249,,38109,,38109,,
INV-98566,,Vendor,35125,,3-May-24,,6990,,31844,,38834,,38834,,
INV-94064,,Vendor,17421,,3-May-24,,14511,,66107,,80618,,80618,,
INV-63555,,Vendor,50623,,19-Apr-24,,12921,,58860,,71781,,71781,,
INV-46397,,Vendor,18587,,17-Apr-24,,1803,,8213,,10016,,10016,,
INV-50618,,Vendor,85404,,6-May-24,,11972,,54541,,66514,,66514,,
INV-89784,,Vendor,93785,,14-Apr-24,,9568,,43587,,53155,,53155,,
INV-81477,,Vendor,99768,,10-Apr-24,,116,,530,,646,,646,,
INV-10127,,Vendor,86239,,19-Apr-24,,13385,,60977,,74363,,74363,,
INV-35494,,Vendor,38176,,19-Apr-24,,11109,,50608,,61718,,61718,,
INV-64828,,Vendor,72750,,13-Apr-24,,15981,,72804,,88785,,88785,,
INV-94877,,Vendor,46789,,4-May-24,,8444,,38468,,46912,,46912,,
INV-21304,,Vendor,18732,,15-Apr-24,,8984,,40928,,49913,,49913,,
INV-73493,,Vendor,31451,,9-Apr-24,,3762,,17138,,20900,,20900,,
INV-42370,,Vendor,13790,,29-Apr-24,,13446,,61254,,74700,,74700,,
INV-50030,,Vendor,60067,,30-Apr-24,,2250,,10251,,12501,,12501,,
INV-74558,,Vendor,28349,,21-Apr-24,,17180,,78263,,95443,,95443,,
INV-70253,,Vendor,36172,,30-Apr-24,,9731,,44332,,54064,,54064,,
INV-71518,,Vendor,19835,,21-Apr-24,,10763,,49031,,59794,,59794,,
INV-67839,,Vendor,91976,,12-Apr-24,,9991,,45512,,55503,,55503,,
INV-79956,,Vendor,19614,,29-Apr-24,,16554,,75412,,91966,,91966,,
INV-35365,,Vendor,19829,,10-Apr-24,,14647,,66724,,81370,,81370,,
INV-65988,,Vendor,84402,,29-Apr-24,,15419,,70243,,85662,,85662,,
INV-63536,,Vendor,17723,,15-Apr-24,,6867,,31281,,38148,,38148,,
INV-72823,,Vendor,10744,,23-Apr-24,,3107,,14153,,17260,,17260,,
INV-94121,,Vendor,46914,,1-May-24,,6996,,31869,,38864,,38864,,
INV-81183,,Vendor,34558,,19-Apr-24,,140,,639,,780,,780,,
INV-72561,,Vendor,55206,,21-Apr-24,,7384,,33638,,41021,,41021,,
INV-80433,,Vendor,38966,,20-Apr-24,,2570,,11707,,14276,,14276,,
INV-26138,,Vendor,44774,,24-Apr-24,,5934,,27033,,32967,,32967,,
INV-94994,,Vendor,17083,,22-Apr-24,,1142,,5204,,6346,,6346,,
INV-34919,,Vendor,70368,,5-May-24,,15994,,72861,,88855,,88855,,
INV-37847,,Vendor,46108,,17-Apr-24,,610,,2781,,3392,,3392,,
INV-45895,,Vendor,33036,,30-Apr-24,,10050,,45782,,55832,,55832,,
INV-58335,,Vendor,98829,,23-Apr-24,,8298,,37800,,46098,,46098,,
INV-62478,,Vendor,52739,,20-Apr-24,,17437,,79434,,96871,,96871,,
INV-13279,,Vendor,74025,,16-Apr-24,,3505,,15968,,19474,,19474,,
INV-78101,,Vendor,65870,,13-Apr-24,,13636,,62118,,75754,,75754,,
INV-87816,,Vendor,49225,,29-Apr-24,,3143,,14320,,17463,,17463,,
INV-47327,,Vendor,12416,,19-Apr-24,,4161,,18956,,23117,,23117,,
INV-88870,,Vendor,88027,,11-Apr-24,,11918,,54291,,66209,,66209,,
INV-71944,,Vendor,65033,,9-Apr-24,,15196,,69227,,84423,,84423,,
INV-12793,,Vendor,21809,,23-Apr-24,,11911,,54259,,66170,,66170,,
INV-45220,,Vendor,31211,,9-Apr-24,,346,,1575,,1921,,1921,,
INV-72521,,Vendor,31142,,26-Apr-24,,4639,,21132,,25771,,25771,,
INV-62657,,Vendor,33473,,15-Apr-24,,16227,,73925,,90153,,90153,,
INV-40966,,Vendor,69439,,11-Apr-24,,2262,,10306,,12569,,12569,,
INV-83466,,Vendor,59121,,3-May-24,,7810,,35577,,43386,,43386,,
INV-53672,,Vendor,13978,,22-Apr-24,,8806,,40118,,48925,,48925,,
INV-84455,,Vendor,96807,,12-Apr-24,,7445,,33915,,41360,,41360,,
INV-78015,,Vendor,79469,,20-Apr-24,,10087,,45954,,56042,,56042,,
INV-42196,,Vendor,94383,,27-Apr-24,,8209,,37395,,45604,,45604,,
INV-84082,,Vendor,89624,,25-Apr-24,,17218,,78439,,95658,,95658,,
INV-52768,,Vendor,60917,,28-Apr-24,,15178,,69146,,84325,,84325,,
INV-96943,,Vendor,91470,,29-Apr-24,,2663,,12132,,14795,,14795,,
INV-25637,,Vendor,14432,,11-Apr-24,,13329,,60723,,74053,,74053,,
INV-20899,,Vendor,54926,,25-Apr-24,,3715,,16923,,20637,,20637,,
INV-49834,,Vendor,42505,,30-Apr-24,,1360,,6194,,7553,,7553,,
INV-84300,,Vendor,33542,,2-May-24,,17635,,80339,,97974,,97974,,
INV-13871,,Vendor,90324,,30-Apr-24,,17350,,79038,,96387,,96387,,
INV-17994,,Vendor,94823,,7-Apr-24,,5774,,26303,,32076,,32076,,
INV-94131,,Vendor,61147,,8-Apr-24,,11481,,52304,,63786,,63786,,
INV-45836,,Vendor,31969,,4-May-24,,12753,,58097,,70850,,70850,,
INV-79574,,Vendor,38177,,28-Apr-24,,16871,,76856,,93727,,93727,,
INV-79028,,Vendor,28680,,22-Apr-24,,7626,,34742,,42368,,42368,,
INV-59611,,Vendor,13701,,25-Apr-24,,93,,425,,518,,518,,
INV-12646,,Vendor,92727,,25-Apr-24,,17830,,81227,,99058,,99058,,
INV-70098,,Vendor,47209,,15-Apr-24,,5660,,25784,,31444,,31444,,
INV-91382,,Vendor,17558,,26-Apr-24,,180,,820,,1000,,1000,,
INV-23297,,Vendor,95620,,29-Apr-24,,14940,,68058,,82997,,82997,,
INV-51819,,Vendor,21758,,19-Apr-24,,5789,,26374,,32164,,32164,,
INV-56242,,Vendor,84310,,25-Apr-24,,6971,,31757,,38728,,38728,,
INV-30541,,Vendor,67354,,16-Apr-24,,2769,,12614,,15382,,15382,,
INV-55931,,Vendor,96084,,19-Apr-24,,11552,,52624,,64176,,64176,,
INV-31796,,Vendor,60266,,5-May-24,,8599,,39175,,47775,,47775,,
INV-43698,,Vendor,60461,,11-Apr-24,,14555,,66307,,80863,,80863,,
INV-79224,,Vendor,95342,,24-Apr-24,,3490,,15900,,19391,,19391,,
INV-99794,,Vendor,60526,,14-Apr-24,,15808,,72014,,87822,,87822,,
INV-39986,,Vendor,28141,,3-May-24,,16735,,76239,,92975,,92975,,
INV-30669,,Vendor,14301,,11-Apr-24,,6387,,29095,,35482,,35482,,
INV-92864,,Vendor,56647,,2-May-24,,11113,,50627,,61740,,61740,,
INV-34586,,Vendor,86434,,3-May-24,,1987,,9052,,11040,,11040,,
INV-30122,,Vendor,59357,,18-Apr-24,,4890,,22277,,27167,,27167,,
INV-59420,,Vendor,80411,,15-Apr-24,,15796,,71961,,87757,,87757,,
INV-41085,,Vendor,20249,,26-Apr-24,,11538,,52562,,64101,,64101,,
INV-23402,,Vendor,12783,,6-May-24,,11170,,50886,,62056,,62056,,
INV-34154,,Vendor,21557,,29-Apr-24,,15881,,72345,,88225,,88225,,
INV-30860,,Vendor,60470,,6-May-24,,2714,,12365,,15079,,15079,,
INV-54558,,Vendor,20962,,3-May-24,,5909,,26918,,32827,,32827,,
INV-31132,,Vendor,37587,,18-Apr-24,,16767,,76381,,93148,,93148,,
INV-40292,,Vendor,29505,,8-Apr-24,,2043,,9305,,11348,,11348,,
INV-37636,,Vendor,60838,,17-Apr-24,,10972,,49983,,60955,,60955,,
INV-14258,,Vendor,11286,,29-Apr-24,,3730,,16994,,20724,,20724,,
INV-54353,,Vendor,23130,,26-Apr-24,,16583,,75543,,92126,,92126,,
INV-77351,,Vendor,97726,,20-Apr-24,,3328,,15162,,18490,,18490,,
INV-38027,,Vendor,57002,,27-Apr-24,,2784,,12684,,15469,,15469,,
INV-33448,,Vendor,22757,,15-Apr-24,,686,,3123,,3809,,3809,,
INV-38851,,Vendor,69864,,4-May-24,,14564,,66347,,80911,,80911,,
INV-61342,,Vendor,89580,,17-Apr-24,,14480,,65966,,80447,,80447,,
INV-77046,,Vendor,20532,,29-Apr-24,,10990,,50067,,61058,,61058,,
INV-91655,,Vendor,26921,,13-Apr-24,,4993,,22744,,27736,,27736,,
INV-40428,,Vendor,88433,,25-Apr-24,,10982,,50030,,61012,,61012,,
INV-96809,,Vendor,39229,,15-Apr-24,,1538,,7008,,8547,,8547,,
INV-66568,,Vendor,45138,,20-Apr-24,,3915,,17835,,21751,,21751,,
INV-18076,,Vendor,81069,,22-Apr-24,,2421,,11029,,13450,,13450,,
INV-17712,,Vendor,17963,,15-Apr-24,,15341,,69887,,85228,,85228,,
INV-13470,,Vendor,78122,,30-Apr-24,,4242,,19323,,23565,,23565,,
INV-44558,,Vendor,55892,,11-Apr-24,,17511,,79770,,97281,,97281,,
INV-75210,,Vendor,67845,,8-Apr-24,,4990,,22732,,27722,,27722,,
INV-36559,,Vendor,61498,,30-Apr-24,,5865,,26720,,32585,,32585,,
INV-52024,,Vendor,45164,,11-Apr-24,,1348,,6142,,7490,,7490,,
INV-62946,,Vendor,68895,,26-Apr-24,,3233,,14730,,17963,,17963,,
INV-93190,,Vendor,63206,,9-Apr-24,,15014,,68395,,83408,,83408,,
INV-35598,,Vendor,22004,,20-Apr-24,,3592,,16364,,19956,,19956,,
INV-36652,,Vendor,80429,,10-Apr-24,,11372,,51808,,63180,,63180,,
INV-35274,,Vendor,33603,,2-May-24,,27,,125,,153,,153,,
INV-38161,,Vendor,40805,,23-Apr-24,,1561,,7109,,8670,,8670,,
INV-67514,,Vendor,45749,,24-Apr-24,,16161,,73622,,89783,,89783,,
INV-49849,,Vendor,26098,,26-Apr-24,,12356,,56289,,68645,,68645,,
INV-43352,,Vendor,91461,,4-May-24,,5543,,25249,,30792,,30792,,
INV-45961,,Vendor,40053,,25-Apr-24,,10747,,48959,,59707,,59707,,
INV-81880,,Vendor,97330,,1-May-24,,16986,,77379,,94365,,94365,,
INV-54587,,Vendor,36183,,4-May-24,,10411,,47428,,57839,,57839,,
INV-78992,,Vendor,60542,,29-Apr-24,,17206,,78384,,95590,,95590,,
INV-46777,,Vendor,66143,,27-Apr-24,,14974,,68216,,83191,,83191,,
INV-36533,,Vendor,80402,,20-Apr-24,,17060,,77719,,94780,,94780,,
INV-41570,,Vendor,50218,,6-May-24,,15742,,71714,,87456,,87456,,
INV-20121,,Vendor,36088,,8-Apr-24,,6858,,31240,,38098,,38098,,
INV-32067,,Vendor,41982,,21-Apr-24,,4034,,18375,,22409,,22409,,
INV-62211,,Vendor,89851,,8-Apr-24,,5387,,24543,,29930,,29930,,
INV-24847,,Vendor,31692,,5-May-24,,595,,2710,,3305,,3305,,
INV-67522,,Vendor,69377,,15-Apr-24,,3315,,15104,,18419,,18419,,
INV-19294,,Vendor,29803,,24-Apr-24,,7705,,35102,,42808,,42808,,
INV-12844,,Vendor,79551,,7-Apr-24,,12395,,56464,,68859,,68859,,
INV-93912,,Vendor,65812,,2-May-24,,5910,,26924,,32834,,32834,,
INV-19212,,Vendor,57813,,30-Apr-24,,13892,,63286,,77178,,77178,,
INV-40772,,Vendor,34781,,18-Apr-24,,17880,,81453,,99333,,99333,,
INV-13739,,Vendor,49554,,18-Apr-24,,9260,,42186,,51446,,51446,,
INV-16875,,Vendor,57298,,18-Apr-24,,15481,,70524,,86005,,86005,,
INV-20442,,Vendor,45891,,13-Apr-24,,3388,,15432,,18820,,18820,,
INV-26532,,Vendor,99196,,5-May-24,,1653,,7532,,9186,,9186,,
INV-36258,,Vendor,45832,,7-Apr-24,,14925,,67991,,82916,,82916,,
INV-33443,,Vendor,92584,,25-Apr-24,,9940,,45284,,55224,,55224,,
INV-57514,,Vendor,11593,,20-Apr-24,,4894,,22297,,27192,,27192,,
INV-13102,,Vendor,56965,,23-Apr-24,,13301,,60594,,73896,,73896,,
INV-93156,,Vendor,89441,,11-Apr-24,,77,,351,,428,,428,,
INV-78971,,Vendor,79529,,30-Apr-24,,12436,,56653,,69089,,69089,,
INV-31284,,Vendor,78670,,7-Apr-24,,6906,,31462,,38368,,38368,,
INV-52181,,Vendor,74985,,13-Apr-24,,15135,,68950,,84085,,84085,,
INV-16221,,Vendor,61556,,3-May-24,,4404,,20063,,24467,,24467,,
INV-77902,,Vendor,22292,,5-May-24,,12087,,55064,,67152,,67152,,
INV-45670,,Vendor,49255,,9-Apr-24,,3346,,15242,,18588,,18588,,
INV-31565,,Vendor,12517,,18-Apr-24,,2118,,9649,,11767,,11767,,
INV-51041,,Vendor,27923,,11-Apr-24,,16938,,77162,,94100,,94100,,
INV-86168,,Vendor,97412,,10-Apr-24,,16186,,73735,,89920,,89920,,
INV-25827,,Vendor,68632,,13-Apr-24,,2455,,11185,,13641,,13641,,
INV-59465,,Vendor,24901,,30-Apr-24,,14511,,66104,,80614,,80614,,
INV-47595,,Vendor,84043,,11-Apr-24,,11835,,53917,,65753,,65753,,
INV-96822,,Vendor,35460,,13-Apr-24,,7254,,33044,,40298,,40298,,
INV-44713,,Vendor,79495,,7-Apr-24,,15756,,71778,,87534,,87534,,
INV-63184,,Vendor,14647,,20-Apr-24,,4387,,19985,,24372,,24372,,
INV-69376,,Vendor,31287,,17-Apr-24,,8666,,39480,,48146,,48146,,
INV-39799,,Vendor,79973,,3-May-24,,17293,,78779,,96072,,96072,,
INV-97069,,Vendor,53070,,29-Apr-24,,15880,,72340,,88220,,88220,,
INV-16499,,Vendor,41538,,23-Apr-24,,5310,,24191,,29501,,29501,,
INV-66953,,Vendor,20905,,6-May-24,,9704,,44207,,53911,,53911,,
INV-95939,,Vendor,53697,,30-Apr-24,,10633,,48441,,59074,,59074,,
INV-47044,,Vendor,51089,,16-Apr-24,,16884,,76915,,93799,,93799,,
INV-60348,,Vendor,30684,,9-Apr-24,,13861,,63145,,77006,,77006,,
INV-77433,,Vendor,95186,,23-Apr-24,,17704,,80650,,98354,,98354,,
INV-42876,,Vendor,25774,,22-Apr-24,,2306,,10507,,12813,,12813,,
INV-47735,,Vendor,45694,,12-Apr-24,,7162,,32626,,39788,,39788,,
INV-50992,,Vendor,37399,,5-May-24,,11779,,53659,,65438,,65438,,
INV-28279,,Vendor,20301,,17-Apr-24,,7691,,35038,,42730,,42730,,
INV-84116,,Vendor,25365,,11-Apr-24,,14591,,66470,,81061,,81061,,
INV-46907,,Vendor,20022,,8-Apr-24,,2871,,13077,,15948,,15948,,
INV-12745,,Vendor,89265,,4-May-24,,11793,,53722,,65514,,65514,,
INV-23022,,Vendor,33565,,29-Apr-24,,15699,,71518,,87218,,87218,,
INV-67447,,Vendor,46054,,24-Apr-24,,2065,,9407,,11472,,11472,,
INV-46476,,Vendor,79049,,28-Apr-24,,12528,,57071,,69599,,69599,,
INV-62788,,Vendor,25923,,5-May-24,,8932,,40690,,49622,,49622,,
INV-14886,,Vendor,46505,,1-May-24,,16698,,76067,,92764,,92764,,
INV-14700,,Vendor,65433,,20-Apr-24,,5695,,25942,,31637,,31637,,
INV-16243,,Vendor,40318,,17-Apr-24,,11302,,51485,,62786,,62786,,
INV-57111,,Vendor,74878,,6-May-24,,8515,,38791,,47306,,47306,,
INV-89740,,Vendor,15649,,10-Apr-24,,16282,,74173,,90455,,90455,,
INV-36448,,Vendor,78972,,16-Apr-24,,8971,,40870,,49841,,49841,,
INV-19599,,Vendor,20188,,14-Apr-24,,7092,,32310,,39402,,39402,,
INV-10211,,Vendor,45475,,11-Apr-24,,15813,,72036,,87849,,87849,,
INV-76006,,Vendor,42325,,7-Apr-24,,2856,,13009,,15864,,15864,,
INV-48876,,Vendor,88228,,25-Apr-24,,7199,,32795,,39995,,39995,,
INV-88037,,Vendor,87271,,27-Apr-24,,1995,,9088,,11083,,11083,,
INV-22911,,Vendor,74708,,22-Apr-24,,709,,3229,,3938,,3938,,
INV-20785,,Vendor,61693,,15-Apr-24,,3470,,15809,,19279,,19279,,
INV-30009,,Vendor,22689,,15-Apr-24,,8753,,39873,,48625,,48625,,
INV-76335,,Vendor,63132,,20-Apr-24,,3423,,15594,,19017,,19017,,
INV-70149,,Vendor,96056,,12-Apr-24,,14942,,68067,,83009,,83009,,
INV-48270,,Vendor,67862,,9-Apr-24,,10283,,46844,,57127,,57127,,
INV-28562,,Vendor,67189,,21-Apr-24,,15455,,70404,,85858,,85858,,
INV-40847,,Vendor,91553,,16-Apr-24,,6167,,28095,,34262,,34262,,
INV-42608,,Vendor,40432,,14-Apr-24,,16351,,74488,,90839,,90839,,
INV-47656,,Vendor,79453,,11-Apr-24,,1484,,6760,,8244,,8244,,
INV-51114,,Vendor,65122,,22-Apr-24,,7735,,35236,,42971,,42971,,
INV-45507,,Vendor,60017,,14-Apr-24,,9488,,43225,,52713,,52713,,
INV-13794,,Vendor,66124,,14-Apr-24,,16187,,73742,,89929,,89929,,
INV-22685,,Vendor,22038,,17-Apr-24,,3628,,16527,,20155,,20155,,
INV-19752,,Vendor,53091,,28-Apr-24,,14334,,65300,,79634,,79634,,
INV-36158,,Vendor,32721,,19-Apr-24,,14111,,64285,,78396,,78396,,
INV-80194,,Vendor,19414,,21-Apr-24,,14047,,63992,,78039,,78039,,
INV-26948,,Vendor,13397,,18-Apr-24,,4339,,19768,,24107,,24107,,
INV-80584,,Vendor,11845,,29-Apr-24,,3349,,15254,,18603,,18603,,
INV-38202,,Vendor,95030,,25-Apr-24,,17363,,79098,,96461,,96461,,
INV-40466,,Vendor,11206,,8-Apr-24,,5571,,25380,,30952,,30952,,
INV-76942,,Vendor,36437,,25-Apr-24,,15449,,70381,,85830,,85830,,
INV-44948,,Vendor,11795,,3-May-24,,7696,,35061,,42757,,42757,,
INV-67506,,Vendor,80602,,15-Apr-24,,8723,,39740,,48463,,48463,,
INV-87096,,Vendor,44437,,9-Apr-24,,6068,,27643,,33711,,33711,,
INV-36254,,Vendor,61408,,10-Apr-24,,14288,,65089,,79377,,79377,,
INV-96656,,Vendor,76089,,3-May-24,,8570,,39042,,47612,,47612,,
INV-29943,,Vendor,13564,,13-Apr-24,,3824,,17421,,21246,,21246,,
INV-77564,,Vendor,63163,,25-Apr-24,,8798,,40079,,48877,,48877,,
INV-83815,,Vendor,94045,,29-Apr-24,,11390,,51886,,63275,,63275,,
INV-41779,,Vendor,17088,,4-May-24,,16359,,74524,,90883,,90883,,
INV-92240,,Vendor,89403,,9-Apr-24,,6755,,30773,,37529,,37529,,
INV-14940,,Vendor,10398,,29-Apr-24,,16782,,76453,,93235,,93235,,
INV-49433,,Vendor,31517,,15-Apr-24,,14576,,66402,,80978,,80978,,
INV-69743,,Vendor,87545,,5-May-24,,1500,,6834,,8334,,8334,,
INV-40858,,Vendor,25492,,8-Apr-24,,12804,,58328,,71131,,71131,,
INV-21990,,Vendor,67206,,6-May-24,,7745,,35284,,43029,,43029,,
INV-40870,,Vendor,10740,,9-Apr-24,,8450,,38495,,46945,,46945,,
INV-57815,,Vendor,15677,,19-Apr-24,,12401,,56494,,68895,,68895,,
INV-73095,,Vendor,34060,,5-May-24,,9480,,43185,,52665,,52665,,
INV-55455,,Vendor,15863,,8-Apr-24,,7399,,33708,,41107,,41107,,
INV-87229,,Vendor,69736,,17-Apr-24,,3183,,14502,,17685,,17685,,
INV-87825,,Vendor,66522,,26-Apr-24,,12291,,55990,,68281,,68281,,
INV-27980,,Vendor,53578,,14-Apr-24,,6138,,27962,,34100,,34100,,
INV-61484,,Vendor,10227,,3-May-24,,6398,,29147,,35545,,35545,,
INV-67564,,Vendor,87992,,11-Apr-24,,14602,,66520,,81122,,81122,,
INV-41409,,Vendor,35417,,4-May-24,,14736,,67130,,81866,,81866,,
INV-99779,,Vendor,96299,,24-Apr-24,,11147,,50779,,61926,,61926,,
INV-82843,,Vendor,73857,,19-Apr-24,,17427,,79389,,96816,,96816,,
INV-27400,,Vendor,51782,,8-Apr-24,,7538,,34341,,41879,,41879,,
INV-90722,,Vendor,55582,,15-Apr-24,,5248,,23909,,29157,,29157,,
INV-40899,,Vendor,54834,,14-Apr-24,,3661,,16677,,20338,,20338,,
INV-92383,,Vendor,87797,,14-Apr-24,,10488,,47777,,58265,,58265,,
INV-13315,,Vendor,95866,,22-Apr-24,,14309,,65184,,79493,,79493,,
INV-20481,,Vendor,69874,,1-May-24,,8936,,40707,,49643,,49643,,
INV-15685,,Vendor,88153,,9-Apr-24,,6034,,27489,,33523,,33523,,
INV-72813,,Vendor,28229,,9-Apr-24,,926,,4219,,5145,,5145,,
INV-91677,,Vendor,67377,,12-Apr-24,,1416,,6451,,7867,,7867,,
INV-65097,,Vendor,51927,,3-May-24,,8634,,39335,,47969,,47969,,
INV-55844,,Vendor,69417,,27-Apr-24,,15064,,68624,,83688,,83688,,
INV-68425,,Vendor,32493,,11-Apr-24,,17595,,80155,,97750,,97750,,
INV-51056,,Vendor,93473,,12-Apr-24,,15292,,69662,,84953,,84953,,
INV-61169,,Vendor,34551,,30-Apr-24,,4500,,20500,,25000,,25000,,
INV-22684,,Vendor,37240,,5-May-24,,11228,,51150,,62378,,62378,,
INV-39378,,Vendor,98291,,25-Apr-24,,10122,,46112,,56234,,56234,,
INV-28710,,Vendor,96683,,27-Apr-24,,15727,,71645,,87372,,87372,,
INV-68031,,Vendor,70967,,4-May-24,,11036,,50274,,61310,,61310,,
INV-67610,,Vendor,72625,,27-Apr-24,,17238,,78530,,95768,,95768,,
INV-77267,,Vendor,43507,,14-Apr-24,,12223,,55682,,67905,,67905,,
INV-64914,,Vendor,52785,,21-Apr-24,,6539,,29788,,36326,,36326,,
INV-21582,,Vendor,63996,,10-Apr-24,,13828,,62996,,76824,,76824,,
INV-22056,,Vendor,62082,,14-Apr-24,,7287,,33199,,40486,,40486,,
INV-33108,,Vendor,30271,,13-Apr-24,,3999,,18217,,22216,,22216,,
INV-37858,,Vendor,41259,,6-May-24,,2740,,12484,,15224,,15224,,
INV-56075,,Vendor,30734,,29-Apr-24,,8634,,39332,,47966,,47966,,
INV-81695,,Vendor,51941,,22-Apr-24,,7622,,34722,,42344,,42344,,
INV-59156,,Vendor,82212,,21-Apr-24,,14940,,68060,,83001,,83001,,
INV-66450,,Vendor,69957,,14-Apr-24,,16709,,76121,,92830,,92830,,
INV-35999,,Vendor,24678,,9-Apr-24,,12536,,57106,,69642,,69642,,
INV-68283,,Vendor,40772,,26-Apr-24,,8116,,36974,,45090,,45090,,
INV-92475,,Vendor,69706,,3-May-24,,12790,,58265,,71055,,71055,,
INV-26868,,Vendor,25134,,24-Apr-24,,15255,,69496,,84751,,84751,,
INV-38217,,Vendor,74771,,4-May-24,,16643,,75819,,92462,,92462,,
INV-19523,,Vendor,17018,,23-Apr-24,,5819,,26509,,32328,,32328,,
INV-68565,,Vendor,80894,,5-May-24,,1755,,7995,,9750,,9750,,
INV-33136,,Vendor,27530,,17-Apr-24,,3098,,14113,,17211,,17211,,
INV-48746,,Vendor,33176,,24-Apr-24,,13518,,61580,,75098,,75098,,
INV-49302,,Vendor,17316,,9-Apr-24,,3790,,17265,,21055,,21055,,
INV-61030,,Vendor,75598,,20-Apr-24,,5150,,23460,,28610,,28610,,
INV-95795,,Vendor,81698,,3-May-24,,2130,,9703,,11832,,11832,,
INV-65935,,Vendor,39071,,19-Apr-24,,15056,,68587,,83643,,83643,,
INV-34658,,Vendor,49228,,18-Apr-24,,12213,,55635,,67848,,67848,,
INV-54798,,Vendor,94192,,16-Apr-24,,5445,,24805,,30250,,30250,,
INV-33329,,Vendor,57160,,12-Apr-24,,8566,,39023,,47589,,47589,,
INV-90534,,Vendor,87160,,15-Apr-24,,10062,,45836,,55898,,55898,,
INV-73336,,Vendor,64123,,22-Apr-24,,15921,,72528,,88449,,88449,,
INV-31076,,Vendor,82087,,18-Apr-24,,7064,,32181,,39245,,39245,,
INV-62591,,Vendor,24130,,21-Apr-24,,7112,,32400,,39512,,39512,,
INV-69121,,Vendor,21270,,7-Apr-24,,17759,,80901,,98660,,98660,,
INV-38341,,Vendor,32314,,12-Apr-24,,16598,,75615,,92213,,92213,,
INV-23567,,Vendor,97758,,26-Apr-24,,7081,,32259,,39340,,39340,,
INV-47485,,Vendor,55020,,14-Apr-24,,486,,2216,,2702,,2702,,
INV-49061,,Vendor,31246,,10-Apr-24,,17369,,79125,,96494,,96494,,
INV-79838,,Vendor,45497,,16-Apr-24,,3791,,17270,,21061,,21061,,
INV-30956,,Vendor,99848,,17-Apr-24,,4807,,21900,,26708,,26708,,
INV-71388,,Vendor,58900,,11-Apr-24,,792,,3609,,4401,,4401,,
INV-11604,,Vendor,15766,,15-Apr-24,,7352,,33491,,40843,,40843,,
INV-79587,,Vendor,53788,,13-Apr-24,,10487,,47776,,58263,,58263,,
INV-93095,,Vendor,85226,,24-Apr-24,,546,,2488,,3034,,3034,,
INV-46929,,Vendor,80684,,2-May-24,,16337,,74424,,90761,,90761,,
INV-15543,,Vendor,14438,,5-May-24,,3053,,13910,,16963,,16963,,
INV-12230,,Vendor,39230,,27-Apr-24,,749,,3414,,4163,,4163,,
INV-85700,,Vendor,95140,,15-Apr-24,,15306,,69727,,85033,,85033,,
INV-27577,,Vendor,92503,,5-May-24,,5491,,25012,,30503,,30503,,
INV-34101,,Vendor,46440,,7-Apr-24,,344,,1567,,1911,,1911,,
INV-87652,,Vendor,48779,,25-Apr-24,,7270,,33117,,40387,,40387,,
INV-80743,,Vendor,82985,,3-May-24,,2767,,12604,,15371,,15371,,
INV-59886,,Vendor,24604,,4-May-24,,9888,,45045,,54933,,54933,,
INV-14970,,Vendor,64397,,30-Apr-24,,7677,,34973,,42650,,42650,,
INV-63824,,Vendor,10367,,28-Apr-24,,13928,,63450,,77378,,77378,,
INV-40128,,Vendor,13147,,15-Apr-24,,10173,,46345,,56518,,56518,,
INV-71300,,Vendor,99079,,25-Apr-24,,9707,,44221,,53928,,53928,,
INV-83951,,Vendor,10808,,26-Apr-24,,2268,,10331,,12599,,12599,,
INV-42877,,Vendor,78470,,19-Apr-24,,7780,,35443,,43223,,43223,,
INV-77964,,Vendor,61665,,12-Apr-24,,12409,,56529,,68938,,68938,,
INV-90775,,Vendor,74454,,4-May-24,,11673,,53177,,64850,,64850,,
INV-63487,,Vendor,27106,,1-May-24,,10319,,47010,,57329,,57329,,
INV-21233,,Vendor,79577,,5-May-24,,4453,,20286,,24739,,24739,,
INV-80534,,Vendor,83651,,14-Apr-24,,11153,,50809,,61963,,61963,,
INV-19600,,Vendor,77027,,12-Apr-24,,3912,,17819,,21731,,21731,,
INV-31020,,Vendor,86159,,11-Apr-24,,14008,,63816,,77824,,77824,,
INV-87066,,Vendor,51126,,24-Apr-24,,9713,,44246,,53959,,53959,,
INV-78063,,Vendor,52527,,17-Apr-24,,17939,,81722,,99661,,99661,,
INV-22252,,Vendor,59413,,4-May-24,,6469,,29472,,35941,,35941,,
INV-33596,,Vendor,71403,,3-May-24,,2289,,10426,,12714,,12714,,
INV-13344,,Vendor,44288,,18-Apr-24,,240,,1093,,1333,,1333,,
INV-39159,,Vendor,22496,,24-Apr-24,,5637,,25681,,31319,,31319,,
INV-82570,,Vendor,90799,,8-Apr-24,,14688,,66910,,81598,,81598,,
INV-44870,,Vendor,60668,,1-May-24,,3756,,17109,,20865,,20865,,
INV-99099,,Vendor,78068,,18-Apr-24,,1246,,5676,,6923,,6923,,
INV-32901,,Vendor,47717,,30-Apr-24,,12139,,55299,,67438,,67438,,
INV-36020,,Vendor,40003,,1-May-24,,11756,,53557,,65313,,65313,,
INV-68367,,Vendor,95362,,29-Apr-24,,832,,3791,,4623,,4623,,
INV-43425,,Vendor,53319,,26-Apr-24,,17416,,79340,,96756,,96756,,
INV-97815,,Vendor,33776,,9-Apr-24,,4904,,22339,,27242,,27242,,
INV-98234,,Vendor,33701,,26-Apr-24,,9492,,43240,,52732,,52732,,
INV-75161,,Vendor,95503,,13-Apr-24,,13309,,60630,,73938,,73938,,
INV-82963,,Vendor,24627,,11-Apr-24,,11607,,52877,,64484,,64484,,
INV-27952,,Vendor,43662,,15-Apr-24,,9517,,43355,,52872,,52872,,
INV-56865,,Vendor,98194,,20-Apr-24,,7159,,32613,,39772,,39772,,
INV-78603,,Vendor,56763,,11-Apr-24,,8301,,37815,,46116,,46116,,
INV-72299,,Vendor,83976,,23-Apr-24,,178,,810,,988,,988,,
INV-43839,,Vendor,47773,,29-Apr-24,,1602,,7297,,8899,,8899,,
INV-14355,,Vendor,69693,,8-Apr-24,,2666,,12143,,14809,,14809,,
INV-10779,,Vendor,22241,,6-May-24,,1124,,5121,,6245,,6245,,
INV-54604,,Vendor,18591,,10-Apr-24,,17289,,78763,,96052,,96052,,
INV-22524,,Vendor,60756,,18-Apr-24,,750,,3418,,4169,,4169,,
INV-36195,,Vendor,31726,,26-Apr-24,,10002,,45566,,55569,,55569,,
INV-18378,,Vendor,28939,,3-May-24,,6111,,27840,,33951,,33951,,
INV-93049,,Vendor,76497,,23-Apr-24,,6148,,28009,,34158,,34158,,
INV-22216,,Vendor,28375,,14-Apr-24,,15811,,72029,,87840,,87840,,
INV-99025,,Vendor,44221,,4-May-24,,11020,,50202,,61221,,61221,,
INV-38144,,Vendor,13712,,29-Apr-24,,13678,,62309,,75986,,75986,,
INV-88217,,Vendor,83320,,29-Apr-24,,7918,,36071,,43989,,43989,,
INV-83065,,Vendor,41468,,17-Apr-24,,15364,,69990,,85353,,85353,,
INV-24900,,Vendor,47840,,3-May-24,,2526,,11507,,14033,,14033,,
INV-25261,,Vendor,18689,,10-Apr-24,,2722,,12400,,15122,,15122,,
INV-94716,,Vendor,94184,,5-May-24,,4137,,18845,,22982,,22982,,
INV-39779,,Vendor,88657,,10-Apr-24,,6324,,28810,,35135,,35135,,
INV-50029,,Vendor,99422,,6-May-24,,17161,,78177,,95338,,95338,,
INV-79120,,Vendor,42520,,30-Apr-24,,8631,,39319,,47950,,47950,,
INV-60391,,Vendor,99112,,19-Apr-24,,12748,,58073,,70821,,70821,,
INV-63117,,Vendor,47645,,14-Apr-24,,92,,418,,510,,510,,
INV-47800,,Vendor,31407,,25-Apr-24,,11050,,50340,,61391,,61391,,
INV-62237,,Vendor,20762,,16-Apr-24,,15027,,68455,,83482,,83482,,
INV-57536,,Vendor,58168,,19-Apr-24,,9437,,42993,,52430,,52430,,
INV-83071,,Vendor,86815,,10-Apr-24,,1888,,8602,,10490,,10490,,
INV-21952,,Vendor,29626,,3-May-24,,888,,4047,,4935,,4935,,
INV-50575,,Vendor,19995,,8-Apr-24,,6663,,30354,,37017,,37017,,
INV-74080,,Vendor,77710,,7-Apr-24,,2958,,13478,,16436,,16436,,
INV-25696,,Vendor,32030,,19-Apr-24,,17956,,81799,,99755,,99755,,
INV-47641,,Vendor,73236,,6-May-24,,3850,,17541,,21391,,21391,,
INV-61518,,Vendor,52880,,13-Apr-24,,5106,,23259,,28364,,28364,,
INV-36545,,Vendor,25450,,4-May-24,,2094,,9538,,11631,,11631,,
INV-52482,,Vendor,27311,,19-Apr-24,,9955,,45352,,55307,,55307,,
INV-62026,,Vendor,76513,,19-Apr-24,,9759,,44456,,54214,,54214,,
INV-69412,,Vendor,43118,,3-May-24,,17153,,78140,,95293,,95293,,
INV-93643,,Vendor,75393,,12-Apr-24,,7425,,33827,,41253,,41253,,
INV-93361,,Vendor,32842,,26-Apr-24,,17814,,81152,,98966,,98966,,
INV-19101,,Vendor,33833,,5-May-24,,12373,,56365,,68737,,68737,,
INV-58865,,Vendor,83739,,14-Apr-24,,7537,,34335,,41872,,41872,,
INV-40405,,Vendor,94351,,18-Apr-24,,11871,,54078,,65948,,65948,,
INV-99579,,Vendor,47275,,19-Apr-24,,13461,,61324,,74785,,74785,,
INV-23380,,Vendor,99327,,12-Apr-24,,12975,,59107,,72081,,72081,,
INV-69569,,Vendor,32375,,12-Apr-24,,5597,,25496,,31092,,31092,,
INV-43253,,Vendor,28386,,26-Apr-24,,10183,,46388,,56570,,56570,,
INV-41633,,Vendor,44238,,29-Apr-24,,89,,406,,495,,495,,
INV-24790,,Vendor,90997,,22-Apr-24,,4242,,19325,,23567,,23567,,
INV-92243,,Vendor,26710,,27-Apr-24,,10292,,46887,,57179,,57179,,
INV-62503,,Vendor,18007,,3-May-24,,7715,,35145,,42860,,42860,,
INV-54342,,Vendor,89727,,11-Apr-24,,6247,,28458,,34705,,34705,,
INV-51637,,Vendor,73988,,14-Apr-24,,5017,,22855,,27872,,27872,,
INV-25441,,Vendor,74626,,17-Apr-24,,2014,,9174,,11188,,11188,,
INV-76158,,Vendor,54417,,17-Apr-24,,8213,,37417,,45630,,45630,,
INV-19792,,Vendor,59547,,5-May-24,,5526,,25176,,30703,,30703,,
INV-57198,,Vendor,81643,,9-Apr-24,,870,,3966,,4836,,4836,,
INV-48430,,Vendor,88219,,24-Apr-24,,8863,,40378,,49242,,49242,,
INV-95298,,Vendor,53919,,1-May-24,,4230,,19269,,23499,,23499,,
INV-57125,,Vendor,27267,,23-Apr-24,,7780,,35440,,43220,,43220,,
INV-74116,,Vendor,36848,,2-May-24,,17769,,80949,,98719,,98719,,
INV-18570,,Vendor,21130,,27-Apr-24,,6334,,28854,,35187,,35187,,
INV-49737,,Vendor,93187,,28-Apr-24,,8975,,40887,,49862,,49862,,
INV-32990,,Vendor,57381,,16-Apr-24,,8664,,39471,,48136,,48136,,
INV-79274,,Vendor,50801,,9-Apr-24,,2238,,10196,,12435,,12435,,
INV-28225,,Vendor,53829,,1-May-24,,11783,,53678,,65461,,65461,,
INV-77672,,Vendor,65437,,3-May-24,,7476,,34056,,41531,,41531,,
INV-30942,,Vendor,78795,,2-May-24,,13202,,60144,,73347,,73347,,
INV-78566,,Vendor,89279,,16-Apr-24,,730,,3326,,4056,,4056,,
INV-11051,,Vendor,52142,,8-Apr-24,,1020,,4649,,5669,,5669,,
INV-26949,,Vendor,50898,,2-May-24,,313,,1427,,1740,,1740,,
INV-75241,,Vendor,70381,,10-Apr-24,,3247,,14792,,18039,,18039,,
INV-42598,,Vendor,67145,,25-Apr-24,,1123,,5115,,6238,,6238,,
INV-44336,,Vendor,46874,,11-Apr-24,,11205,,51044,,62249,,62249,,
INV-49346,,Vendor,72202,,9-Apr-24,,13335,,60747,,74082,,74082,,
INV-95351,,Vendor,32353,,21-Apr-24,,15853,,72221,,88075,,88075,,
INV-19059,,Vendor,40164,,25-Apr-24,,12987,,59162,,72149,,72149,,
INV-67190,,Vendor,68592,,27-Apr-24,,9336,,42531,,51867,,51867,,
INV-33586,,Vendor,24489,,6-May-24,,2464,,11225,,13689,,13689,,
INV-39386,,Vendor,37526,,5-May-24,,12760,,58130,,70891,,70891,,
INV-38508,,Vendor,46484,,4-May-24,,7317,,33331,,40648,,40648,,
INV-19820,,Vendor,29819,,10-Apr-24,,2974,,13547,,16521,,16521,,
INV-14022,,Vendor,85641,,1-May-24,,14903,,67890,,82793,,82793,,
INV-53002,,Vendor,76014,,30-Apr-24,,1327,,6044,,7371,,7371,,
INV-97237,,Vendor,51275,,27-Apr-24,,10223,,46572,,56796,,56796,,
INV-19537,,Vendor,40901,,9-Apr-24,,1282,,5842,,7124,,7124,,
INV-21940,,Vendor,36063,,16-Apr-24,,17538,,79897,,97436,,97436,,
INV-88086,,Vendor,76996,,13-Apr-24,,12802,,58319,,71121,,71121,,
INV-86738,,Vendor,16301,,15-Apr-24,,8755,,39884,,48638,,48638,,
INV-52997,,Vendor,28675,,21-Apr-24,,12058,,54932,,66991,,66991,,
INV-28904,,Vendor,38225,,7-Apr-24,,9051,,41231,,50282,,50282,,
INV-32417,,Vendor,32928,,7-Apr-24,,5445,,24803,,30248,,30248,,
INV-98234,,Vendor,69549,,30-Apr-24,,5732,,26114,,31846,,31846,,
INV-98245,,Vendor,48325,,1-May-24,,7131,,32484,,39615,,39615,,
INV-54136,,Vendor,47044,,26-Apr-24,,9949,,45324,,55273,,55273,,
INV-35632,,Vendor,78104,,12-Apr-24,,4696,,21394,,26090,,26090,,
INV-50160,,Vendor,97043,,26-Apr-24,,11813,,53813,,65626,,65626,,
INV-82344,,Vendor,56632,,28-Apr-24,,11933,,54361,,66294,,66294,,
INV-88984,,Vendor,42569,,30-Apr-24,,14524,,66165,,80689,,80689,,
INV-43322,,Vendor,81934,,20-Apr-24,,14232,,64837,,79069,,79069,,
INV-95735,,Vendor,11871,,16-Apr-24,,17556,,79978,,97534,,97534,,
INV-24999,,Vendor,94136,,7-Apr-24,,2853,,12999,,15853,,15853,,
INV-90107,,Vendor,40554,,24-Apr-24,,10367,,47230,,57597,,57597,,
INV-17554,,Vendor,84059,,20-Apr-24,,4078,,18580,,22658,,22658,,
INV-54445,,Vendor,46683,,18-Apr-24,,16162,,73625,,89787,,89787,,
INV-57252,,Vendor,24904,,13-Apr-24,,14938,,68052,,82990,,82990,,
INV-81234,,Vendor,21573,,14-Apr-24,,13074,,59559,,72633,,72633,,
INV-75951,,Vendor,65521,,25-Apr-24,,8333,,37962,,46295,,46295,,
INV-97562,,Vendor,97241,,5-May-24,,10215,,46536,,56752,,56752,,
INV-82038,,Vendor,94568,,13-Apr-24,,5099,,23228,,28327,,28327,,
INV-54275,,Vendor,87076,,24-Apr-24,,15031,,68474,,83505,,83505,,
INV-68561,,Vendor,22725,,14-Apr-24,,8922,,40644,,49566,,49566,,
INV-81648,,Vendor,85330,,1-May-24,,7359,,33524,,40883,,40883,,
INV-17929,,Vendor,98208,,20-Apr-24,,9088,,41402,,50490,,50490,,
INV-92952,,Vendor,48948,,23-Apr-24,,13021,,59319,,72340,,72340,,
INV-71929,,Vendor,72929,,2-May-24,,10371,,47244,,57614,,57614,,
INV-75551,,Vendor,88665,,7-Apr-24,,16144,,73544,,89688,,89688,,
INV-14663,,Vendor,83583,,18-Apr-24,,5979,,27239,,33218,,33218,,
INV-31403,,Vendor,91129,,5-May-24,,8977,,40896,,49874,,49874,,
INV-53883,,Vendor,34172,,8-Apr-24,,7971,,36314,,44286,,44286,,
INV-88261,,Vendor,71911,,16-Apr-24,,8243,,37550,,45793,,45793,,
INV-18112,,Vendor,42045,,10-Apr-24,,138,,629,,767,,767,,
INV-85490,,Vendor,91108,,6-May-24,,4531,,20640,,25171,,25171,,
INV-29596,,Vendor,55108,,10-Apr-24,,7144,,32545,,39689,,39689,,
INV-12611,,Vendor,54680,,10-Apr-24,,1270,,5786,,7056,,7056,,
INV-95388,,Vendor,54072,,17-Apr-24,,12105,,55146,,67252,,67252,,
INV-59082,,Vendor,58269,,25-Apr-24,,2786,,12691,,15476,,15476,,
INV-26138,,Vendor,72343,,13-Apr-24,,8495,,38701,,47196,,47196,,
INV-77806,,Vendor,16675,,30-Apr-24,,3747,,17071,,20819,,20819,,
INV-90983,,Vendor,51490,,9-Apr-24,,8296,,37792,,46087,,46087,,
INV-92745,,Vendor,32618,,12-Apr-24,,519,,2364,,2883,,2883,,
INV-75737,,Vendor,60355,,23-Apr-24,,13878,,63221,,77099,,77099,,
INV-60392,,Vendor,54648,,11-Apr-24,,2188,,9968,,12156,,12156,,
INV-71425,,Vendor,44859,,22-Apr-24,,5280,,24054,,29335,,29335,,
INV-75173,,Vendor,99936,,27-Apr-24,,16585,,75554,,92139,,92139,,
INV-17759,,Vendor,77499,,9-Apr-24,,4979,,22680,,27659,,27659,,
INV-58252,,Vendor,12526,,4-May-24,,17175,,78243,,95418,,95418,,
INV-26691,,Vendor,87104,,19-Apr-24,,3564,,16236,,19800,,19800,,
INV-85416,,Vendor,93602,,30-Apr-24,,4481,,20413,,24894,,24894,,
INV-73027,,Vendor,63324,,16-Apr-24,,11191,,50981,,62172,,62172,,
INV-26380,,Vendor,80752,,6-May-24,,8910,,40589,,49499,,49499,,
INV-74781,,Vendor,91606,,25-Apr-24,,15019,,68419,,83438,,83438,,
INV-30905,,Vendor,72156,,21-Apr-24,,13669,,62271,,75940,,75940,,
INV-18673,,Vendor,11388,,11-Apr-24,,9057,,41260,,50317,,50317,,
INV-13778,,Vendor,88279,,13-Apr-24,,11393,,51900,,63293,,63293,,
INV-52323,,Vendor,57933,,1-May-24,,1050,,4783,,5833,,5833,,
INV-85039,,Vendor,28711,,27-Apr-24,,11494,,52360,,63854,,63854,,
INV-54672,,Vendor,31207,,28-Apr-24,,3289,,14983,,18272,,18272,,
INV-33309,,Vendor,30555,,1-May-24,,315,,1436,,1751,,1751,,
INV-82489,,Vendor,24379,,16-Apr-24,,4051,,18455,,22506,,22506,,
INV-14116,,Vendor,10980,,23-Apr-24,,3608,,16438,,20047,,20047,,
INV-79222,,Vendor,74392,,15-Apr-24,,514,,2340,,2853,,2853,,
INV-43165,,Vendor,92287,,29-Apr-24,,14786,,67356,,82142,,82142,,
INV-39573,,Vendor,33835,,4-May-24,,10685,,48675,,59360,,59360,,
INV-90266,,Vendor,28351,,2-May-24,,2839,,12932,,15771,,15771,,
INV-96663,,Vendor,91479,,9-Apr-24,,10335,,47080,,57415,,57415,,
INV-17997,,Vendor,34586,,21-Apr-24,,11951,,54446,,66397,,66397,,
INV-59644,,Vendor,17012,,5-May-24,,2915,,13281,,16197,,16197,,
INV-38776,,Vendor,88382,,16-Apr-24,,399,,1816,,2215,,2215,,
INV-25523,,Vendor,15403,,5-May-24,,17782,,81007,,98789,,98789,,
INV-68825,,Vendor,64212,,9-Apr-24,,11049,,50334,,61383,,61383,,
INV-32100,,Vendor,99557,,8-Apr-24,,2571,,11714,,14285,,14285,,
INV-59756,,Vendor,74998,,30-Apr-24,,15953,,72674,,88627,,88627,,
INV-20763,,Vendor,19086,,9-Apr-24,,3935,,17927,,21862,,21862,,
INV-70381,,Vendor,18111,,16-Apr-24,,9667,,44037,,53703,,53703,,
INV-91707,,Vendor,72086,,29-Apr-24,,4121,,18774,,22895,,22895,,
INV-23339,,Vendor,97716,,8-Apr-24,,1161,,5287,,6448,,6448,,
INV-76495,,Vendor,44772,,24-Apr-24,,16447,,74925,,91372,,91372,,
INV-11295,,Vendor,24532,,3-May-24,,10403,,47389,,57792,,57792,,
INV-58874,,Vendor,85058,,20-Apr-24,,5972,,27204,,33175,,33175,,
INV-46118,,Vendor,58246,,25-Apr-24,,16834,,76689,,93523,,93523,,
INV-56051,,Vendor,63337,,28-Apr-24,,11876,,54101,,65977,,65977,,
INV-18992,,Vendor,52396,,16-Apr-24,,1380,,6288,,7669,,7669,,
INV-38606,,Vendor,96672,,9-Apr-24,,16177,,73695,,89872,,89872,,
INV-44067,,Vendor,40589,,10-Apr-24,,4276,,19479,,23755,,23755,,
INV-48923,,Vendor,14347,,29-Apr-24,,11033,,50259,,61292,,61292,,
INV-80216,,Vendor,83785,,3-May-24,,2821,,12850,,15670,,15670,,
INV-12322,,Vendor,67724,,11-Apr-24,,4687,,21354,,26041,,26041,,
INV-81964,,Vendor,69498,,1-May-24,,9308,,42402,,51709,,51709,,
INV-62014,,Vendor,58696,,5-May-24,,13280,,60499,,73779,,73779,,
INV-57934,,Vendor,60882,,12-Apr-24,,4220,,19225,,23445,,23445,,
INV-39857,,Vendor,68917,,26-Apr-24,,7007,,31919,,38926,,38926,,
INV-24509,,Vendor,38846,,25-Apr-24,,2203,,10036,,12239,,12239,,
INV-57371,,Vendor,69653,,23-Apr-24,,17869,,81402,,99270,,99270,,
INV-60843,,Vendor,53404,,15-Apr-24,,8398,,38256,,46653,,46653,,
INV-16241,,Vendor,27461,,26-Apr-24,,11426,,52051,,63477,,63477,,
INV-32598,,Vendor,35964,,23-Apr-24,,17121,,77997,,95118,,95118,,
INV-30208,,Vendor,45480,,14-Apr-24,,5881,,26791,,32672,,32672,,
INV-74441,,Vendor,42106,,6-May-24,,2171,,9890,,12061,,12061,,
INV-44712,,Vendor,83241,,26-Apr-24,,6917,,31509,,38425,,38425,,
INV-32551,,Vendor,48520,,28-Apr-24,,7738,,35250,,42987,,42987,,
INV-55097,,Vendor,97819,,7-Apr-24,,4724,,21521,,26245,,26245,,
INV-23564,,Vendor,89918,,26-Apr-24,,7753,,35320,,43073,,43073,,
INV-85948,,Vendor,58487,,10-Apr-24,,12876,,58657,,71533,,71533,,
INV-94008,,Vendor,59473,,14-Apr-24,,7073,,32220,,39292,,39292,,
INV-27912,,Vendor,12047,,5-May-24,,17080,,77809,,94889,,94889,,
INV-28002,,Vendor,68223,,13-Apr-24,,11493,,52357,,63850,,63850,,
INV-71289,,Vendor,11229,,12-Apr-24,,5010,,22825,,27836,,27836,,
INV-30000,,Vendor,32302,,27-Apr-24,,4070,,18540,,22609,,22609,,
INV-73836,,Vendor,81839,,2-May-24,,10413,,47439,,57852,,57852,,
INV-76075,,Vendor,60773,,22-Apr-24,,10804,,49217,,60020,,60020,,
INV-97583,,Vendor,29384,,3-May-24,,17503,,79735,,97237,,97237,,
INV-16254,,Vendor,89586,,16-Apr-24,,4753,,21651,,26404,,26404,,
INV-30049,,Vendor,94826,,19-Apr-24,,13039,,59402,,72441,,72441,,
INV-25724,,Vendor,92798,,21-Apr-24,,2696,,12280,,14975,,14975,,
INV-64243,,Vendor,78883,,5-May-24,,16430,,74846,,91275,,91275,,
INV-48790,,Vendor,41352,,6-May-24,,12238,,55751,,67990,,67990,,
INV-51548,,Vendor,98534,,17-Apr-24,,17651,,80408,,98059,,98059,,
INV-76126,,Vendor,94255,,27-Apr-24,,15249,,69468,,84717,,84717,,
INV-34507,,Vendor,16851,,28-Apr-24,,16595,,75599,,92194,,92194,,
INV-11504,,Vendor,91303,,15-Apr-24,,762,,3473,,4235,,4235,,
INV-16562,,Vendor,60314,,7-Apr-24,,17339,,78988,,96327,,96327,,
INV-49058,,Vendor,90252,,28-Apr-24,,11631,,52987,,64618,,64618,,
INV-92938,,Vendor,88084,,30-Apr-24,,13876,,63215,,77091,,77091,,
INV-28096,,Vendor,91720,,24-Apr-24,,17608,,80213,,97821,,97821,,
INV-23665,,Vendor,93073,,18-Apr-24,,6443,,29352,,35795,,35795,,
INV-63921,,Vendor,76270,,18-Apr-24,,8258,,37620,,45878,,45878,,
INV-72097,,Vendor,48572,,20-Apr-24,,14838,,67597,,82436,,82436,,
INV-76191,,Vendor,17464,,1-May-24,,12962,,59048,,72009,,72009,,
INV-55535,,Vendor,48151,,19-Apr-24,,4136,,18842,,22978,,22978,,
INV-34062,,Vendor,29954,,2-May-24,,12337,,56202,,68540,,68540,,
INV-56645,,Vendor,71479,,19-Apr-24,,4399,,20038,,24436,,24436,,
INV-65402,,Vendor,38589,,3-May-24,,7936,,36152,,44087,,44087,,
INV-60877,,Vendor,33138,,19-Apr-24,,11125,,50680,,61804,,61804,,
INV-31875,,Vendor,12845,,2-May-24,,6063,,27620,,33683,,33683,,
INV-27458,,Vendor,92573,,22-Apr-24,,11349,,51701,,63050,,63050,,
INV-63863,,Vendor,50330,,29-Apr-24,,17370,,79128,,96498,,96498,,
INV-36718,,Vendor,41465,,11-Apr-24,,11788,,53702,,65490,,65490,,
INV-82920,,Vendor,79143,,26-Apr-24,,9976,,45446,,55422,,55422,,
INV-57893,,Vendor,64602,,17-Apr-24,,2807,,12787,,15593,,15593,,
INV-33863,,Vendor,28953,,29-Apr-24,,12868,,58621,,71489,,71489,,
INV-39843,,Vendor,98798,,16-Apr-24,,6548,,29831,,36379,,36379,,
INV-14720,,Vendor,90259,,18-Apr-24,,1090,,4967,,6058,,6058,,
INV-37023,,Vendor,72071,,9-Apr-24,,11691,,53258,,64949,,64949,,
INV-20435,,Vendor,43113,,27-Apr-24,,10202,,46477,,56680,,56680,,
INV-27483,,Vendor,35229,,15-Apr-24,,6533,,29759,,36292,,36292,,
INV-50016,,Vendor,15067,,24-Apr-24,,1445,,6585,,8030,,8030,,
INV-62589,,Vendor,89607,,3-May-24,,3642,,16591,,20233,,20233,,
INV-75426,,Vendor,48368,,7-Apr-24,,9136,,41618,,50753,,50753,,
INV-91996,,Vendor,96864,,25-Apr-24,,486,,2216,,2702,,2702,,
INV-52682,,Vendor,92148,,11-Apr-24,,8158,,37165,,45324,,45324,,
INV-26554,,Vendor,27963,,13-Apr-24,,12202,,55587,,67789,,67789,,
INV-17249,,Vendor,27379,,13-Apr-24,,1834,,8355,,10189,,10189,,
INV-36274,,Vendor,28055,,23-Apr-24,,513,,2338,,2852,,2852,,
INV-12076,,Vendor,12118,,25-Apr-24,,15414,,70217,,85631,,85631,,
INV-54345,,Vendor,63301,,16-Apr-24,,4049,,18447,,22496,,22496,,
INV-97637,,Vendor,97152,,18-Apr-24,,6196,,28228,,34424,,34424,,
INV-31678,,Vendor,75815,,27-Apr-24,,1892,,8621,,10513,,10513,,
INV-52847,,Vendor,76684,,8-Apr-24,,17054,,77692,,94746,,94746,,
INV-26805,,Vendor,23872,,14-Apr-24,,5595,,25489,,31084,,31084,,
INV-49517,,Vendor,46129,,6-May-24,,9407,,42856,,52263,,52263,,
INV-12370,,Vendor,64687,,24-Apr-24,,5986,,27268,,33253,,33253,,
INV-49855,,Vendor,75213,,28-Apr-24,,15753,,71762,,87515,,87515,,
INV-17553,,Vendor,88580,,23-Apr-24,,10501,,47836,,58336,,58336,,
INV-99269,,Vendor,70866,,17-Apr-24,,11900,,54212,,66112,,66112,,
INV-69289,,Vendor,55628,,17-Apr-24,,17869,,81402,,99270,,99270,,
INV-45058,,Vendor,16107,,30-Apr-24,,12539,,57121,,69659,,69659,,
INV-14442,,Vendor,57837,,26-Apr-24,,1210,,5513,,6723,,6723,,
INV-51568,,Vendor,36896,,6-May-24,,17857,,81347,,99204,,99204,,
INV-87278,,Vendor,46144,,1-May-24,,8374,,38149,,46523,,46523,,
INV-11601,,Vendor,79058,,17-Apr-24,,6349,,28924,,35273,,35273,,
INV-41549,,Vendor,82747,,17-Apr-24,,14842,,67613,,82455,,82455,,
INV-69073,,Vendor,37820,,6-May-24,,1466,,6676,,8142,,8142,,
INV-99569,,Vendor,23329,,14-Apr-24,,17327,,78933,,96259,,96259,,
INV-55578,,Vendor,62319,,17-Apr-24,,7748,,35294,,43042,,43042,,
INV-47577,,Vendor,81826,,6-May-24,,2261,,10300,,12561,,12561,,
INV-42985,,Vendor,26062,,23-Apr-24,,10067,,45862,,55929,,55929,,
INV-14716,,Vendor,85646,,6-May-24,,1096,,4995,,6091,,6091,,
INV-94120,,Vendor,11700,,11-Apr-24,,3641,,16586,,20227,,20227,,
INV-94615,,Vendor,63222,,1-May-24,,14969,,68191,,83160,,83160,,
INV-35795,,Vendor,51895,,17-Apr-24,,11345,,51682,,63027,,63027,,
INV-84901,,Vendor,69483,,11-Apr-24,,12435,,56649,,69084,,69084,,
INV-57506,,Vendor,66806,,9-Apr-24,,2077,,9460,,11537,,11537,,
INV-69134,,Vendor,25004,,27-Apr-24,,10254,,46712,,56966,,56966,,
INV-39603,,Vendor,19939,,11-Apr-24,,2376,,10823,,13199,,13199,,
INV-18209,,Vendor,47788,,27-Apr-24,,2213,,10081,,12294,,12294,,
INV-16253,,Vendor,65318,,20-Apr-24,,15485,,70541,,86026,,86026,,
INV-81479,,Vendor,59573,,9-Apr-24,,3211,,14629,,17840,,17840,,
INV-19239,,Vendor,86875,,9-Apr-24,,8716,,39705,,48420,,48420,,
INV-57311,,Vendor,32380,,16-Apr-24,,16158,,73609,,89767,,89767,,
INV-90707,,Vendor,60846,,17-Apr-24,,2868,,13065,,15933,,15933,,
INV-88910,,Vendor,16280,,26-Apr-24,,1091,,4972,,6063,,6063,,
INV-66261,,Vendor,66752,,23-Apr-24,,1643,,7484,,9127,,9127,,
INV-90966,,Vendor,40900,,9-Apr-24,,12154,,55367,,67521,,67521,,
INV-32205,,Vendor,20985,,20-Apr-24,,745,,3392,,4137,,4137,,
INV-50135,,Vendor,52728,,7-Apr-24,,8276,,37703,,45979,,45979,,
INV-67480,,Vendor,53846,,6-May-24,,4423,,20149,,24573,,24573,,
INV-60860,,Vendor,35813,,3-May-24,,1286,,5857,,7142,,7142,,
INV-88867,,Vendor,46614,,10-Apr-24,,483,,2202,,2686,,2686,,
INV-58112,,Vendor,31423,,14-Apr-24,,14745,,67170,,81915,,81915,,
INV-20928,,Vendor,25685,,15-Apr-24,,12642,,57589,,70231,,70231,,
INV-94680,,Vendor,61632,,15-Apr-24,,6240,,28427,,34668,,34668,,
INV-67325,,Vendor,97212,,21-Apr-24,,11084,,50494,,61578,,61578,,
INV-42235,,Vendor,18152,,5-May-24,,16116,,73419,,89535,,89535,,
INV-99378,,Vendor,80347,,4-May-24,,13467,,61348,,74814,,74814,,
INV-35059,,Vendor,83857,,17-Apr-24,,717,,3268,,3986,,3986,,
INV-26178,,Vendor,65701,,20-Apr-24,,13443,,61242,,74685,,74685,,
INV-64520,,Vendor,23292,,5-May-24,,12664,,57691,,70355,,70355,,
INV-53792,,Vendor,57246,,2-May-24,,8259,,37623,,45882,,45882,,
INV-26266,,Vendor,34769,,26-Apr-24,,15708,,71557,,87265,,87265,,
INV-41803,,Vendor,66910,,9-Apr-24,,11764,,53591,,65355,,65355,,
INV-53728,,Vendor,18479,,24-Apr-24,,10113,,46072,,56185,,56185,,
INV-16809,,Vendor,93633,,12-Apr-24,,11392,,51897,,63289,,63289,,
INV-70269,,Vendor,34014,,23-Apr-24,,2378,,10831,,13209,,13209,,
INV-84652,,Vendor,58579,,20-Apr-24,,12354,,56281,,68635,,68635,,
INV-49396,,Vendor,86391,,8-Apr-24,,3433,,15637,,19069,,19069,,
INV-29305,,Vendor,24490,,3-May-24,,12166,,55424,,67590,,67590,,
INV-11086,,Vendor,43998,,7-Apr-24,,16194,,73771,,89965,,89965,,
INV-69990,,Vendor,17771,,22-Apr-24,,11854,,54002,,65856,,65856,,
INV-91803,,Vendor,15858,,6-May-24,,6781,,30890,,37670,,37670,,
INV-39295,,Vendor,55030,,19-Apr-24,,2472,,11262,,13735,,13735,,
INV-45647,,Vendor,96768,,21-Apr-24,,5707,,25998,,31705,,31705,,
INV-45867,,Vendor,71735,,27-Apr-24,,11200,,51024,,62225,,62225,,
INV-34343,,Vendor,54796,,17-Apr-24,,10229,,46599,,56828,,56828,,
INV-70762,,Vendor,12683,,5-May-24,,13667,,62261,,75928,,75928,,
INV-16373,,Vendor,55447,,28-Apr-24,,7029,,32021,,39050,,39050,,
INV-92918,,Vendor,87611,,26-Apr-24,,13015,,59289,,72303,,72303,,
INV-39959,,Vendor,18242,,1-May-24,,6299,,28695,,34994,,34994,,
INV-14065,,Vendor,42725,,15-Apr-24,,2291,,10438,,12730,,12730,,
INV-15436,,Vendor,44818,,18-Apr-24,,14488,,65999,,80487,,80487,,
INV-53959,,Vendor,53681,,30-Apr-24,,9692,,44154,,53846,,53846,,
INV-55240,,Vendor,56025,,2-May-24,,3210,,14621,,17831,,17831,,
INV-93749,,Vendor,44998,,14-Apr-24,,11463,,52219,,63682,,63682,,
INV-86158,,Vendor,48420,,8-Apr-24,,11919,,54298,,66217,,66217,,
INV-18981,,Vendor,55467,,6-May-24,,9287,,42307,,51593,,51593,,
INV-22290,,Vendor,96843,,22-Apr-24,,1372,,6252,,7624,,7624,,
INV-20766,,Vendor,31747,,8-Apr-24,,3475,,15830,,19304,,19304,,
INV-41610,,Vendor,91772,,3-May-24,,3479,,15848,,19327,,19327,,
INV-12896,,Vendor,38132,,21-Apr-24,,17871,,81410,,99281,,99281,,
INV-96197,,Vendor,88632,,5-May-24,,1082,,4931,,6013,,6013,,
INV-45578,,Vendor,29075,,4-May-24,,17142,,78089,,95231,,95231,,
INV-14228,,Vendor,22817,,20-Apr-24,,4872,,22193,,27065,,27065,,
INV-81747,,Vendor,60219,,28-Apr-24,,2349,,10699,,13048,,13048,,
INV-69971,,Vendor,33080,,13-Apr-24,,14242,,64882,,79125,,79125,,
INV-50142,,Vendor,70520,,5-May-24,,15039,,68510,,83549,,83549,,
INV-41554,,Vendor,54358,,12-Apr-24,,10978,,50012,,60991,,60991,,
INV-21957,,Vendor,65929,,26-Apr-24,,13956,,63579,,77536,,77536,,
INV-88531,,Vendor,55834,,4-May-24,,957,,4358,,5315,,5315,,
INV-43382,,Vendor,53687,,9-Apr-24,,5695,,25946,,31641,,31641,,
INV-59013,,Vendor,36934,,19-Apr-24,,15779,,71881,,87659,,87659,,
INV-66599,,Vendor,18932,,1-May-24,,3298,,15023,,18320,,18320,,
INV-72509,,Vendor,75246,,21-Apr-24,,15602,,71074,,86676,,86676,,
INV-16712,,Vendor,30349,,16-Apr-24,,11539,,52566,,64104,,64104,,
INV-70427,,Vendor,54707,,6-May-24,,14444,,65799,,80243,,80243,,
INV-46613,,Vendor,82352,,9-Apr-24,,2055,,9361,,11416,,11416,,
INV-46629,,Vendor,33934,,15-Apr-24,,3509,,15986,,19495,,19495,,
INV-28394,,Vendor,66431,,10-Apr-24,,9842,,44835,,54677,,54677,,
INV-75009,,Vendor,61551,,16-Apr-24,,12236,,55741,,67977,,67977,,
INV-38442,,Vendor,88534,,5-May-24,,11982,,54583,,66565,,66565,,
INV-94995,,Vendor,62722,,25-Apr-24,,12144,,55320,,67464,,67464,,
INV-31726,,Vendor,87059,,3-May-24,,6990,,31842,,38832,,38832,,
INV-11147,,Vendor,55967,,26-Apr-24,,17329,,78943,,96272,,96272,,
INV-18953,,Vendor,38650,,27-Apr-24,,10934,,49812,,60746,,60746,,
INV-86657,,Vendor,31803,,18-Apr-24,,1368,,6232,,7599,,7599,,
INV-36136,,Vendor,28140,,23-Apr-24,,1966,,8957,,10923,,10923,,
INV-74844,,Vendor,55546,,11-Apr-24,,15596,,71051,,86647,,86647,,
INV-84009,,Vendor,48445,,9-Apr-24,,14819,,67508,,82327,,82327,,
INV-23188,,Vendor,68349,,15-Apr-24,,2227,,10146,,12373,,12373,,
INV-96676,,Vendor,79956,,13-Apr-24,,14315,,65212,,79526,,79526,,
INV-33436,,Vendor,23641,,4-May-24,,5437,,24771,,30208,,30208,,
INV-53285,,Vendor,54668,,2-May-24,,14807,,67453,,82260,,82260,,
INV-20559,,Vendor,90986,,5-May-24,,5610,,25555,,31164,,31164,,
INV-67489,,Vendor,52689,,14-Apr-24,,8863,,40377,,49240,,49240,,
INV-78467,,Vendor,80910,,24-Apr-24,,831,,3785,,4616,,4616,,
INV-47132,,Vendor,38169,,23-Apr-24,,9728,,44317,,54045,,54045,,
INV-62001,,Vendor,36770,,22-Apr-24,,2335,,10638,,12973,,12973,,
INV-28580,,Vendor,64149,,21-Apr-24,,10680,,48652,,59331,,59331,,
INV-76161,,Vendor,14012,,13-Apr-24,,13333,,60740,,74074,,74074,,
INV-24698,,Vendor,52642,,7-Apr-24,,12963,,59054,,72018,,72018,,
INV-33832,,Vendor,78880,,4-May-24,,16149,,73567,,89716,,89716,,
INV-40156,,Vendor,36055,,19-Apr-24,,13608,,61990,,75598,,75598,,
INV-67558,,Vendor,57641,,1-May-24,,2225,,10134,,12358,,12358,,
INV-54529,,Vendor,64776,,9-Apr-24,,93,,424,,517,,517,,
INV-30129,,Vendor,63406,,8-Apr-24,,2781,,12670,,15451,,15451,,
INV-87462,,Vendor,68704,,29-Apr-24,,8486,,38659,,47145,,47145,,
INV-55376,,Vendor,62307,,26-Apr-24,,7992,,36409,,44402,,44402,,
INV-89700,,Vendor,15115,,2-May-24,,4047,,18435,,22482,,22482,,
INV-37273,,Vendor,59075,,23-Apr-24,,17264,,78648,,95912,,95912,,
INV-32644,,Vendor,56368,,12-Apr-24,,14333,,65295,,79629,,79629,,
INV-24746,,Vendor,45803,,19-Apr-24,,7066,,32192,,39258,,39258,,
INV-94994,,Vendor,14664,,12-Apr-24,,9346,,42576,,51922,,51922,,
INV-71411,,Vendor,60784,,9-Apr-24,,133,,606,,739,,739,,
INV-65754,,Vendor,58272,,13-Apr-24,,8770,,39953,,48723,,48723,,
INV-22426,,Vendor,17951,,23-Apr-24,,5979,,27237,,33216,,33216,,
INV-46462,,Vendor,91687,,22-Apr-24,,12066,,54967,,67033,,67033,,
INV-25401,,Vendor,57422,,14-Apr-24,,1229,,5600,,6830,,6830,,
INV-95675,,Vendor,35105,,2-May-24,,13909,,63365,,77274,,77274,,
INV-84431,,Vendor,53794,,12-Apr-24,,6040,,27515,,33554,,33554,,
INV-39769,,Vendor,93067,,25-Apr-24,,7664,,34914,,42578,,42578,,
INV-21706,,Vendor,77612,,25-Apr-24,,4537,,20669,,25206,,25206,,
INV-75874,,Vendor,40094,,23-Apr-24,,5569,,25368,,30936,,30936,,
INV-38870,,Vendor,47192,,2-May-24,,2668,,12152,,14819,,14819,,
INV-38537,,Vendor,23815,,10-Apr-24,,14193,,64658,,78852,,78852,,
INV-24514,,Vendor,85364,,23-Apr-24,,7757,,35338,,43095,,43095,,
INV-93727,,Vendor,60160,,5-May-24,,958,,4362,,5320,,5320,,
INV-74614,,Vendor,44453,,10-Apr-24,,3454,,15734,,19188,,19188,,
INV-55446,,Vendor,26391,,18-Apr-24,,9534,,43435,,52969,,52969,,
INV-78702,,Vendor,60204,,20-Apr-24,,12269,,55894,,68163,,68163,,
INV-15682,,Vendor,30345,,23-Apr-24,,12666,,57701,,70367,,70367,,
INV-81343,,Vendor,81332,,1-May-24,,575,,2618,,3193,,3193,,
INV-32160,,Vendor,28456,,16-Apr-24,,1893,,8624,,10517,,10517,,
INV-84429,,Vendor,10452,,12-Apr-24,,11958,,54475,,66433,,66433,,
INV-93267,,Vendor,75295,,8-Apr-24,,14040,,63961,,78001,,78001,,
INV-42061,,Vendor,53241,,8-Apr-24,,16847,,76747,,93594,,93594,,
INV-37021,,Vendor,17942,,7-Apr-24,,6756,,30778,,37534,,37534,,
INV-24780,,Vendor,41586,,15-Apr-24,,1548,,7052,,8600,,8600,,
INV-85766,,Vendor,69102,,16-Apr-24,,11538,,52562,,64100,,64100,,
INV-88724,,Vendor,70241,,17-Apr-24,,14228,,64817,,79045,,79045,,
INV-15026,,Vendor,80114,,28-Apr-24,,11847,,53969,,65816,,65816,,
INV-12167,,Vendor,29275,,7-Apr-24,,9940,,45280,,55220,,55220,,
INV-47647,,Vendor,66746,,8-Apr-24,,9765,,44484,,54249,,54249,,
INV-27704,,Vendor,34614,,29-Apr-24,,5954,,27125,,33080,,33080,,
INV-19030,,Vendor,90740,,15-Apr-24,,7295,,33231,,40526,,40526,,
INV-28407,,Vendor,27381,,9-Apr-24,,7643,,34820,,42463,,42463,,
INV-58408,,Vendor,12803,,28-Apr-24,,5382,,24516,,29897,,29897,,
INV-40093,,Vendor,24882,,19-Apr-24,,13770,,62731,,76502,,76502,,
INV-66497,,Vendor,83052,,1-May-24,,533,,2429,,2962,,2962,,
INV-82351,,Vendor,15427,,1-May-24,,1751,,7979,,9730,,9730,,
INV-72993,,Vendor,75878,,3-May-24,,16652,,75861,,92513,,92513,,
INV-95687,,Vendor,46272,,21-Apr-24,,11753,,53543,,65296,,65296,,
INV-46170,,Vendor,80114,,6-May-24,,14404,,65620,,80025,,80025,,
INV-88321,,Vendor,32349,,12-Apr-24,,12272,,55904,,68175,,68175,,
INV-58742,,Vendor,70429,,12-Apr-24,,4181,,19047,,23228,,23228,,
INV-27183,,Vendor,86864,,27-Apr-24,,4889,,22270,,27159,,27159,,
INV-63474,,Vendor,51655,,7-Apr-24,,1945,,8860,,10805,,10805,,
INV-83000,,Vendor,81310,,10-Apr-24,,2918,,13291,,16209,,16209,,
INV-93533,,Vendor,48346,,13-Apr-24,,7794,,35508,,43303,,43303,,
INV-58731,,Vendor,31249,,9-Apr-24,,7916,,36064,,43980,,43980,,
INV-12779,,Vendor,66730,,23-Apr-24,,10328,,47048,,57375,,57375,,
INV-89947,,Vendor,68517,,17-Apr-24,,11023,,50217,,61240,,61240,,
INV-25584,,Vendor,36778,,19-Apr-24,,10091,,45969,,56060,,56060,,
INV-82491,,Vendor,25560,,29-Apr-24,,8238,,37530,,45769,,45769,,
INV-96872,,Vendor,62556,,1-May-24,,973,,4433,,5406,,5406,,
INV-40860,,Vendor,89448,,24-Apr-24,,9773,,44521,,54294,,54294,,
INV-21170,,Vendor,86209,,21-Apr-24,,535,,2438,,2974,,2974,,
INV-83413,,Vendor,83921,,22-Apr-24,,6746,,30733,,37480,,37480,,
INV-17805,,Vendor,86201,,22-Apr-24,,11135,,50726,,61861,,61861,,
INV-51585,,Vendor,41575,,23-Apr-24,,16272,,74127,,90398,,90398,,
INV-27819,,Vendor,88427,,7-Apr-24,,13936,,63488,,77425,,77425,,
INV-52607,,Vendor,98609,,29-Apr-24,,12189,,55530,,67719,,67719,,
INV-90708,,Vendor,81243,,4-May-24,,14472,,65928,,80400,,80400,,
INV-17100,,Vendor,34454,,1-May-24,,14589,,66462,,81052,,81052,,
INV-91452,,Vendor,79189,,28-Apr-24,,9158,,41722,,50880,,50880,,
INV-38460,,Vendor,14025,,7-Apr-24,,14881,,67790,,82670,,82670,,
INV-90469,,Vendor,25465,,30-Apr-24,,8448,,38483,,46931,,46931,,
INV-56270,,Vendor,11421,,15-Apr-24,,9782,,44560,,54342,,54342,,
INV-43299,,Vendor,99487,,18-Apr-24,,6027,,27457,,33484,,33484,,
INV-75047,,Vendor,32218,,15-Apr-24,,16955,,77241,,94196,,94196,,
INV-12466,,Vendor,25581,,26-Apr-24,,16765,,76376,,93141,,93141,,
INV-89988,,Vendor,43556,,15-Apr-24,,14489,,66008,,80497,,80497,,
INV-91223,,Vendor,24152,,29-Apr-24,,5222,,23789,,29011,,29011,,
INV-80679,,Vendor,78517,,30-Apr-24,,1885,,8589,,10474,,10474,,
INV-26664,,Vendor,55743,,24-Apr-24,,486,,2216,,2702,,2702,,
INV-72540,,Vendor,37950,,1-May-24,,11039,,50289,,61328,,61328,,
INV-46244,,Vendor,76785,,30-Apr-24,,7681,,34990,,42670,,42670,,
INV-47272,,Vendor,24431,,19-Apr-24,,16460,,74986,,91447,,91447,,
INV-90160,,Vendor,61453,,3-May-24,,15807,,72010,,87817,,87817,,
INV-39480,,Vendor,87922,,16-Apr-24,,2056,,9366,,11422,,11422,,
INV-66610,,Vendor,17757,,26-Apr-24,,6346,,28908,,35253,,35253,,
INV-55733,,Vendor,63603,,13-Apr-24,,17611,,80226,,97836,,97836,,
INV-47652,,Vendor,59730,,7-Apr-24,,17085,,77833,,94918,,94918,,
INV-21022,,Vendor,33979,,26-Apr-24,,4169,,18994,,23163,,23163,,
INV-96506,,Vendor,51102,,17-Apr-24,,4574,,20835,,25409,,25409,,
INV-44173,,Vendor,87625,,20-Apr-24,,15303,,69712,,85014,,85014,,
INV-86661,,Vendor,82227,,18-Apr-24,,15490,,70566,,86057,,86057,,
INV-80035,,Vendor,28237,,21-Apr-24,,12798,,58301,,71099,,71099,,
INV-86196,,Vendor,83434,,4-May-24,,9168,,41764,,50932,,50932,,
INV-72573,,Vendor,31246,,9-Apr-24,,10384,,47305,,57689,,57689,,
INV-17839,,Vendor,66183,,23-Apr-24,,3061,,13943,,17003,,17003,,
INV-47920,,Vendor,67778,,9-Apr-24,,456,,2075,,2531,,2531,,
INV-85189,,Vendor,11898,,24-Apr-24,,17173,,78235,,95408,,95408,,
INV-63891,,Vendor,92667,,27-Apr-24,,6094,,27762,,33856,,33856,,
INV-33753,,Vendor,17259,,23-Apr-24,,12867,,58617,,71484,,71484,,
INV-59443,,Vendor,80335,,14-Apr-24,,3324,,15143,,18467,,18467,,
INV-70026,,Vendor,70348,,27-Apr-24,,8939,,40723,,49662,,49662,,
INV-62559,,Vendor,93204,,19-Apr-24,,16808,,76570,,93379,,93379,,
INV-36507,,Vendor,61277,,18-Apr-24,,9284,,42294,,51578,,51578,,
INV-26049,,Vendor,33500,,2-May-24,,7982,,36364,,44346,,44346,,
INV-83674,,Vendor,20476,,24-Apr-24,,1625,,7402,,9027,,9027,,
INV-89618,,Vendor,28606,,22-Apr-24,,5571,,25379,,30950,,30950,,
INV-50277,,Vendor,17833,,16-Apr-24,,12669,,57716,,70385,,70385,,
INV-19271,,Vendor,94550,,8-Apr-24,,5474,,24937,,30411,,30411,,
INV-40331,,Vendor,11311,,26-Apr-24,,14698,,66958,,81656,,81656,,
INV-11682,,Vendor,66706,,7-Apr-24,,3869,,17625,,21494,,21494,,
INV-19447,,Vendor,42219,,15-Apr-24,,5443,,24797,,30241,,30241,,
INV-32540,,Vendor,70600,,28-Apr-24,,16008,,72926,,88935,,88935,,
INV-78682,,Vendor,65341,,11-Apr-24,,17607,,80208,,97814,,97814,,
INV-67085,,Vendor,68390,,24-Apr-24,,5839,,26599,,32438,,32438,,
INV-63791,,Vendor,72384,,8-Apr-24,,10257,,46728,,56985,,56985,,
INV-87260,,Vendor,22604,,16-Apr-24,,737,,3356,,4092,,4092,,
INV-65515,,Vendor,18555,,25-Apr-24,,10610,,48332,,58942,,58942,,
INV-11757,,Vendor,78737,,21-Apr-24,,5471,,24922,,30393,,30393,,
INV-88512,,Vendor,30731,,18-Apr-24,,1247,,5679,,6926,,6926,,
INV-14620,,Vendor,81263,,23-Apr-24,,17010,,77492,,94502,,94502,,
INV-48156,,Vendor,83956,,24-Apr-24,,14937,,68047,,82985,,82985,,
INV-11293,,Vendor,23741,,28-Apr-24,,15177,,69137,,84314,,84314,,
INV-13642,,Vendor,89579,,19-Apr-24,,9229,,42043,,51272,,51272,,
INV-34406,,Vendor,78645,,14-Apr-24,,2352,,10716,,13069,,13069,,
INV-58365,,Vendor,46751,,11-Apr-24,,4371,,19912,,24283,,24283,,
INV-92854,,Vendor,36056,,2-May-24,,14878,,67779,,82658,,82658,,
INV-43188,,Vendor,55825,,11-Apr-24,,10176,,46356,,56532,,56532,,
INV-36613,,Vendor,14871,,20-Apr-24,,12967,,59070,,72037,,72037,,
INV-72563,,Vendor,82483,,26-Apr-24,,469,,2139,,2608,,2608,,
INV-90722,,Vendor,89097,,14-Apr-24,,13308,,60627,,73936,,73936,,
INV-46947,,Vendor,61604,,6-May-24,,122,,555,,677,,677,,
INV-70146,,Vendor,34709,,30-Apr-24,,6190,,28198,,34388,,34388,,
INV-68815,,Vendor,19184,,28-Apr-24,,11456,,52188,,63644,,63644,,
INV-43359,,Vendor,28190,,17-Apr-24,,4066,,18523,,22589,,22589,,
INV-79658,,Vendor,78558,,20-Apr-24,,6069,,27646,,33714,,33714,,
INV-30093,,Vendor,37248,,13-Apr-24,,13796,,62849,,76645,,76645,,
INV-55798,,Vendor,95365,,18-Apr-24,,1102,,5022,,6124,,6124,,
INV-41917,,Vendor,10647,,4-May-24,,1933,,8806,,10739,,10739,,
INV-27527,,Vendor,66974,,28-Apr-24,,7120,,32437,,39557,,39557,,
INV-48460,,Vendor,14995,,9-Apr-24,,2430,,11069,,13499,,13499,,
INV-22499,,Vendor,95895,,26-Apr-24,,14400,,65601,,80001,,80001,,
INV-44265,,Vendor,60670,,3-May-24,,8356,,38065,,46421,,46421,,
INV-12483,,Vendor,58467,,11-Apr-24,,9229,,42045,,51275,,51275,,
INV-89222,,Vendor,63386,,30-Apr-24,,2765,,12594,,15358,,15358,,
INV-62746,,Vendor,74735,,1-May-24,,3440,,15673,,19114,,19114,,
INV-98514,,Vendor,15007,,24-Apr-24,,2987,,13607,,16594,,16594,,
INV-22833,,Vendor,80166,,2-May-24,,13068,,59534,,72603,,72603,,
INV-44670,,Vendor,23703,,29-Apr-24,,11229,,51155,,62384,,62384,,
INV-90587,,Vendor,47934,,9-Apr-24,,3081,,14034,,17114,,17114,,
INV-11254,,Vendor,46103,,4-May-24,,9553,,43521,,53075,,53075,,
INV-63118,,Vendor,39545,,28-Apr-24,,8312,,37867,,46179,,46179,,
INV-23798,,Vendor,74572,,8-Apr-24,,191,,869,,1060,,1060,,
INV-84763,,Vendor,24819,,12-Apr-24,,13300,,60587,,73886,,73886,,
INV-72513,,Vendor,58593,,20-Apr-24,,10896,,49639,,60536,,60536,,
INV-20158,,Vendor,64549,,7-Apr-24,,11524,,52497,,64021,,64021,,
INV-29170,,Vendor,12983,,12-Apr-24,,15358,,69963,,85320,,85320,,
INV-79397,,Vendor,97400,,18-Apr-24,,1212,,5521,,6733,,6733,,
INV-13509,,Vendor,26531,,28-Apr-24,,3281,,14947,,18229,,18229,,
INV-51307,,Vendor,27710,,22-Apr-24,,10386,,47314,,57700,,57700,,
INV-27269,,Vendor,26281,,16-Apr-24,,10507,,47865,,58372,,58372,,
INV-10460,,Vendor,30270,,4-May-24,,8586,,39115,,47701,,47701,,
INV-21417,,Vendor,16381,,23-Apr-24,,15115,,68858,,83973,,83973,,
INV-53013,,Vendor,98511,,24-Apr-24,,3533,,16095,,19628,,19628,,
INV-61484,,Vendor,49440,,5-May-24,,6848,,31196,,38043,,38043,,
INV-19852,,Vendor,96417,,20-Apr-24,,1822,,8302,,10125,,10125,,
INV-32106,,Vendor,74911,,27-Apr-24,,9537,,43445,,52982,,52982,,
INV-62252,,Vendor,67091,,11-Apr-24,,5436,,24763,,30198,,30198,,
INV-70606,,Vendor,73330,,8-Apr-24,,15862,,72258,,88120,,88120,,
INV-96709,,Vendor,94700,,28-Apr-24,,8267,,37662,,45929,,45929,,
INV-90701,,Vendor,82091,,3-May-24,,4883,,22243,,27126,,27126,,
INV-83655,,Vendor,16174,,19-Apr-24,,2702,,12308,,15010,,15010,,
INV-70672,,Vendor,75980,,23-Apr-24,,3195,,14556,,17751,,17751,,
INV-76499,,Vendor,13111,,20-Apr-24,,9104,,41472,,50576,,50576,,
INV-98894,,Vendor,19165,,4-May-24,,14468,,65911,,80380,,80380,,
INV-88475,,Vendor,78745,,1-May-24,,11472,,52262,,63734,,63734,,
INV-72783,,Vendor,78993,,4-May-24,,9905,,45121,,55025,,55025,,
INV-15059,,Vendor,71965,,17-Apr-24,,10295,,46897,,57192,,57192,,
INV-33939,,Vendor,29898,,6-May-24,,16673,,75955,,92628,,92628,,
INV-92200,,Vendor,72861,,21-Apr-24,,7535,,34328,,41863,,41863,,
INV-61626,,Vendor,62722,,19-Apr-24,,6222,,28347,,34569,,34569,,
INV-59099,,Vendor,15092,,29-Apr-24,,7218,,32884,,40102,,40102,,
INV-96755,,Vendor,48438,,3-May-24,,13602,,61965,,75568,,75568,,
INV-85854,,Vendor,92256,,21-Apr-24,,4067,,18527,,22595,,22595,,
INV-76877,,Vendor,33107,,10-Apr-24,,10853,,49443,,60296,,60296,,
INV-70019,,Vendor,46835,,5-May-24,,10715,,48814,,59530,,59530,,
INV-69843,,Vendor,40883,,30-Apr-24,,11101,,50572,,61673,,61673,,
INV-94557,,Vendor,57403,,25-Apr-24,,17310,,78858,,96168,,96168,,
INV-63326,,Vendor,15891,,19-Apr-24,,16052,,73128,,89180,,89180,,
INV-56459,,Vendor,43712,,26-Apr-24,,12170,,55441,,67610,,67610,,
INV-11274,,Vendor,80109,,11-Apr-24,,5223,,23794,,29017,,29017,,
INV-38456,,Vendor,45325,,6-May-24,,6651,,30298,,36949,,36949,,
INV-76385,,Vendor,55874,,24-Apr-24,,4734,,21567,,26301,,26301,,
INV-46920,,Vendor,49401,,19-Apr-24,,4397,,20029,,24426,,24426,,
INV-88127,,Vendor,36209,,30-Apr-24,,608,,2769,,3377,,3377,,
INV-52038,,Vendor,99029,,29-Apr-24,,1279,,5825,,7103,,7103,,
INV-56321,,Vendor,10459,,9-Apr-24,,13361,,60865,,74226,,74226,,
INV-78482,,Vendor,44781,,19-Apr-24,,9970,,45418,,55388,,55388,,
INV-77535,,Vendor,58421,,4-May-24,,1301,,5928,,7230,,7230,,
INV-12920,,Vendor,19510,,24-Apr-24,,13542,,61691,,75233,,75233,,
INV-62681,,Vendor,74396,,13-Apr-24,,8999,,40997,,49997,,49997,,
INV-48818,,Vendor,30074,,11-Apr-24,,7474,,34050,,41524,,41524,,
INV-84127,,Vendor,90010,,23-Apr-24,,3895,,17743,,21638,,21638,,
INV-20415,,Vendor,15353,,26-Apr-24,,12258,,55843,,68101,,68101,,
INV-55267,,Vendor,51255,,27-Apr-24,,13480,,61408,,74888,,74888,,
INV-21373,,Vendor,98949,,2-May-24,,94,,429,,523,,523,,
INV-85603,,Vendor,11893,,15-Apr-24,,2530,,11524,,14053,,14053,,
INV-22284,,Vendor,18601,,30-Apr-24,,16602,,75630,,92232,,92232,,
INV-25173,,Vendor,96846,,19-Apr-24,,13649,,62180,,75829,,75829,,
INV-19373,,Vendor,54609,,6-May-24,,14168,,64542,,78710,,78710,,
INV-93197,,Vendor,71910,,17-Apr-24,,1704,,7764,,9468,,9468,,
INV-14886,,Vendor,90755,,25-Apr-24,,4085,,18608,,22692,,22692,,
INV-92083,,Vendor,12636,,30-Apr-24,,2567,,11693,,14260,,14260,,
INV-53161,,Vendor,36262,,9-Apr-24,,5551,,25287,,30838,,30838,,
INV-51291,,Vendor,35762,,26-Apr-24,,9497,,43262,,52759,,52759,,
INV-10750,,Vendor,77794,,27-Apr-24,,537,,2448,,2985,,2985,,
INV-33889,,Vendor,33293,,4-May-24,,12987,,59162,,72149,,72149,,
INV-47642,,Vendor,76040,,14-Apr-24,,2786,,12693,,15479,,15479,,
INV-81913,,Vendor,19051,,1-May-24,,6435,,29315,,35750,,35750,,
INV-16884,,Vendor,29812,,16-Apr-24,,4307,,19619,,23926,,23926,,
INV-59908,,Vendor,33466,,26-Apr-24,,6954,,31679,,38633,,38633,,
INV-45535,,Vendor,87056,,9-Apr-24,,16430,,74850,,91280,,91280,,
INV-60153,,Vendor,45113,,19-Apr-24,,9900,,45098,,54998,,54998,,
INV-63017,,Vendor,60879,,15-Apr-24,,4296,,19571,,23867,,23867,,
INV-78628,,Vendor,31425,,13-Apr-24,,9689,,44137,,53825,,53825,,
INV-96265,,Vendor,95109,,2-May-24,,17956,,81798,,99754,,99754,,
INV-74179,,Vendor,28394,,22-Apr-24,,13981,,63691,,77671,,77671,,
INV-39666,,Vendor,32748,,27-Apr-24,,10394,,47350,,57744,,57744,,
INV-92792,,Vendor,59326,,27-Apr-24,,3809,,17352,,21161,,21161,,
INV-44340,,Vendor,68280,,17-Apr-24,,8443,,38461,,46904,,46904,,
INV-83678,,Vendor,31825,,12-Apr-24,,14230,,64824,,79054,,79054,,
INV-79533,,Vendor,91954,,13-Apr-24,,15713,,71581,,87294,,87294,,
INV-95865,,Vendor,46052,,9-Apr-24,,10741,,48929,,59670,,59670,,
INV-32215,,Vendor,86753,,19-Apr-24,,15423,,70261,,85684,,85684,,
INV-82977,,Vendor,68785,,28-Apr-24,,12001,,54673,,66675,,66675,,
INV-52631,,Vendor,67970,,5-May-24,,13030,,59360,,72390,,72390,,
INV-79862,,Vendor,98326,,16-Apr-24,,13990,,63733,,77723,,77723,,
INV-61754,,Vendor,13877,,16-Apr-24,,921,,4194,,5115,,5115,,
INV-60238,,Vendor,56370,,23-Apr-24,,3427,,15612,,19039,,19039,,
INV-68673,,Vendor,53785,,20-Apr-24,,3689,,16804,,20493,,20493,,
INV-13343,,Vendor,51860,,27-Apr-24,,12202,,55585,,67786,,67786,,
INV-23406,,Vendor,88489,,24-Apr-24,,2873,,13088,,15961,,15961,,
INV-20952,,Vendor,14121,,18-Apr-24,,1793,,8168,,9960,,9960,,
INV-55207,,Vendor,83833,,29-Apr-24,,15553,,70852,,86405,,86405,,
INV-58421,,Vendor,30570,,16-Apr-24,,896,,4083,,4979,,4979,,
INV-38891,,Vendor,67014,,19-Apr-24,,1796,,8181,,9977,,9977,,
INV-65471,,Vendor,28479,,12-Apr-24,,5324,,24252,,29575,,29575,,
INV-98699,,Vendor,23530,,11-Apr-24,,14394,,65573,,79967,,79967,,
INV-51491,,Vendor,55256,,30-Apr-24,,2584,,11771,,14354,,14354,,
INV-68375,,Vendor,40101,,27-Apr-24,,7084,,32273,,39358,,39358,,
INV-92454,,Vendor,25970,,8-Apr-24,,15863,,72264,,88127,,88127,,
INV-90649,,Vendor,54191,,10-Apr-24,,9822,,44746,,54569,,54569,,
INV-24735,,Vendor,82471,,23-Apr-24,,8419,,38352,,46771,,46771,,
INV-36428,,Vendor,34697,,30-Apr-24,,13742,,62601,,76343,,76343,,
INV-34347,,Vendor,24045,,6-May-24,,7649,,34844,,42492,,42492,,
INV-81593,,Vendor,79586,,9-Apr-24,,1074,,4894,,5969,,5969,,
INV-45420,,Vendor,39436,,7-Apr-24,,16998,,77435,,94433,,94433,,
INV-81792,,Vendor,17739,,27-Apr-24,,15692,,71485,,87177,,87177,,
INV-90646,,Vendor,75843,,14-Apr-24,,13448,,61264,,74712,,74712,,
INV-50843,,Vendor,37423,,6-May-24,,3224,,14685,,17909,,17909,,
INV-19753,,Vendor,99736,,23-Apr-24,,9081,,41367,,50447,,50447,,
INV-43434,,Vendor,67586,,26-Apr-24,,9187,,41853,,51040,,51040,,
INV-22989,,Vendor,77764,,5-May-24,,12604,,57418,,70022,,70022,,
INV-33113,,Vendor,71955,,2-May-24,,8721,,39731,,48453,,48453,,
INV-82205,,Vendor,55092,,5-May-24,,16142,,73537,,89680,,89680,,
INV-90955,,Vendor,92134,,19-Apr-24,,15331,,69839,,85170,,85170,,
INV-32044,,Vendor,69774,,6-May-24,,11949,,54433,,66381,,66381,,
INV-69687,,Vendor,95806,,14-Apr-24,,15013,,68391,,83404,,83404,,
INV-40491,,Vendor,29506,,18-Apr-24,,11594,,52818,,64412,,64412,,
INV-14249,,Vendor,95338,,19-Apr-24,,5498,,25046,,30544,,30544,,
INV-25427,,Vendor,67286,,10-Apr-24,,2513,,11448,,13961,,13961,,
INV-13412,,Vendor,52013,,12-Apr-24,,2879,,13117,,15996,,15996,,
INV-69502,,Vendor,37200,,10-Apr-24,,16500,,75167,,91667,,91667,,
INV-41508,,Vendor,72931,,2-May-24,,10709,,48787,,59496,,59496,,
INV-53829,,Vendor,83513,,25-Apr-24,,4235,,19291,,23526,,23526,,
INV-76860,,Vendor,37732,,1-May-24,,13050,,59450,,72500,,72500,,
INV-67396,,Vendor,47044,,17-Apr-24,,10843,,49397,,60241,,60241,,
INV-80714,,Vendor,45596,,12-Apr-24,,5504,,25073,,30577,,30577,,
INV-65855,,Vendor,71148,,15-Apr-24,,2468,,11245,,13714,,13714,,
INV-62022,,Vendor,94008,,18-Apr-24,,11477,,52286,,63764,,63764,,
INV-18776,,Vendor,67261,,12-Apr-24,,2449,,11157,,13606,,13606,,
INV-27432,,Vendor,80025,,18-Apr-24,,13828,,62992,,76820,,76820,,
INV-23598,,Vendor,29458,,12-Apr-24,,9632,,43880,,53513,,53513,,
INV-43209,,Vendor,59642,,8-Apr-24,,12380,,56400,,68780,,68780,,
INV-76989,,Vendor,66628,,13-Apr-24,,10124,,46121,,56245,,56245,,
INV-70970,,Vendor,14253,,30-Apr-24,,1505,,6855,,8360,,8360,,
INV-69008,,Vendor,75087,,1-May-24,,9760,,44460,,54220,,54220,,
INV-21963,,Vendor,91289,,28-Apr-24,,10193,,46433,,56626,,56626,,
INV-93924,,Vendor,67338,,29-Apr-24,,1551,,7067,,8619,,8619,,
INV-25594,,Vendor,24818,,16-Apr-24,,13260,,60407,,73667,,73667,,
INV-32708,,Vendor,35939,,24-Apr-24,,4124,,18787,,22911,,22911,,
INV-95298,,Vendor,84621,,6-May-24,,1805,,8221,,10025,,10025,,
INV-14835,,Vendor,98361,,11-Apr-24,,10490,,47788,,58278,,58278,,
INV-35931,,Vendor,34836,,10-Apr-24,,10247,,46679,,56926,,56926,,
INV-35196,,Vendor,90695,,20-Apr-24,,12914,,58832,,71746,,71746,,
INV-57159,,Vendor,28644,,22-Apr-24,,5955,,27126,,33081,,33081,,
INV-71795,,Vendor,63878,,1-May-24,,5847,,26634,,32481,,32481,,
INV-47731,,Vendor,33515,,14-Apr-24,,14619,,66597,,81216,,81216,,
INV-42131,,Vendor,25633,,22-Apr-24,,10528,,47962,,58490,,58490,,
INV-16112,,Vendor,54083,,11-Apr-24,,8424,,38377,,46802,,46802,,
INV-75647,,Vendor,86796,,13-Apr-24,,597,,2719,,3316,,3316,,
INV-50861,,Vendor,12587,,8-Apr-24,,6858,,31243,,38102,,38102,,
INV-12277,,Vendor,66328,,27-Apr-24,,10384,,47305,,57689,,57689,,
INV-31424,,Vendor,12779,,6-May-24,,14453,,65841,,80294,,80294,,
INV-40208,,Vendor,17937,,4-May-24,,6891,,31390,,38281,,38281,,
INV-20397,,Vendor,58714,,4-May-24,,11428,,52060,,63488,,63488,,
INV-68300,,Vendor,93117,,17-Apr-24,,11916,,54283,,66199,,66199,,
INV-33088,,Vendor,85885,,25-Apr-24,,11929,,54345,,66274,,66274,,
INV-54196,,Vendor,67593,,23-Apr-24,,8779,,39995,,48774,,48774,,
INV-16178,,Vendor,45758,,11-Apr-24,,93,,422,,515,,515,,
INV-53816,,Vendor,97328,,30-Apr-24,,5714,,26032,,31746,,31746,,
INV-87440,,Vendor,18072,,28-Apr-24,,17559,,79992,,97551,,97551,,
INV-16009,,Vendor,40922,,1-May-24,,5889,,26828,,32717,,32717,,
INV-68786,,Vendor,42494,,24-Apr-24,,9879,,45004,,54883,,54883,,
INV-13471,,Vendor,34736,,27-Apr-24,,16494,,75140,,91634,,91634,,
INV-80007,,Vendor,19796,,2-May-24,,5640,,25695,,31335,,31335,,
INV-88132,,Vendor,30465,,4-May-24,,664,,3025,,3689,,3689,,
INV-53543,,Vendor,11510,,2-May-24,,5105,,23258,,28364,,28364,,
INV-11774,,Vendor,22202,,18-Apr-24,,9096,,41438,,50534,,50534,,
INV-78137,,Vendor,65646,,5-May-24,,5302,,24154,,29456,,29456,,
INV-83423,,Vendor,16774,,1-May-24,,6753,,30763,,37516,,37516,,
INV-73016,,Vendor,29399,,20-Apr-24,,7788,,35480,,43268,,43268,,
INV-60368,,Vendor,82871,,8-Apr-24,,6151,,28020,,34171,,34171,,
INV-77550,,Vendor,46608,,8-Apr-24,,13964,,63615,,77580,,77580,,
INV-60166,,Vendor,75054,,11-Apr-24,,15422,,70256,,85678,,85678,,
INV-69413,,Vendor,78561,,17-Apr-24,,968,,4410,,5378,,5378,,
INV-24183,,Vendor,41179,,22-Apr-24,,31,,141,,172,,172,,
INV-61049,,Vendor,22783,,19-Apr-24,,16249,,74025,,90275,,90275,,
INV-31616,,Vendor,81117,,22-Apr-24,,11829,,53890,,65719,,65719,,
INV-35605,,Vendor,78305,,23-Apr-24,,4227,,19258,,23486,,23486,,
INV-31809,,Vendor,43028,,30-Apr-24,,16524,,75275,,91799,,91799,,
INV-42333,,Vendor,47236,,19-Apr-24,,16091,,73303,,89394,,89394,,
INV-67915,,Vendor,89782,,10-Apr-24,,8863,,40375,,49237,,49237,,
INV-18032,,Vendor,10467,,18-Apr-24,,98,,445,,542,,542,,
INV-45203,,Vendor,89898,,23-Apr-24,,6641,,30252,,36893,,36893,,
INV-99007,,Vendor,63586,,12-Apr-24,,6352,,28935,,35287,,35287,,
INV-17431,,Vendor,66392,,7-Apr-24,,11290,,51431,,62720,,62720,,
INV-59086,,Vendor,67538,,22-Apr-24,,5449,,24825,,30275,,30275,,
INV-69199,,Vendor,27457,,20-Apr-24,,9234,,42065,,51299,,51299,,
INV-14270,,Vendor,23571,,20-Apr-24,,17811,,81139,,98950,,98950,,
INV-42291,,Vendor,67363,,7-Apr-24,,12503,,56958,,69461,,69461,,
INV-54159,,Vendor,58631,,2-May-24,,2524,,11499,,14023,,14023,,
INV-67563,,Vendor,80918,,28-Apr-24,,17327,,78932,,96259,,96259,,
INV-76554,,Vendor,36855,,9-Apr-24,,10877,,49551,,60429,,60429,,
INV-13343,,Vendor,40474,,18-Apr-24,,5617,,25588,,31205,,31205,,
INV-45130,,Vendor,66121,,17-Apr-24,,17034,,77597,,94631,,94631,,
INV-54548,,Vendor,57408,,25-Apr-24,,2054,,9355,,11409,,11409,,
INV-38259,,Vendor,30167,,16-Apr-24,,15992,,72853,,88845,,88845,,
INV-60922,,Vendor,44047,,11-Apr-24,,16702,,76089,,92791,,92791,,
INV-15584,,Vendor,94542,,14-Apr-24,,7290,,33211,,40501,,40501,,
INV-94688,,Vendor,75778,,10-Apr-24,,4649,,21180,,25829,,25829,,
INV-88068,,Vendor,53750,,3-May-24,,1930,,8791,,10721,,10721,,
INV-88839,,Vendor,41925,,7-Apr-24,,1883,,8578,,10461,,10461,,
INV-20976,,Vendor,29860,,24-Apr-24,,4177,,19029,,23207,,23207,,
INV-79690,,Vendor,93196,,13-Apr-24,,4978,,22677,,27654,,27654,,
INV-42472,,Vendor,83989,,4-May-24,,12875,,58654,,71530,,71530,,
INV-93031,,Vendor,17428,,9-Apr-24,,74,,338,,412,,412,,
INV-86916,,Vendor,42030,,16-Apr-24,,9006,,41027,,50033,,50033,,
INV-53065,,Vendor,35557,,22-Apr-24,,8874,,40426,,49300,,49300,,
INV-82237,,Vendor,16996,,15-Apr-24,,9073,,41332,,50404,,50404,,
INV-26287,,Vendor,50286,,4-May-24,,17682,,80550,,98232,,98232,,
INV-45354,,Vendor,94720,,14-Apr-24,,7640,,34805,,42445,,42445,,
INV-26335,,Vendor,45629,,17-Apr-24,,4853,,22106,,26959,,26959,,
INV-12244,,Vendor,82430,,4-May-24,,12453,,56732,,69185,,69185,,
INV-85695,,Vendor,52455,,13-Apr-24,,15154,,69037,,84191,,84191,,
INV-56093,,Vendor,81503,,23-Apr-24,,4158,,18943,,23102,,23102,,
INV-82413,,Vendor,90107,,25-Apr-24,,16365,,74550,,90915,,90915,,
INV-21145,,Vendor,52116,,12-Apr-24,,3105,,14144,,17248,,17248,,
INV-31558,,Vendor,55556,,7-Apr-24,,10695,,48720,,59414,,59414,,
INV-26916,,Vendor,29264,,28-Apr-24,,5819,,26509,,32329,,32329,,
INV-84962,,Vendor,15192,,6-May-24,,4817,,21942,,26759,,26759,,
INV-88197,,Vendor,40352,,11-Apr-24,,2794,,12726,,15520,,15520,,
INV-21249,,Vendor,58434,,30-Apr-24,,1775,,8085,,9860,,9860,,
INV-41499,,Vendor,42501,,13-Apr-24,,3051,,13900,,16951,,16951,,
INV-99428,,Vendor,58332,,29-Apr-24,,11646,,53055,,64701,,64701,,
INV-84939,,Vendor,98615,,15-Apr-24,,8403,,38278,,46681,,46681,,
INV-41666,,Vendor,71909,,22-Apr-24,,1419,,6466,,7885,,7885,,
INV-20063,,Vendor,86788,,24-Apr-24,,6419,,29241,,35659,,35659,,
INV-26411,,Vendor,15645,,24-Apr-24,,17643,,80373,,98016,,98016,,
INV-45087,,Vendor,85184,,8-Apr-24,,7091,,32305,,39397,,39397,,
INV-41473,,Vendor,79260,,2-May-24,,821,,3741,,4562,,4562,,
INV-78731,,Vendor,82291,,6-May-24,,2279,,10383,,12663,,12663,,
INV-88448,,Vendor,55521,,3-May-24,,13295,,60565,,73859,,73859,,
INV-34647,,Vendor,70851,,2-May-24,,16069,,73203,,89272,,89272,,
INV-73597,,Vendor,98780,,21-Apr-24,,16472,,75039,,91511,,91511,,
INV-14687,,Vendor,49324,,5-May-24,,10981,,50025,,61006,,61006,,
INV-33360,,Vendor,25711,,9-Apr-24,,13173,,60012,,73185,,73185,,
INV-54792,,Vendor,29470,,16-Apr-24,,10928,,49783,,60711,,60711,,
INV-62178,,Vendor,47281,,7-Apr-24,,3823,,17418,,21242,,21242,,
INV-41906,,Vendor,63200,,11-Apr-24,,2883,,13133,,16015,,16015,,
INV-96532,,Vendor,86981,,16-Apr-24,,314,,1432,,1746,,1746,,
INV-87682,,Vendor,15009,,17-Apr-24,,10602,,48297,,58898,,58898,,
INV-48572,,Vendor,69569,,23-Apr-24,,8970,,40862,,49832,,49832,,
INV-40604,,Vendor,41533,,10-Apr-24,,8295,,37790,,46086,,46086,,
INV-75090,,Vendor,79291,,22-Apr-24,,15254,,69489,,84743,,84743,,
INV-56032,,Vendor,84934,,7-Apr-24,,13022,,59323,,72345,,72345,,
INV-89327,,Vendor,36067,,2-May-24,,14430,,65735,,80164,,80164,,
INV-38886,,Vendor,27048,,4-May-24,,11812,,53811,,65623,,65623,,
INV-38484,,Vendor,42794,,30-Apr-24,,9382,,42740,,52122,,52122,,
INV-43031,,Vendor,75796,,8-Apr-24,,10744,,48943,,59686,,59686,,
INV-10219,,Vendor,80516,,22-Apr-24,,6417,,29232,,35649,,35649,,
INV-21733,,Vendor,14337,,26-Apr-24,,13624,,62063,,75686,,75686,,
INV-46043,,Vendor,83671,,6-May-24,,11502,,52400,,63902,,63902,,
INV-34052,,Vendor,66585,,22-Apr-24,,14870,,67739,,82608,,82608,,
INV-95716,,Vendor,96804,,1-May-24,,15045,,68540,,83586,,83586,,
INV-30208,,Vendor,21222,,24-Apr-24,,15343,,69896,,85239,,85239,,
INV-81001,,Vendor,41976,,11-Apr-24,,14452,,65836,,80287,,80287,,
INV-39924,,Vendor,38348,,28-Apr-24,,1596,,7271,,8867,,8867,,
INV-69675,,Vendor,78552,,1-May-24,,2951,,13442,,16393,,16393,,
INV-38505,,Vendor,22923,,18-Apr-24,,3237,,14746,,17983,,17983,,
INV-43704,,Vendor,85451,,22-Apr-24,,14869,,67734,,82603,,82603,,
INV-46508,,Vendor,26378,,14-Apr-24,,5672,,25838,,31510,,31510,,
INV-91713,,Vendor,42836,,2-May-24,,9736,,44352,,54088,,54088,,
INV-70468,,Vendor,29911,,19-Apr-24,,16150,,73573,,89723,,89723,,
INV-63771,,Vendor,97967,,18-Apr-24,,2366,,10776,,13142,,13142,,
INV-40162,,Vendor,64379,,17-Apr-24,,7329,,33388,,40717,,40717,,
INV-62758,,Vendor,46357,,25-Apr-24,,15230,,69381,,84610,,84610,,
INV-50351,,Vendor,41919,,14-Apr-24,,8158,,37164,,45322,,45322,,
INV-76545,,Vendor,47069,,1-May-24,,11632,,52989,,64621,,64621,,
INV-17303,,Vendor,76322,,24-Apr-24,,8009,,36485,,44494,,44494,,
INV-48518,,Vendor,36733,,14-Apr-24,,1092,,4975,,6067,,6067,,
INV-30368,,Vendor,20851,,22-Apr-24,,15666,,71368,,87034,,87034,,
INV-57362,,Vendor,48604,,3-May-24,,15668,,71375,,87042,,87042,,
INV-68284,,Vendor,82642,,25-Apr-24,,5774,,26305,,32080,,32080,,
INV-45866,,Vendor,83632,,29-Apr-24,,3268,,14889,,18157,,18157,,
INV-14156,,Vendor,76585,,15-Apr-24,,10604,,48308,,58913,,58913,,
INV-19327,,Vendor,61728,,5-May-24,,12381,,56401,,68782,,68782,,
INV-36618,,Vendor,23363,,11-Apr-24,,2142,,9759,,11901,,11901,,
INV-75308,,Vendor,40091,,27-Apr-24,,702,,3198,,3900,,3900,,
INV-87106,,Vendor,72941,,24-Apr-24,,15435,,70317,,85753,,85753,,
INV-63914,,Vendor,53132,,8-Apr-24,,4689,,21363,,26052,,26052,,
INV-34821,,Vendor,95243,,24-Apr-24,,2363,,10763,,13126,,13126,,
INV-61414,,Vendor,44865,,12-Apr-24,,2535,,11549,,14084,,14084,,
INV-14933,,Vendor,36717,,8-Apr-24,,2323,,10584,,12908,,12908,,
INV-89443,,Vendor,57905,,5-May-24,,16904,,77009,,93914,,93914,,
INV-52962,,Vendor,73222,,10-Apr-24,,11680,,53207,,64887,,64887,,
INV-22212,,Vendor,61934,,19-Apr-24,,4280,,19497,,23777,,23777,,
INV-82741,,Vendor,33468,,19-Apr-24,,16281,,74168,,90449,,90449,,
INV-95312,,Vendor,52545,,13-Apr-24,,11658,,53111,,64769,,64769,,
INV-50376,,Vendor,18821,,19-Apr-24,,15986,,72823,,88809,,88809,,
INV-23777,,Vendor,83023,,21-Apr-24,,8701,,39640,,48341,,48341,,
INV-16341,,Vendor,12832,,17-Apr-24,,881,,4011,,4892,,4892,,
INV-51984,,Vendor,27152,,13-Apr-24,,5987,,27274,,33260,,33260,,
INV-65347,,Vendor,63172,,13-Apr-24,,12145,,55327,,67473,,67473,,
INV-27708,,Vendor,25573,,16-Apr-24,,4657,,21217,,25874,,25874,,
INV-46890,,Vendor,90398,,27-Apr-24,,10322,,47024,,57346,,57346,,
INV-33067,,Vendor,13271,,12-Apr-24,,1431,,6517,,7948,,7948,,
INV-26195,,Vendor,44697,,19-Apr-24,,1656,,7542,,9198,,9198,,
INV-77083,,Vendor,53027,,11-Apr-24,,6974,,31771,,38745,,38745,,
INV-96174,,Vendor,46473,,15-Apr-24,,4615,,21023,,25637,,25637,,
INV-15837,,Vendor,54793,,8-Apr-24,,14575,,66398,,80973,,80973,,
INV-22097,,Vendor,67755,,18-Apr-24,,1676,,7636,,9312,,9312,,
INV-88539,,Vendor,70798,,29-Apr-24,,8637,,39344,,47981,,47981,,
INV-30521,,Vendor,38131,,20-Apr-24,,1372,,6249,,7620,,7620,,
INV-73842,,Vendor,84738,,16-Apr-24,,6824,,31087,,37911,,37911,,
INV-60328,,Vendor,68717,,2-May-24,,16105,,73369,,89475,,89475,,
INV-59243,,Vendor,61163,,22-Apr-24,,2286,,10415,,12701,,12701,,
INV-58188,,Vendor,29764,,29-Apr-24,,3432,,15634,,19065,,19065,,
INV-72353,,Vendor,20130,,7-Apr-24,,10047,,45769,,55815,,55815,,
INV-95725,,Vendor,98111,,12-Apr-24,,425,,1936,,2361,,2361,,
INV-13304,,Vendor,30850,,28-Apr-24,,12013,,54724,,66737,,66737,,
INV-28772,,Vendor,71661,,29-Apr-24,,7636,,34785,,42420,,42420,,
INV-13730,,Vendor,29782,,15-Apr-24,,17359,,79080,,96439,,96439,,
INV-29616,,Vendor,85453,,13-Apr-24,,10399,,47374,,57774,,57774,,
INV-55420,,Vendor,78854,,9-Apr-24,,4060,,18495,,22555,,22555,,
INV-98127,,Vendor,73700,,13-Apr-24,,11650,,53070,,64720,,64720,,
INV-48659,,Vendor,22077,,24-Apr-24,,9384,,42748,,52132,,52132,,
INV-25782,,Vendor,80563,,25-Apr-24,,1545,,7039,,8584,,8584,,
INV-27020,,Vendor,65248,,6-May-24,,1574,,7171,,8745,,8745,,
INV-54464,,Vendor,14284,,3-May-24,,9234,,42066,,51300,,51300,,
INV-12753,,Vendor,23944,,25-Apr-24,,2514,,11452,,13966,,13966,,
INV-78700,,Vendor,77092,,14-Apr-24,,5389,,24549,,29937,,29937,,
INV-16938,,Vendor,28017,,2-May-24,,10059,,45824,,55883,,55883,,
INV-56932,,Vendor,47380,,9-Apr-24,,495,,2256,,2752,,2752,,
INV-23658,,Vendor,55243,,21-Apr-24,,14900,,67877,,82777,,82777,,
INV-14340,,Vendor,92740,,7-Apr-24,,2617,,11924,,14542,,14542,,
INV-32417,,Vendor,33624,,13-Apr-24,,9888,,45046,,54934,,54934,,
INV-19149,,Vendor,65159,,8-Apr-24,,5777,,26319,,32096,,32096,,
INV-14260,,Vendor,17257,,11-Apr-24,,14086,,64169,,78255,,78255,,
INV-23483,,Vendor,90881,,20-Apr-24,,4226,,19250,,23475,,23475,,
INV-81221,,Vendor,16098,,7-Apr-24,,1718,,7827,,9545,,9545,,
INV-25567,,Vendor,82730,,3-May-24,,6031,,27475,,33506,,33506,,
INV-63980,,Vendor,56322,,6-May-24,,17208,,78393,,95601,,95601,,
INV-50246,,Vendor,67213,,5-May-24,,15423,,70260,,85683,,85683,,
INV-18007,,Vendor,28280,,17-Apr-24,,6654,,30315,,36969,,36969,,
INV-38293,,Vendor,93639,,20-Apr-24,,90,,408,,497,,497,,
INV-37346,,Vendor,30158,,6-May-24,,13771,,62735,,76506,,76506,,
INV-69263,,Vendor,29013,,21-Apr-24,,14726,,67084,,81810,,81810,,
INV-86858,,Vendor,55007,,20-Apr-24,,7742,,35267,,43009,,43009,,
INV-26953,,Vendor,86614,,5-May-24,,17740,,80817,,98557,,98557,,
INV-49625,,Vendor,96381,,20-Apr-24,,1812,,8256,,10068,,10068,,
INV-42066,,Vendor,72143,,6-May-24,,4345,,19793,,24138,,24138,,
INV-77013,,Vendor,39378,,26-Apr-24,,11847,,53969,,65816,,65816,,
INV-37984,,Vendor,76631,,16-Apr-24,,15147,,69003,,84149,,84149,,
INV-61828,,Vendor,29835,,9-Apr-24,,2351,,10710,,13060,,13060,,
INV-67173,,Vendor,16859,,14-Apr-24,,11691,,53258,,64948,,64948,,
INV-33350,,Vendor,25325,,7-Apr-24,,8852,,40324,,49176,,49176,,
INV-76244,,Vendor,83534,,20-Apr-24,,14471,,65922,,80392,,80392,,
INV-29067,,Vendor,96018,,7-Apr-24,,7763,,35363,,43125,,43125,,
INV-52585,,Vendor,88583,,3-May-24,,9224,,42021,,51246,,51246,,
INV-22683,,Vendor,49706,,4-May-24,,800,,3644,,4444,,4444,,
INV-36561,,Vendor,38251,,25-Apr-24,,1475,,6722,,8197,,8197,,
INV-31416,,Vendor,32501,,15-Apr-24,,192,,873,,1064,,1064,,
INV-20526,,Vendor,21503,,13-Apr-24,,5717,,26046,,31764,,31764,,
INV-71828,,Vendor,41965,,1-May-24,,10457,,47639,,58096,,58096,,
INV-89180,,Vendor,71820,,11-Apr-24,,7422,,33811,,41233,,41233,,
INV-44179,,Vendor,93025,,10-Apr-24,,4920,,22415,,27336,,27336,,
INV-17340,,Vendor,92002,,12-Apr-24,,6936,,31596,,38532,,38532,,
INV-74310,,Vendor,73508,,10-Apr-24,,966,,4401,,5368,,5368,,
INV-68246,,Vendor,77201,,24-Apr-24,,1978,,9013,,10992,,10992,,
INV-47992,,Vendor,68385,,30-Apr-24,,7715,,35146,,42861,,42861,,
INV-91124,,Vendor,87023,,16-Apr-24,,551,,2509,,3059,,3059,,
INV-83117,,Vendor,48914,,11-Apr-24,,2043,,9306,,11349,,11349,,
INV-69871,,Vendor,15949,,22-Apr-24,,11150,,50793,,61943,,61943,,
INV-85178,,Vendor,30639,,15-Apr-24,,7207,,32833,,40041,,40041,,
INV-90318,,Vendor,11454,,15-Apr-24,,11598,,52835,,64433,,64433,,
INV-23760,,Vendor,23230,,6-May-24,,11115,,50633,,61748,,61748,,
INV-90245,,Vendor,44937,,26-Apr-24,,6237,,28413,,34650,,34650,,
INV-84070,,Vendor,99908,,20-Apr-24,,6537,,29778,,36315,,36315,,
INV-95086,,Vendor,16310,,3-May-24,,11433,,52084,,63517,,63517,,
INV-79768,,Vendor,88813,,21-Apr-24,,8446,,38475,,46921,,46921,,
INV-19200,,Vendor,14515,,7-Apr-24,,1862,,8482,,10343,,10343,,
INV-94916,,Vendor,56681,,10-Apr-24,,7560,,34441,,42001,,42001,,
INV-33904,,Vendor,21307,,18-Apr-24,,13597,,61943,,75540,,75540,,
INV-83686,,Vendor,81261,,26-Apr-24,,1416,,6449,,7865,,7865,,
INV-90770,,Vendor,95466,,8-Apr-24,,3637,,16567,,20204,,20204,,
INV-18157,,Vendor,99560,,4-May-24,,1337,,6092,,7429,,7429,,
INV-12639,,Vendor,83225,,14-Apr-24,,15542,,70801,,86343,,86343,,
INV-19096,,Vendor,34658,,8-Apr-24,,12222,,55678,,67900,,67900,,
INV-68415,,Vendor,20060,,17-Apr-24,,15801,,71983,,87785,,87785,,
INV-56092,,Vendor,20317,,14-Apr-24,,13161,,59955,,73116,,73116,,
INV-59516,,Vendor,46594,,24-Apr-24,,17920,,81634,,99554,,99554,,
INV-91092,,Vendor,99775,,21-Apr-24,,1839,,8376,,10215,,10215,,
INV-37041,,Vendor,55756,,12-Apr-24,,5336,,24309,,29645,,29645,,
INV-68931,,Vendor,44677,,19-Apr-24,,14204,,64705,,78909,,78909,,
INV-97529,,Vendor,86542,,23-Apr-24,,5539,,25232,,30770,,30770,,
INV-52981,,Vendor,12315,,27-Apr-24,,8157,,37160,,45317,,45317,,
INV-10260,,Vendor,77319,,5-May-24,,4661,,21234,,25895,,25895,,
INV-60007,,Vendor,95264,,17-Apr-24,,10470,,47698,,58168,,58168,,
INV-77598,,Vendor,60137,,11-Apr-24,,2053,,9354,,11407,,11407,,
INV-62699,,Vendor,75430,,25-Apr-24,,1044,,4754,,5798,,5798,,
INV-72142,,Vendor,94069,,3-May-24,,4666,,21258,,25925,,25925,,
INV-93804,,Vendor,30312,,12-Apr-24,,4170,,18999,,23169,,23169,,
INV-20147,,Vendor,27217,,14-Apr-24,,4696,,21392,,26087,,26087,,
INV-44031,,Vendor,41393,,8-Apr-24,,15712,,71577,,87289,,87289,,
INV-18510,,Vendor,65926,,28-Apr-24,,5398,,24592,,29991,,29991,,
INV-64434,,Vendor,38959,,10-Apr-24,,12253,,55819,,68072,,68072,,
INV-55667,,Vendor,85579,,1-May-24,,300,,1367,,1667,,1667,,
INV-27758,,Vendor,42725,,30-Apr-24,,13309,,60629,,73937,,73937,,
INV-76821,,Vendor,40022,,5-May-24,,9822,,44746,,54568,,54568,,
INV-79220,,Vendor,98260,,27-Apr-24,,7954,,36235,,44189,,44189,,
INV-90278,,Vendor,41885,,12-Apr-24,,4433,,20193,,24626,,24626,,
INV-55340,,Vendor,15220,,23-Apr-24,,6053,,27576,,33629,,33629,,
INV-16004,,Vendor,60981,,26-Apr-24,,7039,,32064,,39103,,39103,,
INV-50312,,Vendor,48798,,12-Apr-24,,3094,,14094,,17188,,17188,,
INV-68958,,Vendor,17024,,29-Apr-24,,780,,3555,,4335,,4335,,
INV-50110,,Vendor,70371,,20-Apr-24,,7566,,34465,,42031,,42031,,
INV-24017,,Vendor,10085,,16-Apr-24,,16592,,75588,,92180,,92180,,
INV-46280,,Vendor,72098,,26-Apr-24,,8926,,40661,,49587,,49587,,
INV-76444,,Vendor,81718,,22-Apr-24,,7840,,35716,,43556,,43556,,
INV-94623,,Vendor,49882,,23-Apr-24,,11872,,54084,,65957,,65957,,
INV-79618,,Vendor,71381,,5-May-24,,5105,,23254,,28359,,28359,,
INV-84405,,Vendor,39587,,30-Apr-24,,9041,,41188,,50229,,50229,,
INV-16082,,Vendor,35194,,26-Apr-24,,6632,,30211,,36843,,36843,,
INV-38474,,Vendor,58117,,16-Apr-24,,13314,,60653,,73968,,73968,,
INV-34993,,Vendor,45961,,6-May-24,,2676,,12192,,14869,,14869,,
INV-65174,,Vendor,88249,,16-Apr-24,,14925,,67993,,82918,,82918,,
INV-39765,,Vendor,25390,,24-Apr-24,,8337,,37981,,46319,,46319,,
INV-75989,,Vendor,19920,,20-Apr-24,,6602,,30076,,36678,,36678,,
INV-59916,,Vendor,30184,,6-May-24,,12860,,58585,,71445,,71445,,
INV-84051,,Vendor,88798,,22-Apr-24,,13480,,61411,,74892,,74892,,
INV-95667,,Vendor,31148,,25-Apr-24,,1357,,6183,,7540,,7540,,
INV-13227,,Vendor,19428,,10-Apr-24,,2054,,9355,,11409,,11409,,
INV-16516,,Vendor,56177,,11-Apr-24,,7455,,33961,,41415,,41415,,
INV-66637,,Vendor,57195,,17-Apr-24,,3229,,14709,,17938,,17938,,
INV-65375,,Vendor,11164,,5-May-24,,15465,,70450,,85915,,85915,,
INV-17378,,Vendor,73514,,22-Apr-24,,1985,,9043,,11028,,11028,,
INV-10092,,Vendor,53104,,1-May-24,,14728,,67094,,81822,,81822,,
INV-54864,,Vendor,19432,,6-May-24,,14888,,67821,,82709,,82709,,
INV-38235,,Vendor,83787,,21-Apr-24,,12037,,54834,,66871,,66871,,
INV-34242,,Vendor,77077,,25-Apr-24,,1838,,8373,,10211,,10211,,
INV-85671,,Vendor,44603,,12-Apr-24,,14784,,67350,,82134,,82134,,
INV-84067,,Vendor,68933,,19-Apr-24,,1940,,8840,,10780,,10780,,
INV-61216,,Vendor,87794,,23-Apr-24,,14276,,65036,,79313,,79313,,
INV-29775,,Vendor,11610,,1-May-24,,2820,,12847,,15667,,15667,,
INV-87639,,Vendor,57566,,9-Apr-24,,14510,,66099,,80609,,80609,,
INV-61785,,Vendor,63203,,5-May-24,,16187,,73739,,89926,,89926,,
INV-26605,,Vendor,18413,,18-Apr-24,,11145,,50771,,61915,,61915,,
INV-87360,,Vendor,77414,,12-Apr-24,,17660,,80450,,98109,,98109,,
INV-72009,,Vendor,62752,,14-Apr-24,,13033,,59372,,72405,,72405,,
INV-57560,,Vendor,42020,,5-May-24,,11692,,53264,,64956,,64956,,
INV-72416,,Vendor,76941,,5-May-24,,16016,,72961,,88977,,88977,,
INV-29409,,Vendor,51530,,1-May-24,,5992,,27296,,33288,,33288,,
INV-26201,,Vendor,28837,,29-Apr-24,,6198,,28236,,34434,,34434,,
INV-45618,,Vendor,70663,,23-Apr-24,,14440,,65781,,80221,,80221,,
INV-11166,,Vendor,71046,,27-Apr-24,,16799,,76530,,93330,,93330,,
INV-24413,,Vendor,84287,,4-May-24,,13244,,60336,,73580,,73580,,
INV-57934,,Vendor,51198,,15-Apr-24,,6205,,28269,,34474,,34474,,
INV-46752,,Vendor,58934,,17-Apr-24,,8724,,39742,,48466,,48466,,
INV-93706,,Vendor,35962,,22-Apr-24,,11716,,53372,,65088,,65088,,
INV-39987,,Vendor,87848,,21-Apr-24,,16851,,76767,,93618,,93618,,
INV-93554,,Vendor,16143,,9-Apr-24,,15235,,69404,,84640,,84640,,
INV-33083,,Vendor,20386,,6-May-24,,3914,,17830,,21744,,21744,,
INV-86718,,Vendor,67283,,9-Apr-24,,2560,,11662,,14222,,14222,,
INV-30827,,Vendor,44713,,18-Apr-24,,2915,,13281,,16196,,16196,,
INV-73970,,Vendor,79194,,12-Apr-24,,15707,,71556,,87263,,87263,,
INV-76840,,Vendor,73586,,9-Apr-24,,4651,,21188,,25839,,25839,,
INV-43774,,Vendor,24630,,7-Apr-24,,3245,,14784,,18030,,18030,,
INV-97350,,Vendor,76892,,23-Apr-24,,13814,,62930,,76743,,76743,,
INV-96818,,Vendor,51580,,17-Apr-24,,4890,,22275,,27164,,27164,,
INV-15756,,Vendor,64572,,24-Apr-24,,7801,,35539,,43340,,43340,,
INV-96859,,Vendor,26927,,27-Apr-24,,14116,,64305,,78421,,78421,,
INV-91164,,Vendor,22313,,25-Apr-24,,10289,,46872,,57160,,57160,,
INV-57646,,Vendor,79335,,1-May-24,,12840,,58493,,71332,,71332,,
INV-62179,,Vendor,61758,,27-Apr-24,,16237,,73966,,90203,,90203,,
INV-95963,,Vendor,91617,,11-Apr-24,,2444,,11135,,13579,,13579,,
INV-14358,,Vendor,64649,,9-Apr-24,,423,,1926,,2348,,2348,,
INV-11435,,Vendor,34480,,29-Apr-24,,13140,,59859,,72998,,72998,,
INV-58496,,Vendor,99364,,30-Apr-24,,9080,,41365,,50445,,50445,,
INV-97976,,Vendor,71213,,2-May-24,,16274,,74139,,90413,,90413,,
INV-58088,,Vendor,29704,,22-Apr-24,,10200,,46465,,56665,,56665,,
INV-75912,,Vendor,29689,,30-Apr-24,,2516,,11461,,13976,,13976,,
INV-52831,,Vendor,33492,,4-May-24,,12426,,56609,,69036,,69036,,
INV-25494,,Vendor,63330,,17-Apr-24,,11703,,53312,,65014,,65014,,
INV-14144,,Vendor,50500,,20-Apr-24,,11858,,54020,,65878,,65878,,
INV-43235,,Vendor,46763,,4-May-24,,3853,,17553,,21406,,21406,,
INV-99524,,Vendor,64134,,14-Apr-24,,7014,,31954,,38968,,38968,,
INV-77570,,Vendor,72485,,7-Apr-24,,17737,,80800,,98536,,98536,,
INV-10223,,Vendor,22657,,6-May-24,,15596,,71048,,86644,,86644,,
INV-31545,,Vendor,91615,,22-Apr-24,,861,,3921,,4781,,4781,,
INV-43157,,Vendor,68687,,1-May-24,,9183,,41833,,51016,,51016,,
INV-50634,,Vendor,13996,,9-Apr-24,,7223,,32907,,40130,,40130,,
INV-45562,,Vendor,47764,,22-Apr-24,,16027,,73013,,89041,,89041,,
INV-59168,,Vendor,64971,,25-Apr-24,,9553,,43521,,53075,,53075,,
INV-91317,,Vendor,94458,,3-May-24,,7963,,36276,,44239,,44239,,
INV-48192,,Vendor,34554,,23-Apr-24,,2235,,10182,,12418,,12418,,
INV-66957,,Vendor,73621,,29-Apr-24,,4643,,21153,,25796,,25796,,
INV-28215,,Vendor,96941,,4-May-24,,8648,,39395,,48042,,48042,,
INV-16122,,Vendor,64410,,24-Apr-24,,1788,,8146,,9935,,9935,,
INV-66787,,Vendor,93565,,25-Apr-24,,5792,,26386,,32178,,32178,,
INV-29489,,Vendor,35473,,7-Apr-24,,14556,,66311,,80867,,80867,,
INV-81953,,Vendor,69822,,3-May-24,,16727,,76202,,92929,,92929,,
INV-61184,,Vendor,22320,,15-Apr-24,,4826,,21983,,26809,,26809,,
INV-82429,,Vendor,94851,,2-May-24,,9932,,45247,,55179,,55179,,
INV-65498,,Vendor,99297,,6-May-24,,12224,,55686,,67910,,67910,,
INV-17230,,Vendor,14063,,21-Apr-24,,7552,,34402,,41953,,41953,,
INV-48675,,Vendor,76132,,19-Apr-24,,7219,,32885,,40104,,40104,,
INV-57001,,Vendor,56539,,12-Apr-24,,9237,,42078,,51315,,51315,,
INV-91624,,Vendor,83882,,3-May-24,,4125,,18792,,22917,,22917,,
INV-94727,,Vendor,49314,,13-Apr-24,,7471,,34035,,41507,,41507,,
INV-42880,,Vendor,51230,,5-May-24,,9908,,45134,,55042,,55042,,
INV-82326,,Vendor,67574,,6-May-24,,17536,,79886,,97421,,97421,,
INV-99911,,Vendor,30849,,17-Apr-24,,7983,,36365,,44347,,44347,,
INV-37021,,Vendor,44501,,19-Apr-24,,12490,,56900,,69390,,69390,,
INV-60497,,Vendor,40802,,21-Apr-24,,15870,,72295,,88164,,88164,,
INV-44527,,Vendor,55874,,26-Apr-24,,1679,,7649,,9328,,9328,,
INV-59902,,Vendor,63316,,17-Apr-24,,1366,,6221,,7586,,7586,,
INV-10234,,Vendor,82332,,6-May-24,,3612,,16455,,20067,,20067,,
INV-55676,,Vendor,59562,,13-Apr-24,,9906,,45129,,55035,,55035,,
INV-21229,,Vendor,46191,,19-Apr-24,,17573,,80056,,97629,,97629,,
INV-17620,,Vendor,58552,,17-Apr-24,,17397,,79253,,96650,,96650,,
INV-31953,,Vendor,81554,,14-Apr-24,,7419,,33797,,41216,,41216,,
INV-61431,,Vendor,46269,,4-May-24,,6833,,31127,,37960,,37960,,
INV-50760,,Vendor,40579,,29-Apr-24,,12360,,56306,,68666,,68666,,
INV-30432,,Vendor,24538,,1-May-24,,16997,,77433,,94430,,94430,,
INV-75235,,Vendor,75010,,17-Apr-24,,15624,,71177,,86801,,86801,,
INV-50350,,Vendor,34717,,13-Apr-24,,8826,,40205,,49031,,49031,,
INV-40265,,Vendor,55449,,13-Apr-24,,16973,,77322,,94295,,94295,,
INV-62576,,Vendor,44709,,22-Apr-24,,16458,,74974,,91432,,91432,,
INV-69625,,Vendor,37757,,16-Apr-24,,15502,,70621,,86123,,86123,,
INV-70714,,Vendor,10724,,12-Apr-24,,1561,,7110,,8671,,8671,,
INV-24948,,Vendor,13112,,3-May-24,,6014,,27397,,33412,,33412,,
INV-10417,,Vendor,47629,,24-Apr-24,,15562,,70892,,86453,,86453,,
INV-73417,,Vendor,50046,,22-Apr-24,,1883,,8580,,10464,,10464,,
INV-20656,,Vendor,88649,,11-Apr-24,,14742,,67160,,81902,,81902,,
INV-19562,,Vendor,10498,,25-Apr-24,,735,,3347,,4082,,4082,,
INV-66942,,Vendor,27403,,14-Apr-24,,7579,,34526,,42105,,42105,,
INV-92107,,Vendor,44618,,9-Apr-24,,10964,,49949,,60913,,60913,,
INV-98310,,Vendor,95181,,9-Apr-24,,15494,,70583,,86076,,86076,,
INV-28823,,Vendor,37309,,16-Apr-24,,10884,,49582,,60466,,60466,,
INV-42410,,Vendor,98661,,16-Apr-24,,2753,,12543,,15297,,15297,,
INV-45974,,Vendor,59007,,6-May-24,,14560,,66331,,80891,,80891,,
INV-57528,,Vendor,50362,,4-May-24,,9340,,42550,,51890,,51890,,
INV-42596,,Vendor,36779,,3-May-24,,5195,,23664,,28859,,28859,,
INV-74860,,Vendor,81141,,21-Apr-24,,10812,,49255,,60067,,60067,,
INV-89739,,Vendor,46852,,5-May-24,,1206,,5494,,6700,,6700,,
INV-86166,,Vendor,17458,,13-Apr-24,,3723,,16961,,20684,,20684,,
INV-64689,,Vendor,99656,,21-Apr-24,,5463,,24887,,30350,,30350,,
INV-95013,,Vendor,41184,,11-Apr-24,,13883,,63244,,77127,,77127,,
INV-89295,,Vendor,46149,,27-Apr-24,,449,,2044,,2493,,2493,,
INV-60015,,Vendor,70363,,24-Apr-24,,400,,1824,,2224,,2224,,
INV-48425,,Vendor,19855,,23-Apr-24,,3981,,18136,,22118,,22118,,
INV-39701,,Vendor,94726,,23-Apr-24,,209,,952,,1161,,1161,,
INV-92798,,Vendor,15349,,24-Apr-24,,12312,,56089,,68401,,68401,,
INV-59996,,Vendor,76156,,3-May-24,,17280,,78721,,96001,,96001,,
INV-88503,,Vendor,45886,,1-May-24,,7810,,35578,,43387,,43387,,
INV-53186,,Vendor,79727,,22-Apr-24,,11137,,50736,,61874,,61874,,
INV-99417,,Vendor,80697,,12-Apr-24,,10451,,47609,,58059,,58059,,
INV-89626,,Vendor,52013,,11-Apr-24,,4190,,19087,,23277,,23277,,
INV-35535,,Vendor,61459,,27-Apr-24,,9297,,42351,,51648,,51648,,
INV-86551,,Vendor,48281,,26-Apr-24,,1691,,7702,,9393,,9393,,
INV-22490,,Vendor,77983,,9-Apr-24,,13067,,59528,,72595,,72595,,
INV-91815,,Vendor,34219,,15-Apr-24,,15335,,69861,,85196,,85196,,
INV-80449,,Vendor,57395,,12-Apr-24,,9996,,45540,,55536,,55536,,
INV-21933,,Vendor,69793,,10-Apr-24,,6797,,30965,,37762,,37762,,
INV-80000,,Vendor,56248,,9-Apr-24,,8031,,36585,,44616,,44616,,
INV-99725,,Vendor,88875,,14-Apr-24,,15933,,72585,,88519,,88519,,
INV-70051,,Vendor,99856,,17-Apr-24,,15364,,69992,,85356,,85356,,
INV-31166,,Vendor,63591,,9-Apr-24,,6198,,28235,,34433,,34433,,
INV-10289,,Vendor,91874,,11-Apr-24,,9771,,44512,,54283,,54283,,
INV-36896,,Vendor,87547,,29-Apr-24,,12244,,55778,,68022,,68022,,
INV-39254,,Vendor,62072,,13-Apr-24,,1474,,6713,,8187,,8187,,
INV-63505,,Vendor,42461,,3-May-24,,8032,,36588,,44620,,44620,,
INV-12326,,Vendor,28254,,1-May-24,,8733,,39784,,48517,,48517,,
INV-53193,,Vendor,88229,,7-Apr-24,,4512,,20552,,25064,,25064,,
INV-19304,,Vendor,58103,,3-May-24,,6140,,27969,,34109,,34109,,
INV-94569,,Vendor,46850,,8-Apr-24,,16477,,75064,,91541,,91541,,
INV-40055,,Vendor,73584,,27-Apr-24,,17298,,78804,,96102,,96102,,
INV-58762,,Vendor,52527,,11-Apr-24,,16664,,75915,,92579,,92579,,
INV-10454,,Vendor,78058,,15-Apr-24,,8190,,37309,,45498,,45498,,
INV-54922,,Vendor,77770,,27-Apr-24,,135,,614,,749,,749,,
INV-44669,,Vendor,64247,,1-May-24,,15711,,71574,,87286,,87286,,
INV-48620,,Vendor,59024,,29-Apr-24,,2199,,10017,,12216,,12216,,
INV-65909,,Vendor,72492,,13-Apr-24,,10800,,49199,,59998,,59998,,
INV-96304,,Vendor,20480,,18-Apr-24,,3443,,15685,,19128,,19128,,
INV-13688,,Vendor,94309,,29-Apr-24,,11832,,53903,,65736,,65736,,
INV-71681,,Vendor,98569,,15-Apr-24,,17548,,79942,,97490,,97490,,
INV-88304,,Vendor,19527,,27-Apr-24,,3542,,16138,,19680,,19680,,
INV-96901,,Vendor,53989,,22-Apr-24,,13580,,61864,,75444,,75444,,
INV-97965,,Vendor,36806,,13-Apr-24,,9115,,41526,,50641,,50641,,
INV-26500,,Vendor,41306,,23-Apr-24,,15407,,70189,,85596,,85596,,
INV-23434,,Vendor,45371,,16-Apr-24,,13035,,59383,,72418,,72418,,
INV-28942,,Vendor,76494,,5-May-24,,6962,,31715,,38677,,38677,,
INV-55025,,Vendor,18301,,22-Apr-24,,15653,,71306,,86959,,86959,,
INV-75801,,Vendor,51006,,3-May-24,,9468,,43130,,52598,,52598,,
INV-51852,,Vendor,54387,,22-Apr-24,,3264,,14870,,18134,,18134,,
INV-38507,,Vendor,55477,,21-Apr-24,,14883,,67802,,82685,,82685,,
INV-34467,,Vendor,52560,,26-Apr-24,,2566,,11691,,14257,,14257,,
INV-88068,,Vendor,40740,,1-May-24,,4849,,22091,,26940,,26940,,
INV-61400,,Vendor,99004,,16-Apr-24,,16387,,74652,,91040,,91040,,
INV-89959,,Vendor,64046,,6-May-24,,6174,,28127,,34301,,34301,,
INV-13039,,Vendor,72458,,25-Apr-24,,16796,,76515,,93312,,93312,,
INV-29707,,Vendor,44418,,19-Apr-24,,3666,,16700,,20366,,20366,,
INV-61550,,Vendor,43466,,2-May-24,,17615,,80245,,97859,,97859,,
INV-88025,,Vendor,88040,,4-May-24,,12631,,57541,,70172,,70172,,
INV-23343,,Vendor,52770,,11-Apr-24,,2399,,10928,,13327,,13327,,
INV-10282,,Vendor,72064,,5-May-24,,10437,,47546,,57983,,57983,,
INV-11096,,Vendor,47684,,29-Apr-24,,6704,,30542,,37246,,37246,,
INV-41989,,Vendor,48567,,12-Apr-24,,9253,,42150,,51403,,51403,,
INV-30811,,Vendor,56064,,18-Apr-24,,9607,,43765,,53372,,53372,,
INV-97790,,Vendor,62117,,4-May-24,,7430,,33847,,41277,,41277,,
INV-82805,,Vendor,30805,,12-Apr-24,,16758,,76342,,93100,,93100,,
INV-87856,,Vendor,35695,,23-Apr-24,,15585,,70997,,86582,,86582,,
INV-75058,,Vendor,75807,,20-Apr-24,,11682,,53218,,64901,,64901,,
INV-36498,,Vendor,73289,,27-Apr-24,,17322,,78912,,96234,,96234,,
INV-18784,,Vendor,34531,,29-Apr-24,,2187,,9965,,12152,,12152,,
INV-25585,,Vendor,92725,,21-Apr-24,,8770,,39953,,48723,,48723,,
INV-42657,,Vendor,98726,,22-Apr-24,,5514,,25121,,30636,,30636,,
INV-85575,,Vendor,51018,,16-Apr-24,,8006,,36471,,44477,,44477,,
INV-89102,,Vendor,85376,,24-Apr-24,,14856,,67679,,82535,,82535,,
INV-43530,,Vendor,28069,,3-May-24,,17380,,79178,,96558,,96558,,
INV-72474,,Vendor,22205,,6-May-24,,12519,,57031,,69550,,69550,,
INV-76382,,Vendor,62615,,4-May-24,,1108,,5050,,6158,,6158,,
INV-14157,,Vendor,65651,,7-Apr-24,,10779,,49103,,59882,,59882,,
INV-49219,,Vendor,44341,,11-Apr-24,,7253,,33042,,40295,,40295,,
INV-30795,,Vendor,17084,,9-Apr-24,,16924,,77100,,94025,,94025,,
INV-83794,,Vendor,30450,,3-May-24,,11942,,54403,,66345,,66345,,
INV-41624,,Vendor,16181,,6-May-24,,2233,,10174,,12407,,12407,,
INV-24368,,Vendor,60928,,26-Apr-24,,8961,,40825,,49786,,49786,,
INV-56049,,Vendor,74449,,29-Apr-24,,16504,,75184,,91688,,91688,,
INV-16597,,Vendor,12617,,8-Apr-24,,17359,,79080,,96439,,96439,,
INV-35414,,Vendor,77157,,20-Apr-24,,520,,2367,,2886,,2886,,
INV-36806,,Vendor,71622,,25-Apr-24,,12751,,58087,,70838,,70838,,
INV-48376,,Vendor,47208,,10-Apr-24,,1754,,7990,,9743,,9743,,
INV-76950,,Vendor,52452,,20-Apr-24,,9240,,42092,,51331,,51331,,
INV-93398,,Vendor,12598,,5-May-24,,6749,,30747,,37497,,37497,,
INV-84712,,Vendor,96352,,22-Apr-24,,14353,,65385,,79738,,79738,,
INV-31345,,Vendor,40217,,17-Apr-24,,8748,,39853,,48602,,48602,,
INV-40083,,Vendor,60892,,26-Apr-24,,3797,,17297,,21093,,21093,,
INV-42390,,Vendor,78513,,10-Apr-24,,17698,,80623,,98321,,98321,,
INV-42072,,Vendor,26186,,12-Apr-24,,14730,,67105,,81835,,81835,,
INV-57991,,Vendor,57282,,2-May-24,,1297,,5908,,7204,,7204,,
INV-57995,,Vendor,68549,,15-Apr-24,,5803,,26434,,32236,,32236,,
INV-15313,,Vendor,57826,,25-Apr-24,,15368,,70008,,85375,,85375,,
INV-72022,,Vendor,51460,,9-Apr-24,,3103,,14138,,17241,,17241,,
INV-34742,,Vendor,74371,,3-May-24,,17064,,77735,,94799,,94799,,
INV-76762,,Vendor,56580,,17-Apr-24,,3566,,16246,,19812,,19812,,
INV-19442,,Vendor,81831,,1-May-24,,5005,,22802,,27808,,27808,,
INV-62371,,Vendor,94548,,14-Apr-24,,13698,,62400,,76097,,76097,,
INV-64450,,Vendor,36264,,12-Apr-24,,3808,,17347,,21155,,21155,,
INV-97431,,Vendor,89071,,28-Apr-24,,16524,,75277,,91801,,91801,,
INV-20541,,Vendor,44729,,13-Apr-24,,6832,,31123,,37955,,37955,,
INV-41462,,Vendor,87662,,6-May-24,,12832,,58457,,71288,,71288,,
INV-68075,,Vendor,40249,,17-Apr-24,,15543,,70805,,86348,,86348,,
INV-33708,,Vendor,46606,,11-Apr-24,,15356,,69954,,85310,,85310,,
INV-14355,,Vendor,24310,,16-Apr-24,,8329,,37942,,46271,,46271,,
INV-96319,,Vendor,44123,,10-Apr-24,,3375,,15376,,18752,,18752,,
INV-53508,,Vendor,37337,,25-Apr-24,,15001,,68339,,83340,,83340,,
INV-73695,,Vendor,54452,,24-Apr-24,,15436,,70318,,85754,,85754,,
INV-65174,,Vendor,87728,,27-Apr-24,,10157,,46271,,56428,,56428,,
INV-49270,,Vendor,20952,,19-Apr-24,,12056,,54922,,66978,,66978,,
INV-56988,,Vendor,27431,,25-Apr-24,,11386,,51870,,63256,,63256,,
INV-56561,,Vendor,55065,,30-Apr-24,,16739,,76254,,92993,,92993,,
INV-58518,,Vendor,13034,,5-May-24,,6022,,27433,,33455,,33455,,
INV-17539,,Vendor,42182,,6-May-24,,267,,1215,,1482,,1482,,
INV-68399,,Vendor,82523,,9-Apr-24,,6976,,31780,,38756,,38756,,
INV-12862,,Vendor,79671,,8-Apr-24,,17925,,81659,,99585,,99585,,
INV-83901,,Vendor,34457,,16-Apr-24,,579,,2637,,3216,,3216,,
INV-14270,,Vendor,61544,,3-May-24,,3872,,17638,,21509,,21509,,
INV-44488,,Vendor,13890,,27-Apr-24,,6961,,31713,,38675,,38675,,
INV-60830,,Vendor,40452,,11-Apr-24,,8103,,36915,,45018,,45018,,
INV-53610,,Vendor,57108,,5-May-24,,2392,,10898,,13290,,13290,,
INV-78987,,Vendor,74533,,28-Apr-24,,2866,,13055,,15920,,15920,,
INV-50086,,Vendor,29430,,18-Apr-24,,6711,,30571,,37281,,37281,,
INV-77308,,Vendor,57043,,29-Apr-24,,9994,,45528,,55522,,55522,,
INV-60867,,Vendor,50854,,21-Apr-24,,2889,,13160,,16049,,16049,,
INV-66625,,Vendor,40301,,28-Apr-24,,9544,,43478,,53022,,53022,,
INV-63574,,Vendor,86964,,3-May-24,,15006,,68360,,83366,,83366,,
INV-93627,,Vendor,92507,,26-Apr-24,,16070,,73206,,89275,,89275,,
INV-50589,,Vendor,65969,,13-Apr-24,,8626,,39294,,47920,,47920,,
INV-16797,,Vendor,32840,,4-May-24,,8947,,40758,,49705,,49705,,
INV-55432,,Vendor,12491,,30-Apr-24,,9893,,45067,,54960,,54960,,
INV-69446,,Vendor,42965,,17-Apr-24,,4188,,19081,,23269,,23269,,
INV-86845,,Vendor,29109,,6-May-24,,9362,,42649,,52011,,52011,,
INV-61538,,Vendor,10650,,28-Apr-24,,7702,,35088,,42790,,42790,,
INV-67023,,Vendor,77406,,10-Apr-24,,5548,,25274,,30822,,30822,,
INV-53011,,Vendor,70472,,16-Apr-24,,2470,,11254,,13724,,13724,,
INV-31064,,Vendor,25518,,23-Apr-24,,3744,,17056,,20800,,20800,,
INV-28353,,Vendor,41120,,7-Apr-24,,8478,,38622,,47099,,47099,,
INV-22489,,Vendor,12427,,13-Apr-24,,11902,,54222,,66125,,66125,,
INV-40372,,Vendor,17347,,6-May-24,,2737,,12469,,15206,,15206,,
INV-30998,,Vendor,26839,,2-May-24,,3133,,14272,,17404,,17404,,
INV-58081,,Vendor,67334,,21-Apr-24,,14723,,67072,,81795,,81795,,
INV-12251,,Vendor,57669,,5-May-24,,12454,,56734,,69187,,69187,,
INV-65314,,Vendor,11230,,22-Apr-24,,11413,,51991,,63404,,63404,,
INV-95089,,Vendor,92941,,14-Apr-24,,9821,,44741,,54562,,54562,,
INV-64726,,Vendor,58912,,7-Apr-24,,4278,,19490,,23768,,23768,,
INV-40715,,Vendor,90150,,5-May-24,,3803,,17323,,21125,,21125,,
INV-45953,,Vendor,58823,,23-Apr-24,,1703,,7759,,9462,,9462,,
INV-93961,,Vendor,10554,,8-Apr-24,,584,,2661,,3245,,3245,,
INV-17119,,Vendor,62402,,23-Apr-24,,9197,,41897,,51094,,51094,,
INV-86122,,Vendor,15513,,18-Apr-24,,8552,,38960,,47512,,47512,,
INV-94874,,Vendor,89640,,22-Apr-24,,6903,,31447,,38351,,38351,,
INV-70545,,Vendor,60809,,15-Apr-24,,16504,,75187,,91691,,91691,,
INV-81482,,Vendor,46987,,16-Apr-24,,7290,,33211,,40501,,40501,,
INV-17741,,Vendor,97842,,19-Apr-24,,8798,,40079,,48877,,48877,,
INV-18808,,Vendor,48881,,15-Apr-24,,6299,,28694,,34992,,34992,,
INV-81804,,Vendor,42717,,26-Apr-24,,7250,,33029,,40280,,40280,,
INV-42757,,Vendor,39145,,9-Apr-24,,13280,,60497,,73776,,73776,,
INV-87164,,Vendor,44071,,29-Apr-24,,7222,,32901,,40124,,40124,,
INV-52437,,Vendor,97882,,4-May-24,,8396,,38249,,46646,,46646,,
INV-27481,,Vendor,47327,,22-Apr-24,,17848,,81306,,99153,,99153,,
INV-58757,,Vendor,83835,,13-Apr-24,,485,,2211,,2696,,2696,,
INV-15346,,Vendor,45769,,26-Apr-24,,17659,,80446,,98104,,98104,,
INV-69253,,Vendor,16069,,2-May-24,,809,,3686,,4495,,4495,,
INV-29136,,Vendor,22275,,17-Apr-24,,2748,,12520,,15268,,15268,,
INV-96615,,Vendor,26406,,10-Apr-24,,2266,,10322,,12588,,12588,,
INV-57633,,Vendor,52192,,30-Apr-24,,17050,,77674,,94724,,94724,,
INV-77872,,Vendor,11441,,6-May-24,,10018,,45638,,55656,,55656,,
INV-49715,,Vendor,80484,,24-Apr-24,,10625,,48405,,59030,,59030,,
INV-18261,,Vendor,98007,,25-Apr-24,,8630,,39314,,47944,,47944,,
INV-93902,,Vendor,54066,,1-May-24,,12141,,55311,,67452,,67452,,
INV-21038,,Vendor,10112,,29-Apr-24,,16481,,75081,,91562,,91562,,
INV-62026,,Vendor,15213,,2-May-24,,3076,,14015,,17092,,17092,,
INV-46232,,Vendor,68856,,13-Apr-24,,16873,,76864,,93737,,93737,,
INV-23243,,Vendor,62132,,28-Apr-24,,10217,,46545,,56763,,56763,,
INV-52470,,Vendor,73820,,6-May-24,,16840,,76716,,93556,,93556,,
INV-97106,,Vendor,75383,,8-Apr-24,,15651,,71299,,86951,,86951,,
INV-42987,,Vendor,84813,,30-Apr-24,,199,,905,,1104,,1104,,
INV-56594,,Vendor,86442,,11-Apr-24,,14809,,67465,,82274,,82274,,
INV-65915,,Vendor,90520,,30-Apr-24,,2934,,13366,,16300,,16300,,
INV-51529,,Vendor,32074,,17-Apr-24,,10780,,49108,,59887,,59887,,
INV-56350,,Vendor,75990,,9-Apr-24,,15712,,71575,,87287,,87287,,
INV-29737,,Vendor,27588,,14-Apr-24,,17368,,79122,,96490,,96490,,
INV-91869,,Vendor,99515,,23-Apr-24,,17446,,79475,,96921,,96921,,
INV-91551,,Vendor,25241,,25-Apr-24,,1891,,8615,,10506,,10506,,
INV-60006,,Vendor,64283,,1-May-24,,9932,,45247,,55179,,55179,,
INV-47915,,Vendor,11352,,9-Apr-24,,17460,,79538,,96998,,96998,,
INV-92156,,Vendor,63383,,29-Apr-24,,15055,,68585,,83640,,83640,,
INV-97370,,Vendor,56513,,15-Apr-24,,8269,,37672,,45941,,45941,,
INV-35592,,Vendor,54171,,4-May-24,,1296,,5902,,7197,,7197,,
INV-44355,,Vendor,72871,,5-May-24,,12534,,57101,,69635,,69635,,
INV-54154,,Vendor,29048,,12-Apr-24,,12796,,58293,,71089,,71089,,
INV-93846,,Vendor,44759,,12-Apr-24,,16398,,74702,,91100,,91100,,
INV-94910,,Vendor,83323,,20-Apr-24,,8330,,37946,,46275,,46275,,
INV-11853,,Vendor,38200,,24-Apr-24,,17458,,79533,,96991,,96991,,
INV-94307,,Vendor,43427,,10-Apr-24,,8384,,38195,,46579,,46579,,
INV-87095,,Vendor,80407,,23-Apr-24,,381,,1735,,2116,,2116,,
INV-75784,,Vendor,13598,,6-May-24,,8659,,39447,,48106,,48106,,
INV-53756,,Vendor,77842,,3-May-24,,16859,,76800,,93659,,93659,,
INV-15659,,Vendor,95809,,23-Apr-24,,780,,3554,,4334,,4334,,
INV-85743,,Vendor,28041,,19-Apr-24,,695,,3165,,3860,,3860,,
INV-48545,,Vendor,69032,,11-Apr-24,,16291,,74216,,90508,,90508,,
INV-38307,,Vendor,62306,,1-May-24,,9370,,42686,,52056,,52056,,
INV-18327,,Vendor,14998,,18-Apr-24,,9403,,42835,,52238,,52238,,
INV-10544,,Vendor,95750,,8-Apr-24,,7211,,32851,,40062,,40062,,
INV-26797,,Vendor,58161,,20-Apr-24,,5873,,26754,,32627,,32627,,
INV-29016,,Vendor,13701,,2-May-24,,7658,,34889,,42547,,42547,,
INV-51582,,Vendor,97674,,22-Apr-24,,9599,,43729,,53328,,53328,,
INV-54011,,Vendor,36787,,23-Apr-24,,6667,,30373,,37040,,37040,,
INV-76084,,Vendor,13446,,19-Apr-24,,6939,,31611,,38550,,38550,,
INV-37143,,Vendor,30169,,19-Apr-24,,1687,,7684,,9370,,9370,,
INV-24660,,Vendor,92382,,19-Apr-24,,15614,,71129,,86743,,86743,,
INV-52508,,Vendor,81591,,4-May-24,,11219,,51108,,62327,,62327,,
INV-73710,,Vendor,72542,,7-Apr-24,,10498,,47823,,58321,,58321,,
INV-43828,,Vendor,23247,,16-Apr-24,,11703,,53313,,65016,,65016,,
INV-82035,,Vendor,44269,,21-Apr-24,,17546,,79931,,97476,,97476,,
INV-66493,,Vendor,41423,,5-May-24,,9820,,44736,,54557,,54557,,
INV-17524,,Vendor,26572,,2-May-24,,9591,,43693,,53284,,53284,,
INV-57844,,Vendor,63421,,4-May-24,,2766,,12602,,15369,,15369,,
INV-26827,,Vendor,35620,,18-Apr-24,,11626,,52964,,64590,,64590,,
INV-77895,,Vendor,41755,,5-May-24,,10815,,49267,,60082,,60082,,
INV-80175,,Vendor,74546,,17-Apr-24,,1026,,4673,,5698,,5698,,
INV-29335,,Vendor,34353,,8-Apr-24,,11610,,52891,,64501,,64501,,
INV-24288,,Vendor,18117,,19-Apr-24,,8950,,40772,,49721,,49721,,
INV-53934,,Vendor,68507,,19-Apr-24,,11666,,53144,,64809,,64809,,
INV-99554,,Vendor,47183,,12-Apr-24,,13518,,61582,,75099,,75099,,
INV-72218,,Vendor,39033,,17-Apr-24,,8676,,39523,,48198,,48198,,
INV-95793,,Vendor,71317,,18-Apr-24,,2945,,13415,,16359,,16359,,
INV-24702,,Vendor,92303,,21-Apr-24,,12590,,57355,,69946,,69946,,
INV-13580,,Vendor,72907,,20-Apr-24,,16179,,73706,,89885,,89885,,
INV-41749,,Vendor,83982,,3-May-24,,2661,,12121,,14781,,14781,,
INV-34361,,Vendor,97653,,18-Apr-24,,5516,,25130,,30646,,30646,,
INV-15924,,Vendor,77037,,3-May-24,,13778,,62766,,76544,,76544,,
INV-14193,,Vendor,77932,,12-Apr-24,,12974,,59106,,72080,,72080,,
INV-99468,,Vendor,32205,,13-Apr-24,,5380,,24507,,29886,,29886,,
INV-96807,,Vendor,80347,,7-Apr-24,,14607,,66541,,81148,,81148,,
INV-18619,,Vendor,84599,,3-May-24,,945,,4305,,5250,,5250,,
INV-28851,,Vendor,84340,,5-May-24,,240,,1092,,1332,,1332,,
INV-51637,,Vendor,96329,,1-May-24,,2207,,10054,,12261,,12261,,
INV-21857,,Vendor,94284,,18-Apr-24,,6567,,29915,,36482,,36482,,
INV-96423,,Vendor,92495,,7-Apr-24,,16714,,76140,,92854,,92854,,
INV-52156,,Vendor,12102,,10-Apr-24,,6818,,31061,,37880,,37880,,
INV-27350,,Vendor,37453,,6-May-24,,6428,,29283,,35711,,35711,,
INV-11035,,Vendor,18314,,4-May-24,,17108,,77938,,95046,,95046,,
INV-47322,,Vendor,47956,,20-Apr-24,,3270,,14899,,18169,,18169,,
INV-23757,,Vendor,63021,,6-May-24,,16940,,77172,,94112,,94112,,
INV-96218,,Vendor,79617,,26-Apr-24,,10268,,46779,,57047,,57047,,
INV-56772,,Vendor,68899,,5-May-24,,16632,,75766,,92397,,92397,,
INV-70357,,Vendor,33865,,5-May-24,,2500,,11390,,13890,,13890,,
INV-77482,,Vendor,57207,,30-Apr-24,,1248,,5686,,6934,,6934,,
INV-69161,,Vendor,25003,,12-Apr-24,,3702,,16866,,20569,,20569,,
INV-89502,,Vendor,60469,,22-Apr-24,,8482,,38640,,47122,,47122,,
INV-48633,,Vendor,26779,,8-Apr-24,,10889,,49603,,60492,,60492,,
INV-16278,,Vendor,31665,,18-Apr-24,,7346,,33467,,40813,,40813,,
INV-67014,,Vendor,44320,,13-Apr-24,,9195,,41888,,51083,,51083,,
INV-98166,,Vendor,34522,,2-May-24,,2011,,9160,,11171,,11171,,
INV-79202,,Vendor,24190,,14-Apr-24,,883,,4022,,4905,,4905,,
INV-73737,,Vendor,92242,,17-Apr-24,,10245,,46672,,56917,,56917,,
INV-81200,,Vendor,73911,,8-Apr-24,,16242,,73991,,90233,,90233,,
INV-80920,,Vendor,23674,,21-Apr-24,,9728,,44319,,54047,,54047,,
INV-57989,,Vendor,81054,,11-Apr-24,,12601,,57405,,70006,,70006,,
INV-81456,,Vendor,23930,,19-Apr-24,,8288,,37757,,46045,,46045,,
INV-70383,,Vendor,56271,,3-May-24,,10288,,46865,,57153,,57153,,
INV-69978,,Vendor,37559,,15-Apr-24,,386,,1761,,2147,,2147,,
INV-27518,,Vendor,61224,,22-Apr-24,,839,,3823,,4662,,4662,,
INV-70640,,Vendor,10995,,13-Apr-24,,10760,,49017,,59777,,59777,,
INV-61563,,Vendor,49856,,21-Apr-24,,4536,,20664,,25200,,25200,,
INV-41318,,Vendor,45011,,4-May-24,,422,,1925,,2347,,2347,,
INV-40165,,Vendor,51052,,4-May-24,,1612,,7345,,8958,,8958,,
INV-25514,,Vendor,69702,,17-Apr-24,,17123,,78006,,95129,,95129,,
INV-12426,,Vendor,17230,,15-Apr-24,,3337,,15204,,18541,,18541,,
INV-17626,,Vendor,93987,,6-May-24,,11138,,50738,,61875,,61875,,
INV-71626,,Vendor,50874,,9-Apr-24,,4416,,20116,,24531,,24531,,
INV-49475,,Vendor,95220,,21-Apr-24,,5810,,26467,,32277,,32277,,
INV-30114,,Vendor,90114,,15-Apr-24,,12900,,58768,,71668,,71668,,
INV-93211,,Vendor,67284,,16-Apr-24,,15578,,70968,,86546,,86546,,
INV-90349,,Vendor,92459,,30-Apr-24,,14622,,66613,,81235,,81235,,
INV-87407,,Vendor,93340,,15-Apr-24,,3181,,14492,,17673,,17673,,
INV-85050,,Vendor,52509,,1-May-24,,11341,,51664,,63004,,63004,,
INV-60833,,Vendor,54558,,16-Apr-24,,13085,,59610,,72696,,72696,,
INV-48077,,Vendor,86523,,5-May-24,,1547,,7049,,8597,,8597,,
INV-35573,,Vendor,33122,,16-Apr-24,,5402,,24610,,30012,,30012,,
INV-21372,,Vendor,19846,,28-Apr-24,,3898,,17757,,21655,,21655,,
INV-88217,,Vendor,45965,,22-Apr-24,,4884,,22251,,27135,,27135,,
INV-86320,,Vendor,85307,,1-May-24,,12963,,59054,,72017,,72017,,
INV-13972,,Vendor,56106,,26-Apr-24,,1833,,8348,,10181,,10181,,
INV-68939,,Vendor,44338,,1-May-24,,16113,,73402,,89515,,89515,,
INV-96332,,Vendor,20659,,4-May-24,,2634,,11999,,14633,,14633,,
INV-83769,,Vendor,63510,,26-Apr-24,,14905,,67899,,82804,,82804,,
INV-71002,,Vendor,14695,,4-May-24,,16294,,74229,,90523,,90523,,
INV-57820,,Vendor,59302,,11-Apr-24,,3772,,17183,,20955,,20955,,
INV-99810,,Vendor,40780,,23-Apr-24,,8613,,39237,,47850,,47850,,
INV-98785,,Vendor,42809,,23-Apr-24,,8253,,37597,,45850,,45850,,
INV-39654,,Vendor,35317,,28-Apr-24,,14370,,65462,,79831,,79831,,
INV-84525,,Vendor,71675,,8-Apr-24,,5214,,23751,,28965,,28965,,
INV-94210,,Vendor,53363,,18-Apr-24,,871,,3970,,4841,,4841,,
INV-32986,,Vendor,94884,,30-Apr-24,,5832,,26566,,32398,,32398,,
INV-94053,,Vendor,99203,,19-Apr-24,,2986,,13604,,16590,,16590,,
INV-43270,,Vendor,17136,,6-May-24,,10705,,48767,,59472,,59472,,
INV-50789,,Vendor,59030,,13-Apr-24,,10967,,49961,,60928,,60928,,
INV-39205,,Vendor,80747,,4-May-24,,15281,,69614,,84895,,84895,,
INV-77419,,Vendor,62917,,25-Apr-24,,9998,,45547,,55545,,55545,,
INV-37762,,Vendor,14181,,15-Apr-24,,14656,,66767,,81423,,81423,,
INV-49580,,Vendor,11220,,19-Apr-24,,2883,,13133,,16016,,16016,,
INV-18685,,Vendor,29972,,4-May-24,,16354,,74504,,90858,,90858,,
INV-86980,,Vendor,47305,,19-Apr-24,,7483,,34087,,41570,,41570,,
INV-89168,,Vendor,22459,,16-Apr-24,,14269,,65001,,79270,,79270,,
INV-74030,,Vendor,32464,,15-Apr-24,,1547,,7048,,8595,,8595,,
INV-48178,,Vendor,25935,,9-Apr-24,,14200,,64689,,78889,,78889,,
INV-63923,,Vendor,26334,,10-Apr-24,,12450,,56717,,69166,,69166,,
INV-64488,,Vendor,78688,,3-May-24,,9201,,41915,,51116,,51116,,
INV-34329,,Vendor,79002,,21-Apr-24,,676,,3081,,3758,,3758,,
INV-63692,,Vendor,32547,,5-May-24,,11997,,54655,,66652,,66652,,
INV-39662,,Vendor,10558,,19-Apr-24,,11045,,50316,,61361,,61361,,
INV-97517,,Vendor,28831,,1-May-24,,14534,,66208,,80742,,80742,,
INV-45148,,Vendor,48401,,13-Apr-24,,9500,,43277,,52777,,52777,,
INV-38211,,Vendor,25460,,15-Apr-24,,2741,,12485,,15225,,15225,,
INV-37923,,Vendor,66855,,7-Apr-24,,13712,,62465,,76177,,76177,,
INV-10356,,Vendor,51409,,25-Apr-24,,2399,,10928,,13327,,13327,,
INV-43050,,Vendor,56134,,27-Apr-24,,17280,,78720,,96000,,96000,,
INV-52954,,Vendor,79467,,9-Apr-24,,4377,,19940,,24317,,24317,,
INV-81930,,Vendor,86228,,20-Apr-24,,11771,,53622,,65392,,65392,,
INV-75940,,Vendor,19399,,10-Apr-24,,10573,,48167,,58740,,58740,,
INV-44245,,Vendor,65015,,3-May-24,,4423,,20148,,24571,,24571,,
INV-23847,,Vendor,39771,,7-Apr-24,,17632,,80324,,97956,,97956,,
INV-28387,,Vendor,41426,,9-Apr-24,,12180,,55485,,67664,,67664,,
INV-63670,,Vendor,97850,,29-Apr-24,,14943,,68072,,83015,,83015,,
INV-62942,,Vendor,40984,,10-Apr-24,,10098,,46000,,56098,,56098,,
INV-67856,,Vendor,58092,,4-May-24,,15030,,68468,,83497,,83497,,
INV-75151,,Vendor,39204,,7-Apr-24,,16909,,77028,,93937,,93937,,
INV-23440,,Vendor,47723,,25-Apr-24,,8020,,36534,,44554,,44554,,
INV-36785,,Vendor,93298,,11-Apr-24,,10947,,49871,,60818,,60818,,
INV-14010,,Vendor,94288,,18-Apr-24,,7123,,32451,,39574,,39574,,
INV-25183,,Vendor,33674,,6-May-24,,13469,,61359,,74829,,74829,,
INV-74438,,Vendor,78352,,8-Apr-24,,15855,,72230,,88085,,88085,,
INV-27108,,Vendor,35296,,25-Apr-24,,13187,,60074,,73261,,73261,,
INV-97348,,Vendor,21289,,20-Apr-24,,11382,,51851,,63233,,63233,,
INV-95250,,Vendor,18991,,2-May-24,,10917,,49732,,60649,,60649,,
INV-12720,,Vendor,81633,,17-Apr-24,,10330,,47060,,57391,,57391,,
INV-93739,,Vendor,84042,,29-Apr-24,,7838,,35705,,43543,,43543,,
INV-24416,,Vendor,61257,,24-Apr-24,,16256,,74057,,90313,,90313,,
INV-16067,,Vendor,81440,,14-Apr-24,,5062,,23059,,28120,,28120,,
INV-14213,,Vendor,42700,,9-Apr-24,,7942,,36181,,44123,,44123,,
INV-43694,,Vendor,89304,,5-May-24,,10557,,48093,,58650,,58650,,
INV-92400,,Vendor,75458,,19-Apr-24,,7995,,36420,,44414,,44414,,
INV-46462,,Vendor,80081,,28-Apr-24,,4067,,18527,,22594,,22594,,
INV-20576,,Vendor,99813,,1-May-24,,722,,3291,,4014,,4014,,
INV-67164,,Vendor,26675,,11-Apr-24,,14811,,67470,,82281,,82281,,
INV-74595,,Vendor,94893,,30-Apr-24,,7694,,35052,,42747,,42747,,
INV-47949,,Vendor,22041,,26-Apr-24,,17660,,80453,,98113,,98113,,
INV-47394,,Vendor,14572,,19-Apr-24,,13246,,60343,,73590,,73590,,
INV-40571,,Vendor,68732,,3-May-24,,10697,,48730,,59427,,59427,,
INV-87309,,Vendor,49992,,20-Apr-24,,7158,,32610,,39769,,39769,,
INV-35093,,Vendor,81437,,12-Apr-24,,3629,,16531,,20160,,20160,,
INV-87682,,Vendor,62511,,21-Apr-24,,1841,,8385,,10226,,10226,,
INV-60508,,Vendor,87535,,10-Apr-24,,11025,,50227,,61253,,61253,,
INV-82316,,Vendor,24586,,14-Apr-24,,14489,,66005,,80494,,80494,,
INV-73720,,Vendor,46601,,29-Apr-24,,623,,2836,,3459,,3459,,
INV-91993,,Vendor,18346,,4-May-24,,12846,,58522,,71368,,71368,,
INV-96971,,Vendor,88194,,22-Apr-24,,1479,,6738,,8217,,8217,,
INV-72081,,Vendor,80696,,27-Apr-24,,534,,2433,,2967,,2967,,
INV-56755,,Vendor,53951,,29-Apr-24,,5090,,23186,,28275,,28275,,
INV-65577,,Vendor,78192,,2-May-24,,12201,,55582,,67782,,67782,,
INV-26228,,Vendor,86876,,21-Apr-24,,11057,,50370,,61427,,61427,,
INV-73548,,Vendor,86985,,21-Apr-24,,213,,968,,1181,,1181,,
INV-25764,,Vendor,24141,,9-Apr-24,,2313,,10537,,12850,,12850,,
INV-63438,,Vendor,55918,,18-Apr-24,,8162,,37183,,45346,,45346,,
INV-64787,,Vendor,12692,,22-Apr-24,,11454,,52179,,63633,,63633,,
INV-85209,,Vendor,87583,,20-Apr-24,,17874,,81428,,99302,,99302,,
INV-96379,,Vendor,80488,,20-Apr-24,,11034,,50265,,61299,,61299,,
INV-38348,,Vendor,61180,,6-May-24,,1348,,6142,,7491,,7491,,
INV-80777,,Vendor,23503,,11-Apr-24,,16026,,73008,,89034,,89034,,
INV-18345,,Vendor,45295,,24-Apr-24,,17209,,78395,,95604,,95604,,
INV-94817,,Vendor,70590,,30-Apr-24,,9945,,45307,,55252,,55252,,
INV-22845,,Vendor,84187,,29-Apr-24,,593,,2701,,3294,,3294,,
INV-85373,,Vendor,15872,,26-Apr-24,,12801,,58317,,71119,,71119,,
INV-98355,,Vendor,99392,,5-May-24,,2760,,12575,,15335,,15335,,
INV-90325,,Vendor,18559,,20-Apr-24,,2372,,10804,,13176,,13176,,
INV-99474,,Vendor,97438,,13-Apr-24,,16101,,73349,,89450,,89450,,
INV-45498,,Vendor,16368,,26-Apr-24,,108,,494,,602,,602,,
INV-39595,,Vendor,25887,,28-Apr-24,,4475,,20387,,24863,,24863,,
INV-40752,,Vendor,32781,,8-Apr-24,,10925,,49771,,60697,,60697,,
INV-58307,,Vendor,54846,,25-Apr-24,,6234,,28398,,34632,,34632,,
INV-41069,,Vendor,47285,,1-May-24,,6882,,31352,,38234,,38234,,
INV-76245,,Vendor,11955,,11-Apr-24,,16595,,75600,,92195,,92195,,
INV-21552,,Vendor,82580,,10-Apr-24,,11809,,53798,,65608,,65608,,
INV-55296,,Vendor,27442,,3-May-24,,1757,,8005,,9763,,9763,,
INV-47161,,Vendor,19862,,3-May-24,,6864,,31267,,38131,,38131,,
INV-20617,,Vendor,90018,,13-Apr-24,,6512,,29665,,36176,,36176,,
INV-70636,,Vendor,58395,,4-May-24,,15601,,71069,,86670,,86670,,
INV-16786,,Vendor,45931,,23-Apr-24,,13268,,60441,,73708,,73708,,
INV-55389,,Vendor,43755,,29-Apr-24,,2526,,11509,,14036,,14036,,
INV-51676,,Vendor,78871,,1-May-24,,14903,,67893,,82796,,82796,,
INV-29218,,Vendor,19687,,3-May-24,,14532,,66200,,80732,,80732,,
INV-13348,,Vendor,54495,,27-Apr-24,,4831,,22006,,26836,,26836,,
INV-86506,,Vendor,92828,,14-Apr-24,,16024,,72999,,89024,,89024,,
INV-99577,,Vendor,72808,,29-Apr-24,,13451,,61279,,74730,,74730,,
INV-72898,,Vendor,50461,,30-Apr-24,,5132,,23377,,28509,,28509,,
INV-25965,,Vendor,83028,,16-Apr-24,,7034,,32045,,39079,,39079,,
INV-99830,,Vendor,50685,,22-Apr-24,,6885,,31364,,38249,,38249,,
INV-14549,,Vendor,97334,,10-Apr-24,,1868,,8510,,10378,,10378,,
INV-31796,,Vendor,30475,,2-May-24,,11768,,53612,,65380,,65380,,
INV-19179,,Vendor,89105,,7-Apr-24,,16508,,75202,,91710,,91710,,
INV-73001,,Vendor,81052,,16-Apr-24,,445,,2025,,2470,,2470,,
INV-53967,,Vendor,74968,,1-May-24,,15901,,72436,,88337,,88337,,
INV-86944,,Vendor,88516,,22-Apr-24,,703,,3204,,3907,,3907,,
INV-39165,,Vendor,40369,,8-Apr-24,,17132,,78047,,95179,,95179,,
INV-90000,,Vendor,84994,,24-Apr-24,,398,,1812,,2210,,2210,,
INV-66933,,Vendor,61734,,3-May-24,,13262,,60414,,73676,,73676,,
INV-33036,,Vendor,78990,,18-Apr-24,,2457,,11195,,13652,,13652,,
INV-55161,,Vendor,96334,,24-Apr-24,,10061,,45833,,55894,,55894,,
INV-91591,,Vendor,54375,,14-Apr-24,,14044,,63979,,78024,,78024,,
INV-74713,,Vendor,20918,,25-Apr-24,,16077,,73241,,89318,,89318,,
INV-10744,,Vendor,94951,,30-Apr-24,,5640,,25695,,31336,,31336,,
INV-93523,,Vendor,76973,,1-May-24,,1472,,6707,,8179,,8179,,
INV-59772,,Vendor,54386,,28-Apr-24,,16126,,73461,,89587,,89587,,
INV-48140,,Vendor,98400,,17-Apr-24,,10872,,49530,,60402,,60402,,
INV-71961,,Vendor,28205,,6-May-24,,2705,,12321,,15026,,15026,,
INV-83960,,Vendor,92733,,5-May-24,,17351,,79045,,96396,,96396,,
INV-83089,,Vendor,67328,,14-Apr-24,,3248,,14797,,18045,,18045,,
INV-83783,,Vendor,36600,,5-May-24,,16359,,74525,,90884,,90884,,
INV-13724,,Vendor,61451,,24-Apr-24,,5964,,27170,,33134,,33134,,
INV-21570,,Vendor,54906,,25-Apr-24,,4675,,21297,,25973,,25973,,
INV-51744,,Vendor,51774,,1-May-24,,17536,,79885,,97420,,97420,,
INV-25071,,Vendor,68056,,11-Apr-24,,4283,,19510,,23792,,23792,,
INV-96685,,Vendor,16956,,4-May-24,,5934,,27035,,32969,,32969,,
INV-37590,,Vendor,30090,,22-Apr-24,,15190,,69198,,84388,,84388,,
INV-22923,,Vendor,35606,,19-Apr-24,,4191,,19095,,23286,,23286,,
INV-32859,,Vendor,95646,,12-Apr-24,,5017,,22855,,27871,,27871,,
INV-42856,,Vendor,15150,,1-May-24,,6193,,28212,,34404,,34404,,
INV-96739,,Vendor,30768,,10-Apr-24,,11825,,53871,,65696,,65696,,
INV-54944,,Vendor,47381,,21-Apr-24,,4440,,20225,,24664,,24664,,
INV-74950,,Vendor,13393,,20-Apr-24,,4675,,21298,,25974,,25974,,
INV-94360,,Vendor,53413,,28-Apr-24,,7815,,35601,,43416,,43416,,
INV-95213,,Vendor,60139,,17-Apr-24,,17820,,81182,,99003,,99003,,
INV-84605,,Vendor,37280,,19-Apr-24,,15335,,69858,,85193,,85193,,
INV-49420,,Vendor,70522,,8-Apr-24,,8937,,40713,,49650,,49650,,
INV-22455,,Vendor,69816,,26-Apr-24,,10229,,46601,,56830,,56830,,
INV-47344,,Vendor,38476,,7-Apr-24,,719,,3275,,3993,,3993,,
INV-98748,,Vendor,41444,,15-Apr-24,,3960,,18042,,22003,,22003,,
INV-21976,,Vendor,97013,,8-Apr-24,,6658,,30330,,36988,,36988,,
INV-26257,,Vendor,45539,,13-Apr-24,,13652,,62191,,75842,,75842,,
INV-78269,,Vendor,13063,,9-Apr-24,,6576,,29959,,36536,,36536,,
INV-83007,,Vendor,58741,,12-Apr-24,,9956,,45356,,55312,,55312,,
INV-95693,,Vendor,75285,,3-May-24,,5441,,24787,,30228,,30228,,
INV-47873,,Vendor,10314,,3-May-24,,6108,,27826,,33934,,33934,,
INV-17998,,Vendor,44745,,8-Apr-24,,15845,,72184,,88029,,88029,,
INV-99218,,Vendor,34086,,25-Apr-24,,810,,3692,,4502,,4502,,
INV-58298,,Vendor,88308,,3-May-24,,16431,,74850,,91281,,91281,,
INV-21378,,Vendor,13342,,5-May-24,,11461,,52213,,63675,,63675,,
INV-97092,,Vendor,58698,,24-Apr-24,,11189,,50971,,62160,,62160,,
INV-46756,,Vendor,96479,,19-Apr-24,,8348,,38028,,46375,,46375,,
INV-59283,,Vendor,73060,,11-Apr-24,,1140,,5194,,6334,,6334,,
INV-59568,,Vendor,15669,,7-Apr-24,,16327,,74380,,90707,,90707,,
INV-26405,,Vendor,97922,,9-Apr-24,,11923,,54316,,66239,,66239,,
INV-36523,,Vendor,94654,,20-Apr-24,,15229,,69378,,84607,,84607,,
INV-80981,,Vendor,86162,,20-Apr-24,,8276,,37702,,45978,,45978,,
INV-84480,,Vendor,74573,,30-Apr-24,,8433,,38417,,46850,,46850,,
INV-88689,,Vendor,96516,,16-Apr-24,,11486,,52324,,63810,,63810,,
INV-91226,,Vendor,56009,,15-Apr-24,,1979,,9017,,10997,,10997,,
INV-40940,,Vendor,29349,,2-May-24,,3181,,14493,,17674,,17674,,
INV-28957,,Vendor,50187,,18-Apr-24,,7198,,32792,,39990,,39990,,
INV-16956,,Vendor,28664,,14-Apr-24,,8434,,38422,,46856,,46856,,
INV-72468,,Vendor,51592,,9-Apr-24,,3424,,15599,,19023,,19023,,
INV-54539,,Vendor,82251,,6-May-24,,14625,,66627,,81253,,81253,,
INV-61003,,Vendor,56747,,5-May-24,,14511,,66106,,80617,,80617,,
INV-59668,,Vendor,40175,,10-Apr-24,,10641,,48476,,59117,,59117,,
INV-68418,,Vendor,33973,,28-Apr-24,,2498,,11379,,13877,,13877,,
INV-21009,,Vendor,38498,,11-Apr-24,,9283,,42291,,51574,,51574,,
INV-46519,,Vendor,82341,,30-Apr-24,,4334,,19744,,24078,,24078,,
INV-14206,,Vendor,90051,,13-Apr-24,,5636,,25674,,31310,,31310,,
INV-74383,,Vendor,24434,,27-Apr-24,,14261,,64969,,79230,,79230,,
INV-38248,,Vendor,36972,,4-May-24,,11114,,50630,,61744,,61744,,
INV-14254,,Vendor,21027,,16-Apr-24,,16261,,74078,,90339,,90339,,
INV-39190,,Vendor,76598,,5-May-24,,12771,,58180,,70951,,70951,,
INV-57078,,Vendor,57259,,6-May-24,,13663,,62241,,75904,,75904,,
INV-19070,,Vendor,34477,,5-May-24,,14984,,68260,,83244,,83244,,
INV-39793,,Vendor,11323,,20-Apr-24,,5224,,23800,,29025,,29025,,
INV-43158,,Vendor,45484,,13-Apr-24,,17274,,78695,,95969,,95969,,
INV-39332,,Vendor,58001,,10-Apr-24,,12799,,58306,,71105,,71105,,
INV-93970,,Vendor,35645,,11-Apr-24,,15983,,72810,,88792,,88792,,
INV-31566,,Vendor,26132,,28-Apr-24,,17802,,81099,,98901,,98901,,
INV-43938,,Vendor,79654,,22-Apr-24,,9826,,44761,,54586,,54586,,
INV-70914,,Vendor,74310,,19-Apr-24,,12314,,56095,,68409,,68409,,
INV-52804,,Vendor,71411,,26-Apr-24,,6814,,31041,,37854,,37854,,
INV-28444,,Vendor,94003,,30-Apr-24,,13749,,62634,,76383,,76383,,
INV-25020,,Vendor,94786,,9-Apr-24,,4317,,19666,,23983,,23983,,
INV-86537,,Vendor,68839,,13-Apr-24,,14299,,65142,,79441,,79441,,
INV-26253,,Vendor,30568,,1-May-24,,2365,,10773,,13138,,13138,,
INV-55143,,Vendor,95436,,4-May-24,,17508,,79760,,97268,,97268,,
INV-71658,,Vendor,23744,,7-Apr-24,,4481,,20415,,24897,,24897,,
INV-84384,,Vendor,95663,,25-Apr-24,,3169,,14435,,17604,,17604,,
INV-95171,,Vendor,30583,,2-May-24,,14115,,64302,,78417,,78417,,
INV-39079,,Vendor,74898,,13-Apr-24,,2849,,12979,,15828,,15828,,
INV-85407,,Vendor,97280,,25-Apr-24,,13180,,60043,,73223,,73223,,
INV-51101,,Vendor,54576,,7-Apr-24,,15325,,69814,,85140,,85140,,
INV-35558,,Vendor,33893,,24-Apr-24,,9093,,41423,,50516,,50516,,
INV-49849,,Vendor,16451,,22-Apr-24,,15332,,69846,,85178,,85178,,
INV-24013,,Vendor,82662,,28-Apr-24,,8990,,40952,,49942,,49942,,
INV-49763,,Vendor,47585,,30-Apr-24,,16868,,76845,,93713,,93713,,
INV-51554,,Vendor,56154,,17-Apr-24,,6155,,28038,,34192,,34192,,
INV-76918,,Vendor,14061,,13-Apr-24,,13021,,59318,,72339,,72339,,
INV-51019,,Vendor,75600,,7-Apr-24,,13277,,60482,,73759,,73759,,
INV-48444,,Vendor,81404,,1-May-24,,8735,,39794,,48530,,48530,,
INV-12617,,Vendor,57329,,10-Apr-24,,16149,,73566,,89714,,89714,,
INV-13753,,Vendor,33969,,11-Apr-24,,15876,,72323,,88199,,88199,,
INV-53011,,Vendor,62867,,1-May-24,,7017,,31967,,38984,,38984,,
INV-54025,,Vendor,82880,,5-May-24,,5550,,25285,,30835,,30835,,
INV-51693,,Vendor,12240,,11-Apr-24,,3128,,14251,,17380,,17380,,
INV-82455,,Vendor,38583,,17-Apr-24,,10472,,47705,,58177,,58177,,
INV-20407,,Vendor,63247,,10-Apr-24,,9877,,44993,,54870,,54870,,
INV-35429,,Vendor,59325,,29-Apr-24,,1946,,8867,,10813,,10813,,
INV-45725,,Vendor,29143,,5-May-24,,13404,,61062,,74466,,74466,,
INV-95046,,Vendor,24663,,12-Apr-24,,15314,,69765,,85079,,85079,,
INV-48874,,Vendor,72463,,1-May-24,,15340,,69882,,85222,,85222,,
INV-88289,,Vendor,95752,,7-Apr-24,,3328,,15159,,18487,,18487,,
INV-57591,,Vendor,99945,,4-May-24,,8415,,38335,,46750,,46750,,
INV-76066,,Vendor,94224,,1-May-24,,13572,,61830,,75402,,75402,,
INV-83874,,Vendor,39676,,26-Apr-24,,615,,2802,,3417,,3417,,
INV-17763,,Vendor,41393,,22-Apr-24,,5183,,23612,,28795,,28795,,
INV-67622,,Vendor,52669,,5-May-24,,15125,,68901,,84025,,84025,,
INV-12195,,Vendor,34323,,19-Apr-24,,14491,,66012,,80503,,80503,,
INV-55130,,Vendor,66499,,4-May-24,,8725,,39749,,48475,,48475,,
INV-33264,,Vendor,96373,,1-May-24,,17363,,79100,,96463,,96463,,
INV-74819,,Vendor,23314,,26-Apr-24,,11882,,54130,,66012,,66012,,
INV-21157,,Vendor,83902,,6-May-24,,17500,,79723,,97223,,97223,,
INV-65213,,Vendor,37729,,9-Apr-24,,6339,,28879,,35218,,35218,,
INV-44705,,Vendor,20974,,14-Apr-24,,8813,,40149,,48962,,48962,,
INV-52159,,Vendor,44986,,16-Apr-24,,39,,176,,215,,215,,
INV-73968,,Vendor,51976,,13-Apr-24,,2130,,9703,,11833,,11833,,
INV-53994,,Vendor,24825,,8-Apr-24,,14232,,64834,,79066,,79066,,
INV-66591,,Vendor,77594,,3-May-24,,14507,,66086,,80593,,80593,,
INV-70861,,Vendor,99997,,2-May-24,,12700,,57856,,70556,,70556,,
INV-79441,,Vendor,79753,,7-Apr-24,,14264,,64982,,79246,,79246,,
INV-39964,,Vendor,76131,,12-Apr-24,,16988,,77390,,94379,,94379,,
INV-59336,,Vendor,47906,,14-Apr-24,,15993,,72855,,88848,,88848,,
INV-34308,,Vendor,82724,,10-Apr-24,,7152,,32579,,39731,,39731,,
INV-51427,,Vendor,37598,,6-May-24,,11661,,53124,,64786,,64786,,
INV-46729,,Vendor,23506,,12-Apr-24,,5573,,25389,,30962,,30962,,
INV-22789,,Vendor,24211,,7-Apr-24,,1474,,6714,,8188,,8188,,
INV-59514,,Vendor,68882,,10-Apr-24,,16707,,76110,,92817,,92817,,
INV-71707,,Vendor,60002,,24-Apr-24,,3027,,13789,,16815,,16815,,
INV-69560,,Vendor,60522,,12-Apr-24,,4401,,20048,,24448,,24448,,
INV-67348,,Vendor,68802,,11-Apr-24,,12388,,56433,,68820,,68820,,
INV-13686,,Vendor,20353,,20-Apr-24,,8982,,40916,,49898,,49898,,
INV-80262,,Vendor,13437,,27-Apr-24,,17234,,78508,,95742,,95742,,
INV-47769,,Vendor,95242,,20-Apr-24,,11266,,51321,,62586,,62586,,
INV-50961,,Vendor,44187,,7-Apr-24,,8703,,39646,,48348,,48348,,
INV-24987,,Vendor,73884,,28-Apr-24,,7672,,34950,,42622,,42622,,
INV-37648,,Vendor,33918,,29-Apr-24,,10365,,47220,,57585,,57585,,
INV-51099,,Vendor,33575,,9-Apr-24,,1097,,4997,,6094,,6094,,
INV-80531,,Vendor,10786,,25-Apr-24,,9021,,41096,,50117,,50117,,
INV-55065,,Vendor,44655,,19-Apr-24,,16898,,76980,,93878,,93878,,
INV-81597,,Vendor,55900,,11-Apr-24,,10784,,49125,,59909,,59909,,
INV-50601,,Vendor,10366,,3-May-24,,1781,,8115,,9896,,9896,,
INV-91604,,Vendor,77413,,28-Apr-24,,3115,,14188,,17303,,17303,,
INV-72566,,Vendor,83905,,11-Apr-24,,17535,,79883,,97418,,97418,,
INV-24380,,Vendor,60481,,30-Apr-24,,10003,,45570,,55573,,55573,,
INV-18564,,Vendor,12496,,14-Apr-24,,15321,,69795,,85116,,85116,,
INV-56311,,Vendor,70232,,9-Apr-24,,689,,3140,,3829,,3829,,
INV-84997,,Vendor,65836,,30-Apr-24,,17607,,80208,,97814,,97814,,
INV-86979,,Vendor,24319,,8-Apr-24,,17778,,80988,,98766,,98766,,
INV-35890,,Vendor,55386,,1-May-24,,1201,,5471,,6672,,6672,,
INV-43787,,Vendor,43187,,16-Apr-24,,14731,,67109,,81840,,81840,,
INV-78044,,Vendor,40470,,5-May-24,,11080,,50476,,61556,,61556,,
INV-32090,,Vendor,52222,,11-Apr-24,,7488,,34114,,41602,,41602,,
INV-78370,,Vendor,46242,,25-Apr-24,,6096,,27770,,33866,,33866,,
INV-72132,,Vendor,77728,,7-Apr-24,,11320,,51567,,62887,,62887,,
INV-32001,,Vendor,75624,,2-May-24,,17748,,80851,,98599,,98599,,
INV-86883,,Vendor,61937,,25-Apr-24,,15474,,70493,,85967,,85967,,
INV-77844,,Vendor,78091,,14-Apr-24,,7737,,35245,,42982,,42982,,
INV-88460,,Vendor,37806,,24-Apr-24,,17212,,78409,,95620,,95620,,
INV-92061,,Vendor,94848,,8-Apr-24,,12345,,56237,,68582,,68582,,
INV-72372,,Vendor,58127,,16-Apr-24,,4293,,19558,,23851,,23851,,
INV-82979,,Vendor,58114,,2-May-24,,9843,,44840,,54683,,54683,,
INV-62462,,Vendor,52970,,13-Apr-24,,9369,,42680,,52049,,52049,,
INV-73775,,Vendor,29659,,19-Apr-24,,8675,,39521,,48196,,48196,,
INV-53764,,Vendor,38435,,13-Apr-24,,6387,,29098,,35485,,35485,,
INV-57351,,Vendor,36046,,21-Apr-24,,15812,,72034,,87846,,87846,,
INV-95136,,Vendor,19918,,6-May-24,,12031,,54807,,66837,,66837,,
INV-27390,,Vendor,98704,,21-Apr-24,,5007,,22808,,27815,,27815,,
INV-79368,,Vendor,48879,,17-Apr-24,,7895,,35968,,43863,,43863,,
INV-49079,,Vendor,10653,,1-May-24,,5134,,23387,,28520,,28520,,
INV-65916,,Vendor,63900,,11-Apr-24,,16537,,75334,,91871,,91871,,
INV-23494,,Vendor,87469,,28-Apr-24,,5940,,27062,,33002,,33002,,
INV-61606,,Vendor,72586,,25-Apr-24,,193,,881,,1074,,1074,,
INV-75891,,Vendor,87662,,22-Apr-24,,4053,,18461,,22514,,22514,,
INV-79295,,Vendor,99733,,1-May-24,,5056,,23031,,28087,,28087,,
INV-91570,,Vendor,57951,,22-Apr-24,,10729,,48879,,59608,,59608,,
INV-62156,,Vendor,64974,,1-May-24,,14839,,67602,,82441,,82441,,
INV-40709,,Vendor,26630,,10-Apr-24,,5952,,27114,,33065,,33065,,
INV-22012,,Vendor,45499,,8-Apr-24,,8291,,37771,,46062,,46062,,
INV-57944,,Vendor,95725,,13-Apr-24,,4780,,21776,,26556,,26556,,
INV-20730,,Vendor,92480,,1-May-24,,473,,2156,,2629,,2629,,
INV-30643,,Vendor,64288,,15-Apr-24,,600,,2735,,3335,,3335,,
INV-68206,,Vendor,40810,,21-Apr-24,,7293,,33226,,40519,,40519,,
INV-33958,,Vendor,92804,,5-May-24,,8331,,37952,,46282,,46282,,
INV-40511,,Vendor,94108,,6-May-24,,17322,,78910,,96232,,96232,,
INV-67939,,Vendor,46594,,10-Apr-24,,3518,,16026,,19544,,19544,,
INV-54448,,Vendor,84502,,6-May-24,,8953,,40786,,49739,,49739,,
INV-34458,,Vendor,64495,,15-Apr-24,,10637,,48457,,59094,,59094,,
INV-52202,,Vendor,45333,,10-Apr-24,,14641,,66696,,81337,,81337,,
INV-94482,,Vendor,74984,,15-Apr-24,,10391,,47335,,57725,,57725,,
INV-40995,,Vendor,92993,,2-May-24,,17206,,78384,,95591,,95591,,
INV-48615,,Vendor,61634,,1-May-24,,6883,,31355,,38238,,38238,,
INV-79486,,Vendor,12104,,21-Apr-24,,12262,,55859,,68121,,68121,,
INV-94285,,Vendor,79134,,26-Apr-24,,5962,,27160,,33122,,33122,,
INV-50381,,Vendor,54803,,16-Apr-24,,13996,,63761,,77757,,77757,,
INV-31897,,Vendor,20243,,15-Apr-24,,3098,,14115,,17213,,17213,,
INV-14978,,Vendor,17674,,25-Apr-24,,16647,,75837,,92484,,92484,,
INV-31332,,Vendor,32600,,3-May-24,,12342,,56226,,68569,,68569,,
INV-88134,,Vendor,91476,,12-Apr-24,,6848,,31197,,38045,,38045,,
INV-86306,,Vendor,40050,,13-Apr-24,,14447,,65816,,80264,,80264,,
INV-69738,,Vendor,48754,,24-Apr-24,,395,,1801,,2196,,2196,,
INV-45428,,Vendor,98993,,18-Apr-24,,7812,,35586,,43398,,43398,,
INV-27710,,Vendor,11736,,30-Apr-24,,7726,,35197,,42924,,42924,,
INV-73973,,Vendor,67602,,3-May-24,,383,,1746,,2130,,2130,,
INV-60464,,Vendor,43455,,25-Apr-24,,11093,,50534,,61627,,61627,,
INV-17381,,Vendor,82870,,8-Apr-24,,11459,,52200,,63658,,63658,,
INV-35096,,Vendor,34236,,20-Apr-24,,6669,,30380,,37049,,37049,,
INV-98176,,Vendor,62120,,4-May-24,,2824,,12867,,15691,,15691,,
INV-46532,,Vendor,39608,,9-Apr-24,,2844,,12955,,15799,,15799,,
INV-86939,,Vendor,63455,,4-May-24,,6742,,30712,,37453,,37453,,
INV-60116,,Vendor,48761,,11-Apr-24,,7757,,35336,,43093,,43093,,
INV-30784,,Vendor,52860,,9-Apr-24,,16825,,76645,,93470,,93470,,
INV-63206,,Vendor,87357,,27-Apr-24,,14892,,67840,,82732,,82732,,
INV-31934,,Vendor,83084,,20-Apr-24,,4156,,18935,,23091,,23091,,
INV-22133,,Vendor,85625,,12-Apr-24,,16211,,73852,,90063,,90063,,
INV-89577,,Vendor,12058,,6-May-24,,10843,,49394,,60236,,60236,,
INV-18456,,Vendor,94753,,24-Apr-24,,117,,534,,651,,651,,
INV-39319,,Vendor,15853,,24-Apr-24,,1730,,7882,,9612,,9612,,
INV-30088,,Vendor,34742,,7-Apr-24,,12546,,57156,,69703,,69703,,
INV-30527,,Vendor,12588,,17-Apr-24,,14707,,66996,,81703,,81703,,
INV-78239,,Vendor,33427,,27-Apr-24,,11372,,51806,,63178,,63178,,
INV-53410,,Vendor,88893,,19-Apr-24,,12094,,55096,,67190,,67190,,
INV-59182,,Vendor,40123,,20-Apr-24,,3983,,18144,,22127,,22127,,
INV-37762,,Vendor,41972,,25-Apr-24,,5663,,25797,,31460,,31460,,
INV-32018,,Vendor,95600,,29-Apr-24,,8920,,40638,,49558,,49558,,
INV-78188,,Vendor,34370,,24-Apr-24,,13873,,63199,,77072,,77072,,
INV-98941,,Vendor,49767,,1-May-24,,4070,,18542,,22612,,22612,,
INV-91476,,Vendor,98256,,17-Apr-24,,7339,,33432,,40770,,40770,,
INV-41469,,Vendor,14562,,15-Apr-24,,16994,,77418,,94412,,94412,,
INV-45034,,Vendor,30463,,12-Apr-24,,9275,,42251,,51525,,51525,,
INV-90235,,Vendor,86680,,28-Apr-24,,3008,,13704,,16712,,16712,,
INV-73292,,Vendor,75016,,8-Apr-24,,16876,,76879,,93754,,93754,,
INV-90675,,Vendor,49046,,25-Apr-24,,8845,,40292,,49136,,49136,,
INV-17930,,Vendor,85704,,26-Apr-24,,6693,,30488,,37181,,37181,,
INV-53225,,Vendor,27569,,21-Apr-24,,10535,,47994,,58529,,58529,,
INV-13404,,Vendor,40258,,5-May-24,,1969,,8970,,10939,,10939,,
INV-82437,,Vendor,38815,,7-Apr-24,,1476,,6722,,8197,,8197,,
INV-10441,,Vendor,66269,,30-Apr-24,,469,,2134,,2603,,2603,,
INV-81431,,Vendor,47156,,20-Apr-24,,10691,,48704,,59395,,59395,,
INV-75727,,Vendor,36663,,4-May-24,,5454,,24845,,30299,,30299,,
INV-92161,,Vendor,69440,,27-Apr-24,,6297,,28688,,34985,,34985,,
INV-22654,,Vendor,70802,,15-Apr-24,,12129,,55256,,67385,,67385,,
INV-49181,,Vendor,34417,,23-Apr-24,,9886,,45037,,54923,,54923,,
INV-35731,,Vendor,84978,,6-May-24,,9872,,44971,,54842,,54842,,
INV-42599,,Vendor,36564,,9-Apr-24,,3403,,15501,,18904,,18904,,
INV-39234,,Vendor,23298,,11-Apr-24,,14067,,64083,,78149,,78149,,
INV-12128,,Vendor,96810,,22-Apr-24,,6941,,31619,,38560,,38560,,
INV-76032,,Vendor,30722,,6-May-24,,2814,,12817,,15631,,15631,,
INV-27464,,Vendor,66077,,20-Apr-24,,16413,,74771,,91184,,91184,,
INV-26504,,Vendor,20353,,19-Apr-24,,7543,,34363,,41906,,41906,,
INV-47998,,Vendor,87748,,28-Apr-24,,5167,,23537,,28704,,28704,,
INV-43072,,Vendor,12737,,27-Apr-24,,9047,,41212,,50259,,50259,,
INV-44292,,Vendor,68731,,12-Apr-24,,5142,,23426,,28568,,28568,,
INV-24143,,Vendor,98339,,25-Apr-24,,3312,,15087,,18399,,18399,,
INV-28053,,Vendor,42649,,28-Apr-24,,3669,,16716,,20385,,20385,,
INV-37626,,Vendor,64200,,11-Apr-24,,10913,,49713,,60625,,60625,,
INV-36097,,Vendor,49396,,24-Apr-24,,7244,,33000,,40244,,40244,,
INV-66944,,Vendor,92613,,17-Apr-24,,15852,,72214,,88066,,88066,,
INV-11086,,Vendor,29472,,8-Apr-24,,4847,,22083,,26930,,26930,,
INV-30817,,Vendor,89520,,21-Apr-24,,7512,,34220,,41732,,41732,,
INV-61894,,Vendor,62818,,15-Apr-24,,6988,,31832,,38820,,38820,,
INV-68347,,Vendor,94972,,2-May-24,,8159,,37171,,45330,,45330,,
INV-80447,,Vendor,80138,,3-May-24,,9689,,44139,,53828,,53828,,
INV-37974,,Vendor,55850,,14-Apr-24,,3345,,15240,,18585,,18585,,
INV-90874,,Vendor,20405,,29-Apr-24,,11900,,54210,,66110,,66110,,
INV-39952,,Vendor,84399,,24-Apr-24,,12585,,57330,,69915,,69915,,
INV-92936,,Vendor,13730,,29-Apr-24,,9719,,44276,,53995,,53995,,
INV-14147,,Vendor,52693,,6-May-24,,2388,,10880,,13268,,13268,,
INV-45163,,Vendor,37389,,2-May-24,,17243,,78550,,95793,,95793,,
INV-34819,,Vendor,34380,,20-Apr-24,,15899,,72427,,88326,,88326,,
INV-17362,,Vendor,38849,,22-Apr-24,,8133,,37049,,45181,,45181,,
INV-11228,,Vendor,86231,,27-Apr-24,,17273,,78686,,95958,,95958,,
INV-23535,,Vendor,76122,,6-May-24,,8766,,39935,,48701,,48701,,
INV-37088,,Vendor,27215,,1-May-24,,9897,,45087,,54984,,54984,,
INV-94376,,Vendor,88760,,5-May-24,,2788,,12703,,15491,,15491,,
INV-84087,,Vendor,29048,,26-Apr-24,,2127,,9690,,11818,,11818,,
INV-95456,,Vendor,23642,,26-Apr-24,,282,,1285,,1567,,1567,,
INV-81799,,Vendor,55652,,22-Apr-24,,11002,,50118,,61120,,61120,,
INV-20729,,Vendor,82411,,11-Apr-24,,10816,,49271,,60087,,60087,,
INV-91830,,Vendor,37308,,21-Apr-24,,5192,,23651,,28843,,28843,,
INV-98816,,Vendor,21930,,23-Apr-24,,11712,,53355,,65067,,65067,,
INV-54690,,Vendor,23866,,23-Apr-24,,6815,,31046,,37861,,37861,,
INV-70705,,Vendor,21171,,28-Apr-24,,17681,,80547,,98228,,98228,,
INV-78879,,Vendor,19883,,24-Apr-24,,8748,,39851,,48598,,48598,,
INV-91171,,Vendor,65524,,18-Apr-24,,2421,,11028,,13449,,13449,,
INV-81300,,Vendor,63509,,5-May-24,,13986,,63712,,77698,,77698,,
INV-92545,,Vendor,18933,,12-Apr-24,,4858,,22130,,26988,,26988,,
INV-37038,,Vendor,80765,,11-Apr-24,,11005,,50135,,61140,,61140,,
INV-99502,,Vendor,96132,,2-May-24,,9328,,42496,,51825,,51825,,
INV-11290,,Vendor,77819,,21-Apr-24,,12699,,57850,,70549,,70549,,
INV-67874,,Vendor,97102,,8-Apr-24,,11271,,51345,,62616,,62616,,
INV-70015,,Vendor,10770,,20-Apr-24,,17431,,79409,,96841,,96841,,
INV-55789,,Vendor,31857,,10-Apr-24,,14770,,67287,,82057,,82057,,
INV-64279,,Vendor,41805,,24-Apr-24,,12959,,59035,,71994,,71994,,
INV-91088,,Vendor,31061,,17-Apr-24,,13807,,62897,,76703,,76703,,
INV-15130,,Vendor,78143,,24-Apr-24,,6692,,30484,,37176,,37176,,
INV-63533,,Vendor,69989,,14-Apr-24,,1882,,8572,,10454,,10454,,
INV-85028,,Vendor,88157,,9-Apr-24,,5934,,27032,,32966,,32966,,
INV-48391,,Vendor,83455,,15-Apr-24,,17080,,77810,,94891,,94891,,
INV-87323,,Vendor,52668,,19-Apr-24,,16419,,74798,,91217,,91217,,
INV-21393,,Vendor,17396,,5-May-24,,9363,,42652,,52015,,52015,,
INV-29123,,Vendor,37054,,13-Apr-24,,14057,,64037,,78094,,78094,,
INV-39857,,Vendor,12900,,3-May-24,,15395,,70134,,85529,,85529,,
INV-53575,,Vendor,78392,,24-Apr-24,,12228,,55704,,67932,,67932,,
INV-28476,,Vendor,66533,,29-Apr-24,,8225,,37471,,45696,,45696,,
INV-82070,,Vendor,79870,,27-Apr-24,,13676,,62303,,75979,,75979,,
INV-37824,,Vendor,85188,,13-Apr-24,,5690,,25919,,31608,,31608,,
INV-18487,,Vendor,29572,,29-Apr-24,,9719,,44274,,53992,,53992,,
INV-26932,,Vendor,46454,,26-Apr-24,,16228,,73930,,90158,,90158,,
INV-11345,,Vendor,90285,,9-Apr-24,,14918,,67962,,82881,,82881,,
INV-43968,,Vendor,90359,,17-Apr-24,,4934,,22479,,27414,,27414,,
INV-76309,,Vendor,47590,,20-Apr-24,,5508,,25092,,30600,,30600,,
INV-46602,,Vendor,66770,,19-Apr-24,,10401,,47385,,57786,,57786,,
INV-87166,,Vendor,81059,,26-Apr-24,,15066,,68633,,83699,,83699,,
INV-55311,,Vendor,13252,,21-Apr-24,,15054,,68581,,83636,,83636,,
INV-88859,,Vendor,85696,,29-Apr-24,,5950,,27107,,33058,,33058,,
INV-93707,,Vendor,89435,,21-Apr-24,,3294,,15008,,18302,,18302,,
INV-60092,,Vendor,40958,,6-May-24,,10597,,48274,,58870,,58870,,
INV-65710,,Vendor,18942,,14-Apr-24,,755,,3439,,4194,,4194,,
INV-56812,,Vendor,30755,,26-Apr-24,,17589,,80128,,97717,,97717,,
INV-23401,,Vendor,88955,,19-Apr-24,,8308,,37847,,46155,,46155,,
INV-43732,,Vendor,38267,,25-Apr-24,,6096,,27773,,33869,,33869,,
INV-19445,,Vendor,12299,,10-Apr-24,,2778,,12654,,15431,,15431,,
INV-41675,,Vendor,13962,,19-Apr-24,,5337,,24315,,29652,,29652,,
INV-42078,,Vendor,70780,,5-May-24,,12038,,54838,,66876,,66876,,
INV-47645,,Vendor,98495,,15-Apr-24,,15224,,69354,,84578,,84578,,
INV-46951,,Vendor,77057,,25-Apr-24,,15203,,69259,,84462,,84462,,
INV-90060,,Vendor,40630,,7-Apr-24,,9906,,45128,,55034,,55034,,
INV-95002,,Vendor,65907,,7-Apr-24,,7490,,34120,,41610,,41610,,
INV-46377,,Vendor,42908,,30-Apr-24,,16272,,74129,,90402,,90402,,
INV-13477,,Vendor,44560,,12-Apr-24,,13330,,60727,,74057,,74057,,
INV-21721,,Vendor,76948,,26-Apr-24,,17415,,79333,,96747,,96747,,
INV-21727,,Vendor,91781,,3-May-24,,14117,,64309,,78425,,78425,,
INV-91198,,Vendor,99413,,2-May-24,,5045,,22983,,28028,,28028,,
INV-78700,,Vendor,21812,,21-Apr-24,,5908,,26916,,32824,,32824,,
INV-92316,,Vendor,24336,,19-Apr-24,,9437,,42989,,52425,,52425,,
INV-25274,,Vendor,97850,,15-Apr-24,,2287,,10419,,12707,,12707,,
INV-36249,,Vendor,56924,,21-Apr-24,,4608,,20990,,25597,,25597,,
INV-86192,,Vendor,29569,,23-Apr-24,,9852,,44879,,54731,,54731,,
INV-34725,,Vendor,34551,,9-Apr-24,,14354,,65388,,79742,,79742,,
INV-19383,,Vendor,70396,,6-May-24,,6535,,29771,,36305,,36305,,
INV-69021,,Vendor,45208,,8-Apr-24,,3602,,16409,,20011,,20011,,
INV-99812,,Vendor,55503,,11-Apr-24,,15603,,71081,,86684,,86684,,
INV-32194,,Vendor,11893,,3-May-24,,3033,,13816,,16849,,16849,,
INV-40272,,Vendor,29908,,13-Apr-24,,2620,,11936,,14556,,14556,,
INV-52904,,Vendor,55987,,8-Apr-24,,10694,,48717,,59411,,59411,,
INV-76927,,Vendor,62352,,23-Apr-24,,14846,,67630,,82476,,82476,,
INV-98313,,Vendor,66611,,20-Apr-24,,16233,,73951,,90184,,90184,,
INV-14463,,Vendor,72047,,17-Apr-24,,5637,,25680,,31317,,31317,,
INV-23042,,Vendor,31523,,4-May-24,,12039,,54844,,66883,,66883,,
INV-14733,,Vendor,19623,,20-Apr-24,,2388,,10878,,13266,,13266,,
INV-11701,,Vendor,31239,,29-Apr-24,,15394,,70130,,85524,,85524,,
INV-91554,,Vendor,27173,,1-May-24,,7621,,34716,,42336,,42336,,
INV-51143,,Vendor,81837,,16-Apr-24,,4486,,20437,,24923,,24923,,
INV-60240,,Vendor,14778,,8-Apr-24,,2974,,13550,,16524,,16524,,
INV-86037,,Vendor,17474,,28-Apr-24,,5500,,25057,,30558,,30558,,
INV-40582,,Vendor,91680,,14-Apr-24,,7825,,35649,,43475,,43475,,
INV-37941,,Vendor,48125,,13-Apr-24,,6084,,27714,,33797,,33797,,
INV-66136,,Vendor,49292,,20-Apr-24,,11830,,53893,,65723,,65723,,
INV-22283,,Vendor,16426,,20-Apr-24,,15335,,69861,,85196,,85196,,
INV-50052,,Vendor,82133,,7-Apr-24,,11003,,50127,,61130,,61130,,
INV-13066,,Vendor,89325,,6-May-24,,6948,,31653,,38602,,38602,,
INV-63166,,Vendor,61805,,13-Apr-24,,15074,,68670,,83744,,83744,,
INV-57761,,Vendor,69995,,25-Apr-24,,16053,,73132,,89186,,89186,,
INV-64426,,Vendor,21325,,9-Apr-24,,9343,,42562,,51905,,51905,,
INV-15531,,Vendor,26298,,27-Apr-24,,14422,,65702,,80125,,80125,,
INV-52804,,Vendor,87763,,19-Apr-24,,5970,,27195,,33165,,33165,,
INV-74645,,Vendor,78170,,19-Apr-24,,1359,,6192,,7551,,7551,,
INV-54175,,Vendor,76641,,4-May-24,,11668,,53155,,64823,,64823,,
INV-40986,,Vendor,10861,,11-Apr-24,,5247,,23904,,29151,,29151,,
INV-74908,,Vendor,41481,,25-Apr-24,,2583,,11767,,14350,,14350,,
INV-38040,,Vendor,76169,,12-Apr-24,,9845,,44847,,54692,,54692,,
INV-34388,,Vendor,98823,,11-Apr-24,,13855,,63116,,76970,,76970,,
INV-16447,,Vendor,21865,,12-Apr-24,,8856,,40345,,49201,,49201,,
INV-51295,,Vendor,83050,,25-Apr-24,,17758,,80897,,98655,,98655,,
INV-32600,,Vendor,74897,,22-Apr-24,,15679,,71425,,87104,,87104,,
INV-79043,,Vendor,18994,,16-Apr-24,,12015,,54736,,66751,,66751,,
INV-98933,,Vendor,32083,,12-Apr-24,,8627,,39299,,47925,,47925,,
INV-40892,,Vendor,28796,,25-Apr-24,,2009,,9151,,11159,,11159,,
INV-22022,,Vendor,32672,,19-Apr-24,,13182,,60052,,73234,,73234,,
INV-44905,,Vendor,30495,,19-Apr-24,,1013,,4615,,5628,,5628,,
INV-40459,,Vendor,99184,,16-Apr-24,,12602,,57410,,70012,,70012,,
INV-81618,,Vendor,21446,,12-Apr-24,,5207,,23721,,28928,,28928,,
INV-66773,,Vendor,31933,,5-May-24,,6110,,27836,,33946,,33946,,
INV-83183,,Vendor,95579,,18-Apr-24,,4187,,19076,,23263,,23263,,
INV-92231,,Vendor,97346,,20-Apr-24,,14267,,64994,,79261,,79261,,
INV-81431,,Vendor,13323,,29-Apr-24,,8770,,39950,,48720,,48720,,
INV-36550,,Vendor,40904,,24-Apr-24,,16068,,73200,,89269,,89269,,
INV-72430,,Vendor,41073,,13-Apr-24,,15801,,71983,,87785,,87785,,
INV-95380,,Vendor,91577,,5-May-24,,7201,,32805,,40006,,40006,,
INV-71297,,Vendor,58636,,18-Apr-24,,1699,,7739,,9437,,9437,,
INV-44851,,Vendor,64891,,9-Apr-24,,6955,,31685,,38640,,38640,,
INV-32647,,Vendor,84055,,1-May-24,,9304,,42387,,51692,,51692,,
INV-52995,,Vendor,64403,,29-Apr-24,,6651,,30301,,36952,,36952,,
INV-79314,,Vendor,76299,,13-Apr-24,,1942,,8849,,10791,,10791,,
INV-85249,,Vendor,34738,,30-Apr-24,,17841,,81274,,99114,,99114,,
INV-62280,,Vendor,47305,,19-Apr-24,,5859,,26689,,32548,,32548,,
INV-64730,,Vendor,93119,,10-Apr-24,,677,,3082,,3758,,3758,,
INV-87380,,Vendor,79625,,19-Apr-24,,4716,,21482,,26198,,26198,,
INV-54192,,Vendor,94263,,30-Apr-24,,8141,,37085,,45225,,45225,,
INV-26642,,Vendor,52885,,10-Apr-24,,16068,,73198,,89266,,89266,,
INV-18578,,Vendor,51219,,5-May-24,,4830,,22003,,26833,,26833,,
INV-55656,,Vendor,86009,,13-Apr-24,,6206,,28272,,34478,,34478,,
INV-74786,,Vendor,56453,,9-Apr-24,,15636,,71231,,86867,,86867,,
INV-11445,,Vendor,20253,,10-Apr-24,,4967,,22629,,27597,,27597,,
INV-78617,,Vendor,22386,,10-Apr-24,,1172,,5338,,6510,,6510,,
INV-12447,,Vendor,37578,,7-Apr-24,,980,,4464,,5444,,5444,,
INV-58955,,Vendor,11508,,7-Apr-24,,4282,,19506,,23788,,23788,,
INV-65063,,Vendor,90737,,22-Apr-24,,6382,,29075,,35457,,35457,,
INV-81515,,Vendor,45738,,6-May-24,,3096,,14102,,17198,,17198,,
INV-29306,,Vendor,11593,,19-Apr-24,,4298,,19581,,23879,,23879,,
INV-90270,,Vendor,24211,,6-May-24,,3754,,17101,,20855,,20855,,
INV-59740,,Vendor,25886,,21-Apr-24,,15034,,68488,,83522,,83522,,
INV-83111,,Vendor,45858,,23-Apr-24,,14512,,66110,,80622,,80622,,
INV-44119,,Vendor,16524,,17-Apr-24,,345,,1570,,1915,,1915,,
INV-14544,,Vendor,42805,,2-May-24,,1171,,5336,,6508,,6508,,
INV-85167,,Vendor,20531,,22-Apr-24,,14554,,66303,,80857,,80857,,
INV-88794,,Vendor,70128,,27-Apr-24,,13814,,62931,,76745,,76745,,
INV-88814,,Vendor,78330,,9-Apr-24,,5452,,24835,,30286,,30286,,
INV-68473,,Vendor,45397,,6-May-24,,8407,,38297,,46703,,46703,,
INV-66244,,Vendor,98039,,8-Apr-24,,14228,,64815,,79043,,79043,,
INV-72702,,Vendor,31348,,9-Apr-24,,12079,,55027,,67106,,67106,,
INV-20526,,Vendor,16452,,3-May-24,,11063,,50398,,61461,,61461,,
INV-61763,,Vendor,83342,,20-Apr-24,,17988,,81944,,99931,,99931,,
INV-97501,,Vendor,69874,,4-May-24,,8588,,39124,,47712,,47712,,
INV-77038,,Vendor,48788,,9-Apr-24,,7917,,36065,,43982,,43982,,
INV-84890,,Vendor,63195,,5-May-24,,14729,,67097,,81826,,81826,,
INV-14499,,Vendor,98882,,16-Apr-24,,8010,,36489,,44498,,44498,,
INV-80619,,Vendor,95563,,2-May-24,,3491,,15901,,19392,,19392,,
INV-84414,,Vendor,72643,,21-Apr-24,,10586,,48226,,58812,,58812,,
INV-86978,,Vendor,88586,,18-Apr-24,,16231,,73940,,90171,,90171,,
INV-51444,,Vendor,63817,,2-May-24,,3152,,14361,,17513,,17513,,
INV-58666,,Vendor,29707,,18-Apr-24,,3594,,16374,,19968,,19968,,
INV-60583,,Vendor,10226,,2-May-24,,4254,,19380,,23635,,23635,,
INV-69261,,Vendor,83003,,1-May-24,,14027,,63900,,77926,,77926,,
INV-21462,,Vendor,95136,,21-Apr-24,,12980,,59131,,72112,,72112,,
INV-53907,,Vendor,51454,,4-May-24,,10700,,48743,,59443,,59443,,
INV-64797,,Vendor,58248,,18-Apr-24,,11442,,52123,,63564,,63564,,
INV-61361,,Vendor,72601,,22-Apr-24,,17598,,80169,,97767,,97767,,
INV-41057,,Vendor,86468,,29-Apr-24,,14896,,67860,,82756,,82756,,
INV-54348,,Vendor,42989,,13-Apr-24,,13015,,59289,,72303,,72303,,
INV-27135,,Vendor,79679,,21-Apr-24,,10693,,48715,,59408,,59408,,
INV-93745,,Vendor,11931,,2-May-24,,14805,,67444,,82249,,82249,,
INV-49606,,Vendor,32147,,10-Apr-24,,4170,,18998,,23169,,23169,,
INV-25496,,Vendor,54405,,19-Apr-24,,3672,,16729,,20401,,20401,,
INV-50914,,Vendor,31077,,7-Apr-24,,16118,,73427,,89546,,89546,,
INV-10516,,Vendor,87749,,29-Apr-24,,5448,,24819,,30268,,30268,,
INV-48478,,Vendor,61936,,11-Apr-24,,16624,,75732,,92356,,92356,,
INV-17711,,Vendor,62154,,30-Apr-24,,3096,,14106,,17202,,17202,,
INV-85627,,Vendor,52566,,20-Apr-24,,16953,,77229,,94181,,94181,,
INV-91358,,Vendor,66118,,4-May-24,,2622,,11944,,14566,,14566,,
INV-30060,,Vendor,53365,,9-Apr-24,,242,,1103,,1345,,1345,,
INV-49570,,Vendor,53479,,27-Apr-24,,6733,,30673,,37406,,37406,,
INV-29245,,Vendor,72271,,9-Apr-24,,16547,,75381,,91928,,91928,,
INV-13802,,Vendor,14557,,30-Apr-24,,9592,,43695,,53287,,53287,,
INV-23954,,Vendor,34823,,16-Apr-24,,16492,,75132,,91625,,91625,,
INV-94557,,Vendor,15999,,1-May-24,,12255,,55827,,68082,,68082,,
INV-96742,,Vendor,41333,,26-Apr-24,,501,,2282,,2783,,2783,,
INV-57015,,Vendor,86009,,13-Apr-24,,12496,,56925,,69421,,69421,,
INV-97992,,Vendor,47140,,1-May-24,,6623,,30170,,36792,,36792,,
INV-92568,,Vendor,90568,,3-May-24,,791,,3605,,4396,,4396,,
INV-31132,,Vendor,73629,,3-May-24,,9457,,43082,,52538,,52538,,
INV-62436,,Vendor,88073,,25-Apr-24,,9796,,44624,,54420,,54420,,
INV-58220,,Vendor,65078,,12-Apr-24,,10576,,48180,,58756,,58756,,
INV-47131,,Vendor,63795,,20-Apr-24,,8124,,37009,,45133,,45133,,
INV-83870,,Vendor,80714,,10-Apr-24,,15789,,71928,,87717,,87717,,
INV-96705,,Vendor,56469,,27-Apr-24,,2033,,9259,,11292,,11292,,
INV-56972,,Vendor,25680,,29-Apr-24,,14431,,65742,,80173,,80173,,
INV-55500,,Vendor,82061,,9-Apr-24,,17700,,80635,,98336,,98336,,
INV-22543,,Vendor,81924,,27-Apr-24,,9462,,43107,,52569,,52569,,
INV-58429,,Vendor,45107,,26-Apr-24,,13448,,61262,,74710,,74710,,
INV-93857,,Vendor,11395,,26-Apr-24,,7680,,34987,,42667,,42667,,
INV-34341,,Vendor,68272,,26-Apr-24,,5559,,25324,,30883,,30883,,
INV-77698,,Vendor,45027,,4-May-24,,17996,,81984,,99981,,99981,,
INV-53262,,Vendor,87133,,27-Apr-24,,16401,,74715,,91115,,91115,,
INV-30696,,Vendor,34846,,9-Apr-24,,17256,,78610,,95866,,95866,,
INV-65498,,Vendor,11734,,24-Apr-24,,8237,,37526,,45763,,45763,,
INV-94716,,Vendor,58792,,12-Apr-24,,1880,,8565,,10445,,10445,,
INV-57959,,Vendor,66862,,28-Apr-24,,14859,,67692,,82551,,82551,,
INV-69950,,Vendor,54982,,7-Apr-24,,6099,,27786,,33886,,33886,,
INV-33689,,Vendor,71849,,22-Apr-24,,10037,,45722,,55759,,55759,,
INV-52646,,Vendor,60671,,29-Apr-24,,14034,,63932,,77966,,77966,,
INV-64351,,Vendor,91595,,8-Apr-24,,4604,,20972,,25576,,25576,,
INV-13599,,Vendor,69193,,14-Apr-24,,3186,,14514,,17700,,17700,,
INV-10932,,Vendor,34119,,11-Apr-24,,6758,,30785,,37542,,37542,,
INV-92638,,Vendor,72904,,8-Apr-24,,12520,,57033,,69553,,69553,,
INV-42121,,Vendor,47390,,2-May-24,,3830,,17449,,21279,,21279,,
INV-81513,,Vendor,90152,,30-Apr-24,,11863,,54045,,65908,,65908,,
INV-39421,,Vendor,22062,,26-Apr-24,,3363,,15320,,18683,,18683,,
INV-19198,,Vendor,14045,,14-Apr-24,,1714,,7807,,9521,,9521,,
INV-24068,,Vendor,93289,,28-Apr-24,,6578,,29967,,36545,,36545,,
INV-81378,,Vendor,51832,,16-Apr-24,,627,,2856,,3483,,3483,,
INV-37420,,Vendor,27994,,8-Apr-24,,9028,,41127,,50154,,50154,,
INV-40228,,Vendor,96235,,8-Apr-24,,6999,,31886,,38886,,38886,,
INV-87009,,Vendor,11483,,7-Apr-24,,5151,,23467,,28619,,28619,,
INV-19099,,Vendor,11511,,20-Apr-24,,8770,,39954,,48725,,48725,,
INV-40982,,Vendor,38387,,4-May-24,,15117,,68866,,83982,,83982,,
INV-88892,,Vendor,16330,,6-May-24,,4355,,19840,,24195,,24195,,
INV-23046,,Vendor,32093,,8-Apr-24,,16407,,74744,,91151,,91151,,
INV-82142,,Vendor,52788,,5-May-24,,17678,,80533,,98211,,98211,,
INV-24866,,Vendor,60842,,16-Apr-24,,5742,,26158,,31900,,31900,,
INV-64921,,Vendor,91674,,14-Apr-24,,12611,,57450,,70061,,70061,,
INV-63436,,Vendor,40693,,1-May-24,,8225,,37467,,45692,,45692,,
INV-18101,,Vendor,49204,,27-Apr-24,,2127,,9690,,11817,,11817,,
INV-90333,,Vendor,53081,,5-May-24,,7678,,34977,,42654,,42654,,
INV-13470,,Vendor,51266,,22-Apr-24,,14097,,64221,,78319,,78319,,
INV-91228,,Vendor,57537,,30-Apr-24,,4026,,18342,,22368,,22368,,
INV-30629,,Vendor,99991,,12-Apr-24,,16385,,74643,,91028,,91028,,
INV-30892,,Vendor,52365,,26-Apr-24,,10376,,47266,,57642,,57642,,
INV-46584,,Vendor,31936,,25-Apr-24,,14527,,66177,,80704,,80704,,
INV-56564,,Vendor,67730,,3-May-24,,15306,,69726,,85032,,85032,,
INV-91835,,Vendor,63094,,30-Apr-24,,7731,,35219,,42949,,42949,,
INV-83075,,Vendor,97295,,18-Apr-24,,10752,,48979,,59731,,59731,,
INV-33312,,Vendor,85666,,8-Apr-24,,547,,2493,,3040,,3040,,
INV-66655,,Vendor,76047,,9-Apr-24,,5906,,26903,,32809,,32809,,
INV-33013,,Vendor,91428,,1-May-24,,4921,,22420,,27342,,27342,,
INV-15905,,Vendor,29960,,25-Apr-24,,15177,,69138,,84315,,84315,,
INV-42929,,Vendor,63683,,5-May-24,,14262,,64971,,79233,,79233,,
INV-40193,,Vendor,92772,,18-Apr-24,,1119,,5097,,6216,,6216,,
INV-30342,,Vendor,20477,,26-Apr-24,,14186,,64627,,78814,,78814,,
INV-83605,,Vendor,48576,,23-Apr-24,,9205,,41936,,51142,,51142,,
INV-75299,,Vendor,59339,,15-Apr-24,,12505,,56966,,69470,,69470,,
INV-23002,,Vendor,15989,,12-Apr-24,,15808,,72013,,87821,,87821,,
INV-57954,,Vendor,30456,,11-Apr-24,,14318,,65226,,79544,,79544,,
INV-79054,,Vendor,62642,,21-Apr-24,,1626,,7407,,9033,,9033,,
INV-78906,,Vendor,30916,,5-May-24,,53,,241,,293,,293,,
INV-24079,,Vendor,31133,,8-Apr-24,,6837,,31147,,37984,,37984,,
INV-19368,,Vendor,68127,,17-Apr-24,,16171,,73666,,89836,,89836,,
INV-82890,,Vendor,50632,,7-Apr-24,,6156,,28045,,34202,,34202,,
INV-85550,,Vendor,86193,,29-Apr-24,,1278,,5821,,7099,,7099,,
INV-30080,,Vendor,96668,,9-Apr-24,,4953,,22565,,27519,,27519,,
INV-83841,,Vendor,67254,,21-Apr-24,,2418,,11014,,13432,,13432,,
INV-50678,,Vendor,72555,,17-Apr-24,,9570,,43597,,53167,,53167,,
INV-39087,,Vendor,37187,,18-Apr-24,,5488,,25002,,30490,,30490,,
INV-99776,,Vendor,89677,,20-Apr-24,,16591,,75579,,92170,,92170,,
INV-32544,,Vendor,63784,,10-Apr-24,,17018,,77526,,94544,,94544,,
INV-28462,,Vendor,40658,,8-Apr-24,,12064,,54960,,67024,,67024,,
INV-57521,,Vendor,99165,,4-May-24,,12008,,54704,,66713,,66713,,
INV-68892,,Vendor,80130,,29-Apr-24,,2086,,9502,,11588,,11588,,
INV-77006,,Vendor,61607,,29-Apr-24,,2666,,12146,,14812,,14812,,
INV-94613,,Vendor,46382,,25-Apr-24,,3714,,16920,,20635,,20635,,
INV-40328,,Vendor,86390,,12-Apr-24,,8727,,39756,,48483,,48483,,
INV-15418,,Vendor,55690,,2-May-24,,7517,,34246,,41763,,41763,,
INV-30816,,Vendor,84656,,8-Apr-24,,12009,,54706,,66715,,66715,,
INV-81732,,Vendor,27206,,27-Apr-24,,10107,,46044,,56151,,56151,,
INV-88239,,Vendor,51375,,5-May-24,,11584,,52772,,64356,,64356,,
INV-75684,,Vendor,24347,,25-Apr-24,,11005,,50133,,61138,,61138,,
INV-81594,,Vendor,82002,,10-Apr-24,,10607,,48322,,58930,,58930,,
INV-50415,,Vendor,10538,,21-Apr-24,,1081,,4927,,6008,,6008,,
INV-49022,,Vendor,73325,,19-Apr-24,,2912,,13267,,16180,,16180,,
INV-50991,,Vendor,93047,,30-Apr-24,,5736,,26130,,31866,,31866,,
INV-52504,,Vendor,19797,,7-Apr-24,,7952,,36226,,44178,,44178,,
INV-77942,,Vendor,33605,,21-Apr-24,,10774,,49083,,59857,,59857,,
INV-69179,,Vendor,23820,,20-Apr-24,,12493,,56914,,69407,,69407,,
INV-18109,,Vendor,79587,,17-Apr-24,,11701,,53305,,65006,,65006,,
INV-82440,,Vendor,74115,,19-Apr-24,,9976,,45447,,55423,,55423,,
INV-89819,,Vendor,59985,,24-Apr-24,,2935,,13369,,16304,,16304,,
INV-62723,,Vendor,25055,,7-Apr-24,,3949,,17991,,21941,,21941,,
INV-42250,,Vendor,96465,,12-Apr-24,,3437,,15659,,19096,,19096,,
INV-74425,,Vendor,68072,,4-May-24,,9678,,44089,,53767,,53767,,
INV-32978,,Vendor,45966,,29-Apr-24,,12702,,57865,,70567,,70567,,
INV-86321,,Vendor,52764,,7-Apr-24,,6643,,30264,,36907,,36907,,
INV-90412,,Vendor,47386,,8-Apr-24,,4345,,19795,,24141,,24141,,
INV-98645,,Vendor,44700,,21-Apr-24,,6676,,30413,,37090,,37090,,
INV-48174,,Vendor,44414,,20-Apr-24,,300,,1366,,1666,,1666,,
INV-41014,,Vendor,21108,,18-Apr-24,,17079,,77806,,94886,,94886,,
INV-57956,,Vendor,56073,,9-Apr-24,,7413,,33769,,41181,,41181,,
INV-84001,,Vendor,57972,,3-May-24,,7226,,32920,,40147,,40147,,
INV-52172,,Vendor,89420,,15-Apr-24,,9324,,42476,,51800,,51800,,
INV-84972,,Vendor,86635,,27-Apr-24,,11642,,53034,,64676,,64676,,
INV-10557,,Vendor,19455,,23-Apr-24,,2260,,10294,,12553,,12553,,
INV-16791,,Vendor,49500,,17-Apr-24,,6930,,31570,,38500,,38500,,
INV-26973,,Vendor,79926,,26-Apr-24,,928,,4229,,5157,,5157,,
INV-97548,,Vendor,21958,,19-Apr-24,,16697,,76065,,92762,,92762,,
INV-25706,,Vendor,57470,,17-Apr-24,,1129,,5145,,6275,,6275,,
INV-71000,,Vendor,11062,,3-May-24,,14600,,66512,,81112,,81112,,
INV-65626,,Vendor,87137,,3-May-24,,6254,,28489,,34742,,34742,,
INV-12678,,Vendor,36946,,20-Apr-24,,15176,,69135,,84312,,84312,,
INV-91399,,Vendor,80926,,9-Apr-24,,6701,,30527,,37228,,37228,,
INV-34431,,Vendor,81509,,11-Apr-24,,6148,,28009,,34157,,34157,,
INV-69231,,Vendor,84018,,22-Apr-24,,13069,,59537,,72606,,72606,,
INV-60620,,Vendor,54472,,17-Apr-24,,15284,,69628,,84912,,84912,,
INV-24251,,Vendor,58034,,21-Apr-24,,2382,,10851,,13233,,13233,,
INV-77561,,Vendor,30131,,22-Apr-24,,14157,,64494,,78651,,78651,,
INV-61068,,Vendor,24712,,13-Apr-24,,8303,,37826,,46129,,46129,,
INV-10896,,Vendor,17476,,18-Apr-24,,17687,,80574,,98261,,98261,,
INV-64950,,Vendor,34557,,28-Apr-24,,11301,,51485,,62786,,62786,,
INV-56996,,Vendor,39211,,28-Apr-24,,14002,,63788,,77790,,77790,,
INV-28199,,Vendor,97954,,28-Apr-24,,5524,,25166,,30690,,30690,,
INV-85378,,Vendor,54480,,7-Apr-24,,5631,,25650,,31281,,31281,,
INV-53386,,Vendor,76739,,15-Apr-24,,14521,,66151,,80672,,80672,,
INV-83181,,Vendor,38014,,4-May-24,,6337,,28870,,35208,,35208,,
INV-23447,,Vendor,29152,,7-Apr-24,,15450,,70385,,85836,,85836,,
INV-13003,,Vendor,21253,,3-May-24,,2101,,9571,,11672,,11672,,
INV-19779,,Vendor,17213,,3-May-24,,15376,,70048,,85425,,85425,,
INV-69836,,Vendor,72483,,7-Apr-24,,950,,4326,,5275,,5275,,
INV-92506,,Vendor,69721,,26-Apr-24,,1582,,7207,,8789,,8789,,
INV-25059,,Vendor,53525,,24-Apr-24,,3763,,17141,,20903,,20903,,
INV-96821,,Vendor,53951,,12-Apr-24,,7601,,34628,,42230,,42230,,
INV-86602,,Vendor,13145,,21-Apr-24,,15104,,68807,,83910,,83910,,
INV-16491,,Vendor,90428,,17-Apr-24,,14449,,65823,,80272,,80272,,
INV-84005,,Vendor,19575,,30-Apr-24,,16866,,76833,,93699,,93699,,
INV-98732,,Vendor,37300,,19-Apr-24,,16043,,73087,,89131,,89131,,
INV-62838,,Vendor,13898,,12-Apr-24,,7368,,33566,,40934,,40934,,
INV-88128,,Vendor,92106,,30-Apr-24,,7433,,33860,,41292,,41292,,
INV-33678,,Vendor,79483,,30-Apr-24,,15149,,69012,,84161,,84161,,
INV-77594,,Vendor,26165,,6-May-24,,13889,,63273,,77162,,77162,,
INV-51915,,Vendor,99351,,2-May-24,,5635,,25669,,31304,,31304,,
INV-59584,,Vendor,71852,,10-Apr-24,,15843,,72173,,88016,,88016,,
INV-79502,,Vendor,91394,,4-May-24,,13065,,59517,,72581,,72581,,
INV-92816,,Vendor,35103,,18-Apr-24,,12644,,57599,,70242,,70242,,
INV-79957,,Vendor,18898,,28-Apr-24,,17662,,80462,,98124,,98124,,
INV-24161,,Vendor,72658,,23-Apr-24,,8302,,37822,,46124,,46124,,
INV-86902,,Vendor,11707,,15-Apr-24,,15643,,71262,,86905,,86905,,
INV-78616,,Vendor,96918,,26-Apr-24,,4502,,20511,,25013,,25013,,
INV-82084,,Vendor,12724,,21-Apr-24,,9589,,43685,,53274,,53274,,
INV-83403,,Vendor,65552,,23-Apr-24,,10359,,47191,,57551,,57551,,
INV-70990,,Vendor,98902,,20-Apr-24,,15005,,68357,,83362,,83362,,
INV-24819,,Vendor,68735,,8-Apr-24,,5350,,24373,,29724,,29724,,
INV-18107,,Vendor,32040,,20-Apr-24,,70,,321,,391,,391,,
INV-52880,,Vendor,13518,,6-May-24,,15571,,70934,,86505,,86505,,
INV-64262,,Vendor,48422,,17-Apr-24,,16177,,73694,,89870,,89870,,
INV-67389,,Vendor,42007,,11-Apr-24,,628,,2860,,3488,,3488,,
INV-42608,,Vendor,20516,,11-Apr-24,,4361,,19866,,24226,,24226,,
INV-56760,,Vendor,12012,,19-Apr-24,,6503,,29627,,36130,,36130,,
INV-22120,,Vendor,47771,,28-Apr-24,,13791,,62828,,76619,,76619,,
INV-62229,,Vendor,45610,,24-Apr-24,,17042,,77638,,94680,,94680,,
INV-30526,,Vendor,37299,,22-Apr-24,,6588,,30013,,36601,,36601,,
INV-86110,,Vendor,17994,,19-Apr-24,,6590,,30023,,36613,,36613,,
INV-28502,,Vendor,93289,,21-Apr-24,,2576,,11734,,14310,,14310,,
INV-99370,,Vendor,21968,,19-Apr-24,,2518,,11473,,13991,,13991,,
INV-74313,,Vendor,55799,,19-Apr-24,,12002,,54678,,66680,,66680,,
INV-75833,,Vendor,28030,,13-Apr-24,,9328,,42496,,51824,,51824,,
INV-57517,,Vendor,56853,,29-Apr-24,,3378,,15391,,18769,,18769,,
INV-27988,,Vendor,94516,,3-May-24,,16027,,73011,,89038,,89038,,
INV-19469,,Vendor,30600,,18-Apr-24,,5394,,24573,,29967,,29967,,
INV-29600,,Vendor,30350,,1-May-24,,1301,,5929,,7230,,7230,,
INV-98350,,Vendor,48112,,3-May-24,,7828,,35662,,43491,,43491,,
INV-73236,,Vendor,92471,,16-Apr-24,,9114,,41518,,50632,,50632,,
INV-88940,,Vendor,38309,,10-Apr-24,,10156,,46268,,56425,,56425,,
INV-72954,,Vendor,32212,,30-Apr-24,,4730,,21549,,26279,,26279,,
INV-12351,,Vendor,12814,,17-Apr-24,,11110,,50614,,61725,,61725,,
INV-23949,,Vendor,19628,,28-Apr-24,,15764,,71812,,87576,,87576,,
INV-10738,,Vendor,65010,,5-May-24,,2222,,10124,,12346,,12346,,
INV-96926,,Vendor,57111,,17-Apr-24,,10621,,48385,,59006,,59006,,
INV-33634,,Vendor,68622,,9-Apr-24,,1122,,5111,,6232,,6232,,
INV-41775,,Vendor,76178,,10-Apr-24,,4821,,21960,,26781,,26781,,
INV-68198,,Vendor,26346,,1-May-24,,17565,,80017,,97581,,97581,,
INV-99592,,Vendor,75463,,11-Apr-24,,14291,,65104,,79395,,79395,,
INV-51253,,Vendor,93102,,12-Apr-24,,781,,3557,,4337,,4337,,
INV-97618,,Vendor,47701,,29-Apr-24,,10971,,49981,,60952,,60952,,
INV-80421,,Vendor,86324,,1-May-24,,5176,,23578,,28753,,28753,,
INV-21576,,Vendor,42182,,5-May-24,,1854,,8447,,10301,,10301,,
INV-55371,,Vendor,39787,,11-Apr-24,,1567,,7137,,8703,,8703,,
INV-94174,,Vendor,40923,,7-Apr-24,,1335,,6081,,7415,,7415,,
INV-19775,,Vendor,39271,,30-Apr-24,,3034,,13822,,16856,,16856,,
INV-86811,,Vendor,11907,,7-Apr-24,,5352,,24381,,29733,,29733,,
INV-50814,,Vendor,59155,,5-May-24,,12948,,58986,,71935,,71935,,
INV-65958,,Vendor,21055,,23-Apr-24,,4784,,21794,,26579,,26579,,
INV-92676,,Vendor,37182,,29-Apr-24,,3000,,13667,,16667,,16667,,
INV-82608,,Vendor,74718,,15-Apr-24,,15853,,72218,,88071,,88071,,
INV-98184,,Vendor,23866,,22-Apr-24,,890,,4056,,4947,,4947,,
INV-13684,,Vendor,63799,,29-Apr-24,,16837,,76704,,93541,,93541,,
INV-25593,,Vendor,40372,,4-May-24,,1593,,7258,,8851,,8851,,
INV-12619,,Vendor,99841,,20-Apr-24,,7574,,34502,,42076,,42076,,
INV-25142,,Vendor,17821,,22-Apr-24,,3366,,15334,,18700,,18700,,
INV-16642,,Vendor,22438,,12-Apr-24,,980,,4466,,5446,,5446,,
INV-30272,,Vendor,45164,,15-Apr-24,,9707,,44221,,53928,,53928,,
INV-10955,,Vendor,60763,,28-Apr-24,,7635,,34782,,42417,,42417,,
INV-71389,,Vendor,16805,,8-Apr-24,,1521,,6930,,8452,,8452,,
INV-46748,,Vendor,45289,,30-Apr-24,,16711,,76126,,92836,,92836,,
INV-55810,,Vendor,94774,,25-Apr-24,,234,,1068,,1302,,1302,,
INV-51912,,Vendor,69447,,4-May-24,,16181,,73714,,89895,,89895,,
INV-61157,,Vendor,50682,,13-Apr-24,,2158,,9832,,11991,,11991,,
INV-97055,,Vendor,65027,,27-Apr-24,,6310,,28746,,35056,,35056,,
INV-67384,,Vendor,92402,,2-May-24,,6203,,28256,,34458,,34458,,
INV-80532,,Vendor,91503,,20-Apr-24,,3455,,15741,,19196,,19196,,
INV-47040,,Vendor,97377,,16-Apr-24,,14832,,67570,,82403,,82403,,
INV-69454,,Vendor,37285,,7-Apr-24,,7715,,35148,,42863,,42863,,
INV-57106,,Vendor,76136,,10-Apr-24,,2042,,9302,,11344,,11344,,
INV-19749,,Vendor,35726,,24-Apr-24,,5865,,26718,,32583,,32583,,
INV-34990,,Vendor,36485,,13-Apr-24,,15883,,72356,,88239,,88239,,
INV-70062,,Vendor,93015,,25-Apr-24,,3817,,17389,,21206,,21206,,
INV-76671,,Vendor,16616,,19-Apr-24,,14618,,66593,,81211,,81211,,
INV-28051,,Vendor,99224,,5-May-24,,10033,,45705,,55738,,55738,,
INV-47262,,Vendor,47547,,4-May-24,,4431,,20186,,24617,,24617,,
INV-37410,,Vendor,36237,,13-Apr-24,,1857,,8461,,10318,,10318,,
INV-15966,,Vendor,31191,,3-May-24,,14460,,65875,,80335,,80335,,
INV-61155,,Vendor,83415,,7-Apr-24,,5922,,26979,,32902,,32902,,
INV-82270,,Vendor,21367,,18-Apr-24,,12011,,54719,,66730,,66730,,
INV-90655,,Vendor,29203,,24-Apr-24,,10761,,49021,,59781,,59781,,
INV-80093,,Vendor,43458,,23-Apr-24,,17125,,78013,,95138,,95138,,
INV-85915,,Vendor,70150,,25-Apr-24,,3697,,16843,,20540,,20540,,
INV-92771,,Vendor,53241,,16-Apr-24,,10911,,49704,,60614,,60614,,
INV-63246,,Vendor,21302,,13-Apr-24,,4228,,19260,,23487,,23487,,
INV-97636,,Vendor,45982,,18-Apr-24,,3150,,14350,,17500,,17500,,
INV-61853,,Vendor,32494,,26-Apr-24,,12870,,58632,,71502,,71502,,
INV-22849,,Vendor,94682,,26-Apr-24,,14169,,64550,,78719,,78719,,
INV-79220,,Vendor,71795,,26-Apr-24,,14979,,68238,,83218,,83218,,
INV-23144,,Vendor,74433,,24-Apr-24,,3379,,15391,,18770,,18770,,
INV-82749,,Vendor,59080,,4-May-24,,1982,,9029,,11010,,11010,,
INV-48461,,Vendor,17628,,13-Apr-24,,12361,,56313,,68674,,68674,,
INV-88483,,Vendor,27371,,23-Apr-24,,12580,,57310,,69890,,69890,,
INV-93893,,Vendor,45770,,9-Apr-24,,4623,,21058,,25681,,25681,,
INV-11703,,Vendor,20339,,13-Apr-24,,14175,,64574,,78749,,78749,,
INV-22089,,Vendor,31643,,30-Apr-24,,8484,,38651,,47136,,47136,,
INV-51642,,Vendor,76164,,16-Apr-24,,15996,,72872,,88868,,88868,,
INV-18346,,Vendor,87666,,22-Apr-24,,15623,,71170,,86793,,86793,,
INV-71298,,Vendor,30480,,22-Apr-24,,13971,,63645,,77616,,77616,,
INV-25892,,Vendor,59629,,9-Apr-24,,2640,,12026,,14666,,14666,,
INV-72479,,Vendor,75894,,19-Apr-24,,13925,,63436,,77362,,77362,,
INV-18012,,Vendor,75768,,26-Apr-24,,14195,,64665,,78860,,78860,,
INV-30044,,Vendor,10745,,3-May-24,,195,,887,,1081,,1081,,
INV-48688,,Vendor,60063,,10-Apr-24,,1968,,8967,,10935,,10935,,
INV-96302,,Vendor,70029,,25-Apr-24,,1098,,5003,,6101,,6101,,
INV-46165,,Vendor,75906,,7-Apr-24,,5611,,25562,,31173,,31173,,
INV-19058,,Vendor,84107,,18-Apr-24,,5327,,24266,,29593,,29593,,
INV-47043,,Vendor,38129,,24-Apr-24,,16421,,74809,,91230,,91230,,
INV-73453,,Vendor,41022,,8-Apr-24,,9484,,43203,,52687,,52687,,
INV-12235,,Vendor,33829,,17-Apr-24,,12967,,59072,,72039,,72039,,
INV-12188,,Vendor,57473,,8-Apr-24,,14658,,66776,,81435,,81435,,
INV-42170,,Vendor,46678,,30-Apr-24,,13763,,62697,,76460,,76460,,
INV-37502,,Vendor,66290,,24-Apr-24,,17071,,77770,,94841,,94841,,
INV-60784,,Vendor,42457,,4-May-24,,13029,,59352,,72381,,72381,,
INV-27675,,Vendor,92230,,28-Apr-24,,1541,,7021,,8563,,8563,,
INV-96018,,Vendor,79595,,15-Apr-24,,16310,,74302,,90613,,90613,,
INV-92344,,Vendor,31873,,11-Apr-24,,13927,,63444,,77371,,77371,,
INV-25608,,Vendor,84337,,3-May-24,,13284,,60518,,73803,,73803,,
INV-33455,,Vendor,90676,,11-Apr-24,,10338,,47095,,57433,,57433,,
INV-24876,,Vendor,66547,,24-Apr-24,,17677,,80531,,98208,,98208,,
INV-29332,,Vendor,37470,,11-Apr-24,,8819,,40177,,48997,,48997,,
INV-38209,,Vendor,12271,,26-Apr-24,,13441,,61232,,74673,,74673,,
INV-58118,,Vendor,14945,,26-Apr-24,,13536,,61666,,75202,,75202,,
INV-24369,,Vendor,54499,,21-Apr-24,,9990,,45510,,55499,,55499,,
INV-78127,,Vendor,94873,,22-Apr-24,,7754,,35324,,43078,,43078,,
INV-36749,,Vendor,19543,,19-Apr-24,,16103,,73358,,89461,,89461,,
INV-16193,,Vendor,26427,,20-Apr-24,,7802,,35540,,43342,,43342,,
INV-91490,,Vendor,27867,,1-May-24,,13340,,60771,,74112,,74112,,
INV-87079,,Vendor,17388,,3-May-24,,1531,,6974,,8504,,8504,,
INV-91738,,Vendor,71598,,30-Apr-24,,13198,,60125,,73323,,73323,,
INV-63119,,Vendor,43210,,24-Apr-24,,4624,,21063,,25686,,25686,,
INV-80283,,Vendor,69124,,4-May-24,,3483,,15867,,19350,,19350,,
INV-99770,,Vendor,41959,,5-May-24,,3274,,14917,,18192,,18192,,
INV-25490,,Vendor,88233,,7-Apr-24,,17044,,77644,,94688,,94688,,
INV-54075,,Vendor,35328,,12-Apr-24,,17589,,80128,,97718,,97718,,
INV-70087,,Vendor,51491,,20-Apr-24,,1347,,6137,,7484,,7484,,
INV-16651,,Vendor,44805,,30-Apr-24,,6985,,31822,,38807,,38807,,
INV-50756,,Vendor,93338,,9-Apr-24,,4658,,21219,,25877,,25877,,
INV-17242,,Vendor,57028,,9-Apr-24,,4085,,18609,,22694,,22694,,
INV-85632,,Vendor,52515,,23-Apr-24,,867,,3951,,4818,,4818,,
INV-20191,,Vendor,66721,,18-Apr-24,,16991,,77404,,94395,,94395,,
INV-56616,,Vendor,77919,,18-Apr-24,,16784,,76460,,93243,,93243,,
INV-49451,,Vendor,26052,,19-Apr-24,,5749,,26188,,31937,,31937,,
INV-56275,,Vendor,23101,,21-Apr-24,,15408,,70191,,85598,,85598,,
INV-56781,,Vendor,98348,,21-Apr-24,,337,,1535,,1872,,1872,,
INV-12018,,Vendor,63908,,1-May-24,,4972,,22652,,27625,,27625,,
INV-16994,,Vendor,96629,,11-Apr-24,,3417,,15564,,18981,,18981,,
INV-63518,,Vendor,61879,,13-Apr-24,,13253,,60376,,73630,,73630,,
INV-76185,,Vendor,18827,,5-May-24,,1329,,6053,,7382,,7382,,
INV-42558,,Vendor,71970,,3-May-24,,13478,,61398,,74875,,74875,,
INV-93374,,Vendor,18654,,10-Apr-24,,3931,,17909,,21840,,21840,,
INV-35351,,Vendor,79967,,28-Apr-24,,3709,,16895,,20604,,20604,,
INV-45149,,Vendor,13125,,16-Apr-24,,9091,,41416,,50507,,50507,,
INV-24169,,Vendor,40687,,16-Apr-24,,9606,,43760,,53365,,53365,,
INV-75235,,Vendor,59607,,6-May-24,,14851,,67652,,82503,,82503,,
INV-17486,,Vendor,21163,,18-Apr-24,,9622,,43834,,53456,,53456,,
INV-87627,,Vendor,72211,,28-Apr-24,,6974,,31772,,38747,,38747,,
INV-75487,,Vendor,22629,,1-May-24,,7232,,32945,,40177,,40177,,
INV-53872,,Vendor,96893,,28-Apr-24,,15036,,68498,,83535,,83535,,
INV-12305,,Vendor,23668,,14-Apr-24,,4249,,19358,,23607,,23607,,
INV-36064,,Vendor,82347,,30-Apr-24,,14163,,64518,,78681,,78681,,
INV-73058,,Vendor,63288,,25-Apr-24,,12833,,58462,,71295,,71295,,
INV-92470,,Vendor,25192,,17-Apr-24,,7907,,36020,,43927,,43927,,
INV-84059,,Vendor,19984,,28-Apr-24,,7646,,34832,,42478,,42478,,
INV-62640,,Vendor,95643,,3-May-24,,7661,,34901,,42562,,42562,,
INV-80807,,Vendor,75033,,20-Apr-24,,1175,,5355,,6531,,6531,,
INV-71665,,Vendor,82901,,15-Apr-24,,9820,,44737,,54557,,54557,,
INV-24544,,Vendor,31234,,15-Apr-24,,2899,,13208,,16108,,16108,,
INV-61447,,Vendor,38667,,14-Apr-24,,7628,,34748,,42376,,42376,,
INV-20626,,Vendor,75897,,2-May-24,,10179,,46372,,56551,,56551,,
INV-92472,,Vendor,10702,,18-Apr-24,,10587,,48230,,58817,,58817,,
INV-77849,,Vendor,89488,,19-Apr-24,,13836,,63032,,76869,,76869,,
INV-90201,,Vendor,66299,,4-May-24,,15090,,68745,,83836,,83836,,
INV-26740,,Vendor,25108,,12-Apr-24,,17612,,80232,,97843,,97843,,
INV-43435,,Vendor,39801,,11-Apr-24,,1991,,9069,,11060,,11060,,
INV-49274,,Vendor,56738,,1-May-24,,2753,,12542,,15295,,15295,,
INV-73601,,Vendor,82969,,25-Apr-24,,205,,933,,1138,,1138,,
INV-47723,,Vendor,39358,,29-Apr-24,,10166,,46312,,56478,,56478,,
INV-22086,,Vendor,38738,,8-Apr-24,,346,,1577,,1924,,1924,,
INV-69014,,Vendor,90335,,20-Apr-24,,9314,,42429,,51742,,51742,,
INV-82140,,Vendor,97579,,7-Apr-24,,8657,,39435,,48092,,48092,,
INV-56152,,Vendor,94985,,15-Apr-24,,3808,,17349,,21158,,21158,,
INV-57465,,Vendor,90576,,11-Apr-24,,3785,,17244,,21030,,21030,,
INV-89144,,Vendor,54247,,25-Apr-24,,2204,,10038,,12242,,12242,,
INV-60347,,Vendor,47270,,15-Apr-24,,15656,,71322,,86978,,86978,,
INV-88575,,Vendor,66472,,19-Apr-24,,16004,,72905,,88909,,88909,,
INV-99931,,Vendor,12666,,18-Apr-24,,2951,,13444,,16396,,16396,,
INV-15284,,Vendor,39092,,26-Apr-24,,1362,,6203,,7565,,7565,,
INV-30016,,Vendor,72346,,13-Apr-24,,9633,,43883,,53516,,53516,,
INV-56672,,Vendor,26548,,27-Apr-24,,15110,,68835,,83945,,83945,,
INV-23833,,Vendor,37822,,22-Apr-24,,6714,,30587,,37302,,37302,,
INV-50957,,Vendor,73949,,12-Apr-24,,4611,,21005,,25616,,25616,,
INV-23799,,Vendor,96007,,11-Apr-24,,6464,,29448,,35913,,35913,,
INV-49653,,Vendor,58439,,14-Apr-24,,2839,,12933,,15773,,15773,,
INV-79861,,Vendor,92953,,8-Apr-24,,8505,,38744,,47249,,47249,,
INV-50645,,Vendor,63378,,1-May-24,,11511,,52441,,63952,,63952,,
INV-84249,,Vendor,86788,,12-Apr-24,,12839,,58490,,71329,,71329,,
INV-16342,,Vendor,96766,,3-May-24,,9079,,41361,,50440,,50440,,
INV-82282,,Vendor,81562,,18-Apr-24,,15523,,70717,,86240,,86240,,
INV-14216,,Vendor,30965,,13-Apr-24,,4158,,18944,,23102,,23102,,
INV-74660,,Vendor,73918,,11-Apr-24,,4199,,19127,,23326,,23326,,
INV-59696,,Vendor,18241,,5-May-24,,7350,,33482,,40832,,40832,,
INV-55306,,Vendor,65406,,12-Apr-24,,16546,,75374,,91920,,91920,,
INV-60807,,Vendor,91637,,1-May-24,,9880,,45007,,54887,,54887,,
INV-68239,,Vendor,35287,,17-Apr-24,,5323,,24250,,29573,,29573,,
INV-80349,,Vendor,94138,,26-Apr-24,,7926,,36108,,44034,,44034,,
INV-40314,,Vendor,43682,,11-Apr-24,,4968,,22632,,27600,,27600,,
INV-68019,,Vendor,48279,,16-Apr-24,,9816,,44719,,54535,,54535,,
INV-12821,,Vendor,59457,,5-May-24,,7726,,35194,,42920,,42920,,
INV-81980,,Vendor,75357,,22-Apr-24,,13029,,59356,,72386,,72386,,
INV-51682,,Vendor,47991,,2-May-24,,6642,,30258,,36900,,36900,,
INV-11032,,Vendor,41701,,6-May-24,,4596,,20939,,25536,,25536,,
INV-98952,,Vendor,14158,,1-May-24,,9188,,41859,,51047,,51047,,
INV-78270,,Vendor,13695,,14-Apr-24,,3268,,14888,,18156,,18156,,
INV-71826,,Vendor,59676,,2-May-24,,3504,,15961,,19464,,19464,,
INV-31445,,Vendor,49300,,2-May-24,,13248,,60354,,73602,,73602,,
INV-37904,,Vendor,83632,,25-Apr-24,,12667,,57705,,70372,,70372,,
INV-26728,,Vendor,56771,,22-Apr-24,,10650,,48517,,59167,,59167,,
INV-95238,,Vendor,34546,,21-Apr-24,,11992,,54629,,66621,,66621,,
INV-72544,,Vendor,30859,,25-Apr-24,,2018,,9194,,11212,,11212,,
INV-60035,,Vendor,62953,,25-Apr-24,,10863,,49489,,60352,,60352,,
INV-40893,,Vendor,34884,,6-May-24,,16760,,76350,,93110,,93110,,
INV-13781,,Vendor,47079,,6-May-24,,13450,,61272,,74722,,74722,,
INV-38578,,Vendor,57252,,22-Apr-24,,6209,,28284,,34492,,34492,,
INV-79404,,Vendor,16922,,4-May-24,,7049,,32110,,39159,,39159,,
INV-70067,,Vendor,62742,,24-Apr-24,,11606,,52870,,64476,,64476,,
INV-97339,,Vendor,98098,,8-Apr-24,,580,,2644,,3224,,3224,,
INV-46075,,Vendor,79389,,16-Apr-24,,6291,,28659,,34950,,34950,,
INV-82909,,Vendor,77299,,9-Apr-24,,17857,,81349,,99206,,99206,,
INV-91476,,Vendor,12796,,6-May-24,,14575,,66399,,80975,,80975,,
INV-66079,,Vendor,33558,,26-Apr-24,,3390,,15445,,18835,,18835,,
INV-84013,,Vendor,84160,,10-Apr-24,,17890,,81497,,99386,,99386,,
INV-69679,,Vendor,49260,,25-Apr-24,,7540,,34347,,41886,,41886,,
INV-17655,,Vendor,80414,,27-Apr-24,,9719,,44276,,53995,,53995,,
INV-93821,,Vendor,81460,,28-Apr-24,,6835,,31139,,37974,,37974,,
INV-76453,,Vendor,17933,,14-Apr-24,,15556,,70866,,86422,,86422,,
INV-84348,,Vendor,76960,,29-Apr-24,,16620,,75712,,92331,,92331,,
INV-77452,,Vendor,68933,,16-Apr-24,,15175,,69129,,84303,,84303,,
INV-80445,,Vendor,20366,,8-Apr-24,,10637,,48459,,59096,,59096,,
INV-70835,,Vendor,24944,,11-Apr-24,,9706,,44215,,53920,,53920,,
INV-51882,,Vendor,49185,,30-Apr-24,,14429,,65731,,80160,,80160,,
INV-48986,,Vendor,70087,,22-Apr-24,,9035,,41161,,50196,,50196,,
INV-43195,,Vendor,75868,,6-May-24,,10423,,47482,,57904,,57904,,
INV-31320,,Vendor,97872,,15-Apr-24,,16637,,75793,,92431,,92431,,
INV-29985,,Vendor,32019,,19-Apr-24,,3284,,14958,,18242,,18242,,
INV-22131,,Vendor,43123,,9-Apr-24,,8259,,37625,,45884,,45884,,
INV-90891,,Vendor,48608,,18-Apr-24,,13411,,61096,,74507,,74507,,
INV-68251,,Vendor,52286,,2-May-24,,17955,,81796,,99751,,99751,,
INV-20739,,Vendor,56229,,3-May-24,,9126,,41573,,50699,,50699,,
INV-76665,,Vendor,45656,,26-Apr-24,,2815,,12825,,15640,,15640,,
INV-75215,,Vendor,48468,,8-Apr-24,,11575,,52731,,64306,,64306,,
INV-11000,,Vendor,80842,,10-Apr-24,,2651,,12078,,14730,,14730,,
INV-23040,,Vendor,47820,,4-May-24,,13154,,59922,,73075,,73075,,
INV-77501,,Vendor,85309,,19-Apr-24,,14211,,64738,,78949,,78949,,
INV-99421,,Vendor,10820,,9-Apr-24,,15433,,70307,,85741,,85741,,
INV-53220,,Vendor,58852,,28-Apr-24,,17878,,81444,,99322,,99322,,
INV-37343,,Vendor,12927,,21-Apr-24,,4782,,21786,,26568,,26568,,
INV-44242,,Vendor,59282,,24-Apr-24,,3149,,14346,,17495,,17495,,
INV-21285,,Vendor,56763,,10-Apr-24,,14807,,67452,,82258,,82258,,
INV-64822,,Vendor,77795,,25-Apr-24,,15772,,71850,,87622,,87622,,
INV-55509,,Vendor,90502,,12-Apr-24,,505,,2299,,2804,,2804,,
INV-74582,,Vendor,15453,,10-Apr-24,,17198,,78347,,95545,,95545,,
INV-57332,,Vendor,31332,,12-Apr-24,,15258,,69511,,84769,,84769,,
INV-56467,,Vendor,53031,,20-Apr-24,,8271,,37679,,45950,,45950,,
INV-80244,,Vendor,39753,,26-Apr-24,,3561,,16223,,19784,,19784,,
INV-78082,,Vendor,96535,,20-Apr-24,,11645,,53051,,64696,,64696,,
INV-40681,,Vendor,42275,,14-Apr-24,,11495,,52366,,63861,,63861,,
INV-48474,,Vendor,55882,,11-Apr-24,,3627,,16522,,20149,,20149,,
INV-27346,,Vendor,68909,,13-Apr-24,,1512,,6888,,8400,,8400,,
INV-30838,,Vendor,98303,,19-Apr-24,,11804,,53774,,65578,,65578,,
INV-14855,,Vendor,87213,,14-Apr-24,,4689,,21360,,26048,,26048,,
INV-97895,,Vendor,66955,,16-Apr-24,,14181,,64602,,78783,,78783,,
INV-17968,,Vendor,39168,,14-Apr-24,,10986,,50047,,61033,,61033,,
INV-36884,,Vendor,70306,,24-Apr-24,,13013,,59281,,72294,,72294,,
INV-59699,,Vendor,92423,,13-Apr-24,,5623,,25615,,31238,,31238,,
INV-20269,,Vendor,78325,,30-Apr-24,,3835,,17471,,21306,,21306,,
INV-81208,,Vendor,65154,,21-Apr-24,,4089,,18629,,22718,,22718,,
INV-92975,,Vendor,58807,,5-May-24,,8510,,38768,,47278,,47278,,
INV-83955,,Vendor,78351,,15-Apr-24,,13602,,61967,,75569,,75569,,
INV-72839,,Vendor,34996,,23-Apr-24,,6546,,29821,,36367,,36367,,
INV-67883,,Vendor,59787,,9-Apr-24,,9092,,41421,,50514,,50514,,
INV-88534,,Vendor,74453,,26-Apr-24,,10116,,46084,,56200,,56200,,
INV-28622,,Vendor,62676,,10-Apr-24,,17089,,77850,,94939,,94939,,
INV-20310,,Vendor,72785,,19-Apr-24,,2517,,11466,,13983,,13983,,
INV-49004,,Vendor,29674,,13-Apr-24,,3585,,16330,,19915,,19915,,
INV-94688,,Vendor,60538,,18-Apr-24,,6564,,29903,,36467,,36467,,
INV-88990,,Vendor,82978,,1-May-24,,15631,,71206,,86836,,86836,,
INV-89987,,Vendor,27998,,10-Apr-24,,8689,,39584,,48274,,48274,,
INV-64605,,Vendor,41431,,29-Apr-24,,1039,,4732,,5771,,5771,,
INV-80140,,Vendor,29390,,24-Apr-24,,1529,,6968,,8497,,8497,,
INV-33912,,Vendor,10532,,25-Apr-24,,14472,,65927,,80398,,80398,,
INV-80066,,Vendor,61576,,14-Apr-24,,6288,,28644,,34931,,34931,,
INV-33315,,Vendor,51353,,28-Apr-24,,15630,,71201,,86831,,86831,,
INV-83967,,Vendor,24743,,10-Apr-24,,13327,,60714,,74041,,74041,,
INV-80962,,Vendor,97866,,14-Apr-24,,16164,,73636,,89800,,89800,,
INV-48239,,Vendor,95933,,14-Apr-24,,7352,,33492,,40844,,40844,,
INV-84537,,Vendor,58582,,25-Apr-24,,7402,,33719,,41121,,41121,,
INV-26094,,Vendor,95610,,26-Apr-24,,2940,,13395,,16335,,16335,,
INV-21172,,Vendor,22202,,5-May-24,,15889,,72382,,88271,,88271,,
INV-94048,,Vendor,63643,,1-May-24,,9266,,42213,,51480,,51480,,
INV-42065,,Vendor,91674,,3-May-24,,6554,,29857,,36410,,36410,,
INV-19083,,Vendor,32393,,6-May-24,,15268,,69553,,84821,,84821,,
INV-63137,,Vendor,65250,,12-Apr-24,,4151,,18912,,23063,,23063,,
INV-40817,,Vendor,61165,,8-Apr-24,,13236,,60296,,73532,,73532,,
INV-94714,,Vendor,71226,,28-Apr-24,,5455,,24849,,30304,,30304,,
INV-83480,,Vendor,76073,,10-Apr-24,,9807,,44678,,54486,,54486,,
INV-62220,,Vendor,83106,,7-Apr-24,,16385,,74645,,91030,,91030,,
INV-50016,,Vendor,23223,,7-Apr-24,,6434,,29310,,35744,,35744,,
INV-74765,,Vendor,29755,,25-Apr-24,,4396,,20027,,24423,,24423,,
INV-58707,,Vendor,57422,,27-Apr-24,,9526,,43394,,52920,,52920,,
INV-28992,,Vendor,41120,,21-Apr-24,,5755,,26217,,31972,,31972,,
INV-68435,,Vendor,39006,,28-Apr-24,,15839,,72155,,87993,,87993,,
INV-67257,,Vendor,23230,,17-Apr-24,,17901,,81550,,99451,,99451,,
INV-22833,,Vendor,44147,,23-Apr-24,,16891,,76948,,93839,,93839,,
INV-99384,,Vendor,16801,,1-May-24,,15288,,69646,,84934,,84934,,
INV-68077,,Vendor,93573,,11-Apr-24,,1813,,8257,,10070,,10070,,
INV-43547,,Vendor,15710,,7-Apr-24,,14580,,66422,,81002,,81002,,
INV-25743,,Vendor,31029,,5-May-24,,14137,,64403,,78541,,78541,,
INV-59142,,Vendor,75776,,8-Apr-24,,7496,,34146,,41642,,41642,,
INV-80948,,Vendor,74060,,25-Apr-24,,10791,,49160,,59952,,59952,,
INV-36602,,Vendor,44904,,23-Apr-24,,1793,,8170,,9963,,9963,,
INV-70654,,Vendor,89054,,10-Apr-24,,7939,,36166,,44104,,44104,,
INV-58542,,Vendor,72525,,5-May-24,,5436,,24765,,30201,,30201,,
INV-90381,,Vendor,81358,,18-Apr-24,,14529,,66187,,80715,,80715,,
INV-30161,,Vendor,54936,,7-Apr-24,,2631,,11986,,14617,,14617,,
INV-68980,,Vendor,41944,,9-Apr-24,,11840,,53936,,65775,,65775,,
INV-28945,,Vendor,97341,,7-Apr-24,,16992,,77407,,94398,,94398,,
INV-43574,,Vendor,20135,,11-Apr-24,,4718,,21493,,26211,,26211,,
INV-95819,,Vendor,62601,,5-May-24,,12228,,55703,,67931,,67931,,
INV-86288,,Vendor,70074,,19-Apr-24,,3107,,14152,,17259,,17259,,
INV-58496,,Vendor,90222,,29-Apr-24,,12994,,59197,,72191,,72191,,
INV-45325,,Vendor,67849,,6-May-24,,2968,,13522,,16490,,16490,,
INV-21803,,Vendor,51898,,22-Apr-24,,8841,,40274,,49115,,49115,,
INV-66496,,Vendor,74758,,15-Apr-24,,1221,,5562,,6782,,6782,,
INV-33334,,Vendor,69585,,22-Apr-24,,7031,,32028,,39058,,39058,,
INV-20999,,Vendor,75033,,19-Apr-24,,9875,,44984,,54859,,54859,,
INV-53033,,Vendor,43017,,27-Apr-24,,8253,,37596,,45848,,45848,,
INV-30641,,Vendor,87528,,10-Apr-24,,14580,,66421,,81001,,81001,,
INV-25107,,Vendor,65155,,28-Apr-24,,1762,,8025,,9787,,9787,,
INV-72771,,Vendor,45286,,10-Apr-24,,16866,,76834,,93700,,93700,,
INV-72248,,Vendor,76539,,7-Apr-24,,4834,,22023,,26858,,26858,,
INV-57101,,Vendor,95991,,2-May-24,,850,,3872,,4721,,4721,,
INV-51885,,Vendor,14657,,3-May-24,,1015,,4624,,5639,,5639,,
INV-79596,,Vendor,48209,,13-Apr-24,,9992,,45519,,55511,,55511,,
INV-81899,,Vendor,63614,,8-Apr-24,,13236,,60297,,73533,,73533,,
INV-33770,,Vendor,81659,,19-Apr-24,,12990,,59178,,72169,,72169,,
INV-37003,,Vendor,69701,,28-Apr-24,,10291,,46880,,57170,,57170,,
INV-32846,,Vendor,71169,,9-Apr-24,,6273,,28577,,34850,,34850,,
INV-68978,,Vendor,40590,,16-Apr-24,,17226,,78475,,95702,,95702,,
INV-12328,,Vendor,25732,,18-Apr-24,,15643,,71262,,86905,,86905,,
INV-57376,,Vendor,94305,,17-Apr-24,,16253,,74042,,90296,,90296,,
INV-85598,,Vendor,12993,,20-Apr-24,,4856,,22121,,26977,,26977,,
INV-97574,,Vendor,17113,,14-Apr-24,,16982,,77360,,94342,,94342,,
INV-37072,,Vendor,84137,,3-May-24,,4492,,20464,,24956,,24956,,
INV-18722,,Vendor,47583,,29-Apr-24,,3903,,17780,,21682,,21682,,
INV-66391,,Vendor,14444,,4-May-24,,14037,,63947,,77984,,77984,,
INV-38740,,Vendor,73426,,23-Apr-24,,15315,,69768,,85083,,85083,,
INV-83176,,Vendor,31598,,24-Apr-24,,14980,,68240,,83220,,83220,,
INV-83566,,Vendor,36175,,28-Apr-24,,10096,,45992,,56088,,56088,,
INV-21921,,Vendor,31627,,15-Apr-24,,5064,,23069,,28133,,28133,,
INV-13111,,Vendor,78900,,20-Apr-24,,3050,,13895,,16945,,16945,,
INV-76966,,Vendor,10431,,29-Apr-24,,15191,,69204,,84396,,84396,,
INV-98863,,Vendor,21123,,8-Apr-24,,5850,,26652,,32503,,32503,,
INV-74754,,Vendor,44526,,28-Apr-24,,4874,,22205,,27079,,27079,,
INV-99213,,Vendor,22089,,14-Apr-24,,15769,,71835,,87604,,87604,,
INV-18254,,Vendor,60456,,1-May-24,,16601,,75626,,92227,,92227,,
INV-17648,,Vendor,76276,,30-Apr-24,,4572,,20830,,25403,,25403,,
INV-34821,,Vendor,27739,,23-Apr-24,,3205,,14602,,17807,,17807,,
INV-30189,,Vendor,59791,,12-Apr-24,,3353,,15273,,18625,,18625,,
INV-12131,,Vendor,63915,,28-Apr-24,,5351,,24379,,29730,,29730,,
INV-25732,,Vendor,12106,,30-Apr-24,,1233,,5616,,6849,,6849,,
INV-98216,,Vendor,57693,,12-Apr-24,,13094,,59649,,72743,,72743,,
INV-22904,,Vendor,18948,,11-Apr-24,,11272,,51351,,62623,,62623,,
INV-67417,,Vendor,67328,,6-May-24,,5397,,24588,,29985,,29985,,
INV-68849,,Vendor,13965,,3-May-24,,17379,,79170,,96548,,96548,,
INV-34009,,Vendor,35698,,25-Apr-24,,12663,,57688,,70352,,70352,,
INV-80421,,Vendor,68907,,11-Apr-24,,16911,,77039,,93950,,93950,,
INV-23685,,Vendor,76639,,12-Apr-24,,15942,,72625,,88568,,88568,,
INV-36572,,Vendor,13251,,24-Apr-24,,7349,,33480,,40829,,40829,,
INV-70336,,Vendor,94313,,4-May-24,,13622,,62056,,75678,,75678,,
INV-36499,,Vendor,14519,,14-Apr-24,,11582,,52763,,64346,,64346,,
INV-55157,,Vendor,54582,,19-Apr-24,,4584,,20883,,25467,,25467,,
INV-31599,,Vendor,25266,,20-Apr-24,,2589,,11794,,14383,,14383,,
INV-82635,,Vendor,98015,,26-Apr-24,,9025,,41113,,50138,,50138,,
INV-19093,,Vendor,64982,,21-Apr-24,,13839,,63046,,76885,,76885,,
INV-60493,,Vendor,99598,,18-Apr-24,,3361,,15312,,18673,,18673,,
INV-86773,,Vendor,84130,,13-Apr-24,,7455,,33962,,41417,,41417,,
INV-57280,,Vendor,42102,,10-Apr-24,,8398,,38257,,46655,,46655,,
INV-62495,,Vendor,63225,,28-Apr-24,,4563,,20788,,25351,,25351,,
INV-72918,,Vendor,67173,,17-Apr-24,,1668,,7597,,9265,,9265,,
INV-54732,,Vendor,81257,,16-Apr-24,,1972,,8981,,10953,,10953,,
INV-89596,,Vendor,28292,,1-May-24,,9975,,45439,,55414,,55414,,
INV-23962,,Vendor,59925,,9-Apr-24,,16575,,75508,,92083,,92083,,
INV-95249,,Vendor,16027,,4-May-24,,14809,,67463,,82272,,82272,,
INV-95824,,Vendor,61811,,15-Apr-24,,10578,,48188,,58766,,58766,,
INV-69539,,Vendor,59269,,13-Apr-24,,804,,3662,,4466,,4466,,
INV-18721,,Vendor,45598,,16-Apr-24,,4612,,21009,,25621,,25621,,
INV-53239,,Vendor,74954,,3-May-24,,7245,,33007,,40252,,40252,,
INV-71179,,Vendor,77632,,28-Apr-24,,16854,,76780,,93635,,93635,,
INV-45966,,Vendor,31147,,8-Apr-24,,6490,,29567,,36058,,36058,,
INV-29320,,Vendor,55091,,27-Apr-24,,12033,,54816,,66849,,66849,,
INV-36248,,Vendor,23984,,23-Apr-24,,13669,,62268,,75937,,75937,,
INV-91635,,Vendor,81250,,25-Apr-24,,895,,4079,,4974,,4974,,
INV-54476,,Vendor,58993,,25-Apr-24,,10573,,48164,,58737,,58737,,
INV-36847,,Vendor,91351,,15-Apr-24,,9168,,41764,,50932,,50932,,
INV-78247,,Vendor,10543,,27-Apr-24,,9677,,44084,,53760,,53760,,
INV-70350,,Vendor,47478,,15-Apr-24,,16944,,77189,,94133,,94133,,
INV-16416,,Vendor,37285,,18-Apr-24,,10827,,49325,,60153,,60153,,
INV-84254,,Vendor,13727,,5-May-24,,3108,,14157,,17264,,17264,,
INV-16073,,Vendor,29641,,18-Apr-24,,1833,,8351,,10185,,10185,,
INV-95609,,Vendor,31564,,15-Apr-24,,7769,,35391,,43159,,43159,,
INV-68592,,Vendor,63527,,27-Apr-24,,4373,,19920,,24293,,24293,,
INV-82909,,Vendor,47994,,18-Apr-24,,15668,,71378,,87047,,87047,,
INV-68993,,Vendor,80152,,7-Apr-24,,11292,,51443,,62735,,62735,,
INV-46967,,Vendor,18107,,15-Apr-24,,7351,,33489,,40841,,40841,,
INV-18561,,Vendor,12961,,10-Apr-24,,17531,,79863,,97394,,97394,,
INV-96217,,Vendor,46495,,11-Apr-24,,15180,,69153,,84333,,84333,,
INV-98221,,Vendor,54708,,2-May-24,,12764,,58149,,70914,,70914,,
INV-67129,,Vendor,32288,,18-Apr-24,,1716,,7817,,9533,,9533,,
INV-79802,,Vendor,27580,,22-Apr-24,,12855,,58560,,71414,,71414,,
INV-18288,,Vendor,21770,,18-Apr-24,,14948,,68095,,83043,,83043,,
INV-24911,,Vendor,33630,,28-Apr-24,,13188,,60079,,73267,,73267,,
INV-98388,,Vendor,71802,,9-Apr-24,,1607,,7322,,8929,,8929,,
INV-54979,,Vendor,92825,,14-Apr-24,,9888,,45045,,54932,,54932,,
INV-51763,,Vendor,17962,,20-Apr-24,,10638,,48460,,59098,,59098,,
INV-38001,,Vendor,77396,,14-Apr-24,,9359,,42634,,51993,,51993,,
INV-36777,,Vendor,24348,,26-Apr-24,,17426,,79386,,96812,,96812,,
INV-18883,,Vendor,54741,,3-May-24,,3617,,16476,,20092,,20092,,
INV-85418,,Vendor,93953,,29-Apr-24,,8827,,40214,,49041,,49041,,
INV-44909,,Vendor,87726,,27-Apr-24,,400,,1820,,2220,,2220,,
INV-31165,,Vendor,82549,,25-Apr-24,,12494,,56919,,69413,,69413,,
INV-11831,,Vendor,62125,,3-May-24,,15673,,71398,,87071,,87071,,
INV-93870,,Vendor,52006,,11-Apr-24,,15732,,71667,,87399,,87399,,
INV-58094,,Vendor,97004,,22-Apr-24,,12748,,58075,,70824,,70824,,
INV-24131,,Vendor,30982,,15-Apr-24,,11700,,53298,,64997,,64997,,
INV-90658,,Vendor,52122,,22-Apr-24,,14948,,68097,,83045,,83045,,
INV-94735,,Vendor,68117,,17-Apr-24,,15646,,71276,,86921,,86921,,
INV-79646,,Vendor,59372,,22-Apr-24,,8289,,37759,,46048,,46048,,
INV-35992,,Vendor,76898,,30-Apr-24,,12650,,57627,,70277,,70277,,
INV-85612,,Vendor,65492,,25-Apr-24,,8386,,38203,,46589,,46589,,
INV-57845,,Vendor,74838,,28-Apr-24,,4369,,19905,,24275,,24275,,
INV-57349,,Vendor,96300,,20-Apr-24,,9179,,41817,,50996,,50996,,
INV-65984,,Vendor,28990,,23-Apr-24,,5354,,24389,,29743,,29743,,
INV-99831,,Vendor,99554,,19-Apr-24,,12194,,55551,,67745,,67745,,
INV-94885,,Vendor,60578,,15-Apr-24,,4396,,20027,,24423,,24423,,
INV-98696,,Vendor,45883,,25-Apr-24,,4429,,20176,,24605,,24605,,
INV-68698,,Vendor,93800,,12-Apr-24,,2080,,9474,,11553,,11553,,
INV-40810,,Vendor,10503,,15-Apr-24,,17117,,77976,,95093,,95093,,
INV-58454,,Vendor,26062,,20-Apr-24,,13495,,61478,,74973,,74973,,
INV-76338,,Vendor,23624,,4-May-24,,5840,,26607,,32447,,32447,,
INV-78475,,Vendor,38214,,3-May-24,,4113,,18736,,22849,,22849,,
INV-56534,,Vendor,74519,,8-Apr-24,,14447,,65812,,80259,,80259,,
INV-43384,,Vendor,50216,,8-Apr-24,,7575,,34507,,42082,,42082,,
INV-21255,,Vendor,93175,,22-Apr-24,,8919,,40631,,49549,,49549,,
INV-21111,,Vendor,43480,,6-May-24,,391,,1780,,2171,,2171,,
INV-75907,,Vendor,82653,,7-Apr-24,,11537,,52557,,64094,,64094,,
INV-90341,,Vendor,84375,,5-May-24,,2698,,12289,,14987,,14987,,
INV-49129,,Vendor,60228,,16-Apr-24,,2172,,9894,,12066,,12066,,
INV-93341,,Vendor,75439,,23-Apr-24,,17469,,79582,,97051,,97051,,
INV-24798,,Vendor,24894,,13-Apr-24,,17912,,81601,,99514,,99514,,
INV-20684,,Vendor,97894,,2-May-24,,10012,,45608,,55620,,55620,,
INV-67474,,Vendor,22575,,8-Apr-24,,1365,,6218,,7583,,7583,,
INV-94251,,Vendor,98724,,24-Apr-24,,9936,,45265,,55201,,55201,,
INV-14697,,Vendor,92668,,6-May-24,,16909,,77028,,93937,,93937,,
INV-80432,,Vendor,41333,,22-Apr-24,,8169,,37216,,45385,,45385,,
INV-54339,,Vendor,84636,,5-May-24,,16722,,76178,,92900,,92900,,
INV-94059,,Vendor,61736,,3-May-24,,312,,1422,,1734,,1734,,
INV-30640,,Vendor,59753,,3-May-24,,14074,,64116,,78191,,78191,,
INV-10200,,Vendor,35054,,27-Apr-24,,5732,,26114,,31846,,31846,,
INV-84883,,Vendor,86424,,30-Apr-24,,11788,,53701,,65490,,65490,,
INV-50554,,Vendor,41212,,15-Apr-24,,1823,,8304,,10127,,10127,,
INV-58151,,Vendor,13239,,16-Apr-24,,12211,,55626,,67836,,67836,,
INV-66086,,Vendor,96580,,13-Apr-24,,7509,,34207,,41716,,41716,,
INV-96539,,Vendor,90091,,19-Apr-24,,16756,,76335,,93091,,93091,,
INV-47412,,Vendor,81791,,14-Apr-24,,1799,,8195,,9994,,9994,,
INV-85863,,Vendor,56634,,16-Apr-24,,13554,,61744,,75298,,75298,,
INV-36583,,Vendor,51260,,23-Apr-24,,14053,,64019,,78072,,78072,,
INV-45402,,Vendor,40020,,4-May-24,,6503,,29626,,36129,,36129,,
INV-33728,,Vendor,46269,,24-Apr-24,,5016,,22849,,27865,,27865,,
INV-15870,,Vendor,58663,,20-Apr-24,,9012,,41057,,50069,,50069,,
INV-63393,,Vendor,78417,,2-May-24,,8825,,40201,,49025,,49025,,
INV-60753,,Vendor,80830,,30-Apr-24,,5322,,24244,,29566,,29566,,
INV-33880,,Vendor,30015,,12-Apr-24,,11258,,51285,,62543,,62543,,
INV-84352,,Vendor,71763,,1-May-24,,15590,,71020,,86609,,86609,,
INV-56835,,Vendor,90438,,11-Apr-24,,17481,,79635,,97116,,97116,,
INV-87550,,Vendor,67305,,25-Apr-24,,14016,,63851,,77867,,77867,,
INV-76871,,Vendor,71904,,6-May-24,,9913,,45160,,55074,,55074,,
INV-20634,,Vendor,10264,,28-Apr-24,,4385,,19976,,24362,,24362,,
INV-29267,,Vendor,14473,,23-Apr-24,,5075,,23120,,28196,,28196,,
INV-66257,,Vendor,40145,,4-May-24,,17616,,80250,,97866,,97866,,
INV-22642,,Vendor,20166,,24-Apr-24,,3809,,17352,,21160,,21160,,
INV-48170,,Vendor,58409,,15-Apr-24,,4533,,20651,,25184,,25184,,
INV-92544,,Vendor,71082,,22-Apr-24,,2992,,13630,,16622,,16622,,
INV-20710,,Vendor,98208,,21-Apr-24,,6158,,28053,,34211,,34211,,
INV-93883,,Vendor,66886,,25-Apr-24,,9998,,45547,,55546,,55546,,
INV-61822,,Vendor,69756,,18-Apr-24,,374,,1704,,2078,,2078,,
INV-81070,,Vendor,71741,,23-Apr-24,,12737,,58024,,70761,,70761,,
INV-93499,,Vendor,15392,,11-Apr-24,,5405,,24623,,30028,,30028,,
INV-43592,,Vendor,37901,,7-Apr-24,,9877,,44997,,54874,,54874,,
INV-34342,,Vendor,31569,,30-Apr-24,,4404,,20061,,24465,,24465,,
INV-91143,,Vendor,39804,,1-May-24,,748,,3405,,4153,,4153,,
INV-62624,,Vendor,97101,,12-Apr-24,,8419,,38354,,46773,,46773,,
INV-50986,,Vendor,70256,,11-Apr-24,,4656,,21210,,25866,,25866,,
INV-87082,,Vendor,41119,,9-Apr-24,,4400,,20046,,24446,,24446,,
INV-26427,,Vendor,12530,,24-Apr-24,,54,,244,,298,,298,,
INV-56365,,Vendor,29060,,12-Apr-24,,15010,,68378,,83388,,83388,,
INV-46855,,Vendor,65059,,16-Apr-24,,10061,,45833,,55894,,55894,,
INV-72727,,Vendor,99753,,7-Apr-24,,10340,,47105,,57445,,57445,,
INV-85885,,Vendor,78967,,1-May-24,,9339,,42543,,51882,,51882,,
INV-78420,,Vendor,66321,,30-Apr-24,,3952,,18003,,21954,,21954,,
INV-83416,,Vendor,21492,,6-May-24,,776,,3534,,4309,,4309,,
INV-73778,,Vendor,39550,,7-Apr-24,,9279,,42270,,51549,,51549,,
INV-54065,,Vendor,74742,,20-Apr-24,,14783,,67346,,82130,,82130,,
INV-47588,,Vendor,21504,,7-Apr-24,,14443,,65794,,80236,,80236,,
INV-42070,,Vendor,60550,,21-Apr-24,,15451,,70386,,85836,,85836,,
INV-56852,,Vendor,17905,,3-May-24,,407,,1854,,2261,,2261,,
INV-66194,,Vendor,28003,,17-Apr-24,,8278,,37710,,45987,,45987,,
INV-79844,,Vendor,64658,,13-Apr-24,,2981,,13580,,16562,,16562,,
INV-44627,,Vendor,40145,,21-Apr-24,,3732,,17004,,20736,,20736,,
INV-87918,,Vendor,28084,,1-May-24,,1354,,6168,,7521,,7521,,
INV-49116,,Vendor,52718,,2-May-24,,7285,,33189,,40474,,40474,,
INV-16757,,Vendor,83494,,17-Apr-24,,8651,,39410,,48061,,48061,,
INV-40146,,Vendor,69695,,14-Apr-24,,3522,,16047,,19569,,19569,,
INV-14926,,Vendor,67240,,21-Apr-24,,12557,,57204,,69761,,69761,,
INV-85781,,Vendor,41313,,26-Apr-24,,11319,,51563,,62882,,62882,,
INV-50169,,Vendor,31636,,28-Apr-24,,8805,,40111,,48916,,48916,,
INV-54779,,Vendor,84268,,17-Apr-24,,1896,,8638,,10534,,10534,,
INV-38316,,Vendor,69098,,20-Apr-24,,10197,,46453,,56651,,56651,,
INV-23194,,Vendor,49840,,22-Apr-24,,13038,,59395,,72433,,72433,,
INV-45512,,Vendor,28765,,1-May-24,,16282,,74175,,90457,,90457,,
INV-99444,,Vendor,21518,,23-Apr-24,,15168,,69100,,84268,,84268,,
INV-94324,,Vendor,70832,,17-Apr-24,,861,,3923,,4784,,4784,,
INV-43332,,Vendor,99196,,2-May-24,,12809,,58352,,71161,,71161,,
INV-29777,,Vendor,97128,,12-Apr-24,,15939,,72611,,88550,,88550,,
INV-60575,,Vendor,42211,,11-Apr-24,,12287,,55974,,68261,,68261,,
INV-16910,,Vendor,54224,,1-May-24,,10599,,48285,,58884,,58884,,
INV-39128,,Vendor,61451,,14-Apr-24,,8698,,39622,,48320,,48320,,
INV-62029,,Vendor,74460,,13-Apr-24,,12395,,56468,,68863,,68863,,
INV-51298,,Vendor,56544,,4-May-24,,12478,,56844,,69323,,69323,,
INV-31589,,Vendor,61916,,10-Apr-24,,459,,2091,,2550,,2550,,
INV-55811,,Vendor,16034,,25-Apr-24,,9258,,42175,,51433,,51433,,
INV-28020,,Vendor,13909,,24-Apr-24,,926,,4219,,5145,,5145,,
INV-32796,,Vendor,88143,,29-Apr-24,,90,,411,,501,,501,,
INV-24521,,Vendor,64530,,7-Apr-24,,6161,,28066,,34227,,34227,,
INV-37185,,Vendor,13393,,23-Apr-24,,5090,,23186,,28275,,28275,,
INV-14447,,Vendor,94866,,27-Apr-24,,9276,,42258,,51534,,51534,,
INV-46390,,Vendor,22504,,25-Apr-24,,2169,,9881,,12050,,12050,,
INV-72903,,Vendor,74542,,14-Apr-24,,4832,,22012,,26843,,26843,,
INV-60400,,Vendor,21341,,3-May-24,,13183,,60055,,73238,,73238,,
INV-54765,,Vendor,89768,,18-Apr-24,,5403,,24615,,30019,,30019,,
INV-14931,,Vendor,44884,,13-Apr-24,,6117,,27868,,33985,,33985,,
INV-70519,,Vendor,47693,,3-May-24,,11094,,50540,,61634,,61634,,
INV-50216,,Vendor,77913,,1-May-24,,244,,1111,,1354,,1354,,
INV-19666,,Vendor,31301,,10-Apr-24,,1088,,4956,,6044,,6044,,
INV-72080,,Vendor,74516,,24-Apr-24,,2186,,9958,,12144,,12144,,
INV-12186,,Vendor,40999,,19-Apr-24,,12795,,58287,,71081,,71081,,
INV-52244,,Vendor,32901,,11-Apr-24,,835,,3805,,4640,,4640,,
INV-51167,,Vendor,65674,,11-Apr-24,,10125,,46127,,56253,,56253,,
INV-45265,,Vendor,48772,,3-May-24,,13533,,61651,,75184,,75184,,
INV-40642,,Vendor,54161,,8-Apr-24,,16899,,76986,,93885,,93885,,
INV-38100,,Vendor,78382,,27-Apr-24,,9516,,43352,,52868,,52868,,
INV-66063,,Vendor,24114,,4-May-24,,14925,,67992,,82917,,82917,,
INV-47012,,Vendor,49317,,27-Apr-24,,9586,,43671,,53257,,53257,,
INV-88468,,Vendor,74035,,12-Apr-24,,16700,,76078,,92778,,92778,,
INV-20398,,Vendor,22010,,9-Apr-24,,1272,,5792,,7064,,7064,,
INV-68856,,Vendor,67930,,8-Apr-24,,14845,,67629,,82474,,82474,,
INV-88122,,Vendor,51919,,5-May-24,,2739,,12479,,15218,,15218,,
INV-92459,,Vendor,75305,,1-May-24,,8959,,40813,,49773,,49773,,
INV-24952,,Vendor,85249,,22-Apr-24,,12824,,58419,,71242,,71242,,
INV-60904,,Vendor,93599,,27-Apr-24,,14739,,67144,,81883,,81883,,
INV-33946,,Vendor,52793,,27-Apr-24,,7091,,32306,,39397,,39397,,
INV-86698,,Vendor,14414,,25-Apr-24,,2598,,11834,,14432,,14432,,
INV-67388,,Vendor,32904,,7-Apr-24,,7939,,36166,,44105,,44105,,
INV-31954,,Vendor,12062,,25-Apr-24,,9217,,41989,,51207,,51207,,
INV-19913,,Vendor,15660,,28-Apr-24,,2078,,9469,,11547,,11547,,
INV-31213,,Vendor,15133,,29-Apr-24,,8467,,38572,,47039,,47039,,
INV-55796,,Vendor,99113,,17-Apr-24,,1035,,4713,,5748,,5748,,
INV-70947,,Vendor,54285,,5-May-24,,7727,,35202,,42929,,42929,,
INV-54217,,Vendor,10773,,8-Apr-24,,7477,,34060,,41537,,41537,,
INV-12551,,Vendor,44403,,10-Apr-24,,3675,,16742,,20417,,20417,,
INV-91765,,Vendor,67057,,9-Apr-24,,4664,,21245,,25909,,25909,,
INV-39769,,Vendor,52482,,24-Apr-24,,13471,,61370,,74842,,74842,,
INV-67126,,Vendor,98538,,28-Apr-24,,2598,,11837,,14436,,14436,,
INV-47530,,Vendor,16996,,14-Apr-24,,16864,,76824,,93688,,93688,,
INV-18093,,Vendor,80782,,8-Apr-24,,8727,,39758,,48486,,48486,,
INV-41739,,Vendor,27523,,9-Apr-24,,1636,,7453,,9089,,9089,,
INV-29793,,Vendor,29380,,25-Apr-24,,16917,,77067,,93984,,93984,,
INV-92611,,Vendor,19804,,28-Apr-24,,16673,,75956,,92629,,92629,,
INV-14513,,Vendor,57532,,21-Apr-24,,7962,,36270,,44232,,44232,,
INV-58983,,Vendor,66857,,20-Apr-24,,9846,,44852,,54698,,54698,,
INV-47616,,Vendor,69517,,4-May-24,,13184,,60062,,73247,,73247,,
INV-76864,,Vendor,76997,,25-Apr-24,,2730,,12435,,15165,,15165,,
INV-92935,,Vendor,55416,,4-May-24,,12025,,54781,,66807,,66807,,
INV-98868,,Vendor,44504,,8-Apr-24,,16642,,75814,,92457,,92457,,
INV-38970,,Vendor,36999,,2-May-24,,362,,1648,,2010,,2010,,
INV-21805,,Vendor,81788,,1-May-24,,7839,,35709,,43548,,43548,,
INV-88390,,Vendor,11491,,12-Apr-24,,16203,,73814,,90018,,90018,,
INV-49573,,Vendor,59480,,2-May-24,,6882,,31351,,38233,,38233,,
INV-11869,,Vendor,75224,,27-Apr-24,,15639,,71244,,86882,,86882,,
INV-62176,,Vendor,82727,,9-Apr-24,,2301,,10484,,12786,,12786,,
INV-50982,,Vendor,35438,,22-Apr-24,,6683,,30446,,37129,,37129,,
INV-92819,,Vendor,25749,,24-Apr-24,,10388,,47321,,57709,,57709,,
INV-10604,,Vendor,22219,,20-Apr-24,,3174,,14458,,17632,,17632,,
INV-36873,,Vendor,22260,,4-May-24,,5350,,24370,,29720,,29720,,
INV-93928,,Vendor,15409,,14-Apr-24,,13479,,61406,,74885,,74885,,
INV-64074,,Vendor,58117,,1-May-24,,16047,,73105,,89152,,89152,,
INV-47809,,Vendor,58124,,8-Apr-24,,17321,,78905,,96225,,96225,,
INV-64415,,Vendor,17286,,12-Apr-24,,11387,,51874,,63260,,63260,,
INV-17969,,Vendor,75535,,2-May-24,,6698,,30512,,37210,,37210,,
INV-57719,,Vendor,59761,,17-Apr-24,,9591,,43691,,53282,,53282,,
INV-31742,,Vendor,67964,,3-May-24,,11768,,53608,,65376,,65376,,
INV-96661,,Vendor,57688,,18-Apr-24,,14127,,64356,,78482,,78482,,
INV-96947,,Vendor,82225,,4-May-24,,16443,,74909,,91353,,91353,,
INV-82487,,Vendor,62240,,4-May-24,,2976,,13558,,16534,,16534,,
INV-72878,,Vendor,27126,,27-Apr-24,,11581,,52759,,64340,,64340,,
INV-97211,,Vendor,42644,,7-Apr-24,,15416,,70227,,85643,,85643,,
INV-86558,,Vendor,45406,,15-Apr-24,,9538,,43452,,52991,,52991,,
INV-87175,,Vendor,34338,,15-Apr-24,,10944,,49854,,60798,,60798,,
INV-92557,,Vendor,57768,,4-May-24,,13863,,63152,,77014,,77014,,
INV-81470,,Vendor,61932,,27-Apr-24,,1707,,7777,,9485,,9485,,
INV-93255,,Vendor,60899,,5-May-24,,12622,,57499,,70121,,70121,,
INV-21750,,Vendor,95606,,25-Apr-24,,17044,,77646,,94690,,94690,,
INV-56923,,Vendor,86248,,6-May-24,,3859,,17579,,21437,,21437,,
INV-14136,,Vendor,53310,,12-Apr-24,,726,,3306,,4031,,4031,,
INV-77712,,Vendor,50856,,12-Apr-24,,1280,,5832,,7113,,7113,,
INV-85537,,Vendor,76255,,22-Apr-24,,8611,,39227,,47838,,47838,,
INV-63078,,Vendor,97966,,10-Apr-24,,17716,,80705,,98420,,98420,,
INV-68199,,Vendor,87499,,15-Apr-24,,2425,,11049,,13474,,13474,,
INV-93692,,Vendor,85436,,27-Apr-24,,2934,,13364,,16298,,16298,,
INV-41630,,Vendor,34192,,14-Apr-24,,3595,,16376,,19971,,19971,,
INV-84587,,Vendor,30359,,13-Apr-24,,1474,,6715,,8189,,8189,,
INV-67529,,Vendor,59665,,5-May-24,,8471,,38588,,47059,,47059,,
INV-33065,,Vendor,49853,,3-May-24,,10788,,49145,,59933,,59933,,
INV-37454,,Vendor,60500,,10-Apr-24,,17734,,80788,,98521,,98521,,
INV-20697,,Vendor,59598,,13-Apr-24,,1978,,9012,,10990,,10990,,
INV-36199,,Vendor,52595,,26-Apr-24,,1350,,6150,,7500,,7500,,
INV-67230,,Vendor,76545,,21-Apr-24,,13366,,60890,,74256,,74256,,
INV-56126,,Vendor,23688,,29-Apr-24,,14536,,66218,,80754,,80754,,
INV-39159,,Vendor,38786,,26-Apr-24,,13881,,63234,,77115,,77115,,
INV-80920,,Vendor,68114,,23-Apr-24,,340,,1551,,1891,,1891,,
INV-98546,,Vendor,45080,,17-Apr-24,,2415,,11000,,13415,,13415,,
INV-38757,,Vendor,34737,,12-Apr-24,,17295,,78790,,96086,,96086,,
INV-91280,,Vendor,96572,,1-May-24,,3172,,14450,,17622,,17622,,
INV-79146,,Vendor,89271,,7-Apr-24,,15455,,70404,,85858,,85858,,
INV-32554,,Vendor,87463,,2-May-24,,11452,,52171,,63623,,63623,,
INV-20342,,Vendor,46521,,21-Apr-24,,7370,,33577,,40947,,40947,,
INV-65820,,Vendor,58988,,25-Apr-24,,17877,,81441,,99318,,99318,,
INV-59526,,Vendor,99709,,16-Apr-24,,12622,,57501,,70123,,70123,,
INV-50403,,Vendor,15817,,10-Apr-24,,2028,,9237,,11265,,11265,,
INV-76374,,Vendor,30493,,19-Apr-24,,16444,,74913,,91357,,91357,,
INV-95957,,Vendor,84115,,25-Apr-24,,11340,,51661,,63001,,63001,,
INV-93968,,Vendor,12443,,21-Apr-24,,16644,,75825,,92469,,92469,,
INV-52196,,Vendor,50217,,28-Apr-24,,11573,,52721,,64294,,64294,,
INV-61107,,Vendor,70031,,7-Apr-24,,8763,,39918,,48681,,48681,,
INV-98954,,Vendor,94273,,30-Apr-24,,9632,,43879,,53511,,53511,,
INV-65390,,Vendor,53703,,25-Apr-24,,15441,,70343,,85785,,85785,,
INV-69766,,Vendor,61693,,30-Apr-24,,8801,,40095,,48897,,48897,,
INV-73592,,Vendor,86309,,12-Apr-24,,7646,,34833,,42480,,42480,,
INV-92841,,Vendor,62693,,14-Apr-24,,3753,,17097,,20850,,20850,,
INV-83671,,Vendor,40153,,3-May-24,,13020,,59311,,72331,,72331,,
INV-17975,,Vendor,48282,,18-Apr-24,,11901,,54216,,66117,,66117,,
INV-31048,,Vendor,75324,,16-Apr-24,,9700,,44191,,53891,,53891,,
INV-14923,,Vendor,58000,,30-Apr-24,,12831,,58454,,71285,,71285,,
INV-19707,,Vendor,29996,,28-Apr-24,,5361,,24423,,29784,,29784,,
INV-32221,,Vendor,69096,,13-Apr-24,,12783,,58233,,71016,,71016,,
INV-66463,,Vendor,66207,,30-Apr-24,,5908,,26914,,32822,,32822,,
INV-46911,,Vendor,64807,,6-May-24,,12518,,57027,,69545,,69545,,
INV-50135,,Vendor,26293,,12-Apr-24,,5018,,22859,,27876,,27876,,
INV-26501,,Vendor,58734,,7-Apr-24,,8683,,39557,,48241,,48241,,
INV-54238,,Vendor,73142,,5-May-24,,5981,,27245,,33225,,33225,,
INV-62445,,Vendor,29639,,13-Apr-24,,3978,,18120,,22098,,22098,,
INV-42073,,Vendor,79436,,11-Apr-24,,9421,,42918,,52339,,52339,,
INV-41192,,Vendor,50505,,28-Apr-24,,12025,,54781,,66805,,66805,,
INV-41235,,Vendor,32319,,27-Apr-24,,8952,,40780,,49732,,49732,,
INV-69822,,Vendor,62560,,15-Apr-24,,4643,,21150,,25792,,25792,,
INV-31255,,Vendor,76361,,5-May-24,,7562,,34447,,42009,,42009,,
INV-99833,,Vendor,57123,,17-Apr-24,,6270,,28565,,34835,,34835,,
INV-31234,,Vendor,20818,,17-Apr-24,,1840,,8384,,10224,,10224,,
INV-91448,,Vendor,16576,,26-Apr-24,,6539,,29788,,36327,,36327,,
INV-32931,,Vendor,32532,,27-Apr-24,,10242,,46656,,56898,,56898,,
INV-89768,,Vendor,49635,,10-Apr-24,,4711,,21461,,26172,,26172,,
INV-96477,,Vendor,58855,,14-Apr-24,,12338,,56207,,68545,,68545,,
INV-98890,,Vendor,51343,,28-Apr-24,,3459,,15759,,19218,,19218,,
INV-56001,,Vendor,87190,,24-Apr-24,,15275,,69586,,84861,,84861,,
INV-39139,,Vendor,95422,,14-Apr-24,,17023,,77551,,94574,,94574,,
INV-92268,,Vendor,20196,,20-Apr-24,,15616,,71138,,86754,,86754,,
INV-23828,,Vendor,80733,,7-Apr-24,,16567,,75472,,92039,,92039,,
INV-29867,,Vendor,68497,,4-May-24,,14033,,63927,,77960,,77960,,
INV-97098,,Vendor,88530,,21-Apr-24,,8177,,37252,,45429,,45429,,
INV-71774,,Vendor,59904,,11-Apr-24,,16244,,73999,,90243,,90243,,
INV-41913,,Vendor,28471,,28-Apr-24,,4850,,22096,,26946,,26946,,
INV-40065,,Vendor,60951,,14-Apr-24,,13970,,63639,,77609,,77609,,
INV-41894,,Vendor,28142,,4-May-24,,14826,,67540,,82366,,82366,,
INV-69642,,Vendor,98874,,7-Apr-24,,16060,,73164,,89225,,89225,,
INV-40695,,Vendor,31605,,3-May-24,,13569,,61814,,75383,,75383,,
INV-87974,,Vendor,60843,,26-Apr-24,,2396,,10914,,13310,,13310,,
INV-88036,,Vendor,15377,,8-Apr-24,,11252,,51260,,62512,,62512,,
INV-77212,,Vendor,24128,,29-Apr-24,,17700,,80632,,98332,,98332,,
INV-25995,,Vendor,48770,,8-Apr-24,,12819,,58398,,71217,,71217,,
INV-24844,,Vendor,35879,,8-Apr-24,,896,,4083,,4979,,4979,,
INV-36307,,Vendor,38384,,25-Apr-24,,6153,,28030,,34183,,34183,,
INV-67414,,Vendor,34818,,6-May-24,,356,,1620,,1975,,1975,,
INV-15477,,Vendor,65659,,7-Apr-24,,6268,,28553,,34820,,34820,,
INV-71844,,Vendor,86357,,29-Apr-24,,15654,,71312,,86965,,86965,,
INV-69808,,Vendor,81293,,1-May-24,,14749,,67192,,81942,,81942,,
INV-80919,,Vendor,43899,,25-Apr-24,,13701,,62416,,76117,,76117,,
INV-96420,,Vendor,23315,,1-May-24,,14700,,66967,,81667,,81667,,
INV-45580,,Vendor,89390,,16-Apr-24,,13100,,59677,,72777,,72777,,
INV-52027,,Vendor,58580,,13-Apr-24,,1463,,6663,,8125,,8125,,
INV-29744,,Vendor,55133,,13-Apr-24,,13607,,61987,,75594,,75594,,
INV-70689,,Vendor,17167,,22-Apr-24,,11492,,52351,,63843,,63843,,
INV-50143,,Vendor,60481,,27-Apr-24,,12020,,54760,,66780,,66780,,
INV-68102,,Vendor,19634,,24-Apr-24,,14050,,64005,,78054,,78054,,
INV-23861,,Vendor,33552,,4-May-24,,7229,,32931,,40160,,40160,,
INV-97663,,Vendor,60451,,9-Apr-24,,4124,,18788,,22912,,22912,,
INV-85008,,Vendor,79329,,30-Apr-24,,1845,,8405,,10251,,10251,,
INV-26429,,Vendor,84545,,12-Apr-24,,10651,,48520,,59171,,59171,,
INV-94447,,Vendor,35358,,30-Apr-24,,6385,,29087,,35472,,35472,,
INV-41411,,Vendor,45273,,29-Apr-24,,7768,,35388,,43156,,43156,,
INV-81248,,Vendor,22217,,30-Apr-24,,9943,,45295,,55238,,55238,,
INV-10975,,Vendor,28878,,30-Apr-24,,7958,,36255,,44213,,44213,,
INV-42462,,Vendor,32641,,1-May-24,,14928,,68007,,82936,,82936,,
INV-83235,,Vendor,63358,,18-Apr-24,,3107,,14153,,17259,,17259,,
INV-59810,,Vendor,31634,,20-Apr-24,,4256,,19388,,23644,,23644,,
INV-34365,,Vendor,41671,,4-May-24,,7737,,35245,,42982,,42982,,
INV-53402,,Vendor,13801,,28-Apr-24,,6682,,30441,,37124,,37124,,
INV-41032,,Vendor,74241,,25-Apr-24,,13523,,61604,,75127,,75127,,
INV-76794,,Vendor,42536,,1-May-24,,14875,,67766,,82641,,82641,,
INV-79026,,Vendor,36755,,17-Apr-24,,421,,1920,,2341,,2341,,
INV-88844,,Vendor,14255,,17-Apr-24,,17566,,80025,,97591,,97591,,
INV-57192,,Vendor,66215,,18-Apr-24,,7234,,32956,,40190,,40190,,
INV-45989,,Vendor,54063,,23-Apr-24,,16018,,72972,,88990,,88990,,
INV-74427,,Vendor,43860,,5-May-24,,6230,,28379,,34609,,34609,,
INV-34533,,Vendor,16345,,25-Apr-24,,9729,,44323,,54052,,54052,,
INV-65062,,Vendor,18001,,29-Apr-24,,12897,,58753,,71650,,71650,,
INV-16680,,Vendor,34374,,15-Apr-24,,5004,,22795,,27799,,27799,,
INV-75150,,Vendor,82664,,13-Apr-24,,11803,,53771,,65574,,65574,,
INV-30813,,Vendor,67021,,20-Apr-24,,915,,4167,,5081,,5081,,
INV-85672,,Vendor,73053,,10-Apr-24,,14711,,67018,,81730,,81730,,
INV-76041,,Vendor,73610,,15-Apr-24,,7093,,32314,,39408,,39408,,
INV-97394,,Vendor,68263,,24-Apr-24,,4872,,22197,,27069,,27069,,
INV-78366,,Vendor,33351,,1-May-24,,4022,,18325,,22347,,22347,,
INV-41374,,Vendor,60935,,20-Apr-24,,8874,,40428,,49302,,49302,,
INV-93923,,Vendor,95384,,2-May-24,,12702,,57865,,70567,,70567,,
INV-39218,,Vendor,32260,,6-May-24,,16969,,77305,,94274,,94274,,
INV-67307,,Vendor,57215,,9-Apr-24,,11225,,51137,,62363,,62363,,
INV-12114,,Vendor,88025,,12-Apr-24,,1966,,8955,,10921,,10921,,
INV-48443,,Vendor,53235,,3-May-24,,225,,1024,,1249,,1249,,
INV-44390,,Vendor,84512,,25-Apr-24,,10180,,46374,,56554,,56554,,
INV-11247,,Vendor,95747,,9-Apr-24,,13816,,62938,,76754,,76754,,
INV-19969,,Vendor,90279,,8-Apr-24,,13223,,60240,,73464,,73464,,
INV-33517,,Vendor,59741,,16-Apr-24,,10998,,50104,,61102,,61102,,
INV-35529,,Vendor,46163,,22-Apr-24,,3612,,16455,,20067,,20067,,
INV-52826,,Vendor,89981,,2-May-24,,10199,,46464,,56663,,56663,,
INV-48955,,Vendor,79285,,14-Apr-24,,14944,,68077,,83020,,83020,,
INV-39796,,Vendor,23461,,24-Apr-24,,1976,,9002,,10978,,10978,,
INV-68993,,Vendor,28941,,29-Apr-24,,10776,,49089,,59865,,59865,,
INV-71458,,Vendor,62404,,14-Apr-24,,2315,,10547,,12862,,12862,,
INV-70974,,Vendor,50076,,16-Apr-24,,11120,,50657,,61776,,61776,,
INV-94832,,Vendor,35994,,27-Apr-24,,16938,,77164,,94103,,94103,,
INV-19488,,Vendor,16926,,29-Apr-24,,17009,,77484,,94492,,94492,,
INV-30429,,Vendor,39586,,1-May-24,,66,,300,,366,,366,,
INV-67299,,Vendor,62744,,16-Apr-24,,1578,,7187,,8765,,8765,,
INV-70965,,Vendor,96962,,19-Apr-24,,469,,2139,,2608,,2608,,
INV-30098,,Vendor,59836,,30-Apr-24,,941,,4287,,5228,,5228,,
INV-54458,,Vendor,70209,,11-Apr-24,,10361,,47200,,57562,,57562,,
INV-67850,,Vendor,71839,,17-Apr-24,,11364,,51767,,63131,,63131,,
INV-70468,,Vendor,84818,,4-May-24,,1269,,5783,,7052,,7052,,
INV-77717,,Vendor,73312,,19-Apr-24,,2614,,11909,,14523,,14523,,
INV-48086,,Vendor,29897,,29-Apr-24,,9239,,42087,,51326,,51326,,
INV-60235,,Vendor,34703,,7-Apr-24,,15637,,71236,,86874,,86874,,
INV-22425,,Vendor,81173,,16-Apr-24,,10769,,49058,,59827,,59827,,
INV-46892,,Vendor,63656,,18-Apr-24,,1259,,5737,,6997,,6997,,
INV-86229,,Vendor,60956,,24-Apr-24,,11991,,54627,,66619,,66619,,
INV-77330,,Vendor,62971,,13-Apr-24,,13089,,59630,,72719,,72719,,
INV-38627,,Vendor,28526,,28-Apr-24,,14864,,67714,,82578,,82578,,
INV-42698,,Vendor,41115,,4-May-24,,17284,,78739,,96024,,96024,,
INV-29492,,Vendor,85752,,11-Apr-24,,11432,,52079,,63511,,63511,,
INV-67748,,Vendor,68769,,11-Apr-24,,197,,900,,1097,,1097,,
INV-10120,,Vendor,24333,,11-Apr-24,,2179,,9927,,12106,,12106,,
INV-93152,,Vendor,58785,,11-Apr-24,,13857,,63127,,76985,,76985,,
INV-83926,,Vendor,66737,,16-Apr-24,,1368,,6230,,7598,,7598,,
INV-87423,,Vendor,37173,,19-Apr-24,,4027,,18345,,22372,,22372,,
INV-78946,,Vendor,97901,,4-May-24,,15511,,70662,,86174,,86174,,
INV-64479,,Vendor,77062,,7-Apr-24,,12790,,58264,,71054,,71054,,
INV-32592,,Vendor,70558,,24-Apr-24,,14377,,65497,,79875,,79875,,
INV-49610,,Vendor,48224,,5-May-24,,4767,,21715,,26482,,26482,,
INV-70897,,Vendor,71921,,5-May-24,,17011,,77493,,94504,,94504,,
INV-89054,,Vendor,78349,,20-Apr-24,,13317,,60664,,73981,,73981,,
INV-98114,,Vendor,50775,,4-May-24,,1792,,8166,,9958,,9958,,
INV-25037,,Vendor,85201,,28-Apr-24,,7646,,34831,,42477,,42477,,
INV-67477,,Vendor,55449,,1-May-24,,12982,,59140,,72123,,72123,,
INV-36127,,Vendor,47976,,21-Apr-24,,13188,,60080,,73268,,73268,,
INV-12480,,Vendor,94430,,6-May-24,,11018,,50195,,61213,,61213,,
INV-26595,,Vendor,63188,,26-Apr-24,,17409,,79307,,96716,,96716,,
INV-11725,,Vendor,53122,,12-Apr-24,,10464,,47668,,58132,,58132,,
INV-17142,,Vendor,80395,,8-Apr-24,,2337,,10647,,12984,,12984,,
INV-62029,,Vendor,50212,,7-Apr-24,,6786,,30913,,37699,,37699,,
INV-70840,,Vendor,40686,,16-Apr-24,,17038,,77619,,94658,,94658,,
INV-20271,,Vendor,10713,,18-Apr-24,,3179,,14480,,17659,,17659,,
INV-39527,,Vendor,65207,,24-Apr-24,,15784,,71907,,87691,,87691,,
INV-57505,,Vendor,71629,,21-Apr-24,,17480,,79631,,97111,,97111,,
INV-94156,,Vendor,89298,,28-Apr-24,,10465,,47674,,58139,,58139,,
INV-24088,,Vendor,36556,,6-May-24,,229,,1044,,1274,,1274,,
INV-35090,,Vendor,85940,,28-Apr-24,,9334,,42522,,51856,,51856,,
INV-71106,,Vendor,52236,,11-Apr-24,,852,,3880,,4732,,4732,,
INV-36710,,Vendor,38052,,23-Apr-24,,17447,,79479,,96925,,96925,,
INV-33757,,Vendor,51068,,18-Apr-24,,14846,,67634,,82480,,82480,,
INV-23775,,Vendor,66930,,14-Apr-24,,5938,,27050,,32987,,32987,,
INV-78679,,Vendor,80572,,6-May-24,,1885,,8586,,10471,,10471,,
INV-63591,,Vendor,45100,,21-Apr-24,,1584,,7217,,8801,,8801,,
INV-37709,,Vendor,87084,,7-Apr-24,,5904,,26897,,32801,,32801,,
INV-36900,,Vendor,97725,,6-May-24,,14730,,67101,,81831,,81831,,
INV-69832,,Vendor,40788,,10-Apr-24,,15421,,70253,,85675,,85675,,
INV-50240,,Vendor,21546,,10-Apr-24,,8321,,37909,,46230,,46230,,
INV-76849,,Vendor,31264,,4-May-24,,5763,,26253,,32016,,32016,,
INV-85832,,Vendor,29819,,10-Apr-24,,13291,,60547,,73838,,73838,,
INV-38801,,Vendor,27036,,9-Apr-24,,15175,,69130,,84305,,84305,,
INV-14168,,Vendor,14680,,12-Apr-24,,12580,,57311,,69891,,69891,,
INV-26212,,Vendor,14268,,19-Apr-24,,15042,,68527,,83569,,83569,,
INV-53916,,Vendor,57890,,20-Apr-24,,8813,,40150,,48963,,48963,,
INV-11467,,Vendor,75795,,20-Apr-24,,3022,,13766,,16788,,16788,,
INV-19952,,Vendor,68541,,19-Apr-24,,15487,,70551,,86038,,86038,,
INV-54976,,Vendor,20514,,18-Apr-24,,11349,,51700,,63049,,63049,,
INV-20772,,Vendor,87353,,17-Apr-24,,1175,,5354,,6529,,6529,,
INV-52137,,Vendor,92434,,13-Apr-24,,13949,,63543,,77492,,77492,,
INV-12352,,Vendor,86677,,10-Apr-24,,11002,,50122,,61124,,61124,,
INV-82987,,Vendor,32363,,13-Apr-24,,7198,,32792,,39990,,39990,,
INV-29311,,Vendor,47697,,23-Apr-24,,6129,,27922,,34051,,34051,,
INV-20137,,Vendor,15522,,29-Apr-24,,14739,,67145,,81884,,81884,,
INV-97270,,Vendor,44228,,21-Apr-24,,11548,,52605,,64153,,64153,,
INV-46915,,Vendor,13625,,3-May-24,,7499,,34161,,41660,,41660,,
INV-18780,,Vendor,48730,,25-Apr-24,,14150,,64462,,78613,,78613,,
INV-90295,,Vendor,18919,,14-Apr-24,,1353,,6163,,7516,,7516,,
INV-70699,,Vendor,39690,,30-Apr-24,,8952,,40781,,49733,,49733,,
INV-37114,,Vendor,92147,,6-May-24,,14888,,67822,,82709,,82709,,
INV-55066,,Vendor,54658,,26-Apr-24,,3134,,14278,,17412,,17412,,
INV-64396,,Vendor,30376,,23-Apr-24,,4767,,21715,,26481,,26481,,
INV-19391,,Vendor,26382,,3-May-24,,11585,,52776,,64361,,64361,,
INV-16813,,Vendor,55225,,28-Apr-24,,10246,,46676,,56922,,56922,,
INV-48667,,Vendor,16146,,21-Apr-24,,17095,,77877,,94972,,94972,,
INV-44428,,Vendor,38419,,25-Apr-24,,5016,,22850,,27866,,27866,,
INV-79384,,Vendor,14615,,2-May-24,,14587,,66453,,81040,,81040,,
INV-97799,,Vendor,28245,,16-Apr-24,,11276,,51370,,62646,,62646,,
INV-81960,,Vendor,57612,,11-Apr-24,,11922,,54311,,66233,,66233,,
INV-53876,,Vendor,83293,,15-Apr-24,,14209,,64729,,78938,,78938,,
INV-59431,,Vendor,33680,,14-Apr-24,,4230,,19272,,23502,,23502,,
INV-48766,,Vendor,15858,,21-Apr-24,,17031,,77586,,94617,,94617,,
INV-84850,,Vendor,18320,,15-Apr-24,,235,,1072,,1307,,1307,,
INV-27873,,Vendor,94170,,9-Apr-24,,6953,,31673,,38626,,38626,,
INV-18228,,Vendor,65330,,9-Apr-24,,6570,,29931,,36502,,36502,,
INV-53031,,Vendor,50102,,13-Apr-24,,7877,,35884,,43761,,43761,,
INV-35640,,Vendor,32708,,18-Apr-24,,16069,,73205,,89275,,89275,,
INV-60408,,Vendor,46338,,24-Apr-24,,11354,,51722,,63075,,63075,,
INV-13789,,Vendor,73146,,11-Apr-24,,9181,,41826,,51008,,51008,,
INV-97663,,Vendor,25572,,23-Apr-24,,17283,,78735,,96019,,96019,,
INV-67407,,Vendor,66856,,19-Apr-24,,11084,,50492,,61576,,61576,,
INV-11897,,Vendor,43348,,11-Apr-24,,9876,,44993,,54869,,54869,,
INV-94308,,Vendor,54150,,15-Apr-24,,9731,,44330,,54061,,54061,,
INV-20038,,Vendor,98182,,19-Apr-24,,5544,,25254,,30797,,30797,,
INV-85910,,Vendor,20623,,22-Apr-24,,16047,,73104,,89151,,89151,,
INV-19932,,Vendor,66838,,8-Apr-24,,11366,,51777,,63143,,63143,,
INV-23142,,Vendor,69514,,25-Apr-24,,1412,,6432,,7844,,7844,,
INV-62486,,Vendor,87313,,14-Apr-24,,8897,,40529,,49425,,49425,,
INV-48579,,Vendor,19070,,10-Apr-24,,3635,,16559,,20194,,20194,,
INV-80134,,Vendor,68271,,11-Apr-24,,4642,,21146,,25788,,25788,,
INV-92228,,Vendor,73946,,26-Apr-24,,8633,,39327,,47960,,47960,,
INV-57553,,Vendor,48722,,16-Apr-24,,4941,,22510,,27451,,27451,,
INV-84179,,Vendor,43496,,17-Apr-24,,9330,,42505,,51835,,51835,,
INV-78221,,Vendor,62373,,17-Apr-24,,9186,,41849,,51036,,51036,,
INV-11794,,Vendor,90630,,29-Apr-24,,5310,,24189,,29499,,29499,,
INV-60661,,Vendor,64777,,11-Apr-24,,7288,,33201,,40489,,40489,,
INV-13211,,Vendor,34466,,9-Apr-24,,9345,,42571,,51916,,51916,,
INV-67715,,Vendor,25123,,22-Apr-24,,16408,,74745,,91153,,91153,,
INV-51207,,Vendor,44134,,13-Apr-24,,10761,,49024,,59785,,59785,,
INV-45305,,Vendor,71751,,28-Apr-24,,274,,1248,,1522,,1522,,
INV-36765,,Vendor,45787,,18-Apr-24,,5843,,26618,,32461,,32461,,
INV-60987,,Vendor,62642,,29-Apr-24,,13545,,61704,,75249,,75249,,
INV-93057,,Vendor,92817,,14-Apr-24,,17904,,81562,,99466,,99466,,
INV-92881,,Vendor,73570,,29-Apr-24,,8406,,38293,,46699,,46699,,
INV-52385,,Vendor,55370,,14-Apr-24,,6191,,28204,,34395,,34395,,
INV-12172,,Vendor,68418,,30-Apr-24,,6300,,28701,,35001,,35001,,
INV-90320,,Vendor,33433,,8-Apr-24,,3954,,18013,,21967,,21967,,
INV-24028,,Vendor,69613,,17-Apr-24,,12467,,56792,,69258,,69258,,
INV-16615,,Vendor,87255,,18-Apr-24,,709,,3228,,3936,,3936,,
INV-74794,,Vendor,36912,,16-Apr-24,,2985,,13599,,16584,,16584,,
INV-23255,,Vendor,21734,,16-Apr-24,,2306,,10504,,12810,,12810,,
INV-97746,,Vendor,18436,,16-Apr-24,,16404,,74731,,91135,,91135,,
INV-39680,,Vendor,47929,,20-Apr-24,,11601,,52851,,64452,,64452,,
INV-33157,,Vendor,24981,,25-Apr-24,,4796,,21849,,26646,,26646,,
INV-44791,,Vendor,43140,,8-Apr-24,,9963,,45387,,55351,,55351,,
INV-51616,,Vendor,62629,,10-Apr-24,,2712,,12353,,15065,,15065,,
INV-58397,,Vendor,31426,,13-Apr-24,,9416,,42895,,52312,,52312,,
INV-12382,,Vendor,59304,,25-Apr-24,,7987,,36387,,44374,,44374,,
INV-25678,,Vendor,72960,,15-Apr-24,,586,,2669,,3255,,3255,,
INV-45648,,Vendor,24130,,2-May-24,,15454,,70400,,85854,,85854,,
INV-41880,,Vendor,31166,,18-Apr-24,,2754,,12547,,15301,,15301,,
INV-10544,,Vendor,22285,,21-Apr-24,,10162,,46292,,56453,,56453,,
INV-77964,,Vendor,60172,,18-Apr-24,,11784,,53685,,65469,,65469,,
INV-25963,,Vendor,94805,,10-Apr-24,,3022,,13766,,16788,,16788,,
INV-30337,,Vendor,36568,,11-Apr-24,,11847,,53970,,65818,,65818,,
INV-30740,,Vendor,89238,,6-May-24,,6727,,30643,,37370,,37370,,
INV-75150,,Vendor,36635,,14-Apr-24,,2984,,13594,,16578,,16578,,
INV-22813,,Vendor,48184,,17-Apr-24,,56,,254,,310,,310,,
INV-44373,,Vendor,18946,,16-Apr-24,,15045,,68539,,83585,,83585,,
INV-13776,,Vendor,80212,,2-May-24,,3872,,17640,,21513,,21513,,
INV-71521,,Vendor,70335,,4-May-24,,8615,,39245,,47859,,47859,,
INV-95049,,Vendor,68997,,17-Apr-24,,8826,,40209,,49035,,49035,,
INV-87479,,Vendor,75852,,8-Apr-24,,8132,,37045,,45177,,45177,,
INV-40604,,Vendor,18868,,10-Apr-24,,6492,,29576,,36068,,36068,,
INV-14443,,Vendor,52516,,13-Apr-24,,3359,,15302,,18661,,18661,,
INV-25004,,Vendor,55238,,12-Apr-24,,7824,,35641,,43464,,43464,,
INV-12420,,Vendor,22329,,11-Apr-24,,14881,,67791,,82673,,82673,,
INV-37673,,Vendor,94117,,19-Apr-24,,15469,,70469,,85938,,85938,,
INV-78694,,Vendor,94993,,17-Apr-24,,9385,,42753,,52138,,52138,,
INV-67562,,Vendor,66687,,16-Apr-24,,11308,,51512,,62820,,62820,,
INV-44740,,Vendor,23960,,19-Apr-24,,1123,,5118,,6241,,6241,,
INV-76157,,Vendor,75803,,11-Apr-24,,11773,,53631,,65403,,65403,,
INV-68852,,Vendor,36071,,21-Apr-24,,6374,,29036,,35410,,35410,,
INV-51364,,Vendor,80143,,25-Apr-24,,15318,,69780,,85098,,85098,,
INV-61522,,Vendor,49926,,13-Apr-24,,3930,,17903,,21833,,21833,,
INV-36127,,Vendor,73820,,26-Apr-24,,4801,,21870,,26671,,26671,,
INV-72210,,Vendor,10304,,10-Apr-24,,14674,,66849,,81523,,81523,,
INV-75352,,Vendor,51922,,24-Apr-24,,11477,,52285,,63763,,63763,,
INV-89732,,Vendor,49768,,30-Apr-24,,2499,,11383,,13882,,13882,,
INV-17056,,Vendor,30971,,29-Apr-24,,14220,,64782,,79002,,79002,,
INV-24337,,Vendor,32268,,28-Apr-24,,10009,,45598,,55607,,55607,,
INV-54615,,Vendor,72987,,28-Apr-24,,14604,,66527,,81131,,81131,,
INV-96674,,Vendor,21574,,21-Apr-24,,10049,,45781,,55830,,55830,,
INV-34012,,Vendor,73090,,25-Apr-24,,238,,1086,,1324,,1324,,
INV-71562,,Vendor,38174,,4-May-24,,17608,,80215,,97823,,97823,,
INV-89888,,Vendor,90546,,18-Apr-24,,2227,,10144,,12370,,12370,,
INV-70773,,Vendor,87611,,30-Apr-24,,10149,,46234,,56383,,56383,,
INV-26174,,Vendor,45665,,26-Apr-24,,15134,,68944,,84078,,84078,,
INV-74594,,Vendor,81016,,9-Apr-24,,11868,,54067,,65935,,65935,,
INV-93307,,Vendor,88376,,23-Apr-24,,10278,,46822,,57100,,57100,,
INV-12706,,Vendor,35468,,15-Apr-24,,13239,,60312,,73551,,73551,,
INV-66678,,Vendor,78019,,12-Apr-24,,522,,2379,,2901,,2901,,
INV-84610,,Vendor,28624,,3-May-24,,14991,,68292,,83283,,83283,,
INV-71010,,Vendor,48250,,5-May-24,,8662,,39458,,48120,,48120,,
INV-92208,,Vendor,43614,,20-Apr-24,,13787,,62807,,76594,,76594,,
INV-41714,,Vendor,16683,,3-May-24,,13131,,59821,,72952,,72952,,
INV-49388,,Vendor,31128,,15-Apr-24,,4902,,22330,,27232,,27232,,
INV-30732,,Vendor,53823,,8-Apr-24,,9969,,45413,,55382,,55382,,
INV-68897,,Vendor,15415,,2-May-24,,16488,,75110,,91597,,91597,,
INV-36011,,Vendor,27410,,20-Apr-24,,10927,,49779,,60706,,60706,,
INV-69931,,Vendor,10915,,22-Apr-24,,13939,,63500,,77439,,77439,,
INV-17209,,Vendor,31410,,17-Apr-24,,17014,,77509,,94523,,94523,,
INV-11356,,Vendor,46650,,17-Apr-24,,13064,,59515,,72580,,72580,,
INV-12712,,Vendor,62212,,9-Apr-24,,13057,,59484,,72542,,72542,,
INV-46299,,Vendor,31510,,13-Apr-24,,11903,,54223,,66126,,66126,,
INV-91194,,Vendor,45791,,5-May-24,,10512,,47890,,58402,,58402,,
INV-11702,,Vendor,32238,,19-Apr-24,,1304,,5942,,7246,,7246,,
INV-89189,,Vendor,99381,,14-Apr-24,,10981,,50025,,61006,,61006,,
INV-84741,,Vendor,63350,,16-Apr-24,,17077,,77797,,94875,,94875,,
INV-53445,,Vendor,26145,,25-Apr-24,,15981,,72800,,88781,,88781,,
INV-67552,,Vendor,57216,,4-May-24,,2539,,11566,,14105,,14105,,
INV-35612,,Vendor,15402,,24-Apr-24,,7201,,32807,,40008,,40008,,
INV-85332,,Vendor,87670,,25-Apr-24,,14764,,67256,,82020,,82020,,
INV-52399,,Vendor,81134,,2-May-24,,11442,,52123,,63565,,63565,,
INV-53429,,Vendor,53215,,30-Apr-24,,14216,,64761,,78977,,78977,,
INV-81048,,Vendor,64596,,30-Apr-24,,6036,,27497,,33533,,33533,,
INV-88698,,Vendor,65176,,11-Apr-24,,481,,2191,,2672,,2672,,
INV-56123,,Vendor,83598,,9-Apr-24,,17003,,77459,,94462,,94462,,
INV-28664,,Vendor,31857,,26-Apr-24,,9170,,41775,,50945,,50945,,
INV-52966,,Vendor,25155,,21-Apr-24,,4259,,19403,,23663,,23663,,
INV-76104,,Vendor,22364,,5-May-24,,11483,,52311,,63794,,63794,,
INV-79368,,Vendor,96493,,9-Apr-24,,14837,,67592,,82429,,82429,,
INV-23881,,Vendor,39493,,29-Apr-24,,13926,,63440,,77366,,77366,,
INV-40726,,Vendor,38258,,11-Apr-24,,15915,,72499,,88414,,88414,,
INV-92708,,Vendor,27725,,6-May-24,,17917,,81621,,99538,,99538,,
INV-46058,,Vendor,32841,,19-Apr-24,,14280,,65054,,79334,,79334,,
INV-20490,,Vendor,26841,,3-May-24,,2527,,11514,,14041,,14041,,
INV-85868,,Vendor,65348,,19-Apr-24,,14759,,67235,,81995,,81995,,
INV-61395,,Vendor,70485,,12-Apr-24,,13430,,61182,,74613,,74613,,
INV-69446,,Vendor,48392,,22-Apr-24,,16120,,73436,,89556,,89556,,
INV-72569,,Vendor,46521,,24-Apr-24,,15785,,71907,,87692,,87692,,
INV-60401,,Vendor,97017,,2-May-24,,17382,,79185,,96567,,96567,,
INV-81407,,Vendor,96325,,29-Apr-24,,541,,2463,,3004,,3004,,
INV-54789,,Vendor,84773,,4-May-24,,8584,,39104,,47688,,47688,,
INV-78400,,Vendor,11652,,24-Apr-24,,6987,,31831,,38819,,38819,,
INV-65228,,Vendor,13505,,26-Apr-24,,3871,,17633,,21503,,21503,,
INV-12749,,Vendor,19370,,12-Apr-24,,1493,,6803,,8297,,8297,,
INV-32348,,Vendor,87477,,18-Apr-24,,15148,,69009,,84158,,84158,,
INV-40420,,Vendor,78501,,28-Apr-24,,8848,,40308,,49156,,49156,,
INV-11309,,Vendor,76488,,21-Apr-24,,17455,,79515,,96970,,96970,,
INV-83028,,Vendor,13445,,22-Apr-24,,17921,,81642,,99564,,99564,,
INV-51954,,Vendor,10477,,3-May-24,,3369,,15346,,18714,,18714,,
INV-43995,,Vendor,61288,,1-May-24,,402,,1833,,2235,,2235,,
INV-14745,,Vendor,36429,,18-Apr-24,,9079,,41362,,50441,,50441,,
INV-21602,,Vendor,97164,,27-Apr-24,,3006,,13696,,16702,,16702,,
INV-59556,,Vendor,34817,,25-Apr-24,,9674,,44068,,53742,,53742,,
INV-67446,,Vendor,83086,,13-Apr-24,,13441,,61231,,74672,,74672,,
INV-15369,,Vendor,83551,,23-Apr-24,,12756,,58111,,70867,,70867,,
INV-80142,,Vendor,12930,,11-Apr-24,,11383,,51858,,63241,,63241,,
INV-11294,,Vendor,85722,,6-May-24,,3681,,16768,,20449,,20449,,
INV-34129,,Vendor,47827,,10-Apr-24,,218,,992,,1210,,1210,,
INV-16872,,Vendor,32524,,26-Apr-24,,11127,,50691,,61818,,61818,,
INV-19531,,Vendor,76606,,17-Apr-24,,6555,,29863,,36419,,36419,,
INV-99789,,Vendor,34731,,12-Apr-24,,9849,,44866,,54715,,54715,,
INV-30382,,Vendor,54735,,26-Apr-24,,13700,,62412,,76113,,76113,,
INV-51640,,Vendor,70523,,30-Apr-24,,16535,,75326,,91861,,91861,,
INV-39450,,Vendor,28098,,11-Apr-24,,14301,,65150,,79451,,79451,,
INV-42436,,Vendor,98423,,3-May-24,,10053,,45799,,55852,,55852,,
INV-72886,,Vendor,90388,,9-Apr-24,,11271,,51348,,62619,,62619,,
INV-33668,,Vendor,78512,,7-Apr-24,,17546,,79930,,97476,,97476,,
INV-81114,,Vendor,65460,,16-Apr-24,,16168,,73653,,89821,,89821,,
INV-24515,,Vendor,82686,,25-Apr-24,,17616,,80250,,97865,,97865,,
INV-58107,,Vendor,43575,,16-Apr-24,,7364,,33548,,40912,,40912,,
INV-42885,,Vendor,59085,,19-Apr-24,,11283,,51401,,62684,,62684,,
INV-68188,,Vendor,29388,,20-Apr-24,,12938,,58940,,71878,,71878,,
INV-46073,,Vendor,15760,,16-Apr-24,,5725,,26081,,31806,,31806,,
INV-57807,,Vendor,94502,,25-Apr-24,,15491,,70569,,86059,,86059,,
INV-91683,,Vendor,22228,,9-Apr-24,,12449,,56710,,69159,,69159,,
INV-31927,,Vendor,70909,,16-Apr-24,,10276,,46815,,57092,,57092,,
INV-43395,,Vendor,21674,,3-May-24,,7018,,31971,,38988,,38988,,
INV-68997,,Vendor,51776,,24-Apr-24,,13662,,62240,,75902,,75902,,
INV-35643,,Vendor,25840,,4-May-24,,5294,,24115,,29409,,29409,,
INV-55981,,Vendor,33490,,24-Apr-24,,4943,,22517,,27460,,27460,,
INV-65806,,Vendor,24291,,25-Apr-24,,1797,,8185,,9982,,9982,,
INV-27913,,Vendor,38257,,23-Apr-24,,753,,3432,,4186,,4186,,
INV-39743,,Vendor,43350,,25-Apr-24,,8741,,39821,,48563,,48563,,
INV-97651,,Vendor,72935,,27-Apr-24,,1487,,6775,,8263,,8263,,
INV-86730,,Vendor,76448,,25-Apr-24,,2248,,10240,,12488,,12488,,
INV-86830,,Vendor,86561,,29-Apr-24,,10363,,47211,,57574,,57574,,
INV-25877,,Vendor,39551,,12-Apr-24,,11401,,51937,,63337,,63337,,
INV-15674,,Vendor,35126,,3-May-24,,6421,,29251,,35672,,35672,,
INV-15143,,Vendor,81667,,1-May-24,,6094,,27759,,33853,,33853,,
INV-21636,,Vendor,74240,,20-Apr-24,,7801,,35536,,43336,,43336,,
INV-12751,,Vendor,83219,,16-Apr-24,,14106,,64262,,78368,,78368,,
INV-59008,,Vendor,98065,,1-May-24,,149,,677,,826,,826,,
INV-42935,,Vendor,20248,,13-Apr-24,,14377,,65496,,79873,,79873,,
INV-76739,,Vendor,49176,,28-Apr-24,,1749,,7966,,9715,,9715,,
INV-26994,,Vendor,55136,,23-Apr-24,,15066,,68635,,83702,,83702,,
INV-14830,,Vendor,47097,,26-Apr-24,,6258,,28508,,34766,,34766,,
INV-40370,,Vendor,81159,,29-Apr-24,,17706,,80659,,98365,,98365,,
INV-55574,,Vendor,50999,,23-Apr-24,,13825,,62980,,76805,,76805,,
INV-72913,,Vendor,20083,,15-Apr-24,,13279,,60492,,73771,,73771,,
INV-20027,,Vendor,84760,,18-Apr-24,,10097,,45999,,56096,,56096,,
INV-49843,,Vendor,66835,,27-Apr-24,,5946,,27087,,33033,,33033,,
INV-97059,,Vendor,38529,,6-May-24,,7543,,34362,,41905,,41905,,
INV-48914,,Vendor,49197,,13-Apr-24,,17495,,79697,,97192,,97192,,
INV-24839,,Vendor,84239,,14-Apr-24,,10364,,47213,,57577,,57577,,
INV-44980,,Vendor,50494,,24-Apr-24,,13100,,59677,,72777,,72777,,
INV-74040,,Vendor,21365,,6-May-24,,1035,,4717,,5752,,5752,,
INV-15929,,Vendor,60339,,11-Apr-24,,15584,,70992,,86576,,86576,,
INV-15354,,Vendor,11634,,15-Apr-24,,13661,,62231,,75892,,75892,,
INV-76203,,Vendor,51592,,30-Apr-24,,17979,,81906,,99886,,99886,,
INV-45003,,Vendor,50190,,10-Apr-24,,6075,,27676,,33752,,33752,,
INV-85867,,Vendor,78956,,8-Apr-24,,14839,,67598,,82437,,82437,,
INV-61193,,Vendor,70554,,8-Apr-24,,14941,,68065,,83006,,83006,,
INV-94895,,Vendor,31009,,27-Apr-24,,5482,,24975,,30457,,30457,,
INV-26525,,Vendor,14901,,3-May-24,,443,,2016,,2459,,2459,,
INV-93940,,Vendor,74292,,19-Apr-24,,8041,,36633,,44674,,44674,,
INV-40088,,Vendor,43417,,21-Apr-24,,5558,,25321,,30880,,30880,,
INV-50300,,Vendor,58155,,29-Apr-24,,15553,,70854,,86407,,86407,,
INV-60607,,Vendor,87089,,27-Apr-24,,9958,,45362,,55320,,55320,,
INV-72027,,Vendor,44939,,27-Apr-24,,4390,,20000,,24391,,24391,,
INV-48116,,Vendor,64531,,2-May-24,,3330,,15170,,18500,,18500,,
INV-42525,,Vendor,43768,,7-Apr-24,,8169,,37216,,45386,,45386,,
INV-38943,,Vendor,46362,,14-Apr-24,,14376,,65489,,79864,,79864,,
INV-37727,,Vendor,29396,,4-May-24,,4523,,20604,,25127,,25127,,
INV-44099,,Vendor,97753,,1-May-24,,8726,,39750,,48475,,48475,,
INV-48515,,Vendor,51444,,21-Apr-24,,8987,,40940,,49927,,49927,,
INV-54670,,Vendor,92887,,16-Apr-24,,8662,,39461,,48123,,48123,,
INV-61645,,Vendor,72909,,12-Apr-24,,14762,,67249,,82011,,82011,,
INV-59890,,Vendor,87153,,26-Apr-24,,5674,,25847,,31521,,31521,,
INV-32956,,Vendor,80406,,5-May-24,,16014,,72952,,88966,,88966,,
INV-51161,,Vendor,30616,,10-Apr-24,,10043,,45750,,55793,,55793,,
INV-20288,,Vendor,26382,,30-Apr-24,,16807,,76564,,93371,,93371,,
INV-61933,,Vendor,69567,,25-Apr-24,,16288,,74202,,90490,,90490,,
INV-31937,,Vendor,65580,,4-May-24,,6367,,29006,,35373,,35373,,
INV-86275,,Vendor,85980,,19-Apr-24,,16611,,75671,,92282,,92282,,
INV-18070,,Vendor,33071,,15-Apr-24,,16644,,75824,,92469,,92469,,
INV-39091,,Vendor,42564,,23-Apr-24,,8357,,38069,,46425,,46425,,
INV-32669,,Vendor,70505,,14-Apr-24,,5655,,25761,,31416,,31416,,
INV-29812,,Vendor,12846,,17-Apr-24,,8565,,39019,,47584,,47584,,
INV-39071,,Vendor,21952,,9-Apr-24,,12172,,55452,,67624,,67624,,
INV-97622,,Vendor,21351,,18-Apr-24,,10065,,45854,,55919,,55919,,
INV-22811,,Vendor,94150,,25-Apr-24,,17785,,81019,,98804,,98804,,
INV-95005,,Vendor,15901,,20-Apr-24,,2722,,12400,,15122,,15122,,
INV-42585,,Vendor,27361,,15-Apr-24,,12572,,57273,,69845,,69845,,
INV-41844,,Vendor,50104,,30-Apr-24,,6636,,30229,,36865,,36865,,
INV-88741,,Vendor,60139,,30-Apr-24,,9548,,43497,,53045,,53045,,
INV-67123,,Vendor,45791,,29-Apr-24,,4832,,22011,,26843,,26843,,
INV-73820,,Vendor,73948,,4-May-24,,1589,,7240,,8830,,8830,,
INV-45674,,Vendor,72039,,9-Apr-24,,11199,,51016,,62215,,62215,,
INV-81032,,Vendor,38979,,22-Apr-24,,5158,,23497,,28655,,28655,,
INV-75210,,Vendor,43031,,28-Apr-24,,15882,,72352,,88234,,88234,,
INV-98174,,Vendor,23630,,10-Apr-24,,12871,,58634,,71505,,71505,,
INV-45830,,Vendor,43190,,6-May-24,,6024,,27440,,33464,,33464,,
INV-20656,,Vendor,42025,,10-Apr-24,,3127,,14247,,17375,,17375,,
INV-60374,,Vendor,18153,,21-Apr-24,,10938,,49827,,60764,,60764,,
INV-52364,,Vendor,81812,,7-Apr-24,,9673,,44064,,53736,,53736,,
INV-10202,,Vendor,58904,,16-Apr-24,,107,,485,,592,,592,,
INV-98976,,Vendor,72284,,1-May-24,,3701,,16860,,20561,,20561,,
INV-55146,,Vendor,35259,,17-Apr-24,,8228,,37481,,45708,,45708,,
INV-71567,,Vendor,53593,,19-Apr-24,,2505,,11411,,13916,,13916,,
INV-70564,,Vendor,55987,,29-Apr-24,,14603,,66525,,81129,,81129,,
INV-51634,,Vendor,66128,,29-Apr-24,,73,,333,,406,,406,,
INV-87756,,Vendor,64290,,29-Apr-24,,6667,,30373,,37040,,37040,,
INV-80985,,Vendor,76286,,15-Apr-24,,1365,,6216,,7581,,7581,,
INV-54947,,Vendor,45238,,30-Apr-24,,107,,488,,595,,595,,
INV-12214,,Vendor,60837,,6-May-24,,12840,,58494,,71334,,71334,,
INV-80522,,Vendor,67789,,19-Apr-24,,9471,,43146,,52617,,52617,,
INV-89095,,Vendor,73663,,27-Apr-24,,17355,,79063,,96418,,96418,,
INV-36007,,Vendor,71065,,8-Apr-24,,10339,,47101,,57441,,57441,,
INV-89086,,Vendor,53951,,30-Apr-24,,11332,,51622,,62953,,62953,,
INV-68187,,Vendor,31913,,23-Apr-24,,5682,,25885,,31567,,31567,,
INV-30404,,Vendor,91882,,2-May-24,,939,,4277,,5216,,5216,,
INV-95071,,Vendor,27793,,12-Apr-24,,10002,,45565,,55567,,55567,,
INV-44312,,Vendor,46084,,2-May-24,,15586,,71005,,86591,,86591,,
INV-95411,,Vendor,28023,,8-Apr-24,,6606,,30095,,36702,,36702,,
INV-85756,,Vendor,88995,,28-Apr-24,,13031,,59362,,72392,,72392,,
INV-34347,,Vendor,53163,,1-May-24,,6411,,29207,,35618,,35618,,
INV-39712,,Vendor,85546,,8-Apr-24,,17106,,77926,,95032,,95032,,
INV-62248,,Vendor,36559,,5-May-24,,16954,,77233,,94187,,94187,,
INV-77813,,Vendor,91593,,18-Apr-24,,6996,,31871,,38867,,38867,,
INV-55616,,Vendor,41194,,3-May-24,,1911,,8704,,10615,,10615,,
INV-64637,,Vendor,42321,,16-Apr-24,,3978,,18123,,22102,,22102,,
INV-30676,,Vendor,36511,,26-Apr-24,,1169,,5327,,6496,,6496,,
INV-38021,,Vendor,47365,,23-Apr-24,,16498,,75157,,91655,,91655,,
INV-53334,,Vendor,37482,,29-Apr-24,,967,,4403,,5370,,5370,,
INV-52277,,Vendor,59223,,3-May-24,,8603,,39191,,47794,,47794,,
INV-48604,,Vendor,88118,,23-Apr-24,,7041,,32078,,39119,,39119,,
INV-26252,,Vendor,67236,,19-Apr-24,,1304,,5939,,7243,,7243,,
INV-53858,,Vendor,10544,,1-May-24,,8229,,37486,,45714,,45714,,
INV-65488,,Vendor,39311,,30-Apr-24,,2815,,12824,,15639,,15639,,
INV-69524,,Vendor,24029,,30-Apr-24,,4978,,22676,,27654,,27654,,
INV-39097,,Vendor,38248,,5-May-24,,14513,,66116,,80630,,80630,,
INV-45802,,Vendor,43839,,21-Apr-24,,1475,,6718,,8192,,8192,,
INV-36833,,Vendor,69058,,24-Apr-24,,14683,,66890,,81573,,81573,,
INV-92792,,Vendor,88568,,29-Apr-24,,9547,,43490,,53036,,53036,,
INV-39325,,Vendor,88458,,6-May-24,,11135,,50727,,61862,,61862,,
INV-70468,,Vendor,69183,,12-Apr-24,,1543,,7031,,8574,,8574,,
INV-71105,,Vendor,90701,,11-Apr-24,,871,,3968,,4839,,4839,,
INV-24747,,Vendor,27757,,18-Apr-24,,453,,2063,,2516,,2516,,
INV-79470,,Vendor,84447,,1-May-24,,7031,,32029,,39060,,39060,,
INV-28488,,Vendor,11482,,14-Apr-24,,12928,,58895,,71824,,71824,,
INV-11535,,Vendor,61541,,7-Apr-24,,13403,,61060,,74463,,74463,,
INV-89017,,Vendor,53642,,15-Apr-24,,9486,,43215,,52701,,52701,,
INV-56898,,Vendor,72062,,16-Apr-24,,12194,,55550,,67744,,67744,,
INV-71550,,Vendor,22275,,29-Apr-24,,10211,,46516,,56727,,56727,,
INV-22341,,Vendor,69871,,10-Apr-24,,16126,,73464,,89590,,89590,,
INV-41927,,Vendor,37544,,21-Apr-24,,7732,,35225,,42957,,42957,,
INV-58818,,Vendor,57951,,14-Apr-24,,5707,,26001,,31708,,31708,,
INV-13376,,Vendor,37258,,19-Apr-24,,13422,,61143,,74565,,74565,,
INV-96157,,Vendor,19269,,4-May-24,,2957,,13471,,16428,,16428,,
INV-11823,,Vendor,95275,,17-Apr-24,,5854,,26668,,32522,,32522,,
INV-75548,,Vendor,85524,,9-Apr-24,,6218,,28325,,34542,,34542,,
INV-58522,,Vendor,23144,,3-May-24,,8115,,36968,,45082,,45082,,
INV-51892,,Vendor,29070,,29-Apr-24,,17227,,78479,,95706,,95706,,
INV-42411,,Vendor,83159,,30-Apr-24,,10206,,46496,,56702,,56702,,
INV-88129,,Vendor,37410,,29-Apr-24,,16110,,73389,,89498,,89498,,
INV-29578,,Vendor,33787,,23-Apr-24,,1443,,6575,,8018,,8018,,
INV-69800,,Vendor,57218,,12-Apr-24,,7536,,34331,,41867,,41867,,
INV-78997,,Vendor,72951,,19-Apr-24,,5589,,25461,,31050,,31050,,
INV-32744,,Vendor,71384,,4-May-24,,10774,,49081,,59855,,59855,,
INV-80411,,Vendor,24725,,13-Apr-24,,8375,,38155,,46530,,46530,,
INV-82355,,Vendor,22462,,11-Apr-24,,14016,,63851,,77867,,77867,,
INV-12812,,Vendor,22054,,26-Apr-24,,8147,,37113,,45259,,45259,,
INV-69773,,Vendor,69897,,3-May-24,,3795,,17286,,21081,,21081,,
INV-83857,,Vendor,63070,,1-May-24,,4666,,21256,,25921,,25921,,
INV-48521,,Vendor,16799,,23-Apr-24,,12842,,58505,,71347,,71347,,
INV-88767,,Vendor,90462,,23-Apr-24,,6655,,30315,,36969,,36969,,
INV-65896,,Vendor,70882,,13-Apr-24,,9347,,42581,,51928,,51928,,
INV-37579,,Vendor,29369,,5-May-24,,4728,,21540,,26269,,26269,,
INV-96651,,Vendor,48026,,11-Apr-24,,9629,,43866,,53495,,53495,,
INV-48995,,Vendor,45514,,14-Apr-24,,9837,,44815,,54652,,54652,,
INV-73058,,Vendor,35655,,4-May-24,,895,,4075,,4970,,4970,,
INV-93859,,Vendor,38309,,28-Apr-24,,12825,,58426,,71251,,71251,,
INV-82474,,Vendor,95358,,15-Apr-24,,4697,,21395,,26092,,26092,,
INV-82081,,Vendor,84299,,14-Apr-24,,13752,,62650,,76403,,76403,,
INV-31511,,Vendor,46397,,17-Apr-24,,745,,3393,,4138,,4138,,
INV-81861,,Vendor,38147,,17-Apr-24,,9238,,42083,,51321,,51321,,
INV-52070,,Vendor,47430,,2-May-24,,4978,,22680,,27658,,27658,,
INV-76722,,Vendor,62891,,20-Apr-24,,13874,,63205,,77080,,77080,,
INV-11165,,Vendor,14542,,26-Apr-24,,1156,,5267,,6423,,6423,,
INV-17537,,Vendor,36385,,9-Apr-24,,7116,,32419,,39536,,39536,,
INV-72704,,Vendor,22751,,28-Apr-24,,3787,,17253,,21041,,21041,,
INV-34557,,Vendor,30261,,9-Apr-24,,487,,2216,,2703,,2703,,
INV-90707,,Vendor,74615,,5-May-24,,13200,,60135,,73336,,73336,,
INV-96088,,Vendor,80756,,28-Apr-24,,8074,,36779,,44853,,44853,,
INV-13257,,Vendor,48177,,2-May-24,,10325,,47038,,57363,,57363,,
INV-62447,,Vendor,47991,,10-Apr-24,,4198,,19125,,23323,,23323,,
INV-53963,,Vendor,19833,,2-May-24,,10976,,50003,,60979,,60979,,
INV-12172,,Vendor,33675,,24-Apr-24,,5451,,24833,,30284,,30284,,
INV-38249,,Vendor,68473,,27-Apr-24,,3441,,15674,,19114,,19114,,
INV-85900,,Vendor,69373,,27-Apr-24,,3942,,17958,,21900,,21900,,
INV-13207,,Vendor,13061,,8-Apr-24,,15725,,71636,,87361,,87361,,
INV-94148,,Vendor,26919,,30-Apr-24,,16877,,76884,,93761,,93761,,
INV-12006,,Vendor,34040,,30-Apr-24,,6253,,28486,,34739,,34739,,
INV-74770,,Vendor,68426,,17-Apr-24,,959,,4370,,5329,,5329,,
INV-53482,,Vendor,55227,,16-Apr-24,,31,,139,,170,,170,,
INV-34224,,Vendor,65241,,21-Apr-24,,16081,,73260,,89341,,89341,,
INV-75764,,Vendor,70912,,15-Apr-24,,4399,,20042,,24441,,24441,,
INV-80626,,Vendor,83033,,16-Apr-24,,9537,,43448,,52985,,52985,,
INV-34669,,Vendor,26472,,16-Apr-24,,14860,,67694,,82554,,82554,,
INV-89290,,Vendor,28396,,10-Apr-24,,4544,,20700,,25244,,25244,,
INV-85430,,Vendor,32059,,23-Apr-24,,12596,,57381,,69977,,69977,,
INV-91475,,Vendor,89377,,20-Apr-24,,15137,,68959,,84096,,84096,,
INV-33090,,Vendor,63439,,30-Apr-24,,8342,,38003,,46345,,46345,,
INV-17010,,Vendor,88695,,28-Apr-24,,3256,,14832,,18088,,18088,,
INV-32455,,Vendor,69165,,19-Apr-24,,15473,,70488,,85961,,85961,,
INV-23936,,Vendor,15215,,26-Apr-24,,3500,,15943,,19443,,19443,,
INV-36591,,Vendor,42741,,17-Apr-24,,9296,,42346,,51642,,51642,,
INV-93395,,Vendor,43325,,28-Apr-24,,11332,,51625,,62958,,62958,,
INV-45551,,Vendor,65222,,15-Apr-24,,4623,,21059,,25682,,25682,,
INV-74670,,Vendor,75326,,18-Apr-24,,11071,,50433,,61504,,61504,,
INV-42885,,Vendor,65023,,23-Apr-24,,6716,,30596,,37312,,37312,,
INV-85619,,Vendor,53851,,14-Apr-24,,2115,,9637,,11752,,11752,,
INV-16772,,Vendor,61604,,14-Apr-24,,2825,,12869,,15693,,15693,,
INV-85880,,Vendor,57615,,25-Apr-24,,9857,,44904,,54760,,54760,,
INV-72993,,Vendor,70114,,11-Apr-24,,9840,,44826,,54666,,54666,,
INV-91383,,Vendor,23092,,15-Apr-24,,11643,,53040,,64683,,64683,,
INV-94446,,Vendor,18978,,26-Apr-24,,5952,,27116,,33069,,33069,,
INV-46686,,Vendor,16163,,12-Apr-24,,3328,,15162,,18490,,18490,,
INV-52386,,Vendor,91521,,3-May-24,,5906,,26905,,32810,,32810,,
INV-46902,,Vendor,35798,,3-May-24,,13829,,62998,,76827,,76827,,
INV-23883,,Vendor,20078,,4-May-24,,3351,,15265,,18616,,18616,,
INV-23936,,Vendor,96225,,30-Apr-24,,12430,,56625,,69055,,69055,,
INV-22935,,Vendor,14038,,29-Apr-24,,6802,,30987,,37789,,37789,,
INV-37266,,Vendor,77840,,24-Apr-24,,10020,,45645,,55665,,55665,,
INV-39229,,Vendor,95006,,15-Apr-24,,2400,,10932,,13332,,13332,,
INV-23906,,Vendor,63157,,22-Apr-24,,5393,,24569,,29962,,29962,,
INV-89812,,Vendor,38063,,12-Apr-24,,11956,,54466,,66422,,66422,,
INV-84882,,Vendor,66109,,24-Apr-24,,13832,,63011,,76843,,76843,,
INV-20938,,Vendor,11269,,14-Apr-24,,10933,,49806,,60739,,60739,,
INV-31381,,Vendor,67182,,21-Apr-24,,631,,2874,,3505,,3505,,
INV-67622,,Vendor,70251,,7-Apr-24,,15062,,68614,,83675,,83675,,
INV-86101,,Vendor,17092,,8-Apr-24,,4303,,19603,,23906,,23906,,
INV-36092,,Vendor,78187,,21-Apr-24,,10293,,46890,,57183,,57183,,
INV-52049,,Vendor,78202,,17-Apr-24,,9245,,42118,,51363,,51363,,
INV-39188,,Vendor,86857,,17-Apr-24,,9753,,44432,,54186,,54186,,
INV-44248,,Vendor,48488,,17-Apr-24,,11946,,54420,,66366,,66366,,
INV-33642,,Vendor,64904,,2-May-24,,10912,,49710,,60622,,60622,,
INV-83767,,Vendor,12851,,3-May-24,,16666,,75921,,92586,,92586,,
INV-48665,,Vendor,64863,,10-Apr-24,,2220,,10111,,12331,,12331,,
INV-33892,,Vendor,67392,,30-Apr-24,,9154,,41703,,50857,,50857,,
INV-71262,,Vendor,98812,,9-Apr-24,,2904,,13229,,16132,,16132,,
INV-38452,,Vendor,16043,,5-May-24,,3957,,18028,,21985,,21985,,
INV-76842,,Vendor,73276,,2-May-24,,197,,898,,1095,,1095,,
INV-71307,,Vendor,23580,,1-May-24,,17698,,80624,,98322,,98322,,
INV-92850,,Vendor,58768,,8-Apr-24,,6580,,29975,,36555,,36555,,
INV-17324,,Vendor,56672,,2-May-24,,5357,,24403,,29760,,29760,,
INV-45730,,Vendor,99791,,9-Apr-24,,9673,,44068,,53741,,53741,,
INV-28750,,Vendor,48506,,29-Apr-24,,10749,,48966,,59714,,59714,,
INV-41155,,Vendor,42518,,18-Apr-24,,16645,,75827,,92472,,92472,,
INV-27971,,Vendor,69675,,5-May-24,,8289,,37762,,46051,,46051,,
INV-41980,,Vendor,68783,,6-May-24,,564,,2569,,3133,,3133,,
INV-91394,,Vendor,55837,,26-Apr-24,,10865,,49498,,60364,,60364,,
INV-66263,,Vendor,59597,,29-Apr-24,,11129,,50701,,61830,,61830,,
INV-12355,,Vendor,25867,,11-Apr-24,,8302,,37821,,46123,,46123,,
INV-86320,,Vendor,14592,,24-Apr-24,,7211,,32849,,40060,,40060,,
INV-79653,,Vendor,55690,,8-Apr-24,,6761,,30802,,37563,,37563,,
INV-64281,,Vendor,25130,,3-May-24,,5927,,27001,,32928,,32928,,
INV-42139,,Vendor,31477,,11-Apr-24,,16674,,75957,,92631,,92631,,
INV-17707,,Vendor,31143,,7-Apr-24,,15640,,71250,,86890,,86890,,
INV-62444,,Vendor,34174,,2-May-24,,9726,,44307,,54033,,54033,,
INV-87763,,Vendor,83090,,25-Apr-24,,5588,,25455,,31043,,31043,,
INV-64355,,Vendor,91653,,10-Apr-24,,6784,,30903,,37686,,37686,,
INV-65693,,Vendor,20266,,25-Apr-24,,3399,,15485,,18884,,18884,,
INV-38949,,Vendor,59020,,21-Apr-24,,12663,,57689,,70352,,70352,,
INV-77312,,Vendor,26186,,8-Apr-24,,17888,,81491,,99379,,99379,,
INV-49174,,Vendor,78226,,17-Apr-24,,14397,,65587,,79985,,79985,,
INV-44481,,Vendor,25725,,13-Apr-24,,10890,,49609,,60499,,60499,,
INV-20045,,Vendor,29414,,13-Apr-24,,1577,,7182,,8759,,8759,,
INV-44810,,Vendor,68740,,1-May-24,,605,,2756,,3361,,3361,,
INV-55803,,Vendor,64242,,3-May-24,,11041,,50300,,61342,,61342,,
INV-39520,,Vendor,94150,,13-Apr-24,,2871,,13080,,15951,,15951,,
INV-94860,,Vendor,23932,,9-Apr-24,,12002,,54675,,66677,,66677,,
INV-18347,,Vendor,54688,,25-Apr-24,,12668,,57708,,70376,,70376,,
INV-96804,,Vendor,68549,,7-Apr-24,,10396,,47359,,57754,,57754,,
INV-75572,,Vendor,71729,,7-Apr-24,,13560,,61774,,75334,,75334,,
INV-42493,,Vendor,42241,,29-Apr-24,,1833,,8351,,10184,,10184,,
INV-20608,,Vendor,59686,,22-Apr-24,,4387,,19986,,24374,,24374,,
INV-53411,,Vendor,85330,,26-Apr-24,,15915,,72501,,88416,,88416,,
INV-21636,,Vendor,66245,,17-Apr-24,,7557,,34428,,41985,,41985,,
INV-91819,,Vendor,47390,,28-Apr-24,,7459,,33981,,41441,,41441,,
INV-33199,,Vendor,32556,,13-Apr-24,,16561,,75445,,92006,,92006,,
INV-74059,,Vendor,29353,,1-May-24,,9303,,42381,,51684,,51684,,
INV-15635,,Vendor,87266,,7-Apr-24,,17719,,80722,,98441,,98441,,
INV-18205,,Vendor,11399,,3-May-24,,11869,,54068,,65936,,65936,,
INV-24643,,Vendor,47134,,28-Apr-24,,14851,,67655,,82506,,82506,,
INV-29518,,Vendor,42024,,29-Apr-24,,12360,,56305,,68664,,68664,,
INV-64973,,Vendor,53500,,6-May-24,,2158,,9829,,11986,,11986,,
INV-60930,,Vendor,48051,,4-May-24,,3187,,14517,,17703,,17703,,
INV-90545,,Vendor,59673,,3-May-24,,2459,,11202,,13661,,13661,,
INV-66337,,Vendor,40979,,26-Apr-24,,10765,,49042,,59808,,59808,,
INV-84713,,Vendor,97171,,27-Apr-24,,10158,,46277,,56435,,56435,,
INV-86196,,Vendor,84471,,5-May-24,,3774,,17193,,20967,,20967,,
INV-83966,,Vendor,55879,,13-Apr-24,,17997,,81985,,99982,,99982,,
INV-92304,,Vendor,49740,,6-May-24,,3893,,17737,,21630,,21630,,
INV-77642,,Vendor,27258,,14-Apr-24,,12691,,57815,,70506,,70506,,
INV-10746,,Vendor,56344,,6-May-24,,3055,,13916,,16970,,16970,,
INV-87987,,Vendor,28957,,15-Apr-24,,2753,,12541,,15294,,15294,,
INV-55745,,Vendor,66762,,12-Apr-24,,72,,330,,402,,402,,
INV-86220,,Vendor,55445,,21-Apr-24,,11774,,53637,,65411,,65411,,
INV-41049,,Vendor,65434,,5-May-24,,11700,,53302,,65003,,65003,,
INV-53378,,Vendor,18481,,13-Apr-24,,8459,,38535,,46994,,46994,,
INV-58231,,Vendor,68587,,10-Apr-24,,16771,,76399,,93170,,93170,,
INV-94447,,Vendor,49123,,27-Apr-24,,5991,,27294,,33286,,33286,,
INV-57901,,Vendor,56826,,27-Apr-24,,17951,,81775,,99726,,99726,,
INV-12112,,Vendor,64960,,29-Apr-24,,3845,,17514,,21359,,21359,,
INV-33326,,Vendor,57951,,22-Apr-24,,9860,,44919,,54779,,54779,,
INV-73188,,Vendor,41398,,7-Apr-24,,17933,,81696,,99630,,99630,,
INV-97747,,Vendor,74110,,7-Apr-24,,1704,,7760,,9464,,9464,,
INV-77386,,Vendor,30161,,14-Apr-24,,16385,,74642,,91027,,91027,,
INV-35728,,Vendor,12559,,12-Apr-24,,12088,,55069,,67157,,67157,,
INV-95028,,Vendor,77129,,13-Apr-24,,10200,,46469,,56669,,56669,,
INV-96716,,Vendor,30729,,10-Apr-24,,1652,,7526,,9178,,9178,,
INV-61318,,Vendor,76224,,8-Apr-24,,9042,,41194,,50236,,50236,,
INV-23221,,Vendor,33063,,1-May-24,,367,,1672,,2039,,2039,,
INV-32023,,Vendor,96770,,29-Apr-24,,13894,,63293,,77187,,77187,,
INV-80928,,Vendor,56139,,17-Apr-24,,6086,,27726,,33812,,33812,,
INV-80002,,Vendor,93890,,3-May-24,,8376,,38159,,46536,,46536,,
INV-50851,,Vendor,73050,,22-Apr-24,,7469,,34027,,41496,,41496,,
INV-84602,,Vendor,64037,,29-Apr-24,,583,,2655,,3238,,3238,,
INV-81065,,Vendor,56160,,2-May-24,,8263,,37645,,45908,,45908,,
INV-28460,,Vendor,16569,,1-May-24,,6109,,27829,,33937,,33937,,
INV-92680,,Vendor,23656,,9-Apr-24,,17849,,81311,,99160,,99160,,
INV-15593,,Vendor,10772,,15-Apr-24,,14405,,65625,,80030,,80030,,
INV-78560,,Vendor,64941,,9-Apr-24,,9408,,42860,,52268,,52268,,
INV-20106,,Vendor,73981,,1-May-24,,8745,,39839,,48584,,48584,,
INV-44644,,Vendor,27707,,22-Apr-24,,16936,,77151,,94087,,94087,,
INV-89073,,Vendor,18396,,21-Apr-24,,7485,,34100,,41586,,41586,,
INV-31410,,Vendor,57005,,19-Apr-24,,15021,,68428,,83449,,83449,,
INV-39547,,Vendor,48676,,21-Apr-24,,9112,,41510,,50622,,50622,,
INV-44545,,Vendor,48664,,17-Apr-24,,4290,,19544,,23835,,23835,,
INV-23991,,Vendor,75221,,16-Apr-24,,17905,,81568,,99473,,99473,,
INV-90021,,Vendor,98305,,23-Apr-24,,4463,,20331,,24794,,24794,,
INV-80547,,Vendor,47431,,7-Apr-24,,5586,,25446,,31032,,31032,,
INV-10611,,Vendor,55745,,13-Apr-24,,9925,,45216,,55141,,55141,,
INV-31029,,Vendor,18124,,3-May-24,,6130,,27926,,34056,,34056,,
INV-97989,,Vendor,13672,,28-Apr-24,,6788,,30924,,37713,,37713,,
INV-80460,,Vendor,90833,,13-Apr-24,,6696,,30502,,37197,,37197,,
INV-93043,,Vendor,10560,,1-May-24,,6072,,27659,,33731,,33731,,
INV-87336,,Vendor,50777,,4-May-24,,11975,,54551,,66526,,66526,,
INV-92996,,Vendor,19997,,4-May-24,,13601,,61962,,75563,,75563,,
INV-12578,,Vendor,18544,,4-May-24,,13438,,61218,,74656,,74656,,
INV-58118,,Vendor,36594,,3-May-24,,11299,,51473,,62773,,62773,,
INV-29464,,Vendor,53490,,28-Apr-24,,17249,,78578,,95827,,95827,,
INV-30898,,Vendor,80220,,15-Apr-24,,8172,,37228,,45400,,45400,,
INV-19552,,Vendor,61023,,23-Apr-24,,6917,,31509,,38426,,38426,,
INV-32616,,Vendor,65231,,21-Apr-24,,12043,,54862,,66905,,66905,,
INV-18115,,Vendor,41212,,24-Apr-24,,17831,,81228,,99059,,99059,,
INV-27698,,Vendor,84083,,16-Apr-24,,7210,,32845,,40055,,40055,,
INV-42664,,Vendor,26836,,23-Apr-24,,11669,,53159,,64828,,64828,,
INV-54746,,Vendor,46030,,10-Apr-24,,13898,,63313,,77211,,77211,,
INV-81636,,Vendor,57839,,29-Apr-24,,7077,,32241,,39318,,39318,,
INV-34931,,Vendor,46332,,15-Apr-24,,8278,,37711,,45990,,45990,,
INV-71211,,Vendor,25394,,30-Apr-24,,6851,,31211,,38062,,38062,,
INV-61128,,Vendor,43796,,16-Apr-24,,11669,,53160,,64829,,64829,,
INV-47495,,Vendor,40533,,2-May-24,,16965,,77286,,94251,,94251,,
INV-32090,,Vendor,70903,,29-Apr-24,,1555,,7083,,8638,,8638,,
INV-68581,,Vendor,31844,,6-May-24,,2528,,11515,,14042,,14042,,
INV-45848,,Vendor,51779,,11-Apr-24,,7171,,32670,,39841,,39841,,
INV-83114,,Vendor,14540,,16-Apr-24,,12003,,54680,,66682,,66682,,
INV-55048,,Vendor,37470,,2-May-24,,4429,,20176,,24605,,24605,,
INV-16934,,Vendor,62025,,16-Apr-24,,6098,,27780,,33878,,33878,,
INV-45449,,Vendor,36634,,3-May-24,,15886,,72368,,88253,,88253,,
INV-98289,,Vendor,13899,,28-Apr-24,,15204,,69263,,84467,,84467,,
INV-35655,,Vendor,98937,,23-Apr-24,,12606,,57428,,70034,,70034,,
INV-48016,,Vendor,56560,,28-Apr-24,,9774,,44525,,54299,,54299,,
INV-23594,,Vendor,11672,,4-May-24,,840,,3829,,4669,,4669,,
INV-13866,,Vendor,49962,,15-Apr-24,,9714,,44253,,53968,,53968,,
INV-25668,,Vendor,46497,,25-Apr-24,,4846,,22078,,26924,,26924,,
INV-28758,,Vendor,36235,,30-Apr-24,,9384,,42748,,52131,,52131,,
INV-88231,,Vendor,47657,,17-Apr-24,,68,,308,,376,,376,,
INV-87528,,Vendor,54607,,10-Apr-24,,17410,,79312,,96723,,96723,,
INV-71303,,Vendor,86250,,19-Apr-24,,2546,,11597,,14143,,14143,,
INV-36822,,Vendor,10416,,24-Apr-24,,7889,,35937,,43825,,43825,,
INV-25918,,Vendor,93280,,9-Apr-24,,1005,,4577,,5582,,5582,,
INV-20595,,Vendor,12182,,27-Apr-24,,15959,,72702,,88661,,88661,,
INV-44777,,Vendor,61959,,20-Apr-24,,17080,,77811,,94891,,94891,,
INV-55346,,Vendor,41490,,28-Apr-24,,1658,,7551,,9209,,9209,,
INV-13145,,Vendor,44849,,16-Apr-24,,17195,,78334,,95529,,95529,,
INV-83401,,Vendor,40210,,3-May-24,,16165,,73641,,89806,,89806,,
INV-36057,,Vendor,62387,,8-Apr-24,,2622,,11943,,14564,,14564,,
INV-56255,,Vendor,70128,,15-Apr-24,,5376,,24490,,29865,,29865,,
INV-86391,,Vendor,51306,,19-Apr-24,,7212,,32854,,40065,,40065,,
INV-33212,,Vendor,48437,,1-May-24,,14456,,65855,,80311,,80311,,
INV-22479,,Vendor,87879,,26-Apr-24,,3571,,16268,,19839,,19839,,
INV-57412,,Vendor,37425,,11-Apr-24,,15834,,72131,,87965,,87965,,
INV-43461,,Vendor,33455,,6-May-24,,17457,,79526,,96983,,96983,,
INV-48329,,Vendor,26422,,4-May-24,,12626,,57519,,70146,,70146,,
INV-62461,,Vendor,73485,,4-May-24,,5310,,24190,,29499,,29499,,
INV-92886,,Vendor,68100,,17-Apr-24,,2512,,11442,,13954,,13954,,
INV-69925,,Vendor,44588,,29-Apr-24,,10852,,49436,,60288,,60288,,
INV-80391,,Vendor,98891,,5-May-24,,3050,,13896,,16947,,16947,,
INV-36709,,Vendor,59029,,9-Apr-24,,17966,,81845,,99811,,99811,,
INV-21461,,Vendor,32483,,30-Apr-24,,6342,,28890,,35232,,35232,,
INV-12807,,Vendor,72239,,7-Apr-24,,6600,,30065,,36665,,36665,,
INV-67589,,Vendor,27286,,5-May-24,,9583,,43658,,53241,,53241,,
INV-84360,,Vendor,49769,,23-Apr-24,,13179,,60038,,73217,,73217,,
INV-10377,,Vendor,25779,,3-May-24,,12830,,58449,,71279,,71279,,
INV-72623,,Vendor,78807,,24-Apr-24,,17506,,79750,,97256,,97256,,
INV-31612,,Vendor,89786,,20-Apr-24,,3737,,17025,,20762,,20762,,
INV-64559,,Vendor,42021,,21-Apr-24,,11930,,54349,,66279,,66279,,
INV-75507,,Vendor,14974,,14-Apr-24,,1929,,8786,,10715,,10715,,
INV-74840,,Vendor,34771,,14-Apr-24,,16086,,73283,,89369,,89369,,
INV-33296,,Vendor,24150,,21-Apr-24,,13581,,61869,,75450,,75450,,
INV-12332,,Vendor,87728,,3-May-24,,1427,,6501,,7928,,7928,,
INV-27084,,Vendor,63632,,9-Apr-24,,16508,,75205,,91713,,91713,,
INV-62593,,Vendor,48571,,30-Apr-24,,4957,,22584,,27542,,27542,,
INV-16470,,Vendor,47141,,20-Apr-24,,11334,,51633,,62967,,62967,,
INV-42195,,Vendor,28520,,28-Apr-24,,4131,,18819,,22950,,22950,,
INV-41046,,Vendor,61218,,7-Apr-24,,15807,,72010,,87817,,87817,,
INV-45882,,Vendor,21196,,6-May-24,,7462,,33992,,41453,,41453,,
INV-75279,,Vendor,80532,,10-Apr-24,,16383,,74634,,91017,,91017,,
INV-93080,,Vendor,44826,,2-May-24,,17983,,81921,,99903,,99903,,
INV-47372,,Vendor,83712,,20-Apr-24,,9353,,42610,,51963,,51963,,
INV-96629,,Vendor,26564,,29-Apr-24,,11080,,50476,,61556,,61556,,
INV-58626,,Vendor,15503,,27-Apr-24,,1769,,8058,,9827,,9827,,
INV-59901,,Vendor,42672,,23-Apr-24,,7615,,34689,,42304,,42304,,
INV-85446,,Vendor,37801,,24-Apr-24,,16615,,75693,,92308,,92308,,
INV-93169,,Vendor,82128,,17-Apr-24,,7775,,35421,,43196,,43196,,
INV-57876,,Vendor,35352,,5-May-24,,9797,,44632,,54429,,54429,,
INV-80547,,Vendor,19184,,18-Apr-24,,12056,,54923,,66979,,66979,,
INV-46347,,Vendor,74498,,14-Apr-24,,9331,,42506,,51836,,51836,,
INV-56352,,Vendor,25784,,30-Apr-24,,1569,,7149,,8719,,8719,,
INV-25513,,Vendor,35379,,5-May-24,,15433,,70305,,85737,,85737,,
INV-48025,,Vendor,51250,,8-Apr-24,,17041,,77633,,94674,,94674,,
INV-12733,,Vendor,16252,,11-Apr-24,,12856,,58567,,71423,,71423,,
INV-78564,,Vendor,86433,,4-May-24,,3943,,17963,,21906,,21906,,
INV-21757,,Vendor,45616,,5-May-24,,7770,,35399,,43169,,43169,,
INV-27314,,Vendor,64795,,19-Apr-24,,17174,,78236,,95410,,95410,,
INV-32981,,Vendor,86892,,30-Apr-24,,8858,,40355,,49213,,49213,,
INV-50797,,Vendor,37427,,26-Apr-24,,13308,,60624,,73932,,73932,,
INV-34133,,Vendor,24100,,2-May-24,,870,,3961,,4831,,4831,,
INV-64439,,Vendor,77236,,29-Apr-24,,12588,,57343,,69931,,69931,,
INV-64197,,Vendor,34936,,11-Apr-24,,316,,1437,,1753,,1753,,
INV-18208,,Vendor,41378,,29-Apr-24,,16938,,77164,,94102,,94102,,
INV-93618,,Vendor,60830,,27-Apr-24,,7219,,32884,,40103,,40103,,
INV-54372,,Vendor,77104,,22-Apr-24,,13009,,59262,,72270,,72270,,
INV-44539,,Vendor,45832,,29-Apr-24,,8806,,40116,,48922,,48922,,
INV-79446,,Vendor,59839,,15-Apr-24,,5514,,25122,,30636,,30636,,
INV-53316,,Vendor,15649,,10-Apr-24,,13591,,61916,,75508,,75508,,
INV-71585,,Vendor,15721,,26-Apr-24,,14386,,65535,,79921,,79921,,
INV-31617,,Vendor,99711,,21-Apr-24,,1378,,6279,,7657,,7657,,
INV-54710,,Vendor,11463,,28-Apr-24,,11799,,53750,,65549,,65549,,
INV-25821,,Vendor,78229,,30-Apr-24,,7343,,33452,,40796,,40796,,
INV-85688,,Vendor,35736,,1-May-24,,10114,,46076,,56190,,56190,,
INV-70832,,Vendor,95314,,29-Apr-24,,12835,,58473,,71308,,71308,,
INV-43664,,Vendor,98383,,16-Apr-24,,8072,,36771,,44842,,44842,,
INV-35451,,Vendor,16249,,21-Apr-24,,14396,,65582,,79978,,79978,,
INV-40204,,Vendor,88383,,29-Apr-24,,6935,,31592,,38526,,38526,,
INV-21448,,Vendor,17991,,3-May-24,,17191,,78314,,95505,,95505,,
INV-88251,,Vendor,24928,,1-May-24,,13351,,60822,,74173,,74173,,
INV-20896,,Vendor,36957,,27-Apr-24,,5826,,26539,,32364,,32364,,
INV-27531,,Vendor,76656,,26-Apr-24,,5661,,25788,,31449,,31449,,
INV-90223,,Vendor,99160,,9-Apr-24,,3511,,15996,,19508,,19508,,
INV-73068,,Vendor,33367,,25-Apr-24,,15525,,70727,,86252,,86252,,
INV-97641,,Vendor,53088,,19-Apr-24,,266,,1214,,1480,,1480,,
INV-86890,,Vendor,46572,,14-Apr-24,,8888,,40489,,49377,,49377,,
INV-83166,,Vendor,79316,,30-Apr-24,,9551,,43511,,53062,,53062,,
INV-45932,,Vendor,57118,,30-Apr-24,,10563,,48121,,58684,,58684,,
INV-21976,,Vendor,89018,,27-Apr-24,,8563,,39009,,47572,,47572,,
INV-85346,,Vendor,86111,,29-Apr-24,,4703,,21423,,26125,,26125,,
INV-25690,,Vendor,70805,,22-Apr-24,,16640,,75803,,92443,,92443,,
INV-44361,,Vendor,44637,,10-Apr-24,,5409,,24639,,30047,,30047,,
INV-47042,,Vendor,14384,,27-Apr-24,,15658,,71332,,86990,,86990,,
INV-69144,,Vendor,82504,,9-Apr-24,,4990,,22731,,27721,,27721,,
INV-46752,,Vendor,29338,,23-Apr-24,,3487,,15885,,19372,,19372,,
INV-56359,,Vendor,49148,,13-Apr-24,,14511,,66106,,80617,,80617,,
INV-67452,,Vendor,70021,,14-Apr-24,,3461,,15766,,19227,,19227,,
INV-28077,,Vendor,52446,,11-Apr-24,,9472,,43149,,52621,,52621,,
INV-53813,,Vendor,20637,,19-Apr-24,,8074,,36782,,44856,,44856,,
INV-78637,,Vendor,95936,,14-Apr-24,,15918,,72515,,88433,,88433,,
INV-72402,,Vendor,33272,,18-Apr-24,,2751,,12533,,15284,,15284,,
INV-52524,,Vendor,38772,,16-Apr-24,,513,,2339,,2852,,2852,,
INV-60177,,Vendor,33040,,30-Apr-24,,374,,1705,,2079,,2079,,
INV-24111,,Vendor,21930,,22-Apr-24,,17440,,79449,,96889,,96889,,
INV-17113,,Vendor,71999,,6-May-24,,2898,,13204,,16103,,16103,,
INV-13884,,Vendor,69602,,23-Apr-24,,274,,1248,,1522,,1522,,
INV-28702,,Vendor,89620,,24-Apr-24,,9607,,43766,,53373,,53373,,
INV-62481,,Vendor,80484,,27-Apr-24,,14049,,64003,,78052,,78052,,
INV-75917,,Vendor,17829,,24-Apr-24,,17636,,80342,,97978,,97978,,
INV-72670,,Vendor,70772,,9-Apr-24,,10871,,49524,,60395,,60395,,
INV-48914,,Vendor,93648,,10-Apr-24,,10722,,48845,,59568,,59568,,
INV-53495,,Vendor,36103,,23-Apr-24,,11470,,52252,,63721,,63721,,
INV-88728,,Vendor,61778,,23-Apr-24,,13416,,61116,,74532,,74532,,
INV-65797,,Vendor,60805,,7-Apr-24,,2602,,11856,,14458,,14458,,
INV-29583,,Vendor,84999,,10-Apr-24,,11587,,52786,,64374,,64374,,
INV-83339,,Vendor,61340,,1-May-24,,8454,,38513,,46967,,46967,,
INV-39658,,Vendor,60885,,4-May-24,,82,,373,,454,,454,,
INV-31321,,Vendor,73510,,29-Apr-24,,14281,,65057,,79338,,79338,,
INV-92655,,Vendor,18306,,1-May-24,,2920,,13302,,16222,,16222,,
INV-11694,,Vendor,37300,,21-Apr-24,,16125,,73460,,89586,,89586,,
INV-69575,,Vendor,31769,,1-May-24,,13423,,61149,,74573,,74573,,
INV-46508,,Vendor,57557,,9-Apr-24,,11826,,53875,,65701,,65701,,
INV-80455,,Vendor,38271,,17-Apr-24,,7965,,36285,,44250,,44250,,
INV-67413,,Vendor,82515,,17-Apr-24,,8298,,37802,,46100,,46100,,
INV-89600,,Vendor,33047,,14-Apr-24,,1608,,7327,,8935,,8935,,
INV-27514,,Vendor,89154,,29-Apr-24,,840,,3825,,4665,,4665,,
INV-83135,,Vendor,93108,,11-Apr-24,,9743,,44385,,54128,,54128,,
INV-86790,,Vendor,91553,,25-Apr-24,,413,,1883,,2296,,2296,,
INV-70414,,Vendor,55354,,22-Apr-24,,6991,,31848,,38839,,38839,,
INV-46807,,Vendor,55921,,21-Apr-24,,4724,,21519,,26243,,26243,,
INV-65930,,Vendor,52892,,12-Apr-24,,13720,,62501,,76220,,76220,,
INV-51101,,Vendor,80376,,7-Apr-24,,7692,,35040,,42731,,42731,,
INV-48997,,Vendor,35738,,2-May-24,,2422,,11032,,13454,,13454,,
INV-13271,,Vendor,82404,,4-May-24,,5542,,25246,,30788,,30788,,
INV-43886,,Vendor,58744,,4-May-24,,2681,,12213,,14893,,14893,,
INV-65411,,Vendor,37253,,26-Apr-24,,16077,,73241,,89318,,89318,,
INV-67703,,Vendor,98568,,16-Apr-24,,7593,,34591,,42184,,42184,,
INV-70685,,Vendor,31211,,8-Apr-24,,566,,2577,,3143,,3143,,
INV-19758,,Vendor,16806,,14-Apr-24,,7892,,35955,,43847,,43847,,
INV-29958,,Vendor,44461,,15-Apr-24,,11755,,53550,,65305,,65305,,
INV-68461,,Vendor,72152,,8-Apr-24,,3173,,14456,,17629,,17629,,
INV-50730,,Vendor,57653,,11-Apr-24,,11180,,50933,,62113,,62113,,
INV-21540,,Vendor,21222,,27-Apr-24,,7167,,32648,,39815,,39815,,
INV-68959,,Vendor,51505,,29-Apr-24,,10642,,48478,,59120,,59120,,
INV-12578,,Vendor,30396,,17-Apr-24,,11856,,54011,,65866,,65866,,
INV-34984,,Vendor,99115,,2-May-24,,14912,,67931,,82843,,82843,,
INV-27302,,Vendor,26843,,2-May-24,,6122,,27889,,34010,,34010,,
INV-44995,,Vendor,41617,,8-Apr-24,,9556,,43534,,53091,,53091,,
INV-32849,,Vendor,29074,,15-Apr-24,,12987,,59162,,72149,,72149,,
INV-30996,,Vendor,41105,,15-Apr-24,,16434,,74868,,91302,,91302,,
INV-84224,,Vendor,75267,,19-Apr-24,,2053,,9351,,11403,,11403,,
INV-54396,,Vendor,66500,,30-Apr-24,,5613,,25572,,31186,,31186,,
INV-86438,,Vendor,58300,,30-Apr-24,,2426,,11052,,13479,,13479,,
INV-24363,,Vendor,68992,,18-Apr-24,,13435,,61202,,74636,,74636,,
INV-48576,,Vendor,18878,,29-Apr-24,,15729,,71654,,87383,,87383,,
INV-25157,,Vendor,61508,,1-May-24,,6723,,30627,,37350,,37350,,
INV-18671,,Vendor,40951,,12-Apr-24,,16803,,76545,,93347,,93347,,
INV-96149,,Vendor,91016,,3-May-24,,6844,,31179,,38023,,38023,,
INV-17380,,Vendor,36777,,6-May-24,,4316,,19661,,23977,,23977,,
INV-61476,,Vendor,95625,,16-Apr-24,,11904,,54230,,66134,,66134,,
INV-79931,,Vendor,62764,,13-Apr-24,,1225,,5581,,6806,,6806,,
INV-83549,,Vendor,46516,,19-Apr-24,,5720,,26058,,31778,,31778,,
INV-32806,,Vendor,75887,,25-Apr-24,,3520,,16036,,19556,,19556,,
INV-85230,,Vendor,62150,,27-Apr-24,,14197,,64673,,78870,,78870,,
INV-76865,,Vendor,84536,,13-Apr-24,,13269,,60449,,73718,,73718,,
INV-98159,,Vendor,78271,,25-Apr-24,,5100,,23234,,28334,,28334,,
INV-67780,,Vendor,40881,,23-Apr-24,,13186,,60070,,73256,,73256,,
INV-47456,,Vendor,32087,,29-Apr-24,,16663,,75907,,92570,,92570,,
INV-12180,,Vendor,70863,,17-Apr-24,,3170,,14441,,17610,,17610,,
INV-54291,,Vendor,37243,,4-May-24,,439,,1998,,2437,,2437,,
INV-68059,,Vendor,29408,,4-May-24,,8515,,38791,,47306,,47306,,
INV-22522,,Vendor,55084,,7-Apr-24,,11741,,53485,,65226,,65226,,
INV-74054,,Vendor,46508,,30-Apr-24,,15110,,68834,,83944,,83944,,
INV-44941,,Vendor,61621,,24-Apr-24,,11888,,54158,,66046,,66046,,
INV-96143,,Vendor,35208,,18-Apr-24,,8068,,36753,,44821,,44821,,
INV-55325,,Vendor,39139,,2-May-24,,6759,,30792,,37551,,37551,,
INV-86867,,Vendor,72767,,20-Apr-24,,9756,,44444,,54200,,54200,,
INV-41535,,Vendor,50795,,20-Apr-24,,8296,,37794,,46090,,46090,,
INV-20454,,Vendor,93627,,26-Apr-24,,8609,,39218,,47826,,47826,,
INV-74081,,Vendor,43138,,21-Apr-24,,6206,,28274,,34480,,34480,,
INV-43371,,Vendor,47989,,20-Apr-24,,6113,,27848,,33961,,33961,,
INV-12447,,Vendor,56279,,29-Apr-24,,17052,,77683,,94736,,94736,,
INV-86800,,Vendor,73194,,30-Apr-24,,4926,,22441,,27367,,27367,,
INV-63821,,Vendor,18547,,21-Apr-24,,9965,,45396,,55361,,55361,,
INV-49213,,Vendor,45606,,17-Apr-24,,10225,,46581,,56806,,56806,,
INV-27678,,Vendor,84406,,20-Apr-24,,14984,,68261,,83245,,83245,,
INV-95071,,Vendor,92042,,18-Apr-24,,13808,,62904,,76712,,76712,,
INV-30487,,Vendor,14185,,19-Apr-24,,15017,,68411,,83428,,83428,,
INV-93958,,Vendor,68848,,5-May-24,,1777,,8094,,9871,,9871,,
INV-15608,,Vendor,24137,,3-May-24,,5461,,24876,,30336,,30336,,
INV-70508,,Vendor,21197,,7-Apr-24,,9690,,44141,,53831,,53831,,
INV-20331,,Vendor,32953,,9-Apr-24,,7355,,33505,,40859,,40859,,
INV-92261,,Vendor,60726,,20-Apr-24,,13982,,63694,,77675,,77675,,
INV-11760,,Vendor,66755,,28-Apr-24,,12015,,54734,,66749,,66749,,
INV-52038,,Vendor,67705,,18-Apr-24,,8336,,37973,,46309,,46309,,
INV-48201,,Vendor,99341,,16-Apr-24,,6976,,31780,,38756,,38756,,
INV-84559,,Vendor,69282,,10-Apr-24,,4615,,21022,,25637,,25637,,
INV-30433,,Vendor,41791,,1-May-24,,15807,,72012,,87819,,87819,,
INV-19383,,Vendor,15927,,10-Apr-24,,10459,,47645,,58104,,58104,,
INV-96090,,Vendor,26887,,21-Apr-24,,16971,,77310,,94281,,94281,,
INV-12899,,Vendor,24763,,5-May-24,,6510,,29659,,36169,,36169,,
INV-43567,,Vendor,79312,,13-Apr-24,,1014,,4621,,5636,,5636,,
INV-82195,,Vendor,28890,,9-Apr-24,,16923,,77092,,94014,,94014,,
INV-12049,,Vendor,66604,,3-May-24,,4581,,20869,,25450,,25450,,
INV-17540,,Vendor,94752,,9-Apr-24,,1956,,8910,,10866,,10866,,
INV-27222,,Vendor,69646,,30-Apr-24,,13921,,63420,,77341,,77341,,
INV-16778,,Vendor,99669,,9-Apr-24,,11187,,50963,,62150,,62150,,
INV-66848,,Vendor,82590,,2-May-24,,7490,,34121,,41611,,41611,,
INV-56598,,Vendor,51484,,10-Apr-24,,730,,3324,,4054,,4054,,
INV-40610,,Vendor,24441,,14-Apr-24,,8662,,39460,,48122,,48122,,
INV-95657,,Vendor,48471,,21-Apr-24,,6879,,31336,,38215,,38215,,
INV-58033,,Vendor,95623,,13-Apr-24,,5454,,24846,,30300,,30300,,
INV-20887,,Vendor,66725,,23-Apr-24,,148,,673,,821,,821,,
INV-67459,,Vendor,52601,,30-Apr-24,,531,,2417,,2948,,2948,,
INV-26141,,Vendor,38991,,20-Apr-24,,15980,,72797,,88777,,88777,,
INV-40307,,Vendor,77396,,5-May-24,,7584,,34551,,42135,,42135,,
INV-39075,,Vendor,62347,,4-May-24,,2443,,11128,,13570,,13570,,
INV-73433,,Vendor,21956,,19-Apr-24,,831,,3788,,4619,,4619,,
INV-38103,,Vendor,40994,,20-Apr-24,,15673,,71399,,87072,,87072,,
INV-84365,,Vendor,78208,,28-Apr-24,,6429,,29288,,35717,,35717,,
INV-41282,,Vendor,57375,,25-Apr-24,,2957,,13469,,16426,,16426,,
INV-37612,,Vendor,78067,,20-Apr-24,,2943,,13407,,16349,,16349,,
INV-17379,,Vendor,73721,,1-May-24,,6330,,28835,,35165,,35165,,
INV-73889,,Vendor,14302,,16-Apr-24,,1048,,4772,,5820,,5820,,
INV-52185,,Vendor,91948,,13-Apr-24,,16302,,74263,,90564,,90564,,
INV-76563,,Vendor,79259,,21-Apr-24,,9380,,42733,,52113,,52113,,
INV-13350,,Vendor,69985,,14-Apr-24,,15208,,69280,,84488,,84488,,
INV-52436,,Vendor,81221,,19-Apr-24,,14633,,66662,,81295,,81295,,
INV-32696,,Vendor,77633,,5-May-24,,898,,4091,,4988,,4988,,
INV-59686,,Vendor,92414,,20-Apr-24,,2684,,12225,,14909,,14909,,
INV-15197,,Vendor,26014,,6-May-24,,11551,,52623,,64175,,64175,,
INV-84664,,Vendor,32571,,29-Apr-24,,10932,,49801,,60732,,60732,,
INV-74917,,Vendor,10710,,12-Apr-24,,2932,,13357,,16289,,16289,,
INV-68118,,Vendor,12499,,9-Apr-24,,266,,1211,,1477,,1477,,
INV-94874,,Vendor,42847,,21-Apr-24,,17260,,78628,,95888,,95888,,
INV-94916,,Vendor,74749,,14-Apr-24,,671,,3056,,3727,,3727,,
INV-86668,,Vendor,22476,,23-Apr-24,,11487,,52329,,63816,,63816,,
INV-31511,,Vendor,47768,,20-Apr-24,,11934,,54368,,66302,,66302,,
INV-79913,,Vendor,34931,,8-Apr-24,,13529,,61632,,75161,,75161,,
INV-16957,,Vendor,25739,,16-Apr-24,,15381,,70070,,85451,,85451,,
INV-78832,,Vendor,77972,,21-Apr-24,,15519,,70697,,86216,,86216,,
INV-10943,,Vendor,93283,,4-May-24,,2576,,11735,,14311,,14311,,
INV-79483,,Vendor,54208,,16-Apr-24,,13634,,62110,,75744,,75744,,
INV-60444,,Vendor,27551,,30-Apr-24,,15699,,71519,,87219,,87219,,
INV-22847,,Vendor,18460,,30-Apr-24,,16739,,76256,,92995,,92995,,
INV-14178,,Vendor,64919,,18-Apr-24,,10385,,47307,,57692,,57692,,
INV-81728,,Vendor,72972,,14-Apr-24,,10043,,45752,,55795,,55795,,
INV-36977,,Vendor,60661,,23-Apr-24,,5958,,27140,,33098,,33098,,
INV-81185,,Vendor,85656,,30-Apr-24,,7731,,35218,,42948,,42948,,
INV-85315,,Vendor,63238,,19-Apr-24,,3233,,14728,,17961,,17961,,
INV-90741,,Vendor,58575,,6-May-24,,15142,,68981,,84123,,84123,,
INV-32501,,Vendor,39258,,12-Apr-24,,4685,,21342,,26027,,26027,,
INV-99588,,Vendor,41450,,25-Apr-24,,17615,,80247,,97863,,97863,,
INV-93997,,Vendor,70819,,22-Apr-24,,12575,,57285,,69860,,69860,,
INV-23145,,Vendor,97470,,24-Apr-24,,5710,,26010,,31720,,31720,,
INV-94609,,Vendor,49541,,1-May-24,,2346,,10688,,13034,,13034,,
INV-98569,,Vendor,89346,,20-Apr-24,,12094,,55095,,67189,,67189,,
INV-62077,,Vendor,68937,,5-May-24,,15881,,72347,,88227,,88227,,
INV-59492,,Vendor,91979,,26-Apr-24,,7724,,35187,,42910,,42910,,
INV-46557,,Vendor,81358,,28-Apr-24,,16725,,76191,,92916,,92916,,
INV-26320,,Vendor,59290,,1-May-24,,421,,1919,,2341,,2341,,
INV-91396,,Vendor,64048,,19-Apr-24,,7651,,34853,,42503,,42503,,
INV-93092,,Vendor,56035,,4-May-24,,12886,,58702,,71588,,71588,,
INV-93706,,Vendor,90014,,8-Apr-24,,16480,,75074,,91554,,91554,,
INV-29868,,Vendor,70212,,13-Apr-24,,13790,,62822,,76612,,76612,,
INV-82425,,Vendor,60247,,3-May-24,,13192,,60096,,73288,,73288,,
INV-15600,,Vendor,23730,,11-Apr-24,,14487,,65998,,80485,,80485,,
INV-80748,,Vendor,62128,,28-Apr-24,,17679,,80540,,98219,,98219,,
INV-58046,,Vendor,35037,,17-Apr-24,,14474,,65935,,80408,,80408,,
INV-89687,,Vendor,78459,,20-Apr-24,,13939,,63500,,77439,,77439,,
INV-38893,,Vendor,60662,,2-May-24,,17583,,80101,,97684,,97684,,
INV-43014,,Vendor,85539,,11-Apr-24,,11288,,51423,,62711,,62711,,
INV-24234,,Vendor,19292,,14-Apr-24,,10525,,47946,,58471,,58471,,
INV-88023,,Vendor,12426,,21-Apr-24,,6303,,28715,,35018,,35018,,
INV-35499,,Vendor,79832,,4-May-24,,11381,,51847,,63228,,63228,,
INV-33308,,Vendor,12662,,3-May-24,,17278,,78711,,95988,,95988,,
INV-39330,,Vendor,10562,,2-May-24,,7635,,34781,,42416,,42416,,
INV-86845,,Vendor,59856,,21-Apr-24,,17265,,78653,,95918,,95918,,
INV-30455,,Vendor,78304,,7-Apr-24,,10130,,46149,,56279,,56279,,
INV-36408,,Vendor,35485,,30-Apr-24,,13113,,59739,,72853,,72853,,
INV-74745,,Vendor,35321,,23-Apr-24,,11966,,54514,,66480,,66480,,
INV-76647,,Vendor,35885,,1-May-24,,13125,,59791,,72915,,72915,,
INV-76223,,Vendor,79607,,7-Apr-24,,1084,,4939,,6023,,6023,,
INV-86716,,Vendor,49681,,8-Apr-24,,17619,,80266,,97885,,97885,,
INV-10179,,Vendor,77655,,19-Apr-24,,15145,,68992,,84136,,84136,,
INV-31123,,Vendor,48315,,11-Apr-24,,12157,,55380,,67537,,67537,,
INV-89063,,Vendor,13695,,27-Apr-24,,8699,,39629,,48328,,48328,,
INV-23968,,Vendor,24722,,27-Apr-24,,8728,,39760,,48488,,48488,,
INV-42196,,Vendor,37933,,5-May-24,,12904,,58787,,71691,,71691,,
INV-62056,,Vendor,54619,,20-Apr-24,,14653,,66753,,81406,,81406,,
INV-12871,,Vendor,88670,,25-Apr-24,,10007,,45588,,55595,,55595,,
INV-89900,,Vendor,74821,,5-May-24,,15176,,69135,,84311,,84311,,
INV-32250,,Vendor,52152,,10-Apr-24,,5886,,26812,,32698,,32698,,
INV-38525,,Vendor,18295,,24-Apr-24,,3191,,14537,,17729,,17729,,
INV-43917,,Vendor,43220,,9-Apr-24,,3028,,13793,,16821,,16821,,
INV-60606,,Vendor,14844,,17-Apr-24,,4510,,20543,,25053,,25053,,
INV-16931,,Vendor,51036,,16-Apr-24,,596,,2716,,3312,,3312,,
INV-79647,,Vendor,47609,,19-Apr-24,,8256,,37609,,45865,,45865,,
INV-53061,,Vendor,26720,,6-May-24,,5769,,26281,,32050,,32050,,
INV-23167,,Vendor,26378,,18-Apr-24,,1234,,5620,,6853,,6853,,
INV-88431,,Vendor,37340,,13-Apr-24,,4176,,19025,,23201,,23201,,
INV-87013,,Vendor,88125,,2-May-24,,490,,2230,,2720,,2720,,
INV-76078,,Vendor,43096,,13-Apr-24,,2356,,10733,,13089,,13089,,
INV-80593,,Vendor,15012,,14-Apr-24,,645,,2937,,3582,,3582,,
INV-89353,,Vendor,83375,,9-Apr-24,,6772,,30851,,37624,,37624,,
INV-75884,,Vendor,22328,,22-Apr-24,,5241,,23875,,29116,,29116,,
INV-36931,,Vendor,68740,,18-Apr-24,,1204,,5487,,6692,,6692,,
INV-69918,,Vendor,37203,,3-May-24,,5613,,25569,,31181,,31181,,
INV-98109,,Vendor,23877,,12-Apr-24,,1993,,9078,,11070,,11070,,
INV-62027,,Vendor,41649,,16-Apr-24,,17209,,78395,,95604,,95604,,
INV-56206,,Vendor,81982,,12-Apr-24,,9996,,45536,,55532,,55532,,
INV-84671,,Vendor,81561,,3-May-24,,13708,,62447,,76155,,76155,,
INV-33335,,Vendor,21762,,18-Apr-24,,16105,,73369,,89475,,89475,,
INV-41828,,Vendor,16019,,28-Apr-24,,6976,,31779,,38755,,38755,,
INV-81922,,Vendor,34623,,26-Apr-24,,12184,,55504,,67688,,67688,,
INV-90348,,Vendor,98539,,21-Apr-24,,6053,,27577,,33630,,33630,,
INV-70777,,Vendor,53156,,16-Apr-24,,11274,,51357,,62631,,62631,,
INV-39760,,Vendor,44718,,8-Apr-24,,11936,,54376,,66312,,66312,,
INV-64066,,Vendor,94894,,12-Apr-24,,5603,,25526,,31130,,31130,,
INV-84238,,Vendor,38893,,12-Apr-24,,4628,,21082,,25709,,25709,,
INV-44830,,Vendor,71098,,25-Apr-24,,8837,,40257,,49094,,49094,,
INV-39102,,Vendor,81024,,15-Apr-24,,849,,3869,,4718,,4718,,
INV-35195,,Vendor,23114,,26-Apr-24,,9249,,42132,,51381,,51381,,
INV-70767,,Vendor,78615,,16-Apr-24,,10692,,48708,,59399,,59399,,
INV-33960,,Vendor,67785,,9-Apr-24,,14075,,64121,,78197,,78197,,
INV-75547,,Vendor,52615,,29-Apr-24,,8977,,40895,,49872,,49872,,
INV-67807,,Vendor,94608,,7-Apr-24,,6775,,30865,,37640,,37640,,
INV-14206,,Vendor,70802,,5-May-24,,12724,,57965,,70689,,70689,,
INV-57040,,Vendor,20696,,15-Apr-24,,14825,,67535,,82360,,82360,,
INV-38387,,Vendor,45322,,29-Apr-24,,14020,,63867,,77886,,77886,,
INV-42061,,Vendor,67145,,24-Apr-24,,17109,,77940,,95049,,95049,,
INV-92219,,Vendor,12143,,2-May-24,,9742,,44382,,54124,,54124,,
INV-78816,,Vendor,29803,,14-Apr-24,,17908,,81580,,99487,,99487,,
INV-41938,,Vendor,65037,,7-Apr-24,,12526,,57063,,69589,,69589,,
INV-49237,,Vendor,70402,,7-Apr-24,,2071,,9434,,11505,,11505,,
INV-31864,,Vendor,93995,,11-Apr-24,,12298,,56023,,68321,,68321,,
INV-83991,,Vendor,21404,,20-Apr-24,,9952,,45336,,55288,,55288,,
INV-77091,,Vendor,76227,,29-Apr-24,,3890,,17721,,21611,,21611,,
INV-96433,,Vendor,93259,,14-Apr-24,,16907,,77021,,93929,,93929,,
INV-60571,,Vendor,14803,,21-Apr-24,,13582,,61873,,75455,,75455,,
INV-24853,,Vendor,69138,,2-May-24,,562,,2561,,3123,,3123,,
INV-73251,,Vendor,23944,,25-Apr-24,,11950,,54441,,66392,,66392,,
INV-64386,,Vendor,67654,,24-Apr-24,,211,,961,,1172,,1172,,
INV-69910,,Vendor,95411,,5-May-24,,462,,2105,,2567,,2567,,
INV-39044,,Vendor,15263,,20-Apr-24,,11140,,50751,,61891,,61891,,
INV-25426,,Vendor,61518,,1-May-24,,1704,,7761,,9465,,9465,,
INV-77977,,Vendor,51881,,18-Apr-24,,5689,,25916,,31605,,31605,,
INV-42428,,Vendor,37011,,27-Apr-24,,3285,,14965,,18250,,18250,,
INV-78222,,Vendor,49507,,28-Apr-24,,3013,,13726,,16740,,16740,,
INV-13195,,Vendor,58915,,24-Apr-24,,2652,,12082,,14734,,14734,,
INV-52338,,Vendor,20744,,23-Apr-24,,8035,,36603,,44638,,44638,,
INV-66194,,Vendor,67007,,9-Apr-24,,8777,,39983,,48760,,48760,,
INV-97860,,Vendor,24507,,24-Apr-24,,8669,,39490,,48159,,48159,,
INV-18260,,Vendor,12544,,1-May-24,,10217,,46542,,56758,,56758,,
INV-75138,,Vendor,65667,,15-Apr-24,,2109,,9607,,11716,,11716,,
INV-27200,,Vendor,64271,,18-Apr-24,,14503,,66070,,80573,,80573,,
INV-98564,,Vendor,56032,,16-Apr-24,,11079,,50469,,61548,,61548,,
INV-56367,,Vendor,48369,,22-Apr-24,,11201,,51028,,62229,,62229,,
INV-49279,,Vendor,80873,,26-Apr-24,,13741,,62596,,76336,,76336,,
INV-52096,,Vendor,98321,,7-Apr-24,,1840,,8382,,10222,,10222,,
INV-31819,,Vendor,60847,,21-Apr-24,,16883,,76910,,93793,,93793,,
INV-87743,,Vendor,48412,,19-Apr-24,,6142,,27982,,34124,,34124,,
INV-49513,,Vendor,92848,,27-Apr-24,,7743,,35272,,43015,,43015,,
INV-98726,,Vendor,36091,,12-Apr-24,,9645,,43940,,53585,,53585,,
INV-89980,,Vendor,61179,,1-May-24,,14122,,64332,,78454,,78454,,
INV-84501,,Vendor,73732,,8-Apr-24,,14841,,67607,,82448,,82448,,
INV-98185,,Vendor,83972,,12-Apr-24,,15891,,72390,,88281,,88281,,
INV-95535,,Vendor,16932,,15-Apr-24,,14810,,67469,,82279,,82279,,
INV-72819,,Vendor,59714,,28-Apr-24,,6218,,28325,,34542,,34542,,
INV-11854,,Vendor,19656,,2-May-24,,13813,,62926,,76738,,76738,,
INV-57045,,Vendor,46311,,7-Apr-24,,5286,,24080,,29366,,29366,,
INV-70039,,Vendor,59688,,20-Apr-24,,12424,,56598,,69022,,69022,,
INV-58566,,Vendor,42723,,9-Apr-24,,8904,,40563,,49467,,49467,,
INV-77776,,Vendor,57873,,3-May-24,,13170,,59998,,73169,,73169,,
INV-52512,,Vendor,36647,,15-Apr-24,,11205,,51046,,62251,,62251,,
INV-16947,,Vendor,63318,,7-Apr-24,,7461,,33991,,41452,,41452,,
INV-50268,,Vendor,77816,,4-May-24,,15095,,68766,,83861,,83861,,
INV-99719,,Vendor,68733,,6-May-24,,8230,,37492,,45723,,45723,,
INV-15045,,Vendor,72477,,18-Apr-24,,9649,,43957,,53606,,53606,,
INV-70297,,Vendor,20016,,9-Apr-24,,2079,,9469,,11548,,11548,,
INV-87433,,Vendor,88156,,20-Apr-24,,4403,,20060,,24463,,24463,,
INV-42395,,Vendor,48523,,25-Apr-24,,10883,,49580,,60464,,60464,,
INV-39900,,Vendor,60089,,23-Apr-24,,13892,,63285,,77177,,77177,,
INV-96351,,Vendor,14611,,18-Apr-24,,3956,,18020,,21976,,21976,,
INV-59643,,Vendor,15995,,8-Apr-24,,4217,,19211,,23428,,23428,,
INV-54903,,Vendor,80201,,23-Apr-24,,1301,,5926,,7227,,7227,,
INV-21515,,Vendor,30151,,4-May-24,,15318,,69784,,85103,,85103,,
INV-33862,,Vendor,61755,,10-Apr-24,,10138,,46184,,56322,,56322,,
INV-38216,,Vendor,78154,,19-Apr-24,,420,,1911,,2331,,2331,,
INV-49931,,Vendor,49293,,12-Apr-24,,7948,,36206,,44154,,44154,,
INV-67096,,Vendor,82868,,2-May-24,,12905,,58788,,71693,,71693,,
INV-76170,,Vendor,58532,,29-Apr-24,,9428,,42949,,52377,,52377,,
INV-53072,,Vendor,53048,,22-Apr-24,,15020,,68423,,83442,,83442,,
INV-72409,,Vendor,47859,,7-Apr-24,,16139,,73521,,89659,,89659,,
INV-10224,,Vendor,60346,,8-Apr-24,,7027,,32011,,39038,,39038,,
INV-78463,,Vendor,51579,,4-May-24,,7792,,35497,,43289,,43289,,
INV-48548,,Vendor,30112,,26-Apr-24,,13880,,63232,,77112,,77112,,
INV-15760,,Vendor,59849,,26-Apr-24,,10981,,50025,,61006,,61006,,
INV-78043,,Vendor,12037,,13-Apr-24,,15699,,71519,,87218,,87218,,
INV-17938,,Vendor,76740,,14-Apr-24,,7937,,36159,,44096,,44096,,
INV-52331,,Vendor,97392,,5-May-24,,12070,,54988,,67058,,67058,,
INV-99365,,Vendor,23517,,14-Apr-24,,6708,,30560,,37268,,37268,,
INV-17958,,Vendor,18342,,6-May-24,,15258,,69510,,84768,,84768,,
INV-57912,,Vendor,38784,,8-Apr-24,,11577,,52738,,64315,,64315,,
INV-26395,,Vendor,10113,,27-Apr-24,,13449,,61269,,74718,,74718,,
INV-73086,,Vendor,13158,,18-Apr-24,,5662,,25792,,31454,,31454,,
INV-26467,,Vendor,70970,,23-Apr-24,,7550,,34392,,41942,,41942,,
INV-61754,,Vendor,75415,,16-Apr-24,,11937,,54382,,66319,,66319,,
INV-16919,,Vendor,12482,,7-Apr-24,,12373,,56365,,68737,,68737,,
INV-90215,,Vendor,74884,,4-May-24,,59,,269,,328,,328,,
INV-17455,,Vendor,21958,,11-Apr-24,,7845,,35738,,43583,,43583,,
INV-66694,,Vendor,88504,,25-Apr-24,,5446,,24809,,30254,,30254,,
INV-72437,,Vendor,19437,,3-May-24,,2981,,13582,,16564,,16564,,
INV-57684,,Vendor,38860,,15-Apr-24,,7497,,34153,,41650,,41650,,
INV-21384,,Vendor,25514,,16-Apr-24,,12296,,56016,,68312,,68312,,
INV-54598,,Vendor,54136,,3-May-24,,11712,,53355,,65067,,65067,,
INV-45122,,Vendor,52599,,26-Apr-24,,258,,1176,,1435,,1435,,
INV-21728,,Vendor,70351,,23-Apr-24,,7499,,34164,,41663,,41663,,
INV-77748,,Vendor,79276,,9-Apr-24,,10512,,47889,,58402,,58402,,
INV-12719,,Vendor,29710,,10-Apr-24,,12547,,57160,,69707,,69707,,
INV-90885,,Vendor,24297,,17-Apr-24,,570,,2597,,3167,,3167,,
INV-87313,,Vendor,41764,,3-May-24,,13385,,60976,,74361,,74361,,
INV-16619,,Vendor,78900,,21-Apr-24,,1965,,8952,,10917,,10917,,
INV-86904,,Vendor,19678,,29-Apr-24,,5683,,25890,,31574,,31574,,
INV-48100,,Vendor,48876,,16-Apr-24,,7382,,33629,,41011,,41011,,
INV-72748,,Vendor,22820,,19-Apr-24,,8019,,36532,,44552,,44552,,
INV-32598,,Vendor,87636,,2-May-24,,1887,,8595,,10482,,10482,,
INV-18713,,Vendor,10418,,21-Apr-24,,1241,,5653,,6894,,6894,,
INV-89359,,Vendor,55076,,27-Apr-24,,9759,,44459,,54218,,54218,,
INV-28847,,Vendor,97983,,10-Apr-24,,826,,3762,,4588,,4588,,
INV-91474,,Vendor,41785,,12-Apr-24,,12678,,57755,,70433,,70433,,
INV-73119,,Vendor,45431,,3-May-24,,9170,,41776,,50946,,50946,,
INV-30249,,Vendor,95939,,10-Apr-24,,6039,,27512,,33552,,33552,,
INV-29331,,Vendor,90751,,18-Apr-24,,3580,,16308,,19888,,19888,,
INV-36525,,Vendor,74860,,5-May-24,,15701,,71527,,87228,,87228,,
INV-26490,,Vendor,41156,,14-Apr-24,,4219,,19222,,23441,,23441,,
INV-28074,,Vendor,97251,,27-Apr-24,,16828,,76661,,93489,,93489,,
INV-18695,,Vendor,79921,,17-Apr-24,,14607,,66544,,81151,,81151,,
INV-85518,,Vendor,70129,,21-Apr-24,,14322,,65243,,79565,,79565,,
INV-60338,,Vendor,92679,,23-Apr-24,,15410,,70203,,85614,,85614,,
INV-86577,,Vendor,19914,,29-Apr-24,,8742,,39827,,48569,,48569,,
INV-28168,,Vendor,27364,,20-Apr-24,,9286,,42303,,51589,,51589,,
INV-43581,,Vendor,11376,,20-Apr-24,,13945,,63525,,77470,,77470,,
INV-64146,,Vendor,11724,,19-Apr-24,,13374,,60926,,74300,,74300,,
INV-11915,,Vendor,20101,,29-Apr-24,,3859,,17578,,21437,,21437,,
INV-14359,,Vendor,54013,,12-Apr-24,,13380,,60954,,74334,,74334,,
INV-19573,,Vendor,60321,,20-Apr-24,,14172,,64562,,78734,,78734,,
INV-13608,,Vendor,33508,,26-Apr-24,,6677,,30416,,37093,,37093,,
INV-50685,,Vendor,35761,,28-Apr-24,,11879,,54114,,65992,,65992,,
INV-19165,,Vendor,96723,,13-Apr-24,,2448,,11153,,13601,,13601,,
INV-60340,,Vendor,50152,,26-Apr-24,,2259,,10290,,12549,,12549,,
INV-91194,,Vendor,98469,,19-Apr-24,,10101,,46016,,56117,,56117,,
INV-38143,,Vendor,80179,,4-May-24,,16081,,73258,,89339,,89339,,
INV-86970,,Vendor,53583,,26-Apr-24,,7694,,35050,,42744,,42744,,
INV-16689,,Vendor,45195,,20-Apr-24,,4070,,18542,,22612,,22612,,
INV-10632,,Vendor,88065,,23-Apr-24,,1354,,6168,,7522,,7522,,
INV-21020,,Vendor,45639,,1-May-24,,1163,,5300,,6463,,6463,,
INV-92083,,Vendor,43490,,1-May-24,,10156,,46268,,56424,,56424,,
INV-90726,,Vendor,28830,,15-Apr-24,,17581,,80089,,97670,,97670,,
INV-41019,,Vendor,45147,,25-Apr-24,,2935,,13369,,16304,,16304,,
INV-97963,,Vendor,45565,,16-Apr-24,,15916,,72505,,88421,,88421,,
INV-26281,,Vendor,78072,,20-Apr-24,,5111,,23282,,28392,,28392,,
INV-11829,,Vendor,68180,,25-Apr-24,,5597,,25497,,31094,,31094,,
INV-21488,,Vendor,99416,,18-Apr-24,,5042,,22971,,28013,,28013,,
INV-71740,,Vendor,78782,,11-Apr-24,,12845,,58516,,71361,,71361,,
INV-40859,,Vendor,78028,,19-Apr-24,,4451,,20277,,24728,,24728,,
INV-54025,,Vendor,98164,,17-Apr-24,,3937,,17936,,21873,,21873,,
INV-51050,,Vendor,76908,,27-Apr-24,,8136,,37062,,45197,,45197,,
INV-78986,,Vendor,63336,,7-Apr-24,,1938,,8829,,10767,,10767,,
INV-96302,,Vendor,88263,,30-Apr-24,,9138,,41630,,50768,,50768,,
INV-71135,,Vendor,32897,,3-May-24,,4820,,21959,,26779,,26779,,
INV-93374,,Vendor,85418,,30-Apr-24,,10710,,48792,,59502,,59502,,
INV-88761,,Vendor,32268,,9-Apr-24,,9698,,44179,,53877,,53877,,
INV-37905,,Vendor,63352,,29-Apr-24,,16829,,76668,,93497,,93497,,
INV-31263,,Vendor,25901,,22-Apr-24,,9777,,44541,,54319,,54319,,
INV-28351,,Vendor,78730,,14-Apr-24,,2354,,10722,,13075,,13075,,
INV-42610,,Vendor,35509,,7-Apr-24,,15312,,69756,,85069,,85069,,
INV-96189,,Vendor,53685,,29-Apr-24,,9617,,43809,,53426,,53426,,
INV-51219,,Vendor,83477,,29-Apr-24,,6061,,27612,,33673,,33673,,
INV-33661,,Vendor,82124,,22-Apr-24,,7065,,32187,,39252,,39252,,
INV-72048,,Vendor,58472,,6-May-24,,8337,,37979,,46316,,46316,,
INV-17987,,Vendor,54365,,22-Apr-24,,8326,,37931,,46258,,46258,,
INV-26280,,Vendor,12708,,8-Apr-24,,15223,,69351,,84575,,84575,,
INV-86239,,Vendor,87991,,23-Apr-24,,13611,,62007,,75618,,75618,,
INV-74749,,Vendor,58509,,13-Apr-24,,6403,,29167,,35570,,35570,,
INV-76141,,Vendor,93697,,10-Apr-24,,15310,,69745,,85055,,85055,,
INV-95018,,Vendor,18403,,21-Apr-24,,3734,,17012,,20747,,20747,,
INV-19297,,Vendor,70647,,9-Apr-24,,1224,,5575,,6799,,6799,,
INV-38713,,Vendor,94978,,8-Apr-24,,11679,,53203,,64881,,64881,,
INV-20685,,Vendor,46817,,25-Apr-24,,14971,,68200,,83171,,83171,,
INV-18540,,Vendor,13166,,8-Apr-24,,8587,,39118,,47705,,47705,,
INV-94696,,Vendor,10600,,14-Apr-24,,813,,3706,,4519,,4519,,
INV-97494,,Vendor,89036,,11-Apr-24,,11702,,53311,,65013,,65013,,
INV-22545,,Vendor,93568,,18-Apr-24,,1679,,7649,,9328,,9328,,
INV-84673,,Vendor,65808,,4-May-24,,2951,,13441,,16392,,16392,,
INV-70610,,Vendor,82589,,25-Apr-24,,14874,,67761,,82636,,82636,,
INV-22246,,Vendor,55274,,28-Apr-24,,9509,,43317,,52825,,52825,,
INV-82689,,Vendor,31298,,3-May-24,,7086,,32281,,39366,,39366,,
INV-73951,,Vendor,22243,,7-Apr-24,,13926,,63439,,77364,,77364,,
INV-67476,,Vendor,11438,,5-May-24,,15563,,70896,,86458,,86458,,
INV-33130,,Vendor,72741,,11-Apr-24,,13806,,62893,,76699,,76699,,
INV-59446,,Vendor,80257,,7-Apr-24,,13403,,61057,,74459,,74459,,
INV-86050,,Vendor,34971,,20-Apr-24,,10244,,46668,,56912,,56912,,
INV-26032,,Vendor,18981,,19-Apr-24,,666,,3034,,3700,,3700,,
INV-35477,,Vendor,14570,,25-Apr-24,,4634,,21111,,25746,,25746,,
INV-33403,,Vendor,18751,,20-Apr-24,,2066,,9412,,11478,,11478,,
INV-23621,,Vendor,18493,,7-Apr-24,,6836,,31141,,37977,,37977,,
INV-61835,,Vendor,60573,,14-Apr-24,,7763,,35364,,43127,,43127,,
INV-75508,,Vendor,60133,,24-Apr-24,,14806,,67451,,82257,,82257,,
INV-31862,,Vendor,86215,,3-May-24,,2395,,10913,,13308,,13308,,
INV-19825,,Vendor,34939,,13-Apr-24,,14019,,63864,,77883,,77883,,
INV-15114,,Vendor,23044,,21-Apr-24,,16531,,75310,,91841,,91841,,
INV-51225,,Vendor,65245,,15-Apr-24,,2200,,10022,,12222,,12222,,
INV-85908,,Vendor,82738,,15-Apr-24,,13884,,63247,,77131,,77131,,
INV-28459,,Vendor,58377,,18-Apr-24,,14700,,66968,,81668,,81668,,
INV-79967,,Vendor,41635,,25-Apr-24,,7330,,33393,,40723,,40723,,
INV-84376,,Vendor,12250,,10-Apr-24,,4790,,21820,,26609,,26609,,
INV-73056,,Vendor,98076,,10-Apr-24,,12888,,58712,,71599,,71599,,
INV-26372,,Vendor,24925,,29-Apr-24,,8169,,37214,,45383,,45383,,
INV-38522,,Vendor,22762,,10-Apr-24,,2823,,12859,,15682,,15682,,
INV-17011,,Vendor,80292,,4-May-24,,5630,,25647,,31277,,31277,,
INV-58704,,Vendor,66338,,5-May-24,,1317,,6000,,7317,,7317,,
INV-88889,,Vendor,28815,,17-Apr-24,,339,,1544,,1883,,1883,,
INV-56731,,Vendor,65645,,5-May-24,,6275,,28584,,34859,,34859,,
INV-36094,,Vendor,94284,,24-Apr-24,,9642,,43926,,53568,,53568,,
INV-25340,,Vendor,88144,,23-Apr-24,,162,,736,,898,,898,,
INV-79314,,Vendor,77189,,30-Apr-24,,8752,,39869,,48620,,48620,,
INV-11355,,Vendor,31983,,27-Apr-24,,4514,,20565,,25080,,25080,,
INV-36464,,Vendor,51107,,13-Apr-24,,10779,,49104,,59882,,59882,,
INV-32599,,Vendor,89083,,2-May-24,,7656,,34878,,42534,,42534,,
INV-27982,,Vendor,25828,,13-Apr-24,,1651,,7520,,9171,,9171,,
INV-21087,,Vendor,92452,,9-Apr-24,,8532,,38867,,47398,,47398,,
INV-92798,,Vendor,42340,,27-Apr-24,,472,,2151,,2623,,2623,,
INV-36979,,Vendor,54556,,17-Apr-24,,14352,,65380,,79732,,79732,,
INV-81109,,Vendor,62074,,26-Apr-24,,15409,,70196,,85605,,85605,,
INV-59532,,Vendor,34764,,20-Apr-24,,5300,,24146,,29446,,29446,,
INV-10708,,Vendor,38688,,6-May-24,,5302,,24154,,29456,,29456,,
INV-43984,,Vendor,22216,,8-Apr-24,,17389,,79217,,96606,,96606,,
INV-50297,,Vendor,81880,,8-Apr-24,,8923,,40647,,49570,,49570,,
INV-79774,,Vendor,63823,,8-Apr-24,,13868,,63176,,77044,,77044,,
INV-25154,,Vendor,41415,,22-Apr-24,,11868,,54065,,65932,,65932,,
INV-56806,,Vendor,47544,,21-Apr-24,,9024,,41110,,50134,,50134,,
INV-33383,,Vendor,38284,,10-Apr-24,,16918,,77072,,93990,,93990,,
INV-76674,,Vendor,92992,,26-Apr-24,,8589,,39129,,47719,,47719,,
INV-85857,,Vendor,66586,,26-Apr-24,,9986,,45493,,55480,,55480,,
INV-71929,,Vendor,55039,,8-Apr-24,,6530,,29748,,36277,,36277,,
INV-79263,,Vendor,19139,,6-May-24,,9670,,44053,,53723,,53723,,
INV-12858,,Vendor,89339,,4-May-24,,14946,,68086,,83032,,83032,,
INV-70184,,Vendor,55452,,18-Apr-24,,6306,,28729,,35036,,35036,,
INV-59538,,Vendor,14862,,12-Apr-24,,2542,,11579,,14121,,14121,,
INV-74342,,Vendor,34179,,9-Apr-24,,15183,,69168,,84351,,84351,,
INV-85341,,Vendor,77804,,3-May-24,,9556,,43534,,53090,,53090,,
INV-76464,,Vendor,52061,,2-May-24,,7590,,34577,,42167,,42167,,
INV-27252,,Vendor,66210,,11-Apr-24,,8746,,39844,,48590,,48590,,
INV-17465,,Vendor,39538,,7-Apr-24,,2533,,11539,,14072,,14072,,
INV-29206,,Vendor,67756,,1-May-24,,17214,,78418,,95632,,95632,,
INV-89506,,Vendor,24510,,26-Apr-24,,14450,,65829,,80279,,80279,,
INV-48955,,Vendor,61372,,13-Apr-24,,7183,,32723,,39906,,39906,,
INV-92611,,Vendor,74545,,15-Apr-24,,16298,,74246,,90544,,90544,,
INV-87728,,Vendor,77440,,30-Apr-24,,852,,3884,,4736,,4736,,
INV-83924,,Vendor,16541,,30-Apr-24,,8608,,39214,,47823,,47823,,
INV-60695,,Vendor,94653,,21-Apr-24,,7471,,34035,,41506,,41506,,
INV-64951,,Vendor,28357,,22-Apr-24,,13924,,63430,,77354,,77354,,
INV-95978,,Vendor,27108,,17-Apr-24,,5376,,24492,,29868,,29868,,
INV-29758,,Vendor,17336,,26-Apr-24,,6199,,28241,,34440,,34440,,
INV-12756,,Vendor,56403,,22-Apr-24,,15049,,68557,,83606,,83606,,
INV-54910,,Vendor,17763,,29-Apr-24,,1459,,6648,,8107,,8107,,
INV-33071,,Vendor,65787,,16-Apr-24,,13297,,60576,,73874,,73874,,
INV-47809,,Vendor,13962,,17-Apr-24,,11209,,51063,,62272,,62272,,
INV-77438,,Vendor,88505,,20-Apr-24,,11262,,51303,,62565,,62565,,
INV-30971,,Vendor,57107,,10-Apr-24,,5803,,26436,,32239,,32239,,
INV-79396,,Vendor,73540,,15-Apr-24,,8032,,36588,,44620,,44620,,
INV-91969,,Vendor,89310,,21-Apr-24,,141,,640,,781,,781,,
INV-94541,,Vendor,39143,,19-Apr-24,,12410,,56534,,68944,,68944,,
INV-60036,,Vendor,51752,,9-Apr-24,,12404,,56506,,68910,,68910,,
INV-88036,,Vendor,13816,,27-Apr-24,,4900,,22321,,27220,,27220,,
INV-16255,,Vendor,76981,,22-Apr-24,,896,,4080,,4975,,4975,,
INV-88797,,Vendor,73426,,8-Apr-24,,17910,,81590,,99500,,99500,,
INV-24786,,Vendor,65086,,26-Apr-24,,2225,,10135,,12360,,12360,,
INV-14595,,Vendor,15792,,21-Apr-24,,11175,,50907,,62082,,62082,,
INV-90564,,Vendor,18436,,9-Apr-24,,16427,,74835,,91262,,91262,,
INV-59362,,Vendor,94298,,7-Apr-24,,1978,,9012,,10991,,10991,,
INV-96948,,Vendor,37852,,17-Apr-24,,6476,,29501,,35977,,35977,,
INV-11426,,Vendor,26025,,26-Apr-24,,16363,,74542,,90905,,90905,,
INV-85671,,Vendor,24879,,10-Apr-24,,14230,,64824,,79054,,79054,,
INV-81458,,Vendor,28503,,25-Apr-24,,7783,,35455,,43238,,43238,,
INV-80464,,Vendor,11924,,21-Apr-24,,15122,,68890,,84012,,84012,,
INV-94067,,Vendor,71261,,11-Apr-24,,4864,,22157,,27020,,27020,,
INV-97402,,Vendor,97342,,16-Apr-24,,13725,,62523,,76247,,76247,,
INV-70639,,Vendor,61017,,9-Apr-24,,9594,,43705,,53299,,53299,,
INV-62319,,Vendor,35268,,10-Apr-24,,2060,,9385,,11445,,11445,,
INV-55844,,Vendor,66126,,2-May-24,,2956,,13466,,16421,,16421,,
INV-81724,,Vendor,87955,,5-May-24,,8147,,37114,,45261,,45261,,
INV-28059,,Vendor,20453,,15-Apr-24,,15050,,68560,,83609,,83609,,
INV-22827,,Vendor,57416,,12-Apr-24,,3924,,17876,,21800,,21800,,
INV-99025,,Vendor,50196,,13-Apr-24,,778,,3545,,4323,,4323,,
INV-97620,,Vendor,23402,,10-Apr-24,,6330,,28837,,35167,,35167,,
INV-96923,,Vendor,46054,,17-Apr-24,,875,,3986,,4860,,4860,,
INV-25552,,Vendor,14350,,7-Apr-24,,8252,,37591,,45843,,45843,,
INV-39372,,Vendor,60461,,11-Apr-24,,7473,,34043,,41516,,41516,,
INV-85180,,Vendor,74236,,3-May-24,,15341,,69886,,85226,,85226,,
INV-76081,,Vendor,75881,,17-Apr-24,,7312,,33312,,40625,,40625,,
INV-18062,,Vendor,95714,,28-Apr-24,,11853,,53999,,65853,,65853,,
INV-71375,,Vendor,14568,,15-Apr-24,,8902,,40556,,49458,,49458,,
INV-73123,,Vendor,37454,,8-Apr-24,,16028,,73017,,89045,,89045,,
INV-74157,,Vendor,73331,,23-Apr-24,,13227,,60259,,73486,,73486,,
INV-42963,,Vendor,91830,,23-Apr-24,,15263,,69530,,84792,,84792,,
INV-11340,,Vendor,48404,,30-Apr-24,,7746,,35287,,43033,,43033,,
INV-25423,,Vendor,72349,,9-Apr-24,,17360,,79085,,96445,,96445,,
INV-78384,,Vendor,28969,,5-May-24,,6054,,27578,,33632,,33632,,
INV-45226,,Vendor,44246,,20-Apr-24,,16162,,73629,,89791,,89791,,
INV-63207,,Vendor,61893,,2-May-24,,12679,,57759,,70437,,70437,,
INV-55442,,Vendor,74123,,22-Apr-24,,5853,,26665,,32518,,32518,,
INV-40308,,Vendor,85062,,22-Apr-24,,16924,,77100,,94024,,94024,,
INV-10089,,Vendor,74193,,10-Apr-24,,12613,,57457,,70069,,70069,,
INV-32451,,Vendor,68478,,26-Apr-24,,1956,,8910,,10865,,10865,,
INV-39434,,Vendor,37849,,26-Apr-24,,13620,,62046,,75666,,75666,,
INV-54065,,Vendor,66932,,7-Apr-24,,15699,,71517,,87216,,87216,,
INV-75444,,Vendor,34247,,22-Apr-24,,2015,,9179,,11194,,11194,,
INV-70748,,Vendor,72195,,19-Apr-24,,7715,,35147,,42862,,42862,,
INV-20063,,Vendor,26373,,3-May-24,,10242,,46657,,56899,,56899,,
INV-96526,,Vendor,46746,,14-Apr-24,,14643,,66705,,81348,,81348,,
INV-19747,,Vendor,58786,,27-Apr-24,,12569,,57260,,69829,,69829,,
INV-83629,,Vendor,33131,,4-May-24,,10602,,48299,,58901,,58901,,
INV-67500,,Vendor,68275,,7-Apr-24,,14314,,65210,,79525,,79525,,
INV-76475,,Vendor,45722,,2-May-24,,13103,,59691,,72793,,72793,,
INV-29883,,Vendor,74609,,19-Apr-24,,3906,,17795,,21701,,21701,,
INV-56069,,Vendor,42599,,13-Apr-24,,11804,,53774,,65578,,65578,,
INV-73867,,Vendor,77582,,21-Apr-24,,17541,,79907,,97448,,97448,,
INV-31450,,Vendor,61792,,29-Apr-24,,15711,,71573,,87284,,87284,,
INV-44198,,Vendor,13944,,2-May-24,,2683,,12221,,14904,,14904,,
INV-52231,,Vendor,46042,,23-Apr-24,,14079,,64137,,78216,,78216,,
INV-65499,,Vendor,56582,,2-May-24,,6714,,30586,,37299,,37299,,
INV-63685,,Vendor,79065,,10-Apr-24,,4159,,18945,,23103,,23103,,
INV-45967,,Vendor,34602,,1-May-24,,10044,,45758,,55802,,55802,,
INV-31561,,Vendor,88982,,20-Apr-24,,11449,,52155,,63604,,63604,,
INV-68221,,Vendor,19351,,26-Apr-24,,1953,,8896,,10849,,10849,,
INV-68136,,Vendor,83411,,15-Apr-24,,2909,,13250,,16159,,16159,,
INV-45567,,Vendor,19195,,22-Apr-24,,8903,,40559,,49462,,49462,,
INV-52797,,Vendor,85428,,6-May-24,,8799,,40083,,48882,,48882,,
INV-74781,,Vendor,70021,,4-May-24,,4686,,21349,,26036,,26036,,
INV-71689,,Vendor,11810,,10-Apr-24,,12275,,55918,,68193,,68193,,
INV-37114,,Vendor,74514,,8-Apr-24,,3332,,15179,,18510,,18510,,
INV-70086,,Vendor,19082,,27-Apr-24,,4693,,21378,,26071,,26071,,
INV-50552,,Vendor,24286,,10-Apr-24,,12769,,58168,,70937,,70937,,
INV-18178,,Vendor,49555,,2-May-24,,5958,,27144,,33102,,33102,,
INV-61299,,Vendor,42546,,29-Apr-24,,17078,,77802,,94880,,94880,,
INV-67429,,Vendor,14961,,1-May-24,,8750,,39859,,48609,,48609,,
INV-63051,,Vendor,31938,,19-Apr-24,,16706,,76106,,92812,,92812,,
INV-30077,,Vendor,58788,,15-Apr-24,,4569,,20816,,25386,,25386,,
INV-38183,,Vendor,15520,,23-Apr-24,,3920,,17858,,21778,,21778,,
INV-78806,,Vendor,17661,,9-Apr-24,,15737,,71693,,87430,,87430,,
INV-93198,,Vendor,22725,,17-Apr-24,,16040,,73072,,89113,,89113,,
INV-21476,,Vendor,57406,,18-Apr-24,,14405,,65625,,80030,,80030,,
INV-93666,,Vendor,71217,,14-Apr-24,,59,,267,,325,,325,,
INV-78683,,Vendor,92301,,29-Apr-24,,11394,,51904,,63298,,63298,,
INV-23472,,Vendor,92760,,22-Apr-24,,17090,,77855,,94945,,94945,,
INV-49311,,Vendor,15237,,13-Apr-24,,991,,4517,,5508,,5508,,
INV-56828,,Vendor,13535,,3-May-24,,1515,,6902,,8417,,8417,,
INV-78595,,Vendor,51775,,20-Apr-24,,57,,258,,315,,315,,
INV-88692,,Vendor,18896,,13-Apr-24,,3232,,14723,,17955,,17955,,
INV-92339,,Vendor,32978,,29-Apr-24,,5635,,25669,,31303,,31303,,
INV-29288,,Vendor,89732,,27-Apr-24,,3688,,16800,,20488,,20488,,
INV-81618,,Vendor,33344,,29-Apr-24,,5166,,23532,,28698,,28698,,
INV-75004,,Vendor,54699,,30-Apr-24,,10866,,49500,,60366,,60366,,
INV-73808,,Vendor,54980,,6-May-24,,303,,1381,,1684,,1684,,
INV-25370,,Vendor,32957,,6-May-24,,2499,,11384,,13883,,13883,,
INV-73987,,Vendor,63987,,15-Apr-24,,3076,,14014,,17090,,17090,,
INV-79868,,Vendor,15500,,21-Apr-24,,14320,,65235,,79554,,79554,,
INV-84785,,Vendor,97797,,10-Apr-24,,14237,,64859,,79096,,79096,,
INV-58624,,Vendor,30685,,8-Apr-24,,3021,,13763,,16784,,16784,,
INV-78802,,Vendor,11473,,15-Apr-24,,4517,,20575,,25092,,25092,,
INV-26399,,Vendor,91823,,29-Apr-24,,15893,,72403,,88296,,88296,,
INV-29589,,Vendor,55979,,1-May-24,,12904,,58783,,71686,,71686,,
INV-27113,,Vendor,26009,,11-Apr-24,,9057,,41261,,50318,,50318,,
INV-33054,,Vendor,49876,,26-Apr-24,,609,,2774,,3383,,3383,,
INV-77761,,Vendor,46308,,24-Apr-24,,15274,,69584,,84858,,84858,,
INV-18581,,Vendor,55858,,15-Apr-24,,6993,,31857,,38850,,38850,,
INV-70704,,Vendor,64647,,12-Apr-24,,14186,,64625,,78811,,78811,,
INV-97777,,Vendor,35293,,21-Apr-24,,15114,,68854,,83968,,83968,,
INV-28861,,Vendor,52695,,29-Apr-24,,17253,,78595,,95848,,95848,,
INV-47030,,Vendor,84949,,26-Apr-24,,6359,,28971,,35330,,35330,,
INV-76763,,Vendor,69629,,12-Apr-24,,11346,,51685,,63031,,63031,,
INV-87823,,Vendor,52835,,13-Apr-24,,4716,,21486,,26202,,26202,,
INV-56901,,Vendor,11834,,19-Apr-24,,5918,,26962,,32881,,32881,,
INV-57430,,Vendor,14021,,25-Apr-24,,17906,,81574,,99480,,99480,,
INV-94733,,Vendor,76811,,2-May-24,,848,,3862,,4710,,4710,,
INV-16631,,Vendor,63042,,8-Apr-24,,12794,,58285,,71080,,71080,,
INV-75737,,Vendor,42071,,21-Apr-24,,15305,,69724,,85029,,85029,,
INV-16545,,Vendor,34410,,11-Apr-24,,11766,,53602,,65369,,65369,,
INV-99739,,Vendor,21850,,20-Apr-24,,16804,,76553,,93357,,93357,,
INV-77225,,Vendor,22180,,11-Apr-24,,7800,,35532,,43332,,43332,,
INV-53683,,Vendor,94261,,16-Apr-24,,13098,,59667,,72764,,72764,,
INV-35644,,Vendor,58429,,13-Apr-24,,9790,,44599,,54389,,54389,,
INV-54804,,Vendor,65423,,11-Apr-24,,16997,,77432,,94430,,94430,,
INV-12331,,Vendor,55793,,7-Apr-24,,2341,,10666,,13007,,13007,,
INV-68831,,Vendor,16966,,22-Apr-24,,17635,,80335,,97969,,97969,,
INV-65502,,Vendor,21777,,28-Apr-24,,16173,,73675,,89847,,89847,,
INV-36900,,Vendor,83038,,22-Apr-24,,16144,,73547,,89691,,89691,,
INV-34143,,Vendor,59834,,20-Apr-24,,6598,,30058,,36656,,36656,,
INV-69579,,Vendor,57837,,4-May-24,,15609,,71107,,86715,,86715,,
INV-79873,,Vendor,94405,,24-Apr-24,,2705,,12323,,15029,,15029,,
INV-75639,,Vendor,22203,,8-Apr-24,,9985,,45486,,55471,,55471,,
INV-81492,,Vendor,62940,,26-Apr-24,,15576,,70957,,86533,,86533,,
INV-60178,,Vendor,90467,,15-Apr-24,,9509,,43320,,52830,,52830,,
INV-14935,,Vendor,80106,,12-Apr-24,,17540,,79905,,97445,,97445,,
INV-20452,,Vendor,10869,,13-Apr-24,,982,,4474,,5456,,5456,,
INV-10215,,Vendor,75155,,2-May-24,,2305,,10499,,12803,,12803,,
INV-19677,,Vendor,58640,,14-Apr-24,,5093,,23199,,28292,,28292,,
INV-16368,,Vendor,52026,,6-May-24,,6710,,30570,,37280,,37280,,
INV-88709,,Vendor,92041,,30-Apr-24,,9927,,45221,,55148,,55148,,
INV-83308,,Vendor,75493,,9-Apr-24,,6471,,29478,,35949,,35949,,
INV-90089,,Vendor,89967,,8-Apr-24,,10388,,47323,,57711,,57711,,
INV-23007,,Vendor,16056,,3-May-24,,6298,,28693,,34991,,34991,,
INV-63695,,Vendor,60888,,30-Apr-24,,9066,,41301,,50367,,50367,,
INV-85001,,Vendor,70249,,18-Apr-24,,3777,,17204,,20981,,20981,,
INV-98944,,Vendor,14382,,2-May-24,,2963,,13499,,16462,,16462,,
INV-94281,,Vendor,88792,,20-Apr-24,,7292,,33220,,40513,,40513,,
INV-28584,,Vendor,41239,,1-May-24,,1198,,5457,,6655,,6655,,
INV-48285,,Vendor,16008,,10-Apr-24,,1086,,4948,,6034,,6034,,
INV-19122,,Vendor,29721,,14-Apr-24,,16352,,74491,,90842,,90842,,
INV-53562,,Vendor,33262,,30-Apr-24,,15532,,70757,,86288,,86288,,
INV-81272,,Vendor,57890,,7-Apr-24,,6160,,28061,,34221,,34221,,
INV-17838,,Vendor,61507,,30-Apr-24,,4779,,21773,,26552,,26552,,
INV-85631,,Vendor,76638,,12-Apr-24,,277,,1261,,1538,,1538,,
INV-15981,,Vendor,36593,,17-Apr-24,,4394,,20015,,24409,,24409,,
INV-80805,,Vendor,43606,,9-Apr-24,,9520,,43370,,52891,,52891,,
INV-43247,,Vendor,46990,,26-Apr-24,,12136,,55285,,67421,,67421,,
INV-21116,,Vendor,43397,,19-Apr-24,,4079,,18583,,22662,,22662,,
INV-79612,,Vendor,92683,,12-Apr-24,,1752,,7983,,9735,,9735,,
INV-55212,,Vendor,39928,,16-Apr-24,,6899,,31431,,38330,,38330,,
INV-89974,,Vendor,34204,,6-May-24,,7907,,36019,,43925,,43925,,
INV-77446,,Vendor,20685,,12-Apr-24,,6245,,28449,,34694,,34694,,
INV-89101,,Vendor,59582,,19-Apr-24,,1690,,7698,,9387,,9387,,
INV-90281,,Vendor,90114,,4-May-24,,13576,,61845,,75421,,75421,,
INV-58360,,Vendor,44415,,15-Apr-24,,16532,,75312,,91844,,91844,,
INV-79053,,Vendor,39851,,30-Apr-24,,9236,,42076,,51313,,51313,,
INV-71023,,Vendor,36432,,27-Apr-24,,14188,,64636,,78824,,78824,,
INV-91005,,Vendor,60112,,26-Apr-24,,13506,,61527,,75032,,75032,,
INV-42042,,Vendor,97602,,9-Apr-24,,4745,,21615,,26359,,26359,,
INV-83731,,Vendor,63999,,30-Apr-24,,14751,,67197,,81948,,81948,,
INV-77742,,Vendor,17991,,29-Apr-24,,9395,,42801,,52196,,52196,,
INV-89356,,Vendor,74282,,19-Apr-24,,5896,,26860,,32756,,32756,,
INV-12500,,Vendor,42461,,30-Apr-24,,7685,,35009,,42693,,42693,,
INV-95738,,Vendor,67479,,13-Apr-24,,13488,,61447,,74936,,74936,,
INV-32436,,Vendor,94580,,18-Apr-24,,6463,,29444,,35908,,35908,,
INV-51779,,Vendor,18454,,20-Apr-24,,6942,,31622,,38564,,38564,,
INV-97941,,Vendor,50212,,3-May-24,,12807,,58342,,71148,,71148,,
INV-61226,,Vendor,19030,,11-Apr-24,,12720,,57946,,70666,,70666,,
INV-26168,,Vendor,86655,,27-Apr-24,,9649,,43956,,53604,,53604,,
INV-50945,,Vendor,34085,,29-Apr-24,,9829,,44778,,54608,,54608,,
INV-71304,,Vendor,21879,,2-May-24,,11438,,52108,,63546,,63546,,
INV-63274,,Vendor,63575,,13-Apr-24,,15063,,68621,,83684,,83684,,
INV-63800,,Vendor,90273,,30-Apr-24,,11441,,52121,,63562,,63562,,
INV-97794,,Vendor,24403,,30-Apr-24,,1557,,7095,,8653,,8653,,
INV-38723,,Vendor,25646,,26-Apr-24,,14741,,67155,,81896,,81896,,
INV-60264,,Vendor,26217,,13-Apr-24,,6608,,30102,,36710,,36710,,
INV-88563,,Vendor,21149,,30-Apr-24,,9580,,43642,,53222,,53222,,
INV-16532,,Vendor,14969,,9-Apr-24,,16711,,76130,,92841,,92841,,
INV-36881,,Vendor,98899,,18-Apr-24,,7402,,33722,,41124,,41124,,
INV-30684,,Vendor,63226,,13-Apr-24,,5631,,25653,,31284,,31284,,
INV-63162,,Vendor,47362,,4-May-24,,7139,,32524,,39663,,39663,,
INV-20194,,Vendor,78676,,11-Apr-24,,11829,,53889,,65718,,65718,,
INV-25187,,Vendor,97387,,4-May-24,,10412,,47432,,57844,,57844,,
INV-57203,,Vendor,53216,,6-May-24,,14323,,65249,,79571,,79571,,
INV-94459,,Vendor,83259,,15-Apr-24,,14502,,66067,,80569,,80569,,
INV-53138,,Vendor,53477,,2-May-24,,9882,,45020,,54903,,54903,,
INV-40585,,Vendor,45716,,14-Apr-24,,303,,1381,,1684,,1684,,
INV-63847,,Vendor,70746,,28-Apr-24,,11790,,53710,,65500,,65500,,
INV-75164,,Vendor,70299,,21-Apr-24,,735,,3349,,4084,,4084,,
INV-81911,,Vendor,92002,,25-Apr-24,,4750,,21637,,26387,,26387,,
INV-30809,,Vendor,55280,,19-Apr-24,,5907,,26910,,32817,,32817,,
INV-44551,,Vendor,59940,,8-Apr-24,,15816,,72050,,87866,,87866,,
INV-49700,,Vendor,20425,,6-May-24,,1852,,8437,,10289,,10289,,
INV-18008,,Vendor,22177,,3-May-24,,14325,,65256,,79581,,79581,,
INV-65019,,Vendor,98570,,19-Apr-24,,14809,,67465,,82274,,82274,,
INV-12305,,Vendor,54642,,23-Apr-24,,261,,1188,,1449,,1449,,
INV-15485,,Vendor,10584,,18-Apr-24,,5814,,26488,,32303,,32303,,
INV-99503,,Vendor,10432,,6-May-24,,5497,,25042,,30539,,30539,,
INV-63638,,Vendor,99209,,5-May-24,,5465,,24895,,30360,,30360,,
INV-25892,,Vendor,69548,,29-Apr-24,,2884,,13138,,16022,,16022,,
INV-68492,,Vendor,25816,,5-May-24,,3863,,17596,,21459,,21459,,
INV-65360,,Vendor,99768,,27-Apr-24,,2364,,10767,,13131,,13131,,
INV-21042,,Vendor,11630,,24-Apr-24,,492,,2241,,2733,,2733,,
INV-62431,,Vendor,38655,,15-Apr-24,,17420,,79360,,96781,,96781,,
INV-17744,,Vendor,86435,,2-May-24,,7835,,35691,,43526,,43526,,
INV-32657,,Vendor,29343,,26-Apr-24,,15068,,68645,,83714,,83714,,
INV-82967,,Vendor,80841,,22-Apr-24,,2387,,10874,,13261,,13261,,
INV-74502,,Vendor,44378,,29-Apr-24,,14674,,66848,,81522,,81522,,
INV-83145,,Vendor,67858,,22-Apr-24,,8163,,37188,,45351,,45351,,
INV-53764,,Vendor,86037,,28-Apr-24,,11904,,54228,,66132,,66132,,
INV-27438,,Vendor,76527,,5-May-24,,9944,,45300,,55243,,55243,,
INV-67296,,Vendor,43217,,20-Apr-24,,4147,,18892,,23039,,23039,,
INV-16096,,Vendor,72489,,21-Apr-24,,3675,,16740,,20414,,20414,,
INV-76595,,Vendor,43889,,18-Apr-24,,4833,,22017,,26851,,26851,,
INV-17452,,Vendor,69338,,8-Apr-24,,13755,,62661,,76416,,76416,,
INV-80216,,Vendor,20977,,17-Apr-24,,13380,,60955,,74336,,74336,,
INV-68589,,Vendor,63156,,29-Apr-24,,13639,,62135,,75775,,75775,,
INV-64296,,Vendor,95678,,24-Apr-24,,10302,,46930,,57232,,57232,,
INV-68037,,Vendor,35816,,28-Apr-24,,10383,,47301,,57684,,57684,,
INV-95717,,Vendor,67351,,25-Apr-24,,14210,,64735,,78945,,78945,,
INV-61499,,Vendor,33947,,13-Apr-24,,13070,,59542,,72612,,72612,,
INV-29448,,Vendor,17488,,11-Apr-24,,7607,,34652,,42259,,42259,,
INV-30479,,Vendor,82042,,25-Apr-24,,17673,,80510,,98183,,98183,,
INV-10250,,Vendor,22683,,15-Apr-24,,8695,,39611,,48306,,48306,,
INV-11877,,Vendor,58843,,1-May-24,,14779,,67327,,82107,,82107,,
INV-19431,,Vendor,91908,,16-Apr-24,,13342,,60781,,74123,,74123,,
INV-77936,,Vendor,56543,,8-Apr-24,,12906,,58794,,71701,,71701,,
INV-22913,,Vendor,71204,,18-Apr-24,,3512,,15997,,19509,,19509,,
INV-86048,,Vendor,53934,,3-May-24,,4886,,22256,,27142,,27142,,
INV-60690,,Vendor,51497,,18-Apr-24,,11891,,54172,,66063,,66063,,
INV-80561,,Vendor,56999,,13-Apr-24,,11113,,50624,,61736,,61736,,
INV-75507,,Vendor,98814,,29-Apr-24,,17426,,79384,,96810,,96810,,
INV-42641,,Vendor,15347,,9-Apr-24,,7010,,31932,,38942,,38942,,
INV-44482,,Vendor,69102,,17-Apr-24,,12706,,57883,,70590,,70590,,
INV-26420,,Vendor,52062,,19-Apr-24,,1135,,5170,,6305,,6305,,
INV-72241,,Vendor,46853,,24-Apr-24,,4731,,21552,,26282,,26282,,
INV-84274,,Vendor,81399,,11-Apr-24,,8364,,38101,,46464,,46464,,
INV-10564,,Vendor,12766,,11-Apr-24,,13316,,60664,,73980,,73980,,
INV-21658,,Vendor,42303,,9-Apr-24,,14708,,67005,,81713,,81713,,
INV-24204,,Vendor,18508,,4-May-24,,9691,,44146,,53837,,53837,,
INV-14848,,Vendor,89591,,22-Apr-24,,3763,,17145,,20908,,20908,,
INV-19153,,Vendor,27771,,1-May-24,,11018,,50191,,61209,,61209,,
INV-78173,,Vendor,29750,,22-Apr-24,,5879,,26781,,32660,,32660,,
INV-12868,,Vendor,16466,,10-Apr-24,,14346,,65355,,79701,,79701,,
INV-36425,,Vendor,91945,,8-Apr-24,,14763,,67254,,82017,,82017,,
INV-51223,,Vendor,29137,,5-May-24,,3233,,14728,,17961,,17961,,
INV-11817,,Vendor,42609,,2-May-24,,5508,,25093,,30601,,30601,,
INV-39044,,Vendor,30679,,15-Apr-24,,5433,,24752,,30185,,30185,,
INV-71444,,Vendor,96512,,11-Apr-24,,3711,,16906,,20617,,20617,,
INV-48104,,Vendor,84351,,8-Apr-24,,14897,,67863,,82759,,82759,,
INV-60259,,Vendor,51180,,1-May-24,,14126,,64353,,78480,,78480,,
INV-57548,,Vendor,36977,,18-Apr-24,,4218,,19217,,23435,,23435,,
INV-57474,,Vendor,70862,,26-Apr-24,,5376,,24491,,29867,,29867,,
INV-54773,,Vendor,10283,,19-Apr-24,,12146,,55330,,67476,,67476,,
INV-38244,,Vendor,23492,,20-Apr-24,,2582,,11763,,14345,,14345,,
INV-50012,,Vendor,92684,,8-Apr-24,,12214,,55642,,67857,,67857,,
INV-16206,,Vendor,49624,,11-Apr-24,,2114,,9632,,11747,,11747,,
INV-79026,,Vendor,81702,,5-May-24,,10116,,46084,,56200,,56200,,
INV-25749,,Vendor,55428,,28-Apr-24,,12940,,58947,,71887,,71887,,
INV-46906,,Vendor,17456,,20-Apr-24,,14156,,64490,,78646,,78646,,
INV-50462,,Vendor,20682,,16-Apr-24,,16825,,76647,,93472,,93472,,
INV-52267,,Vendor,78796,,5-May-24,,4913,,22381,,27293,,27293,,
INV-56770,,Vendor,80905,,10-Apr-24,,9490,,43233,,52723,,52723,,
INV-37107,,Vendor,92198,,17-Apr-24,,14121,,64329,,78450,,78450,,
INV-62330,,Vendor,67018,,12-Apr-24,,2069,,9424,,11493,,11493,,
INV-88498,,Vendor,84856,,1-May-24,,1805,,8224,,10029,,10029,,
INV-60318,,Vendor,90514,,25-Apr-24,,10260,,46739,,56999,,56999,,
INV-68708,,Vendor,72453,,21-Apr-24,,11548,,52609,,64158,,64158,,
INV-83557,,Vendor,26581,,11-Apr-24,,4965,,22620,,27586,,27586,,
INV-14761,,Vendor,45767,,15-Apr-24,,6159,,28057,,34215,,34215,,
INV-92247,,Vendor,78194,,3-May-24,,8754,,39881,,48635,,48635,,
INV-72406,,Vendor,39779,,6-May-24,,9218,,41993,,51211,,51211,,
INV-25268,,Vendor,33047,,8-Apr-24,,14521,,66151,,80672,,80672,,
INV-43196,,Vendor,65445,,8-Apr-24,,10530,,47971,,58501,,58501,,
INV-85681,,Vendor,60472,,5-May-24,,14126,,64353,,78479,,78479,,
INV-52354,,Vendor,95696,,28-Apr-24,,16636,,75786,,92422,,92422,,
INV-97905,,Vendor,26333,,26-Apr-24,,9817,,44724,,54541,,54541,,
INV-77793,,Vendor,36333,,24-Apr-24,,1286,,5857,,7142,,7142,,
INV-59855,,Vendor,58802,,30-Apr-24,,9435,,42982,,52417,,52417,,
INV-57668,,Vendor,30442,,12-Apr-24,,11581,,52756,,64337,,64337,,
INV-72352,,Vendor,38598,,3-May-24,,12292,,55996,,68288,,68288,,
INV-47646,,Vendor,89554,,15-Apr-24,,8195,,37332,,45527,,45527,,
INV-64788,,Vendor,44769,,3-May-24,,1930,,8793,,10724,,10724,,
INV-56707,,Vendor,64375,,8-Apr-24,,10627,,48411,,59038,,59038,,
INV-48279,,Vendor,84289,,24-Apr-24,,4459,,20315,,24774,,24774,,
INV-75870,,Vendor,67740,,19-Apr-24,,9198,,41900,,51098,,51098,,
INV-79646,,Vendor,59711,,8-Apr-24,,17942,,81734,,99675,,99675,,
INV-65585,,Vendor,79376,,15-Apr-24,,14354,,65389,,79743,,79743,,
INV-11230,,Vendor,12984,,8-Apr-24,,1233,,5617,,6850,,6850,,
INV-72816,,Vendor,97459,,2-May-24,,9748,,44406,,54154,,54154,,
INV-36664,,Vendor,91056,,27-Apr-24,,1898,,8646,,10544,,10544,,
INV-35688,,Vendor,10992,,17-Apr-24,,9290,,42319,,51609,,51609,,
INV-47520,,Vendor,26662,,15-Apr-24,,16821,,76629,,93450,,93450,,
INV-42496,,Vendor,12286,,22-Apr-24,,3462,,15773,,19235,,19235,,
INV-74670,,Vendor,75694,,14-Apr-24,,8059,,36712,,44771,,44771,,
INV-87529,,Vendor,80916,,25-Apr-24,,6416,,29228,,35644,,35644,,
INV-82556,,Vendor,68169,,14-Apr-24,,3559,,16215,,19774,,19774,,
INV-31753,,Vendor,85971,,17-Apr-24,,712,,3245,,3958,,3958,,
INV-73465,,Vendor,94489,,11-Apr-24,,2076,,9455,,11531,,11531,,
INV-63545,,Vendor,54409,,23-Apr-24,,12558,,57211,,69769,,69769,,
INV-94721,,Vendor,40919,,19-Apr-24,,4569,,20815,,25384,,25384,,
INV-82443,,Vendor,55765,,6-May-24,,6203,,28257,,34460,,34460,,
INV-62911,,Vendor,79618,,3-May-24,,8876,,40434,,49309,,49309,,
INV-23573,,Vendor,54313,,2-May-24,,17443,,79461,,96904,,96904,,
INV-36338,,Vendor,95485,,29-Apr-24,,8537,,38892,,47429,,47429,,
INV-44727,,Vendor,72111,,9-Apr-24,,2981,,13580,,16560,,16560,,
INV-22639,,Vendor,56740,,3-May-24,,13276,,60479,,73755,,73755,,
INV-90993,,Vendor,69923,,5-May-24,,9956,,45354,,55309,,55309,,
INV-40544,,Vendor,55938,,1-May-24,,2192,,9987,,12179,,12179,,
INV-64835,,Vendor,66576,,25-Apr-24,,2777,,12649,,15426,,15426,,
INV-13206,,Vendor,82649,,2-May-24,,12947,,58982,,71930,,71930,,
INV-95277,,Vendor,89381,,19-Apr-24,,10905,,49680,,60586,,60586,,
INV-42360,,Vendor,88003,,7-Apr-24,,17723,,80740,,98463,,98463,,
INV-95217,,Vendor,15405,,22-Apr-24,,16086,,73282,,89368,,89368,,
INV-53572,,Vendor,41190,,2-May-24,,404,,1843,,2247,,2247,,
INV-69248,,Vendor,88258,,13-Apr-24,,17736,,80799,,98535,,98535,,
INV-64922,,Vendor,80907,,8-Apr-24,,8532,,38869,,47401,,47401,,
INV-15017,,Vendor,47410,,6-May-24,,8870,,40407,,49277,,49277,,
INV-27266,,Vendor,30439,,29-Apr-24,,2021,,9206,,11227,,11227,,
INV-75445,,Vendor,14571,,26-Apr-24,,15691,,71482,,87174,,87174,,
INV-41917,,Vendor,24628,,4-May-24,,10903,,49668,,60570,,60570,,
INV-59929,,Vendor,21809,,3-May-24,,6287,,28640,,34926,,34926,,
INV-55608,,Vendor,58735,,9-Apr-24,,8417,,38342,,46758,,46758,,
INV-50111,,Vendor,34671,,18-Apr-24,,9053,,41243,,50297,,50297,,
INV-40381,,Vendor,42682,,17-Apr-24,,7749,,35301,,43051,,43051,,
INV-55217,,Vendor,15985,,5-May-24,,544,,2478,,3022,,3022,,
INV-48717,,Vendor,21120,,13-Apr-24,,9394,,42795,,52190,,52190,,
INV-71172,,Vendor,64079,,2-May-24,,12206,,55604,,67810,,67810,,
INV-48064,,Vendor,15327,,12-Apr-24,,3615,,16467,,20081,,20081,,
INV-38861,,Vendor,62128,,16-Apr-24,,6778,,30878,,37656,,37656,,
INV-98774,,Vendor,72873,,22-Apr-24,,17572,,80051,,97623,,97623,,
INV-93034,,Vendor,58790,,21-Apr-24,,5852,,26659,,32510,,32510,,
INV-63982,,Vendor,37725,,24-Apr-24,,12282,,55951,,68233,,68233,,
INV-36473,,Vendor,21760,,1-May-24,,16458,,74973,,91431,,91431,,
INV-56257,,Vendor,25619,,18-Apr-24,,14844,,67624,,82468,,82468,,
INV-53602,,Vendor,82009,,8-Apr-24,,9603,,43746,,53349,,53349,,
INV-82001,,Vendor,80864,,10-Apr-24,,3890,,17719,,21609,,21609,,
INV-91629,,Vendor,55461,,18-Apr-24,,9283,,42289,,51572,,51572,,
INV-80753,,Vendor,15872,,16-Apr-24,,13901,,63327,,77229,,77229,,
INV-60538,,Vendor,90162,,3-May-24,,5883,,26799,,32682,,32682,,
INV-38393,,Vendor,34921,,27-Apr-24,,3018,,13747,,16765,,16765,,
INV-71175,,Vendor,47101,,15-Apr-24,,7377,,33605,,40982,,40982,,
INV-58561,,Vendor,21747,,22-Apr-24,,9468,,43134,,52602,,52602,,
INV-51516,,Vendor,69195,,20-Apr-24,,8495,,38701,,47196,,47196,,
INV-99249,,Vendor,91284,,19-Apr-24,,3241,,14764,,18005,,18005,,
INV-97042,,Vendor,30402,,19-Apr-24,,1593,,7259,,8852,,8852,,
INV-79938,,Vendor,31759,,22-Apr-24,,1359,,6190,,7549,,7549,,
INV-88566,,Vendor,13026,,23-Apr-24,,8597,,39162,,47759,,47759,,
INV-53644,,Vendor,48548,,24-Apr-24,,13764,,62701,,76464,,76464,,
INV-11814,,Vendor,54253,,4-May-24,,13648,,62174,,75822,,75822,,
INV-42469,,Vendor,60521,,1-May-24,,3566,,16244,,19810,,19810,,
INV-18654,,Vendor,43133,,29-Apr-24,,13496,,61483,,74980,,74980,,
INV-35392,,Vendor,62923,,23-Apr-24,,15024,,68441,,83465,,83465,,
INV-28641,,Vendor,22177,,30-Apr-24,,16348,,74475,,90823,,90823,,
INV-45912,,Vendor,74611,,23-Apr-24,,10048,,45773,,55821,,55821,,
INV-79100,,Vendor,82471,,18-Apr-24,,1433,,6529,,7963,,7963,,
INV-71783,,Vendor,71373,,19-Apr-24,,3806,,17338,,21144,,21144,,
INV-30873,,Vendor,65231,,20-Apr-24,,4960,,22595,,27555,,27555,,
INV-73549,,Vendor,28302,,20-Apr-24,,6516,,29685,,36201,,36201,,
INV-82666,,Vendor,99693,,23-Apr-24,,1330,,6060,,7391,,7391,,
INV-53310,,Vendor,68566,,18-Apr-24,,10182,,46385,,56567,,56567,,
INV-68446,,Vendor,11606,,9-Apr-24,,6116,,27862,,33978,,33978,,
INV-12000,,Vendor,53931,,17-Apr-24,,12104,,55142,,67247,,67247,,
INV-73634,,Vendor,15412,,20-Apr-24,,16595,,75600,,92195,,92195,,
INV-78898,,Vendor,10058,,29-Apr-24,,15866,,72277,,88143,,88143,,
INV-80242,,Vendor,26530,,6-May-24,,6574,,29950,,36525,,36525,,
INV-71024,,Vendor,31554,,26-Apr-24,,7936,,36152,,44088,,44088,,
INV-27024,,Vendor,68287,,17-Apr-24,,405,,1847,,2252,,2252,,
INV-69421,,Vendor,53661,,22-Apr-24,,8966,,40846,,49812,,49812,,
INV-55139,,Vendor,53915,,17-Apr-24,,16059,,73156,,89214,,89214,,
INV-72270,,Vendor,81534,,15-Apr-24,,10879,,49559,,60438,,60438,,
INV-62687,,Vendor,73595,,1-May-24,,4920,,22413,,27333,,27333,,
INV-33446,,Vendor,39676,,2-May-24,,10774,,49080,,59854,,59854,,
INV-90768,,Vendor,67800,,10-Apr-24,,1563,,7120,,8684,,8684,,
INV-96162,,Vendor,42524,,7-Apr-24,,12803,,58325,,71128,,71128,,
INV-98060,,Vendor,36157,,17-Apr-24,,5370,,24465,,29835,,29835,,
INV-54179,,Vendor,60700,,14-Apr-24,,7004,,31907,,38911,,38911,,
INV-79574,,Vendor,44922,,28-Apr-24,,10595,,48265,,58860,,58860,,
INV-48414,,Vendor,18613,,24-Apr-24,,5466,,24900,,30365,,30365,,
INV-35258,,Vendor,19818,,3-May-24,,74,,337,,411,,411,,
INV-74597,,Vendor,29888,,8-Apr-24,,17524,,79832,,97356,,97356,,
INV-83230,,Vendor,55624,,7-Apr-24,,3276,,14925,,18201,,18201,,
INV-92134,,Vendor,50465,,25-Apr-24,,5984,,27260,,33243,,33243,,
INV-10006,,Vendor,97094,,15-Apr-24,,5331,,24284,,29614,,29614,,
INV-14214,,Vendor,60517,,15-Apr-24,,3640,,16584,,20225,,20225,,
INV-38526,,Vendor,67656,,6-May-24,,378,,1721,,2099,,2099,,
INV-24377,,Vendor,14825,,19-Apr-24,,11887,,54153,,66041,,66041,,
INV-81014,,Vendor,62932,,11-Apr-24,,7079,,32248,,39327,,39327,,
INV-48111,,Vendor,20463,,27-Apr-24,,14641,,66698,,81340,,81340,,
INV-31578,,Vendor,85349,,9-Apr-24,,9666,,44033,,53699,,53699,,
INV-13548,,Vendor,84286,,23-Apr-24,,4433,,20194,,24626,,24626,,
INV-69314,,Vendor,31336,,10-Apr-24,,10104,,46029,,56133,,56133,,
INV-92887,,Vendor,20950,,14-Apr-24,,310,,1413,,1723,,1723,,
INV-39063,,Vendor,63565,,29-Apr-24,,12360,,56305,,68665,,68665,,
INV-49111,,Vendor,47449,,9-Apr-24,,5133,,23386,,28519,,28519,,
INV-14495,,Vendor,51041,,15-Apr-24,,14361,,65421,,79782,,79782,,
INV-46530,,Vendor,94862,,20-Apr-24,,400,,1824,,2224,,2224,,
INV-64079,,Vendor,97190,,24-Apr-24,,9346,,42575,,51921,,51921,,
INV-33228,,Vendor,71325,,9-Apr-24,,5191,,23650,,28841,,28841,,
INV-91648,,Vendor,98706,,13-Apr-24,,8102,,36909,,45011,,45011,,
INV-97184,,Vendor,17632,,24-Apr-24,,7149,,32568,,39718,,39718,,
INV-66689,,Vendor,23451,,25-Apr-24,,1948,,8874,,10822,,10822,,
INV-61163,,Vendor,39426,,15-Apr-24,,4306,,19617,,23923,,23923,,
INV-84321,,Vendor,36769,,8-Apr-24,,14345,,65349,,79694,,79694,,
INV-17350,,Vendor,83148,,23-Apr-24,,5873,,26754,,32627,,32627,,
INV-18429,,Vendor,45362,,25-Apr-24,,9163,,41744,,50907,,50907,,
INV-22925,,Vendor,82324,,25-Apr-24,,17308,,78848,,96156,,96156,,
INV-45576,,Vendor,53738,,20-Apr-24,,2628,,11973,,14601,,14601,,
INV-47801,,Vendor,89270,,6-May-24,,15364,,69993,,85357,,85357,,
INV-30418,,Vendor,22127,,15-Apr-24,,300,,1366,,1666,,1666,,
INV-81339,,Vendor,61339,,2-May-24,,11742,,53493,,65236,,65236,,
INV-93021,,Vendor,79727,,20-Apr-24,,6214,,28306,,34520,,34520,,
INV-88445,,Vendor,39860,,3-May-24,,670,,3052,,3722,,3722,,
INV-84693,,Vendor,58288,,29-Apr-24,,12714,,57919,,70632,,70632,,
INV-32922,,Vendor,78276,,17-Apr-24,,3751,,17090,,20841,,20841,,
INV-46516,,Vendor,49919,,30-Apr-24,,16627,,75745,,92372,,92372,,
INV-19508,,Vendor,26568,,19-Apr-24,,9195,,41888,,51083,,51083,,
INV-93454,,Vendor,64378,,27-Apr-24,,1023,,4660,,5683,,5683,,
INV-33701,,Vendor,31602,,15-Apr-24,,13460,,61318,,74779,,74779,,
INV-92613,,Vendor,77318,,10-Apr-24,,12703,,57868,,70571,,70571,,
INV-91879,,Vendor,78445,,18-Apr-24,,17387,,79206,,96593,,96593,,
INV-54249,,Vendor,67983,,22-Apr-24,,8592,,39143,,47735,,47735,,
INV-41110,,Vendor,32154,,11-Apr-24,,4397,,20029,,24425,,24425,,
INV-51701,,Vendor,45695,,14-Apr-24,,2933,,13361,,16294,,16294,,
INV-27579,,Vendor,81556,,22-Apr-24,,11560,,52661,,64221,,64221,,
INV-76424,,Vendor,71683,,1-May-24,,10960,,49928,,60887,,60887,,
INV-80258,,Vendor,76597,,10-Apr-24,,14686,,66904,,81590,,81590,,
INV-22568,,Vendor,42688,,4-May-24,,9704,,44206,,53910,,53910,,
INV-93919,,Vendor,49220,,27-Apr-24,,11449,,52155,,63603,,63603,,
INV-59847,,Vendor,54350,,29-Apr-24,,16550,,75394,,91945,,91945,,
INV-75911,,Vendor,92730,,26-Apr-24,,1747,,7957,,9704,,9704,,
INV-10726,,Vendor,34497,,15-Apr-24,,14918,,67961,,82879,,82879,,
INV-41959,,Vendor,86192,,11-Apr-24,,12040,,54849,,66889,,66889,,
INV-72229,,Vendor,25948,,19-Apr-24,,16693,,76045,,92738,,92738,,
INV-31917,,Vendor,21109,,5-May-24,,3611,,16449,,20060,,20060,,
INV-46455,,Vendor,18080,,30-Apr-24,,2571,,11713,,14285,,14285,,
INV-77198,,Vendor,57468,,21-Apr-24,,9828,,44771,,54598,,54598,,
INV-33006,,Vendor,39745,,14-Apr-24,,10979,,50014,,60993,,60993,,
INV-52179,,Vendor,83567,,18-Apr-24,,5627,,25635,,31262,,31262,,
INV-41531,,Vendor,38841,,7-Apr-24,,6322,,28798,,35120,,35120,,
INV-43499,,Vendor,67529,,20-Apr-24,,14970,,68196,,83166,,83166,,
INV-56826,,Vendor,33354,,2-May-24,,1013,,4614,,5627,,5627,,
INV-64938,,Vendor,49768,,1-May-24,,7039,,32068,,39107,,39107,,
INV-80200,,Vendor,60510,,3-May-24,,63,,286,,349,,349,,
INV-55058,,Vendor,88617,,4-May-24,,5710,,26011,,31721,,31721,,
INV-61754,,Vendor,31470,,19-Apr-24,,5944,,27080,,33025,,33025,,
INV-22674,,Vendor,46599,,27-Apr-24,,6140,,27972,,34112,,34112,,
INV-36339,,Vendor,71139,,10-Apr-24,,4033,,18371,,22403,,22403,,
INV-56088,,Vendor,13409,,21-Apr-24,,15537,,70780,,86318,,86318,,
INV-90028,,Vendor,37322,,22-Apr-24,,1963,,8942,,10905,,10905,,
INV-23041,,Vendor,59599,,20-Apr-24,,4884,,22250,,27134,,27134,,
INV-59711,,Vendor,94400,,3-May-24,,13187,,60073,,73260,,73260,,
INV-19739,,Vendor,64754,,19-Apr-24,,13044,,59421,,72465,,72465,,
INV-27069,,Vendor,21004,,30-Apr-24,,7377,,33607,,40985,,40985,,
INV-20228,,Vendor,39960,,21-Apr-24,,14462,,65882,,80343,,80343,,
INV-55644,,Vendor,10512,,16-Apr-24,,2904,,13228,,16132,,16132,,
INV-48465,,Vendor,89195,,12-Apr-24,,6286,,28636,,34922,,34922,,
INV-60971,,Vendor,42512,,2-May-24,,4760,,21683,,26443,,26443,,
INV-83120,,Vendor,56892,,23-Apr-24,,5010,,22823,,27833,,27833,,
INV-55424,,Vendor,68021,,16-Apr-24,,16992,,77409,,94401,,94401,,
INV-46554,,Vendor,18953,,26-Apr-24,,3825,,17424,,21249,,21249,,
INV-43978,,Vendor,10497,,29-Apr-24,,14618,,66591,,81209,,81209,,
INV-87365,,Vendor,37887,,28-Apr-24,,1257,,5729,,6986,,6986,,
INV-96150,,Vendor,81698,,4-May-24,,821,,3740,,4561,,4561,,
INV-99289,,Vendor,11635,,24-Apr-24,,2294,,10449,,12743,,12743,,
INV-72207,,Vendor,53365,,21-Apr-24,,17599,,80174,,97773,,97773,,
INV-99550,,Vendor,91317,,2-May-24,,4754,,21658,,26412,,26412,,
INV-41092,,Vendor,77198,,15-Apr-24,,5647,,25727,,31375,,31375,,
INV-58582,,Vendor,16013,,21-Apr-24,,9402,,42831,,52233,,52233,,
INV-62058,,Vendor,85049,,8-Apr-24,,1023,,4662,,5685,,5685,,
INV-45061,,Vendor,84902,,26-Apr-24,,5413,,24660,,30073,,30073,,
INV-99017,,Vendor,59989,,18-Apr-24,,7116,,32416,,39531,,39531,,
INV-76738,,Vendor,29978,,26-Apr-24,,7634,,34779,,42413,,42413,,
INV-47321,,Vendor,54001,,4-May-24,,5541,,25244,,30786,,30786,,
INV-81557,,Vendor,75704,,29-Apr-24,,9799,,44640,,54438,,54438,,
INV-74012,,Vendor,92730,,19-Apr-24,,5984,,27260,,33243,,33243,,
INV-80918,,Vendor,53886,,23-Apr-24,,4711,,21462,,26173,,26173,,
INV-91906,,Vendor,44574,,18-Apr-24,,9156,,41710,,50866,,50866,,
INV-10426,,Vendor,84647,,7-Apr-24,,1278,,5821,,7099,,7099,,
INV-56159,,Vendor,43273,,27-Apr-24,,14236,,64851,,79086,,79086,,
INV-37623,,Vendor,37803,,1-May-24,,9677,,44086,,53763,,53763,,
INV-19387,,Vendor,95530,,21-Apr-24,,5180,,23598,,28778,,28778,,
INV-28192,,Vendor,38949,,25-Apr-24,,444,,2021,,2465,,2465,,
INV-57357,,Vendor,85541,,28-Apr-24,,5963,,27167,,33131,,33131,,
INV-40360,,Vendor,65501,,3-May-24,,6690,,30476,,37166,,37166,,
INV-51504,,Vendor,27119,,9-Apr-24,,11237,,51189,,62425,,62425,,
INV-36076,,Vendor,54442,,12-Apr-24,,15774,,71857,,87631,,87631,,
INV-43650,,Vendor,30485,,15-Apr-24,,1410,,6424,,7834,,7834,,
INV-32365,,Vendor,57013,,12-Apr-24,,8503,,38735,,47238,,47238,,
INV-45052,,Vendor,67940,,2-May-24,,12165,,55418,,67583,,67583,,
INV-70040,,Vendor,10426,,20-Apr-24,,1984,,9036,,11020,,11020,,
INV-13965,,Vendor,19810,,18-Apr-24,,8816,,40161,,48977,,48977,,
INV-12056,,Vendor,68136,,2-May-24,,16361,,74532,,90893,,90893,,
INV-29079,,Vendor,47790,,7-Apr-24,,6029,,27466,,33495,,33495,,
INV-80630,,Vendor,50343,,26-Apr-24,,7186,,32738,,39924,,39924,,
INV-61505,,Vendor,53178,,2-May-24,,3169,,14439,,17608,,17608,,
INV-39284,,Vendor,62692,,12-Apr-24,,10145,,46218,,56364,,56364,,
INV-96688,,Vendor,62557,,30-Apr-24,,6998,,31881,,38879,,38879,,
INV-92004,,Vendor,21573,,22-Apr-24,,10165,,46306,,56471,,56471,,
INV-88055,,Vendor,47876,,30-Apr-24,,10863,,49488,,60351,,60351,,
INV-59671,,Vendor,13206,,13-Apr-24,,3140,,14306,,17446,,17446,,
INV-26118,,Vendor,21415,,11-Apr-24,,2511,,11438,,13949,,13949,,
INV-31768,,Vendor,21181,,1-May-24,,9949,,45325,,55275,,55275,,
INV-41649,,Vendor,10824,,5-May-24,,886,,4037,,4924,,4924,,
INV-98467,,Vendor,25897,,15-Apr-24,,17902,,81554,,99457,,99457,,
INV-40214,,Vendor,55244,,28-Apr-24,,17167,,78206,,95373,,95373,,
INV-27876,,Vendor,13802,,27-Apr-24,,17666,,80480,,98146,,98146,,
INV-89618,,Vendor,76795,,21-Apr-24,,17040,,77626,,94665,,94665,,
INV-74283,,Vendor,22131,,17-Apr-24,,15549,,70836,,86385,,86385,,
INV-33493,,Vendor,75362,,26-Apr-24,,16065,,73184,,89249,,89249,,
INV-83676,,Vendor,57387,,12-Apr-24,,7552,,34401,,41953,,41953,,
INV-60974,,Vendor,22894,,13-Apr-24,,6003,,27347,,33350,,33350,,
INV-92189,,Vendor,29557,,27-Apr-24,,7467,,34016,,41484,,41484,,
INV-48193,,Vendor,55881,,22-Apr-24,,9395,,42800,,52195,,52195,,
INV-79351,,Vendor,26740,,18-Apr-24,,4070,,18543,,22614,,22614,,
INV-81280,,Vendor,70573,,7-Apr-24,,5075,,23121,,28197,,28197,,
INV-65252,,Vendor,66113,,13-Apr-24,,12188,,55523,,67711,,67711,,
INV-39328,,Vendor,21161,,11-Apr-24,,3533,,16097,,19631,,19631,,
INV-93626,,Vendor,16790,,26-Apr-24,,9747,,44403,,54150,,54150,,
INV-47852,,Vendor,95169,,12-Apr-24,,1214,,5532,,6746,,6746,,
INV-48317,,Vendor,42872,,17-Apr-24,,1468,,6689,,8157,,8157,,
INV-83215,,Vendor,73337,,24-Apr-24,,9783,,44566,,54349,,54349,,
INV-83725,,Vendor,95862,,19-Apr-24,,17431,,79407,,96837,,96837,,
INV-93707,,Vendor,33084,,10-Apr-24,,3990,,18176,,22166,,22166,,
INV-46018,,Vendor,59214,,3-May-24,,13976,,63670,,77647,,77647,,
INV-48277,,Vendor,26178,,16-Apr-24,,7046,,32099,,39146,,39146,,
INV-11007,,Vendor,52078,,24-Apr-24,,3392,,15452,,18844,,18844,,
INV-91426,,Vendor,20426,,1-May-24,,1755,,7995,,9750,,9750,,
INV-87257,,Vendor,70980,,25-Apr-24,,1981,,9027,,11008,,11008,,
INV-66225,,Vendor,73183,,23-Apr-24,,11761,,53577,,65337,,65337,,
INV-43505,,Vendor,25377,,22-Apr-24,,2732,,12445,,15177,,15177,,
INV-80907,,Vendor,92202,,3-May-24,,5729,,26099,,31828,,31828,,
INV-27109,,Vendor,59508,,18-Apr-24,,281,,1279,,1560,,1560,,
INV-93692,,Vendor,50696,,10-Apr-24,,4778,,21766,,26543,,26543,,
INV-57450,,Vendor,64971,,22-Apr-24,,16811,,76584,,93395,,93395,,
INV-54276,,Vendor,74161,,20-Apr-24,,9850,,44871,,54721,,54721,,
INV-68674,,Vendor,27573,,27-Apr-24,,4809,,21909,,26718,,26718,,
INV-71552,,Vendor,68330,,9-Apr-24,,13197,,60119,,73316,,73316,,
INV-51294,,Vendor,52661,,23-Apr-24,,7221,,32894,,40114,,40114,,
INV-77097,,Vendor,14794,,6-May-24,,12237,,55748,,67985,,67985,,
INV-36038,,Vendor,81677,,21-Apr-24,,4060,,18493,,22553,,22553,,
INV-37924,,Vendor,18797,,8-Apr-24,,15032,,68477,,83508,,83508,,
INV-70808,,Vendor,15902,,24-Apr-24,,9447,,43037,,52484,,52484,,
INV-73947,,Vendor,24401,,15-Apr-24,,559,,2544,,3103,,3103,,
INV-12055,,Vendor,71231,,2-May-24,,1152,,5249,,6402,,6402,,
INV-33716,,Vendor,17290,,26-Apr-24,,16998,,77436,,94434,,94434,,
INV-21622,,Vendor,91755,,8-Apr-24,,5204,,23708,,28912,,28912,,
INV-90610,,Vendor,59296,,23-Apr-24,,14179,,64594,,78773,,78773,,
INV-72659,,Vendor,36306,,12-Apr-24,,38,,171,,208,,208,,
INV-36003,,Vendor,34663,,21-Apr-24,,13654,,62200,,75853,,75853,,
INV-86654,,Vendor,55475,,4-May-24,,17328,,78938,,96266,,96266,,
INV-30187,,Vendor,61171,,17-Apr-24,,3875,,17651,,21526,,21526,,
INV-25992,,Vendor,54872,,18-Apr-24,,2076,,9459,,11536,,11536,,
INV-97063,,Vendor,96080,,23-Apr-24,,15112,,68842,,83954,,83954,,
INV-74678,,Vendor,55593,,11-Apr-24,,16535,,75325,,91859,,91859,,
INV-66506,,Vendor,62005,,30-Apr-24,,8715,,39704,,48419,,48419,,
INV-12166,,Vendor,95847,,6-May-24,,16776,,76424,,93200,,93200,,
INV-77413,,Vendor,29996,,16-Apr-24,,5487,,24997,,30484,,30484,,
INV-20887,,Vendor,28516,,18-Apr-24,,2899,,13207,,16106,,16106,,
INV-68519,,Vendor,39554,,21-Apr-24,,4515,,20566,,25081,,25081,,
INV-64883,,Vendor,60046,,29-Apr-24,,1721,,7839,,9560,,9560,,
INV-96419,,Vendor,87523,,12-Apr-24,,16491,,75127,,91618,,91618,,
INV-91247,,Vendor,91832,,10-Apr-24,,14430,,65738,,80168,,80168,,
INV-61890,,Vendor,36281,,14-Apr-24,,3575,,16288,,19864,,19864,,
INV-98911,,Vendor,61972,,6-May-24,,309,,1410,,1719,,1719,,
INV-44161,,Vendor,86703,,30-Apr-24,,12822,,58411,,71233,,71233,,
INV-27932,,Vendor,84695,,9-Apr-24,,5567,,25362,,30929,,30929,,
INV-60469,,Vendor,33891,,8-Apr-24,,3959,,18034,,21993,,21993,,
INV-71983,,Vendor,77355,,5-May-24,,5640,,25695,,31336,,31336,,
INV-84125,,Vendor,99821,,22-Apr-24,,5168,,23544,,28712,,28712,,
INV-21420,,Vendor,76625,,18-Apr-24,,8558,,38987,,47545,,47545,,
INV-85733,,Vendor,68961,,18-Apr-24,,1904,,8674,,10579,,10579,,
INV-81269,,Vendor,37294,,2-May-24,,7523,,34270,,41792,,41792,,
INV-36607,,Vendor,32655,,14-Apr-24,,11092,,50531,,61623,,61623,,
INV-81333,,Vendor,51423,,8-Apr-24,,1713,,7803,,9516,,9516,,
INV-99882,,Vendor,78216,,25-Apr-24,,15633,,71217,,86850,,86850,,
INV-54008,,Vendor,35377,,8-Apr-24,,10196,,46447,,56642,,56642,,
INV-34430,,Vendor,41071,,27-Apr-24,,14972,,68204,,83176,,83176,,
INV-55784,,Vendor,77346,,23-Apr-24,,2969,,13524,,16492,,16492,,
INV-12311,,Vendor,63080,,25-Apr-24,,2416,,11007,,13424,,13424,,
INV-54372,,Vendor,99132,,2-May-24,,2875,,13099,,15975,,15975,,
INV-32418,,Vendor,91208,,5-May-24,,10873,,49532,,60404,,60404,,
INV-20310,,Vendor,17493,,14-Apr-24,,9536,,43442,,52979,,52979,,
INV-44531,,Vendor,10903,,6-May-24,,11817,,53831,,65648,,65648,,
INV-80064,,Vendor,61062,,28-Apr-24,,10703,,48760,,59464,,59464,,
INV-65475,,Vendor,76125,,30-Apr-24,,16348,,74473,,90820,,90820,,
INV-48047,,Vendor,42193,,8-Apr-24,,12095,,55100,,67195,,67195,,
INV-48940,,Vendor,90157,,9-Apr-24,,857,,3906,,4763,,4763,,
INV-69213,,Vendor,89244,,6-May-24,,3763,,17142,,20905,,20905,,
INV-20142,,Vendor,60117,,27-Apr-24,,17089,,77848,,94936,,94936,,
INV-30517,,Vendor,41811,,10-Apr-24,,15404,,70174,,85578,,85578,,
INV-45503,,Vendor,34656,,1-May-24,,12875,,58652,,71527,,71527,,
INV-32624,,Vendor,99609,,8-Apr-24,,4789,,21817,,26606,,26606,,
INV-70956,,Vendor,75236,,18-Apr-24,,17124,,78010,,95134,,95134,,
INV-95719,,Vendor,62726,,25-Apr-24,,14354,,65391,,79745,,79745,,
INV-97603,,Vendor,20875,,13-Apr-24,,6638,,30240,,36878,,36878,,
INV-38462,,Vendor,40138,,6-May-24,,10188,,46411,,56599,,56599,,
INV-93968,,Vendor,45444,,14-Apr-24,,7728,,35205,,42932,,42932,,
INV-35412,,Vendor,95534,,22-Apr-24,,11431,,52075,,63506,,63506,,
INV-74161,,Vendor,48853,,8-Apr-24,,9489,,43229,,52718,,52718,,
INV-67056,,Vendor,26517,,5-May-24,,5804,,26439,,32243,,32243,,
INV-43124,,Vendor,73717,,29-Apr-24,,12995,,59200,,72195,,72195,,
INV-11309,,Vendor,68046,,24-Apr-24,,801,,3649,,4451,,4451,,
INV-95842,,Vendor,18951,,7-Apr-24,,3838,,17484,,21321,,21321,,
INV-27318,,Vendor,13451,,25-Apr-24,,5092,,23198,,28290,,28290,,
INV-21121,,Vendor,73026,,28-Apr-24,,5450,,24827,,30277,,30277,,
INV-16800,,Vendor,55940,,19-Apr-24,,534,,2432,,2965,,2965,,
INV-75202,,Vendor,39065,,17-Apr-24,,16917,,77066,,93983,,93983,,
INV-34178,,Vendor,98072,,9-Apr-24,,5292,,24110,,29402,,29402,,
INV-98001,,Vendor,13253,,20-Apr-24,,7285,,33185,,40470,,40470,,
INV-50453,,Vendor,47992,,21-Apr-24,,16779,,76439,,93218,,93218,,
INV-56151,,Vendor,13489,,5-May-24,,9877,,44994,,54870,,54870,,
INV-34624,,Vendor,99244,,1-May-24,,5924,,26989,,32913,,32913,,
INV-51346,,Vendor,26534,,29-Apr-24,,2491,,11348,,13839,,13839,,
INV-48074,,Vendor,20434,,9-Apr-24,,12468,,56797,,69265,,69265,,
INV-17879,,Vendor,98815,,5-May-24,,5088,,23179,,28267,,28267,,
INV-65543,,Vendor,75767,,19-Apr-24,,15805,,72001,,87806,,87806,,
INV-13981,,Vendor,30464,,1-May-24,,9853,,44886,,54739,,54739,,
INV-60366,,Vendor,24018,,24-Apr-24,,14103,,64247,,78350,,78350,,
INV-52207,,Vendor,36183,,13-Apr-24,,13105,,59700,,72805,,72805,,
INV-83173,,Vendor,57917,,17-Apr-24,,10550,,48062,,58612,,58612,,
INV-47373,,Vendor,31499,,16-Apr-24,,11394,,51904,,63298,,63298,,
INV-62471,,Vendor,19291,,26-Apr-24,,10112,,46064,,56175,,56175,,
INV-21213,,Vendor,35651,,27-Apr-24,,12472,,56815,,69287,,69287,,
INV-42769,,Vendor,56515,,23-Apr-24,,17893,,81513,,99407,,99407,,
INV-72582,,Vendor,36826,,24-Apr-24,,8451,,38497,,46948,,46948,,
INV-54081,,Vendor,45582,,23-Apr-24,,5197,,23676,,28873,,28873,,
INV-61715,,Vendor,20284,,22-Apr-24,,3171,,14447,,17618,,17618,,
INV-51772,,Vendor,80512,,18-Apr-24,,4315,,19657,,23971,,23971,,
INV-83071,,Vendor,14382,,10-Apr-24,,1499,,6830,,8329,,8329,,
INV-92995,,Vendor,30700,,14-Apr-24,,1247,,5683,,6930,,6930,,
INV-13825,,Vendor,74563,,23-Apr-24,,11975,,54552,,66527,,66527,,
INV-56137,,Vendor,37883,,23-Apr-24,,2260,,10295,,12555,,12555,,
INV-97851,,Vendor,32400,,7-Apr-24,,17655,,80428,,98083,,98083,,
INV-13722,,Vendor,43662,,20-Apr-24,,11194,,50994,,62187,,62187,,
INV-23032,,Vendor,16968,,1-May-24,,2532,,11536,,14068,,14068,,
INV-53002,,Vendor,76695,,20-Apr-24,,9938,,45273,,55211,,55211,,
INV-35892,,Vendor,40386,,1-May-24,,16977,,77340,,94317,,94317,,
INV-34843,,Vendor,81799,,29-Apr-24,,12616,,57475,,70091,,70091,,
INV-38298,,Vendor,65689,,13-Apr-24,,13744,,62610,,76353,,76353,,
INV-59835,,Vendor,70302,,11-Apr-24,,6846,,31186,,38031,,38031,,
INV-33163,,Vendor,94809,,21-Apr-24,,13022,,59323,,72346,,72346,,
INV-80112,,Vendor,30111,,16-Apr-24,,5542,,25248,,30790,,30790,,
INV-47066,,Vendor,39849,,2-May-24,,15418,,70237,,85655,,85655,,
INV-18456,,Vendor,62918,,26-Apr-24,,11556,,52646,,64203,,64203,,
INV-26973,,Vendor,43221,,18-Apr-24,,4044,,18424,,22469,,22469,,
INV-23833,,Vendor,27373,,22-Apr-24,,12605,,57421,,70026,,70026,,
INV-76756,,Vendor,12857,,12-Apr-24,,16502,,75174,,91676,,91676,,
INV-49202,,Vendor,14189,,30-Apr-24,,5372,,24474,,29847,,29847,,
INV-79770,,Vendor,46281,,8-Apr-24,,8623,,39282,,47905,,47905,,
INV-52966,,Vendor,79609,,6-May-24,,493,,2247,,2740,,2740,,
INV-21893,,Vendor,17895,,13-Apr-24,,11318,,51558,,62876,,62876,,
INV-68309,,Vendor,42972,,10-Apr-24,,3409,,15530,,18939,,18939,,
INV-50468,,Vendor,71186,,24-Apr-24,,9397,,42810,,52208,,52208,,
INV-33631,,Vendor,15770,,29-Apr-24,,7505,,34192,,41697,,41697,,
INV-46097,,Vendor,38866,,1-May-24,,6893,,31403,,38297,,38297,,
INV-86426,,Vendor,92662,,21-Apr-24,,14658,,66774,,81432,,81432,,
INV-76855,,Vendor,38489,,25-Apr-24,,16686,,76012,,92698,,92698,,
INV-81289,,Vendor,51793,,23-Apr-24,,13365,,60883,,74247,,74247,,
INV-91350,,Vendor,72256,,10-Apr-24,,14947,,68091,,83038,,83038,,
INV-76075,,Vendor,96884,,21-Apr-24,,531,,2418,,2949,,2949,,
INV-57274,,Vendor,26943,,19-Apr-24,,3942,,17960,,21902,,21902,,
INV-50832,,Vendor,65692,,17-Apr-24,,2998,,13659,,16657,,16657,,
INV-66066,,Vendor,21879,,5-May-24,,8699,,39630,,48329,,48329,,
INV-32394,,Vendor,36583,,22-Apr-24,,16983,,77366,,94349,,94349,,
INV-82380,,Vendor,15184,,28-Apr-24,,15677,,71418,,87095,,87095,,
INV-31446,,Vendor,92983,,15-Apr-24,,8836,,40252,,49087,,49087,,
INV-67966,,Vendor,70676,,26-Apr-24,,7884,,35918,,43802,,43802,,
INV-14526,,Vendor,18861,,30-Apr-24,,12402,,56500,,68902,,68902,,
INV-74780,,Vendor,50128,,23-Apr-24,,1035,,4716,,5751,,5751,,
INV-21028,,Vendor,64267,,14-Apr-24,,16513,,75226,,91739,,91739,,
INV-83264,,Vendor,71820,,30-Apr-24,,511,,2329,,2841,,2841,,
INV-18073,,Vendor,33830,,4-May-24,,15647,,71280,,86927,,86927,,
INV-19340,,Vendor,81732,,10-Apr-24,,3897,,17753,,21650,,21650,,
INV-33843,,Vendor,47748,,10-Apr-24,,1068,,4868,,5936,,5936,,
INV-63311,,Vendor,76374,,14-Apr-24,,2594,,11817,,14411,,14411,,
INV-25872,,Vendor,64929,,9-Apr-24,,531,,2421,,2952,,2952,,
INV-14975,,Vendor,49472,,7-Apr-24,,17333,,78961,,96294,,96294,,
INV-86671,,Vendor,77323,,8-Apr-24,,1586,,7227,,8813,,8813,,
INV-14639,,Vendor,91203,,16-Apr-24,,17478,,79623,,97102,,97102,,
INV-68577,,Vendor,43942,,4-May-24,,13265,,60428,,73692,,73692,,
INV-19753,,Vendor,37752,,2-May-24,,6020,,27422,,33442,,33442,,
INV-47538,,Vendor,20333,,25-Apr-24,,10504,,47851,,58354,,58354,,
INV-16373,,Vendor,63056,,28-Apr-24,,6643,,30261,,36904,,36904,,
INV-30109,,Vendor,81125,,2-May-24,,630,,2871,,3502,,3502,,
INV-66504,,Vendor,68007,,12-Apr-24,,15314,,69766,,85080,,85080,,
INV-82884,,Vendor,49455,,19-Apr-24,,11660,,53117,,64777,,64777,,
INV-97546,,Vendor,82313,,18-Apr-24,,3132,,14269,,17401,,17401,,
INV-84132,,Vendor,14934,,14-Apr-24,,10111,,46061,,56172,,56172,,
INV-58366,,Vendor,47666,,16-Apr-24,,11736,,53466,,65202,,65202,,
INV-23722,,Vendor,15943,,28-Apr-24,,15848,,72196,,88044,,88044,,
INV-50993,,Vendor,89182,,15-Apr-24,,13992,,63743,,77735,,77735,,
INV-96811,,Vendor,93403,,3-May-24,,49,,222,,270,,270,,
INV-25140,,Vendor,55849,,17-Apr-24,,3536,,16108,,19644,,19644,,
INV-20896,,Vendor,83242,,28-Apr-24,,243,,1106,,1349,,1349,,
INV-88969,,Vendor,26644,,16-Apr-24,,16106,,73372,,89478,,89478,,
INV-37246,,Vendor,54738,,2-May-24,,6939,,31609,,38547,,38547,,
INV-44225,,Vendor,16963,,3-May-24,,6656,,30320,,36976,,36976,,
INV-63586,,Vendor,91980,,20-Apr-24,,13811,,62915,,76725,,76725,,
INV-33366,,Vendor,43552,,27-Apr-24,,16630,,75758,,92387,,92387,,
INV-32262,,Vendor,81182,,12-Apr-24,,1013,,4613,,5626,,5626,,
INV-83119,,Vendor,50478,,11-Apr-24,,15002,,68341,,83342,,83342,,
INV-50374,,Vendor,41865,,13-Apr-24,,7543,,34361,,41903,,41903,,
INV-64937,,Vendor,43041,,10-Apr-24,,2984,,13592,,16575,,16575,,
INV-37873,,Vendor,15362,,9-Apr-24,,12665,,57697,,70363,,70363,,
INV-22480,,Vendor,85865,,7-Apr-24,,6279,,28606,,34886,,34886,,
INV-96256,,Vendor,23079,,11-Apr-24,,2529,,11522,,14052,,14052,,
INV-73475,,Vendor,23105,,4-May-24,,15738,,71696,,87435,,87435,,
INV-11035,,Vendor,48247,,11-Apr-24,,13094,,59649,,72743,,72743,,
INV-68320,,Vendor,47214,,10-Apr-24,,4787,,21808,,26595,,26595,,
INV-83297,,Vendor,89791,,16-Apr-24,,456,,2079,,2535,,2535,,
INV-74414,,Vendor,78277,,6-May-24,,12878,,58668,,71546,,71546,,
INV-40371,,Vendor,90461,,18-Apr-24,,6837,,31147,,37984,,37984,,
INV-73819,,Vendor,59832,,8-Apr-24,,11563,,52675,,64238,,64238,,
INV-94475,,Vendor,43258,,6-May-24,,14231,,64829,,79060,,79060,,
INV-85186,,Vendor,88597,,11-Apr-24,,1611,,7337,,8948,,8948,,
INV-86901,,Vendor,85776,,29-Apr-24,,15733,,71673,,87406,,87406,,
INV-77691,,Vendor,18530,,5-May-24,,3419,,15577,,18996,,18996,,
INV-18462,,Vendor,85868,,27-Apr-24,,11166,,50866,,62031,,62031,,
INV-60373,,Vendor,20291,,29-Apr-24,,17344,,79012,,96357,,96357,,
INV-12596,,Vendor,32022,,14-Apr-24,,14597,,66496,,81092,,81092,,
INV-64266,,Vendor,74067,,27-Apr-24,,5415,,24667,,30082,,30082,,
INV-92874,,Vendor,26312,,4-May-24,,10622,,48390,,59013,,59013,,
INV-76120,,Vendor,79208,,6-May-24,,10362,,47204,,57566,,57566,,
INV-77996,,Vendor,20469,,14-Apr-24,,14040,,63961,,78001,,78001,,
INV-97853,,Vendor,96797,,16-Apr-24,,4106,,18705,,22811,,22811,,
INV-26480,,Vendor,50238,,28-Apr-24,,11461,,52211,,63672,,63672,,
INV-67863,,Vendor,11445,,7-Apr-24,,11511,,52440,,63951,,63951,,
INV-47439,,Vendor,44317,,29-Apr-24,,5120,,23325,,28445,,28445,,
INV-76432,,Vendor,11573,,10-Apr-24,,13626,,62076,,75702,,75702,,
INV-47359,,Vendor,73073,,26-Apr-24,,12763,,58143,,70906,,70906,,
INV-75800,,Vendor,12470,,11-Apr-24,,6593,,30033,,36626,,36626,,
INV-29769,,Vendor,39646,,15-Apr-24,,6196,,28226,,34422,,34422,,
INV-74383,,Vendor,52973,,12-Apr-24,,2289,,10428,,12717,,12717,,
INV-30694,,Vendor,38057,,2-May-24,,14010,,63823,,77832,,77832,,
INV-31346,,Vendor,47507,,14-Apr-24,,7598,,34612,,42210,,42210,,
INV-90656,,Vendor,24242,,3-May-24,,8742,,39823,,48564,,48564,,
INV-64317,,Vendor,53961,,6-May-24,,9204,,41929,,51132,,51132,,
INV-68774,,Vendor,47854,,11-Apr-24,,15631,,71209,,86840,,86840,,
INV-38644,,Vendor,17947,,4-May-24,,2878,,13113,,15991,,15991,,
INV-67651,,Vendor,41632,,1-May-24,,5415,,24670,,30086,,30086,,
INV-46317,,Vendor,46753,,15-Apr-24,,17674,,80514,,98188,,98188,,
INV-36182,,Vendor,42128,,13-Apr-24,,16776,,76423,,93199,,93199,,
INV-65278,,Vendor,74162,,4-May-24,,11285,,51408,,62693,,62693,,
INV-78673,,Vendor,19769,,8-Apr-24,,17927,,81667,,99594,,99594,,
INV-96146,,Vendor,95242,,26-Apr-24,,2379,,10836,,13215,,13215,,
INV-27677,,Vendor,27463,,24-Apr-24,,16296,,74239,,90535,,90535,,
INV-52557,,Vendor,36456,,6-May-24,,14545,,66260,,80805,,80805,,
INV-34498,,Vendor,95099,,3-May-24,,15509,,70651,,86160,,86160,,
INV-79190,,Vendor,10276,,16-Apr-24,,1432,,6522,,7953,,7953,,
INV-15133,,Vendor,63588,,28-Apr-24,,1688,,7690,,9378,,9378,,
INV-83246,,Vendor,28153,,10-Apr-24,,14150,,64459,,78609,,78609,,
INV-48056,,Vendor,82026,,10-Apr-24,,1630,,7428,,9058,,9058,,
INV-33488,,Vendor,15518,,30-Apr-24,,13511,,61550,,75061,,75061,,
INV-76717,,Vendor,44599,,29-Apr-24,,829,,3777,,4607,,4607,,
INV-84590,,Vendor,29531,,19-Apr-24,,2499,,11385,,13884,,13884,,
INV-91928,,Vendor,54237,,6-May-24,,12749,,58077,,70826,,70826,,
INV-75058,,Vendor,15894,,9-Apr-24,,8675,,39517,,48192,,48192,,
INV-61272,,Vendor,18907,,27-Apr-24,,11740,,53484,,65225,,65225,,
INV-14027,,Vendor,28617,,16-Apr-24,,5817,,26500,,32317,,32317,,
INV-21720,,Vendor,65603,,13-Apr-24,,12784,,58237,,71021,,71021,,
INV-51730,,Vendor,28943,,17-Apr-24,,15671,,71389,,87060,,87060,,
INV-13526,,Vendor,99006,,1-May-24,,16262,,74084,,90347,,90347,,
INV-12121,,Vendor,67910,,1-May-24,,6086,,27724,,33810,,33810,,
INV-27648,,Vendor,18518,,30-Apr-24,,5016,,22851,,27867,,27867,,
INV-11139,,Vendor,57272,,22-Apr-24,,17668,,80487,,98155,,98155,,
INV-25254,,Vendor,92146,,16-Apr-24,,1015,,4623,,5638,,5638,,
INV-33816,,Vendor,62645,,2-May-24,,11486,,52324,,63810,,63810,,
INV-23429,,Vendor,64279,,8-Apr-24,,10096,,45991,,56087,,56087,,
INV-72648,,Vendor,45200,,12-Apr-24,,13478,,61398,,74875,,74875,,
INV-44676,,Vendor,59897,,29-Apr-24,,13704,,62428,,76132,,76132,,
INV-31337,,Vendor,74290,,19-Apr-24,,15559,,70879,,86438,,86438,,
INV-48547,,Vendor,27164,,1-May-24,,14912,,67932,,82844,,82844,,
INV-22363,,Vendor,58582,,6-May-24,,17630,,80314,,97943,,97943,,
INV-28330,,Vendor,18542,,11-Apr-24,,15009,,68374,,83382,,83382,,
INV-47046,,Vendor,31683,,12-Apr-24,,4351,,19819,,24170,,24170,,
INV-78841,,Vendor,99161,,7-Apr-24,,16891,,76947,,93837,,93837,,
INV-52868,,Vendor,12404,,29-Apr-24,,17921,,81642,,99563,,99563,,
INV-14327,,Vendor,10891,,27-Apr-24,,15598,,71056,,86653,,86653,,
INV-66788,,Vendor,95219,,17-Apr-24,,13656,,62209,,75864,,75864,,
INV-15124,,Vendor,51662,,18-Apr-24,,3890,,17721,,21611,,21611,,
INV-75253,,Vendor,72837,,14-Apr-24,,13239,,60310,,73549,,73549,,
INV-74631,,Vendor,46721,,8-Apr-24,,10120,,46101,,56220,,56220,,
INV-93165,,Vendor,43025,,26-Apr-24,,3621,,16495,,20116,,20116,,
INV-23286,,Vendor,49664,,6-May-24,,5962,,27161,,33124,,33124,,
INV-34687,,Vendor,42599,,8-Apr-24,,994,,4530,,5525,,5525,,
INV-80114,,Vendor,68189,,25-Apr-24,,1422,,6478,,7900,,7900,,
INV-54678,,Vendor,65544,,11-Apr-24,,4792,,21831,,26623,,26623,,
INV-70993,,Vendor,53326,,18-Apr-24,,16214,,73862,,90075,,90075,,
INV-90005,,Vendor,70959,,28-Apr-24,,16449,,74933,,91382,,91382,,
INV-79764,,Vendor,68226,,12-Apr-24,,14076,,64122,,78197,,78197,,
INV-95792,,Vendor,33216,,22-Apr-24,,12644,,57600,,70243,,70243,,
INV-25599,,Vendor,49286,,27-Apr-24,,7111,,32394,,39505,,39505,,
INV-56107,,Vendor,18521,,9-Apr-24,,15099,,68785,,83884,,83884,,
INV-59105,,Vendor,12986,,22-Apr-24,,2015,,9179,,11193,,11193,,
INV-76841,,Vendor,80973,,8-Apr-24,,12210,,55621,,67831,,67831,,
INV-16961,,Vendor,33351,,20-Apr-24,,17170,,78221,,95391,,95391,,
INV-99518,,Vendor,18211,,2-May-24,,7459,,33978,,41436,,41436,,
INV-69977,,Vendor,80947,,30-Apr-24,,8080,,36808,,44888,,44888,,
INV-59287,,Vendor,73250,,1-May-24,,16330,,74394,,90725,,90725,,
INV-88539,,Vendor,80705,,4-May-24,,11127,,50690,,61818,,61818,,
INV-97584,,Vendor,67880,,17-Apr-24,,6185,,28178,,34363,,34363,,
INV-26764,,Vendor,73650,,21-Apr-24,,8465,,38562,,47026,,47026,,
INV-51933,,Vendor,94148,,23-Apr-24,,13909,,63362,,77271,,77271,,
INV-23983,,Vendor,98044,,11-Apr-24,,6089,,27741,,33831,,33831,,
INV-65445,,Vendor,46788,,9-Apr-24,,6469,,29470,,35939,,35939,,
INV-76527,,Vendor,63233,,19-Apr-24,,15993,,72858,,88851,,88851,,
INV-19390,,Vendor,80989,,20-Apr-24,,10109,,46053,,56162,,56162,,
INV-37465,,Vendor,16035,,30-Apr-24,,10355,,47175,,57530,,57530,,
INV-91802,,Vendor,87956,,27-Apr-24,,4069,,18536,,22605,,22605,,
INV-60449,,Vendor,67965,,3-May-24,,9040,,41180,,50220,,50220,,
INV-12189,,Vendor,90202,,19-Apr-24,,11519,,52473,,63992,,63992,,
INV-48246,,Vendor,61809,,13-Apr-24,,7412,,33766,,41178,,41178,,
INV-62763,,Vendor,64526,,20-Apr-24,,2752,,12539,,15291,,15291,,
INV-27665,,Vendor,25233,,28-Apr-24,,6652,,30305,,36957,,36957,,
INV-73393,,Vendor,19527,,6-May-24,,9279,,42269,,51548,,51548,,
INV-68872,,Vendor,71285,,21-Apr-24,,13530,,61638,,75168,,75168,,
INV-92415,,Vendor,77502,,4-May-24,,769,,3505,,4274,,4274,,
INV-16742,,Vendor,75137,,25-Apr-24,,4614,,21017,,25631,,25631,,
INV-34377,,Vendor,43456,,3-May-24,,16878,,76887,,93765,,93765,,
INV-75443,,Vendor,97018,,18-Apr-24,,14520,,66145,,80665,,80665,,
INV-16434,,Vendor,11871,,1-May-24,,2442,,11127,,13569,,13569,,
INV-66971,,Vendor,37073,,25-Apr-24,,968,,4411,,5379,,5379,,
INV-73007,,Vendor,23270,,23-Apr-24,,12441,,56673,,69114,,69114,,
INV-49928,,Vendor,93874,,29-Apr-24,,7174,,32683,,39858,,39858,,
INV-79021,,Vendor,81503,,7-Apr-24,,3070,,13984,,17054,,17054,,
INV-32217,,Vendor,11825,,12-Apr-24,,2552,,11627,,14179,,14179,,
INV-57936,,Vendor,99003,,5-May-24,,14594,,66485,,81079,,81079,,
INV-25255,,Vendor,82679,,5-May-24,,686,,3126,,3812,,3812,,
INV-81235,,Vendor,37785,,22-Apr-24,,9873,,44977,,54850,,54850,,
INV-59192,,Vendor,27638,,1-May-24,,16541,,75353,,91894,,91894,,
INV-52159,,Vendor,45942,,27-Apr-24,,940,,4280,,5220,,5220,,
INV-34638,,Vendor,77143,,3-May-24,,17058,,77708,,94766,,94766,,
INV-90233,,Vendor,12233,,17-Apr-24,,8206,,37381,,45586,,45586,,
INV-42045,,Vendor,67773,,8-Apr-24,,4149,,18901,,23050,,23050,,
INV-62442,,Vendor,44528,,13-Apr-24,,11267,,51326,,62593,,62593,,
INV-22776,,Vendor,27401,,21-Apr-24,,16299,,74253,,90552,,90552,,
INV-92060,,Vendor,13436,,23-Apr-24,,9460,,43098,,52558,,52558,,
INV-78315,,Vendor,80834,,13-Apr-24,,11405,,51956,,63361,,63361,,
INV-96413,,Vendor,55813,,11-Apr-24,,12559,,57215,,69774,,69774,,
INV-73617,,Vendor,77835,,29-Apr-24,,17988,,81944,,99932,,99932,,
INV-60672,,Vendor,14024,,28-Apr-24,,12703,,57870,,70573,,70573,,
INV-38361,,Vendor,44083,,13-Apr-24,,6450,,29386,,35836,,35836,,
INV-40280,,Vendor,58470,,17-Apr-24,,3788,,17254,,21042,,21042,,
INV-86611,,Vendor,71011,,19-Apr-24,,7344,,33458,,40803,,40803,,
INV-43086,,Vendor,32258,,7-Apr-24,,6517,,29688,,36205,,36205,,
INV-45584,,Vendor,64218,,19-Apr-24,,13828,,62993,,76820,,76820,,
INV-38265,,Vendor,49222,,8-Apr-24,,13022,,59321,,72343,,72343,,
INV-21063,,Vendor,52440,,3-May-24,,10771,,49067,,59837,,59837,,
INV-82864,,Vendor,58249,,3-May-24,,15953,,72677,,88630,,88630,,
INV-81101,,Vendor,49232,,5-May-24,,4759,,21681,,26441,,26441,,
INV-53550,,Vendor,84998,,22-Apr-24,,4518,,20582,,25099,,25099,,
INV-14420,,Vendor,93652,,27-Apr-24,,6601,,30070,,36671,,36671,,
INV-46344,,Vendor,67367,,19-Apr-24,,7190,,32754,,39943,,39943,,
INV-36563,,Vendor,21249,,22-Apr-24,,6478,,29509,,35986,,35986,,
INV-29514,,Vendor,78829,,19-Apr-24,,12593,,57368,,69961,,69961,,
INV-14615,,Vendor,79649,,30-Apr-24,,6873,,31311,,38185,,38185,,
INV-19000,,Vendor,80495,,8-Apr-24,,9927,,45225,,55152,,55152,,
INV-47727,,Vendor,11560,,24-Apr-24,,2847,,12971,,15818,,15818,,
INV-12606,,Vendor,29050,,11-Apr-24,,16067,,73195,,89263,,89263,,
INV-87066,,Vendor,18356,,6-May-24,,10349,,47144,,57493,,57493,,
INV-71876,,Vendor,93704,,29-Apr-24,,11120,,50660,,61781,,61781,,
INV-57942,,Vendor,43249,,3-May-24,,11170,,50884,,62053,,62053,,
INV-93156,,Vendor,24196,,14-Apr-24,,2484,,11318,,13802,,13802,,
INV-58078,,Vendor,43066,,5-May-24,,11646,,53052,,64698,,64698,,
INV-91307,,Vendor,19161,,14-Apr-24,,6361,,28980,,35341,,35341,,
INV-52400,,Vendor,22686,,20-Apr-24,,1537,,7003,,8541,,8541,,
INV-91314,,Vendor,69470,,10-Apr-24,,14401,,65606,,80008,,80008,,
INV-19573,,Vendor,12371,,4-May-24,,7797,,35519,,43315,,43315,,
INV-15059,,Vendor,44579,,27-Apr-24,,17411,,79317,,96728,,96728,,
INV-23175,,Vendor,97695,,23-Apr-24,,14193,,64657,,78849,,78849,,
INV-43950,,Vendor,79264,,4-May-24,,12187,,55516,,67703,,67703,,
INV-26621,,Vendor,33372,,2-May-24,,5887,,26818,,32705,,32705,,
INV-66749,,Vendor,41105,,21-Apr-24,,5275,,24030,,29304,,29304,,
INV-98219,,Vendor,88022,,1-May-24,,5225,,23804,,29029,,29029,,
INV-84745,,Vendor,25762,,7-Apr-24,,3843,,17505,,21347,,21347,,
INV-23705,,Vendor,81373,,7-Apr-24,,10334,,47075,,57409,,57409,,
INV-59533,,Vendor,85597,,9-Apr-24,,8145,,37106,,45251,,45251,,
INV-27291,,Vendor,35322,,7-Apr-24,,16988,,77388,,94375,,94375,,
INV-97347,,Vendor,54244,,14-Apr-24,,1075,,4897,,5972,,5972,,
INV-59425,,Vendor,67919,,7-Apr-24,,13856,,63123,,76979,,76979,,
INV-44794,,Vendor,76316,,19-Apr-24,,9713,,44247,,53960,,53960,,
INV-60193,,Vendor,40127,,17-Apr-24,,13707,,62443,,76150,,76150,,
INV-29154,,Vendor,78733,,13-Apr-24,,1253,,5708,,6961,,6961,,
INV-14658,,Vendor,71105,,20-Apr-24,,5217,,23767,,28985,,28985,,
INV-32348,,Vendor,59260,,14-Apr-24,,17482,,79639,,97120,,97120,,
INV-76551,,Vendor,16523,,21-Apr-24,,621,,2828,,3449,,3449,,
INV-30505,,Vendor,37487,,26-Apr-24,,1234,,5621,,6855,,6855,,
INV-99216,,Vendor,51574,,5-May-24,,8431,,38408,,46839,,46839,,
INV-20062,,Vendor,58112,,3-May-24,,15861,,72256,,88117,,88117,,
INV-72834,,Vendor,84504,,30-Apr-24,,13329,,60722,,74051,,74051,,
INV-14637,,Vendor,92258,,26-Apr-24,,13742,,62604,,76347,,76347,,
INV-88816,,Vendor,76495,,7-Apr-24,,9770,,44509,,54279,,54279,,
INV-86582,,Vendor,71760,,22-Apr-24,,10724,,48853,,59577,,59577,,
INV-51242,,Vendor,62438,,26-Apr-24,,17980,,81910,,99890,,99890,,
INV-50375,,Vendor,10695,,7-Apr-24,,16202,,73807,,90009,,90009,,
INV-15139,,Vendor,44063,,30-Apr-24,,732,,3335,,4068,,4068,,
INV-13403,,Vendor,98070,,27-Apr-24,,14698,,66959,,81658,,81658,,
INV-25618,,Vendor,63966,,6-May-24,,6984,,31816,,38800,,38800,,
INV-81250,,Vendor,56864,,28-Apr-24,,7771,,35399,,43170,,43170,,
INV-53072,,Vendor,91921,,10-Apr-24,,15014,,68397,,83411,,83411,,
INV-29611,,Vendor,99734,,29-Apr-24,,10932,,49800,,60732,,60732,,
INV-12216,,Vendor,78599,,3-May-24,,11133,,50715,,61848,,61848,,
INV-20298,,Vendor,88094,,6-May-24,,8672,,39505,,48177,,48177,,
INV-64517,,Vendor,15360,,29-Apr-24,,9970,,45419,,55389,,55389,,
INV-29369,,Vendor,20497,,15-Apr-24,,9760,,44464,,54224,,54224,,
INV-74754,,Vendor,81163,,14-Apr-24,,3452,,15725,,19177,,19177,,
INV-26964,,Vendor,98834,,5-May-24,,5683,,25888,,31570,,31570,,
INV-96894,,Vendor,60849,,2-May-24,,3794,,17286,,21080,,21080,,
INV-29986,,Vendor,20872,,27-Apr-24,,9986,,45490,,55475,,55475,,
INV-51784,,Vendor,45202,,25-Apr-24,,10398,,47370,,57769,,57769,,
INV-25941,,Vendor,81374,,29-Apr-24,,9631,,43872,,53503,,53503,,
INV-84464,,Vendor,17433,,21-Apr-24,,4054,,18470,,22524,,22524,,
INV-73328,,Vendor,15236,,25-Apr-24,,16718,,76158,,92876,,92876,,
INV-35132,,Vendor,72712,,3-May-24,,12881,,58682,,71564,,71564,,
INV-23177,,Vendor,67190,,5-May-24,,15094,,68760,,83854,,83854,,
INV-76933,,Vendor,83944,,11-Apr-24,,11881,,54125,,66006,,66006,,
INV-48828,,Vendor,70154,,3-May-24,,11408,,51970,,63378,,63378,,
INV-33692,,Vendor,69536,,7-Apr-24,,17044,,77645,,94689,,94689,,
INV-68305,,Vendor,42641,,29-Apr-24,,2598,,11833,,14431,,14431,,
INV-66606,,Vendor,77145,,15-Apr-24,,11420,,52023,,63442,,63442,,
INV-65097,,Vendor,66389,,10-Apr-24,,127,,578,,705,,705,,
INV-17080,,Vendor,29049,,22-Apr-24,,10900,,49655,,60555,,60555,,
INV-42580,,Vendor,80420,,26-Apr-24,,2426,,11054,,13480,,13480,,
INV-92630,,Vendor,45381,,6-May-24,,3483,,15865,,19348,,19348,,
INV-29117,,Vendor,76874,,16-Apr-24,,6170,,28107,,34277,,34277,,
INV-32571,,Vendor,94867,,30-Apr-24,,3542,,16136,,19678,,19678,,
INV-84351,,Vendor,49564,,20-Apr-24,,15789,,71927,,87715,,87715,,
INV-84172,,Vendor,41808,,26-Apr-24,,5235,,23850,,29086,,29086,,
INV-48375,,Vendor,10532,,10-Apr-24,,5602,,25519,,31121,,31121,,
INV-84476,,Vendor,25944,,6-May-24,,14509,,66098,,80607,,80607,,
INV-54962,,Vendor,96074,,14-Apr-24,,7945,,36196,,44141,,44141,,
INV-55451,,Vendor,99046,,3-May-24,,8606,,39206,,47813,,47813,,
INV-42049,,Vendor,96593,,7-Apr-24,,16986,,77379,,94364,,94364,,
INV-66720,,Vendor,12325,,4-May-24,,7675,,34962,,42637,,42637,,
INV-51167,,Vendor,60979,,6-May-24,,6490,,29566,,36056,,36056,,
INV-11954,,Vendor,60304,,2-May-24,,17518,,79806,,97324,,97324,,
INV-94287,,Vendor,49142,,15-Apr-24,,10190,,46419,,56609,,56609,,
INV-50403,,Vendor,22362,,27-Apr-24,,16964,,77279,,94243,,94243,,
INV-96700,,Vendor,64955,,5-May-24,,12532,,57091,,69623,,69623,,
INV-48323,,Vendor,29514,,2-May-24,,7210,,32844,,40054,,40054,,
INV-70958,,Vendor,32062,,10-Apr-24,,14410,,65645,,80054,,80054,,
INV-10009,,Vendor,15608,,16-Apr-24,,6009,,27374,,33384,,33384,,
INV-67368,,Vendor,47389,,25-Apr-24,,16293,,74221,,90514,,90514,,
INV-39292,,Vendor,24476,,20-Apr-24,,2653,,12084,,14737,,14737,,
INV-37853,,Vendor,52538,,17-Apr-24,,12517,,57022,,69539,,69539,,
INV-49912,,Vendor,78733,,13-Apr-24,,3580,,16307,,19887,,19887,,
INV-44362,,Vendor,77179,,1-May-24,,4657,,21215,,25873,,25873,,
INV-82520,,Vendor,97006,,2-May-24,,13639,,62133,,75772,,75772,,
INV-40967,,Vendor,74164,,11-Apr-24,,564,,2569,,3133,,3133,,
INV-30063,,Vendor,14600,,22-Apr-24,,325,,1480,,1805,,1805,,
INV-33610,,Vendor,56038,,14-Apr-24,,300,,1369,,1669,,1669,,
INV-21342,,Vendor,91623,,8-Apr-24,,17284,,78738,,96022,,96022,,
INV-54678,,Vendor,83873,,4-May-24,,17803,,81105,,98908,,98908,,
INV-84274,,Vendor,19850,,8-Apr-24,,16689,,76027,,92716,,92716,,
INV-46449,,Vendor,95088,,12-Apr-24,,958,,4366,,5324,,5324,,
INV-70696,,Vendor,32334,,17-Apr-24,,8737,,39800,,48536,,48536,,
INV-83631,,Vendor,63146,,18-Apr-24,,17452,,79505,,96958,,96958,,
INV-98550,,Vendor,26100,,22-Apr-24,,17669,,80493,,98162,,98162,,
INV-14280,,Vendor,44138,,17-Apr-24,,3278,,14932,,18210,,18210,,
INV-49275,,Vendor,14335,,8-Apr-24,,10334,,47078,,57412,,57412,,
INV-14494,,Vendor,78346,,28-Apr-24,,8435,,38425,,46860,,46860,,
INV-21423,,Vendor,68782,,1-May-24,,15470,,70472,,85942,,85942,,
INV-14144,,Vendor,18272,,24-Apr-24,,17308,,78846,,96154,,96154,,
INV-54881,,Vendor,56389,,17-Apr-24,,5526,,25173,,30698,,30698,,
INV-39716,,Vendor,72900,,9-Apr-24,,4603,,20971,,25575,,25575,,
INV-77848,,Vendor,80440,,12-Apr-24,,10041,,45744,,55785,,55785,,
INV-48287,,Vendor,96986,,26-Apr-24,,2117,,9646,,11763,,11763,,
INV-58909,,Vendor,54160,,24-Apr-24,,15902,,72441,,88343,,88343,,
INV-85823,,Vendor,91242,,8-Apr-24,,2665,,12140,,14805,,14805,,
INV-10758,,Vendor,42192,,3-May-24,,3878,,17669,,21547,,21547,,
INV-56598,,Vendor,52305,,23-Apr-24,,13033,,59370,,72403,,72403,,
INV-53553,,Vendor,68343,,24-Apr-24,,3526,,16061,,19587,,19587,,
INV-58552,,Vendor,51988,,17-Apr-24,,2706,,12326,,15032,,15032,,
INV-62071,,Vendor,62080,,30-Apr-24,,1638,,7461,,9099,,9099,,
INV-10632,,Vendor,74190,,30-Apr-24,,13252,,60369,,73621,,73621,,
INV-59048,,Vendor,10465,,6-May-24,,4316,,19661,,23977,,23977,,
INV-18350,,Vendor,57237,,23-Apr-24,,10134,,46166,,56300,,56300,,
INV-32420,,Vendor,68135,,28-Apr-24,,4009,,18263,,22272,,22272,,
INV-19344,,Vendor,76163,,10-Apr-24,,17371,,79133,,96503,,96503,,
INV-74642,,Vendor,48550,,19-Apr-24,,15230,,69382,,84612,,84612,,
INV-93201,,Vendor,89863,,4-May-24,,15628,,71193,,86820,,86820,,
INV-81595,,Vendor,80157,,9-Apr-24,,15352,,69937,,85289,,85289,,
INV-75284,,Vendor,23521,,2-May-24,,1911,,8708,,10619,,10619,,
INV-59277,,Vendor,46982,,1-May-24,,11619,,52932,,64552,,64552,,
INV-90429,,Vendor,63619,,29-Apr-24,,8587,,39120,,47707,,47707,,
INV-23604,,Vendor,33511,,14-Apr-24,,10156,,46264,,56420,,56420,,
INV-88474,,Vendor,51052,,18-Apr-24,,4165,,18972,,23137,,23137,,
INV-86294,,Vendor,66330,,15-Apr-24,,13243,,60328,,73571,,73571,,
INV-20190,,Vendor,73934,,9-Apr-24,,454,,2066,,2520,,2520,,
INV-15219,,Vendor,31404,,15-Apr-24,,10203,,46482,,56686,,56686,,
INV-98233,,Vendor,76223,,20-Apr-24,,6464,,29446,,35910,,35910,,
INV-64272,,Vendor,33080,,5-May-24,,16619,,75707,,92325,,92325,,
INV-73109,,Vendor,22024,,16-Apr-24,,12706,,57884,,70591,,70591,,
INV-72949,,Vendor,32311,,24-Apr-24,,4229,,19267,,23496,,23496,,
INV-71041,,Vendor,61312,,17-Apr-24,,11646,,53052,,64697,,64697,,
INV-67276,,Vendor,50217,,20-Apr-24,,1664,,7579,,9242,,9242,,
INV-93815,,Vendor,23018,,15-Apr-24,,7840,,35714,,43553,,43553,,
INV-30173,,Vendor,44569,,19-Apr-24,,12983,,59144,,72127,,72127,,
INV-37674,,Vendor,72770,,23-Apr-24,,6385,,29089,,35475,,35475,,
INV-61387,,Vendor,31804,,22-Apr-24,,5016,,22852,,27868,,27868,,
INV-42057,,Vendor,96755,,6-May-24,,2213,,10083,,12297,,12297,,
INV-44512,,Vendor,77209,,15-Apr-24,,8181,,37268,,45449,,45449,,
INV-46316,,Vendor,86338,,22-Apr-24,,9140,,41639,,50780,,50780,,
INV-87010,,Vendor,31342,,4-May-24,,10615,,48357,,58972,,58972,,
INV-62730,,Vendor,45241,,30-Apr-24,,13563,,61785,,75348,,75348,,
INV-62923,,Vendor,68781,,11-Apr-24,,10838,,49373,,60211,,60211,,
INV-67514,,Vendor,60884,,4-May-24,,8183,,37278,,45461,,45461,,
INV-23084,,Vendor,64406,,5-May-24,,9171,,41780,,50952,,50952,,
INV-31845,,Vendor,13806,,16-Apr-24,,15621,,71164,,86785,,86785,,
INV-35679,,Vendor,58660,,5-May-24,,4573,,20831,,25404,,25404,,
INV-18733,,Vendor,19836,,28-Apr-24,,11090,,50523,,61613,,61613,,
INV-18921,,Vendor,22157,,17-Apr-24,,1985,,9042,,11026,,11026,,
INV-33803,,Vendor,76970,,3-May-24,,4012,,18278,,22290,,22290,,
INV-17083,,Vendor,68912,,6-May-24,,4695,,21386,,26081,,26081,,
INV-13871,,Vendor,13315,,19-Apr-24,,12156,,55378,,67534,,67534,,
INV-76745,,Vendor,48446,,22-Apr-24,,8248,,37573,,45821,,45821,,
INV-56800,,Vendor,75109,,17-Apr-24,,15170,,69109,,84279,,84279,,
INV-24347,,Vendor,25990,,14-Apr-24,,7981,,36357,,44338,,44338,,
INV-47295,,Vendor,79170,,23-Apr-24,,11517,,52465,,63982,,63982,,
INV-41741,,Vendor,35836,,6-May-24,,10739,,48923,,59663,,59663,,
INV-33855,,Vendor,19243,,12-Apr-24,,9106,,41481,,50587,,50587,,
INV-10387,,Vendor,88018,,7-Apr-24,,10791,,49160,,59951,,59951,,
INV-67433,,Vendor,91899,,5-May-24,,8652,,39416,,48068,,48068,,
INV-49547,,Vendor,81656,,15-Apr-24,,17733,,80782,,98515,,98515,,
INV-49236,,Vendor,74276,,6-May-24,,14451,,65834,,80285,,80285,,
INV-87529,,Vendor,60584,,12-Apr-24,,13914,,63387,,77301,,77301,,
INV-96955,,Vendor,17315,,7-Apr-24,,1074,,4892,,5966,,5966,,
INV-22062,,Vendor,20515,,20-Apr-24,,16726,,76196,,92922,,92922,,
INV-50335,,Vendor,60880,,3-May-24,,2347,,10693,,13041,,13041,,
INV-40418,,Vendor,62716,,18-Apr-24,,9495,,43255,,52750,,52750,,
INV-83172,,Vendor,77882,,2-May-24,,8105,,36924,,45029,,45029,,
INV-42657,,Vendor,37756,,7-Apr-24,,12563,,57230,,69793,,69793,,
INV-59883,,Vendor,70577,,27-Apr-24,,12195,,55556,,67752,,67752,,
INV-51989,,Vendor,42222,,26-Apr-24,,15052,,68571,,83623,,83623,,
INV-56421,,Vendor,18913,,19-Apr-24,,517,,2356,,2874,,2874,,
INV-19798,,Vendor,44557,,11-Apr-24,,14341,,65333,,79674,,79674,,
INV-57742,,Vendor,81602,,23-Apr-24,,11178,,50923,,62102,,62102,,
INV-48487,,Vendor,58436,,12-Apr-24,,14902,,67888,,82790,,82790,,
INV-92974,,Vendor,30550,,3-May-24,,2944,,13410,,16353,,16353,,
INV-96967,,Vendor,58961,,18-Apr-24,,10188,,46414,,56603,,56603,,
INV-86909,,Vendor,68177,,10-Apr-24,,14848,,67640,,82488,,82488,,
INV-10156,,Vendor,66022,,10-Apr-24,,7796,,35516,,43313,,43313,,
INV-29268,,Vendor,17288,,15-Apr-24,,4219,,19221,,23440,,23440,,
INV-22115,,Vendor,67428,,16-Apr-24,,11431,,52075,,63507,,63507,,
INV-75199,,Vendor,69412,,23-Apr-24,,6771,,30848,,37619,,37619,,
INV-88299,,Vendor,33705,,30-Apr-24,,4602,,20966,,25568,,25568,,
INV-35888,,Vendor,13095,,28-Apr-24,,15006,,68363,,83369,,83369,,
INV-21294,,Vendor,15074,,18-Apr-24,,10913,,49717,,60630,,60630,,
INV-98678,,Vendor,83100,,23-Apr-24,,4227,,19256,,23483,,23483,,
INV-12369,,Vendor,32058,,15-Apr-24,,10922,,49757,,60679,,60679,,
INV-42388,,Vendor,22357,,9-Apr-24,,11187,,50961,,62148,,62148,,
INV-69304,,Vendor,94203,,1-May-24,,12299,,56029,,68328,,68328,,
INV-32391,,Vendor,78565,,5-May-24,,12141,,55310,,67451,,67451,,
INV-74720,,Vendor,78261,,18-Apr-24,,6709,,30563,,37272,,37272,,
INV-22303,,Vendor,63231,,16-Apr-24,,12158,,55386,,67544,,67544,,
INV-12098,,Vendor,82283,,25-Apr-24,,13909,,63363,,77271,,77271,,
INV-28182,,Vendor,41747,,7-Apr-24,,2184,,9951,,12136,,12136,,
INV-88600,,Vendor,90860,,21-Apr-24,,6905,,31454,,38359,,38359,,
INV-21659,,Vendor,82121,,4-May-24,,16005,,72912,,88917,,88917,,
INV-21195,,Vendor,85740,,10-Apr-24,,11006,,50138,,61144,,61144,,
INV-47549,,Vendor,76489,,9-Apr-24,,6807,,31011,,37818,,37818,,
INV-24984,,Vendor,38948,,29-Apr-24,,7078,,32243,,39321,,39321,,
INV-57851,,Vendor,47022,,25-Apr-24,,17685,,80566,,98251,,98251,,
INV-33286,,Vendor,42383,,24-Apr-24,,4153,,18917,,23070,,23070,,
INV-55066,,Vendor,67261,,11-Apr-24,,14956,,68131,,83086,,83086,,
INV-32252,,Vendor,12732,,21-Apr-24,,2521,,11483,,14004,,14004,,
INV-14851,,Vendor,82486,,30-Apr-24,,17248,,78574,,95822,,95822,,
INV-80103,,Vendor,51051,,27-Apr-24,,7493,,34135,,41628,,41628,,
INV-67913,,Vendor,23243,,17-Apr-24,,9269,,42226,,51495,,51495,,
INV-23411,,Vendor,46525,,10-Apr-24,,4926,,22443,,27369,,27369,,
INV-61182,,Vendor,39515,,4-May-24,,8393,,38234,,46626,,46626,,
INV-84858,,Vendor,28508,,13-Apr-24,,5276,,24036,,29312,,29312,,
INV-70596,,Vendor,41435,,1-May-24,,1959,,8926,,10885,,10885,,
INV-47125,,Vendor,45005,,14-Apr-24,,3580,,16308,,19888,,19888,,
INV-93114,,Vendor,26360,,2-May-24,,1988,,9058,,11046,,11046,,
INV-42512,,Vendor,14980,,14-Apr-24,,6356,,28956,,35313,,35313,,
INV-38359,,Vendor,39842,,28-Apr-24,,11888,,54156,,66044,,66044,,
INV-54576,,Vendor,58973,,27-Apr-24,,229,,1045,,1274,,1274,,
INV-46121,,Vendor,29412,,22-Apr-24,,7721,,35173,,42894,,42894,,
INV-40576,,Vendor,94293,,8-Apr-24,,7249,,33023,,40272,,40272,,
INV-59281,,Vendor,18117,,3-May-24,,3833,,17461,,21294,,21294,,
INV-79929,,Vendor,58428,,16-Apr-24,,3267,,14883,,18150,,18150,,
INV-19239,,Vendor,42201,,20-Apr-24,,7169,,32659,,39828,,39828,,
INV-27514,,Vendor,39565,,17-Apr-24,,1889,,8604,,10493,,10493,,
INV-15576,,Vendor,50643,,27-Apr-24,,6501,,29618,,36119,,36119,,
INV-43893,,Vendor,49021,,16-Apr-24,,14430,,65735,,80165,,80165,,
INV-18058,,Vendor,80151,,23-Apr-24,,13989,,63728,,77717,,77717,,
INV-46409,,Vendor,27522,,7-Apr-24,,5178,,23590,,28769,,28769,,
INV-59899,,Vendor,51672,,29-Apr-24,,14780,,67331,,82111,,82111,,
INV-74392,,Vendor,18917,,27-Apr-24,,4076,,18570,,22646,,22646,,
INV-50618,,Vendor,68742,,4-May-24,,8548,,38941,,47488,,47488,,
INV-59771,,Vendor,63386,,13-Apr-24,,94,,430,,525,,525,,
INV-53970,,Vendor,94415,,10-Apr-24,,3706,,16885,,20591,,20591,,
INV-97218,,Vendor,21792,,22-Apr-24,,17256,,78611,,95868,,95868,,
INV-32049,,Vendor,12873,,20-Apr-24,,1835,,8360,,10195,,10195,,
INV-65579,,Vendor,73781,,19-Apr-24,,17718,,80713,,98431,,98431,,
INV-20160,,Vendor,38278,,1-May-24,,11461,,52213,,63675,,63675,,
INV-30724,,Vendor,23267,,15-Apr-24,,17965,,81842,,99808,,99808,,
INV-45411,,Vendor,88630,,21-Apr-24,,9910,,45145,,55055,,55055,,
INV-43179,,Vendor,36161,,18-Apr-24,,5163,,23522,,28685,,28685,,
INV-32051,,Vendor,33809,,18-Apr-24,,15038,,68506,,83544,,83544,,
INV-58089,,Vendor,91840,,12-Apr-24,,6079,,27695,,33774,,33774,,
INV-86930,,Vendor,50955,,16-Apr-24,,2222,,10124,,12347,,12347,,
INV-49143,,Vendor,39522,,14-Apr-24,,7155,,32593,,39747,,39747,,
INV-68186,,Vendor,64889,,14-Apr-24,,10284,,46848,,57132,,57132,,
INV-68857,,Vendor,30706,,15-Apr-24,,3235,,14735,,17970,,17970,,
INV-48178,,Vendor,16005,,7-Apr-24,,8253,,37598,,45851,,45851,,
INV-86843,,Vendor,43402,,28-Apr-24,,10138,,46184,,56323,,56323,,
INV-37272,,Vendor,94832,,10-Apr-24,,9560,,43551,,53112,,53112,,
INV-28267,,Vendor,28265,,9-Apr-24,,8619,,39266,,47886,,47886,,
INV-66261,,Vendor,99377,,24-Apr-24,,1408,,6415,,7823,,7823,,
INV-80083,,Vendor,93452,,5-May-24,,6270,,28562,,34831,,34831,,
INV-34626,,Vendor,31764,,20-Apr-24,,17416,,79341,,96757,,96757,,
INV-85050,,Vendor,54751,,20-Apr-24,,13092,,59640,,72732,,72732,,
INV-94917,,Vendor,84690,,12-Apr-24,,12436,,56654,,69091,,69091,,
INV-75333,,Vendor,98508,,17-Apr-24,,3647,,16615,,20262,,20262,,
INV-52395,,Vendor,73359,,23-Apr-24,,2669,,12158,,14827,,14827,,
INV-17695,,Vendor,62872,,7-Apr-24,,4759,,21679,,26438,,26438,,
INV-24543,,Vendor,42303,,19-Apr-24,,8619,,39262,,47881,,47881,,
INV-26937,,Vendor,17182,,10-Apr-24,,15947,,72646,,88592,,88592,,
INV-44371,,Vendor,17662,,3-May-24,,7454,,33958,,41413,,41413,,
INV-53605,,Vendor,37053,,4-May-24,,5878,,26778,,32656,,32656,,
INV-89488,,Vendor,79127,,30-Apr-24,,11908,,54248,,66156,,66156,,
INV-78442,,Vendor,50621,,9-Apr-24,,12905,,58788,,71692,,71692,,
INV-69928,,Vendor,23166,,8-Apr-24,,4629,,21087,,25715,,25715,,
INV-30599,,Vendor,34592,,4-May-24,,16008,,72925,,88933,,88933,,
INV-81757,,Vendor,63819,,24-Apr-24,,7052,,32126,,39179,,39179,,
INV-90440,,Vendor,46994,,10-Apr-24,,10773,,49075,,59847,,59847,,
INV-82671,,Vendor,88880,,3-May-24,,2208,,10061,,12269,,12269,,
INV-93921,,Vendor,32594,,22-Apr-24,,5942,,27067,,33009,,33009,,
INV-53838,,Vendor,76703,,19-Apr-24,,9835,,44802,,54636,,54636,,
INV-64812,,Vendor,91428,,9-Apr-24,,1088,,4956,,6044,,6044,,
INV-47773,,Vendor,53266,,13-Apr-24,,7096,,32325,,39421,,39421,,
INV-27638,,Vendor,82711,,6-May-24,,2430,,11071,,13501,,13501,,
INV-28843,,Vendor,22655,,30-Apr-24,,17416,,79339,,96755,,96755,,
INV-34138,,Vendor,90934,,29-Apr-24,,11684,,53226,,64910,,64910,,
INV-41642,,Vendor,48076,,7-Apr-24,,3007,,13698,,16705,,16705,,
INV-81760,,Vendor,76882,,30-Apr-24,,4186,,19071,,23257,,23257,,
INV-53747,,Vendor,85431,,8-Apr-24,,8498,,38711,,47209,,47209,,
INV-93401,,Vendor,89960,,21-Apr-24,,4906,,22352,,27258,,27258,,
INV-37483,,Vendor,38955,,20-Apr-24,,11934,,54364,,66297,,66297,,
INV-20989,,Vendor,38561,,28-Apr-24,,796,,3628,,4425,,4425,,
INV-63118,,Vendor,40908,,22-Apr-24,,6000,,27335,,33336,,33336,,
INV-30670,,Vendor,90435,,28-Apr-24,,539,,2455,,2993,,2993,,
INV-50844,,Vendor,81598,,1-May-24,,7140,,32525,,39664,,39664,,
INV-24488,,Vendor,76108,,15-Apr-24,,5893,,26848,,32741,,32741,,
INV-41095,,Vendor,91728,,27-Apr-24,,11769,,53613,,65381,,65381,,
INV-41243,,Vendor,89357,,14-Apr-24,,13099,,59673,,72772,,72772,,
INV-46366,,Vendor,30407,,28-Apr-24,,12472,,56817,,69289,,69289,,
INV-92266,,Vendor,79528,,18-Apr-24,,15593,,71035,,86628,,86628,,
INV-71371,,Vendor,38274,,24-Apr-24,,132,,603,,735,,735,,
INV-59498,,Vendor,36620,,6-May-24,,3686,,16793,,20479,,20479,,
INV-29324,,Vendor,32381,,8-Apr-24,,2535,,11546,,14081,,14081,,
INV-33550,,Vendor,23599,,16-Apr-24,,361,,1646,,2008,,2008,,
INV-84594,,Vendor,22488,,29-Apr-24,,1253,,5706,,6958,,6958,,
INV-48408,,Vendor,72091,,11-Apr-24,,2588,,11790,,14378,,14378,,
INV-93413,,Vendor,42212,,3-May-24,,581,,2648,,3229,,3229,,
INV-98522,,Vendor,54622,,21-Apr-24,,16891,,76948,,93839,,93839,,
INV-44786,,Vendor,87645,,1-May-24,,12225,,55694,,67919,,67919,,
INV-40916,,Vendor,12932,,19-Apr-24,,4067,,18529,,22597,,22597,,
INV-93208,,Vendor,62775,,23-Apr-24,,16194,,73770,,89964,,89964,,
INV-79809,,Vendor,39185,,19-Apr-24,,6311,,28748,,35059,,35059,,
INV-84518,,Vendor,76522,,22-Apr-24,,779,,3550,,4330,,4330,,
INV-14852,,Vendor,21190,,29-Apr-24,,2084,,9496,,11580,,11580,,
INV-40655,,Vendor,29089,,9-Apr-24,,16855,,76785,,93641,,93641,,
INV-82871,,Vendor,22301,,3-May-24,,3081,,14037,,17119,,17119,,
INV-85625,,Vendor,49684,,18-Apr-24,,11165,,50861,,62025,,62025,,
INV-84906,,Vendor,78488,,27-Apr-24,,7406,,33738,,41144,,41144,,
INV-54979,,Vendor,70740,,2-May-24,,6477,,29508,,35985,,35985,,
INV-59299,,Vendor,14530,,7-Apr-24,,12368,,56344,,68712,,68712,,
INV-17806,,Vendor,24172,,2-May-24,,15041,,68519,,83560,,83560,,
INV-79027,,Vendor,74043,,24-Apr-24,,8680,,39544,,48225,,48225,,
INV-38580,,Vendor,77956,,23-Apr-24,,3567,,16248,,19815,,19815,,
INV-88040,,Vendor,78873,,18-Apr-24,,11660,,53119,,64780,,64780,,
INV-39319,,Vendor,32287,,28-Apr-24,,7399,,33707,,41106,,41106,,
INV-13934,,Vendor,96171,,6-May-24,,834,,3800,,4634,,4634,,
INV-48026,,Vendor,47636,,15-Apr-24,,10011,,45605,,55616,,55616,,
INV-40398,,Vendor,42167,,21-Apr-24,,4851,,22101,,26952,,26952,,
INV-64112,,Vendor,43390,,1-May-24,,12047,,54883,,66930,,66930,,
INV-50572,,Vendor,94589,,25-Apr-24,,818,,3725,,4543,,4543,,
INV-14377,,Vendor,85590,,2-May-24,,9510,,43323,,52832,,52832,,
INV-41531,,Vendor,37283,,5-May-24,,17897,,81531,,99428,,99428,,
INV-52226,,Vendor,87801,,13-Apr-24,,12135,,55282,,67417,,67417,,
INV-83444,,Vendor,40828,,24-Apr-24,,28,,128,,157,,157,,
INV-66813,,Vendor,98262,,4-May-24,,2835,,12915,,15750,,15750,,
INV-97461,,Vendor,25709,,2-May-24,,8220,,37447,,45667,,45667,,
INV-81813,,Vendor,87750,,12-Apr-24,,2761,,12576,,15337,,15337,,
INV-18162,,Vendor,35214,,17-Apr-24,,9584,,43660,,53244,,53244,,
INV-44367,,Vendor,13521,,13-Apr-24,,3249,,14802,,18052,,18052,,
INV-62260,,Vendor,38400,,4-May-24,,12048,,54886,,66934,,66934,,
INV-68764,,Vendor,69051,,28-Apr-24,,1324,,6033,,7357,,7357,,
INV-12168,,Vendor,59890,,22-Apr-24,,10610,,48333,,58942,,58942,,
INV-40798,,Vendor,90437,,26-Apr-24,,16558,,75431,,91990,,91990,,
INV-99897,,Vendor,53783,,30-Apr-24,,13279,,60495,,73774,,73774,,
INV-65676,,Vendor,90743,,13-Apr-24,,5250,,23919,,29169,,29169,,
INV-17338,,Vendor,49239,,14-Apr-24,,1845,,8406,,10251,,10251,,
INV-17267,,Vendor,28480,,4-May-24,,6402,,29167,,35569,,35569,,
INV-91532,,Vendor,48946,,8-Apr-24,,2519,,11477,,13996,,13996,,
INV-43666,,Vendor,12973,,6-May-24,,9230,,42048,,51279,,51279,,
INV-24505,,Vendor,14458,,19-Apr-24,,12999,,59219,,72218,,72218,,
INV-39531,,Vendor,89401,,14-Apr-24,,8407,,38301,,46708,,46708,,
INV-99299,,Vendor,79172,,8-Apr-24,,17246,,78565,,95812,,95812,,
INV-41057,,Vendor,65407,,6-May-24,,8763,,39920,,48683,,48683,,
INV-91097,,Vendor,97321,,18-Apr-24,,928,,4230,,5158,,5158,,
INV-43489,,Vendor,97432,,12-Apr-24,,6539,,29789,,36327,,36327,,
INV-45045,,Vendor,10751,,18-Apr-24,,10384,,47303,,57687,,57687,,
INV-44882,,Vendor,77898,,11-Apr-24,,15542,,70801,,86342,,86342,,
INV-22273,,Vendor,93758,,20-Apr-24,,1168,,5323,,6491,,6491,,
INV-43586,,Vendor,90867,,14-Apr-24,,16683,,75999,,92681,,92681,,
INV-64465,,Vendor,38102,,26-Apr-24,,976,,4446,,5422,,5422,,
INV-36244,,Vendor,47287,,6-May-24,,17649,,80401,,98049,,98049,,
INV-44648,,Vendor,31061,,3-May-24,,2933,,13359,,16292,,16292,,
INV-35759,,Vendor,74478,,23-Apr-24,,7545,,34372,,41917,,41917,,
INV-92355,,Vendor,28039,,18-Apr-24,,13252,,60370,,73622,,73622,,
INV-95171,,Vendor,16180,,22-Apr-24,,7109,,32386,,39495,,39495,,
INV-17305,,Vendor,75742,,10-Apr-24,,8230,,37490,,45720,,45720,,
INV-20674,,Vendor,90601,,29-Apr-24,,6721,,30616,,37336,,37336,,
INV-20483,,Vendor,32012,,30-Apr-24,,10037,,45725,,55762,,55762,,
INV-90923,,Vendor,87725,,16-Apr-24,,9831,,44787,,54618,,54618,,
INV-33252,,Vendor,90032,,29-Apr-24,,8571,,39045,,47616,,47616,,
INV-60799,,Vendor,83914,,11-Apr-24,,16078,,73242,,89320,,89320,,
INV-27537,,Vendor,50912,,20-Apr-24,,11268,,51330,,62598,,62598,,
INV-43961,,Vendor,48757,,12-Apr-24,,3142,,14312,,17454,,17454,,
INV-96807,,Vendor,57159,,10-Apr-24,,6860,,31251,,38111,,38111,,
INV-59255,,Vendor,56702,,15-Apr-24,,4505,,20525,,25031,,25031,,
INV-97622,,Vendor,27181,,19-Apr-24,,5468,,24911,,30379,,30379,,
INV-39578,,Vendor,24315,,2-May-24,,1346,,6131,,7476,,7476,,
INV-60787,,Vendor,48041,,12-Apr-24,,7680,,34985,,42664,,42664,,
INV-24513,,Vendor,79853,,8-Apr-24,,15591,,71027,,86618,,86618,,
INV-81418,,Vendor,80902,,10-Apr-24,,16054,,73134,,89188,,89188,,
INV-31651,,Vendor,21208,,1-May-24,,14652,,66749,,81402,,81402,,
INV-34101,,Vendor,64871,,11-Apr-24,,12005,,54690,,66695,,66695,,
INV-17647,,Vendor,71380,,30-Apr-24,,16287,,74196,,90483,,90483,,
INV-46485,,Vendor,82076,,23-Apr-24,,7361,,33534,,40896,,40896,,
INV-16156,,Vendor,45558,,25-Apr-24,,1884,,8585,,10469,,10469,,
INV-38173,,Vendor,52375,,27-Apr-24,,9055,,41250,,50305,,50305,,
INV-77258,,Vendor,67408,,30-Apr-24,,15105,,68813,,83918,,83918,,
INV-91845,,Vendor,29193,,5-May-24,,4552,,20735,,25286,,25286,,
INV-24423,,Vendor,83957,,7-Apr-24,,6055,,27584,,33639,,33639,,
INV-54437,,Vendor,52524,,29-Apr-24,,6802,,30987,,37788,,37788,,
INV-59632,,Vendor,41630,,2-May-24,,6016,,27407,,33423,,33423,,
INV-51783,,Vendor,55009,,7-Apr-24,,10449,,47599,,58048,,58048,,
INV-90516,,Vendor,23563,,13-Apr-24,,6359,,28969,,35328,,35328,,
INV-57894,,Vendor,86527,,29-Apr-24,,12006,,54695,,66701,,66701,,
INV-72760,,Vendor,42949,,14-Apr-24,,12067,,54973,,67040,,67040,,
INV-66295,,Vendor,99278,,16-Apr-24,,10436,,47544,,57980,,57980,,
INV-36960,,Vendor,26072,,11-Apr-24,,12210,,55625,,67836,,67836,,
INV-17791,,Vendor,64966,,11-Apr-24,,9514,,43343,,52857,,52857,,
INV-81779,,Vendor,72877,,12-Apr-24,,13965,,63620,,77585,,77585,,
INV-24377,,Vendor,81094,,21-Apr-24,,7915,,36057,,43972,,43972,,
INV-27034,,Vendor,94529,,10-Apr-24,,12757,,58115,,70871,,70871,,
INV-85779,,Vendor,78321,,4-May-24,,6091,,27746,,33837,,33837,,
INV-52696,,Vendor,85733,,30-Apr-24,,10469,,47690,,58158,,58158,,
INV-49861,,Vendor,94183,,13-Apr-24,,13309,,60631,,73940,,73940,,
INV-18870,,Vendor,43922,,11-Apr-24,,14675,,66854,,81530,,81530,,
INV-27462,,Vendor,24781,,19-Apr-24,,2341,,10663,,13004,,13004,,
INV-37521,,Vendor,61523,,22-Apr-24,,14264,,64978,,79242,,79242,,
INV-13069,,Vendor,51640,,21-Apr-24,,3548,,16165,,19713,,19713,,
INV-81914,,Vendor,50743,,10-Apr-24,,5221,,23786,,29007,,29007,,
INV-16136,,Vendor,12906,,23-Apr-24,,8930,,40683,,49614,,49614,,
INV-92240,,Vendor,65345,,18-Apr-24,,12988,,59166,,72153,,72153,,
INV-13047,,Vendor,12970,,10-Apr-24,,10332,,47067,,57399,,57399,,
INV-65240,,Vendor,70445,,11-Apr-24,,15599,,71060,,86659,,86659,,
INV-83750,,Vendor,43323,,6-May-24,,1725,,7857,,9581,,9581,,
INV-39459,,Vendor,42393,,10-Apr-24,,8315,,37880,,46195,,46195,,
INV-83370,,Vendor,94621,,23-Apr-24,,16601,,75626,,92226,,92226,,
INV-57619,,Vendor,89045,,28-Apr-24,,10243,,46664,,56907,,56907,,
INV-41220,,Vendor,74877,,19-Apr-24,,11101,,50573,,61674,,61674,,
INV-96274,,Vendor,90035,,18-Apr-24,,1622,,7388,,9010,,9010,,
INV-95652,,Vendor,83053,,6-May-24,,10766,,49045,,59811,,59811,,
INV-33717,,Vendor,73232,,11-Apr-24,,5415,,24667,,30082,,30082,,
INV-88195,,Vendor,41493,,23-Apr-24,,718,,3269,,3987,,3987,,
INV-93604,,Vendor,19632,,8-Apr-24,,1331,,6065,,7396,,7396,,
INV-47334,,Vendor,82934,,24-Apr-24,,10235,,46626,,56861,,56861,,
INV-84690,,Vendor,65749,,3-May-24,,4388,,19988,,24376,,24376,,
INV-36335,,Vendor,87852,,5-May-24,,9080,,41365,,50445,,50445,,
INV-53847,,Vendor,31806,,16-Apr-24,,9289,,42315,,51604,,51604,,
INV-31577,,Vendor,10498,,22-Apr-24,,5523,,25162,,30685,,30685,,
INV-25726,,Vendor,14678,,3-May-24,,9320,,42456,,51776,,51776,,
INV-38929,,Vendor,90371,,15-Apr-24,,15889,,72384,,88274,,88274,,
INV-63338,,Vendor,41429,,7-Apr-24,,12897,,58751,,71647,,71647,,
INV-61902,,Vendor,13324,,20-Apr-24,,10597,,48275,,58872,,58872,,
INV-13085,,Vendor,45853,,28-Apr-24,,6385,,29088,,35473,,35473,,
INV-61515,,Vendor,36479,,15-Apr-24,,14605,,66535,,81141,,81141,,
INV-35035,,Vendor,34411,,10-Apr-24,,14615,,66578,,81192,,81192,,
INV-13503,,Vendor,78168,,4-May-24,,2661,,12121,,14782,,14782,,
INV-95999,,Vendor,76707,,10-Apr-24,,6302,,28711,,35013,,35013,,
INV-62935,,Vendor,73655,,4-May-24,,3831,,17453,,21284,,21284,,
INV-14625,,Vendor,70185,,21-Apr-24,,8952,,40783,,49736,,49736,,
INV-20010,,Vendor,20464,,2-May-24,,6333,,28851,,35184,,35184,,
INV-81300,,Vendor,15814,,27-Apr-24,,14002,,63786,,77788,,77788,,
INV-49766,,Vendor,86051,,28-Apr-24,,7838,,35704,,43542,,43542,,
INV-94904,,Vendor,88331,,8-Apr-24,,13343,,60787,,74131,,74131,,
INV-70268,,Vendor,76636,,30-Apr-24,,17939,,81724,,99663,,99663,,
INV-89793,,Vendor,30006,,15-Apr-24,,3055,,13917,,16972,,16972,,
INV-46376,,Vendor,41695,,11-Apr-24,,15870,,72296,,88166,,88166,,
INV-63515,,Vendor,70660,,21-Apr-24,,13239,,60309,,73548,,73548,,
INV-44546,,Vendor,42476,,8-Apr-24,,80,,366,,446,,446,,
INV-15669,,Vendor,18315,,24-Apr-24,,7817,,35609,,43426,,43426,,
INV-46863,,Vendor,21377,,23-Apr-24,,13473,,61378,,74852,,74852,,
INV-48119,,Vendor,47431,,25-Apr-24,,14809,,67463,,82272,,82272,,
INV-90355,,Vendor,45148,,20-Apr-24,,14925,,67993,,82918,,82918,,
INV-47812,,Vendor,22275,,6-May-24,,13516,,61575,,75091,,75091,,
INV-64341,,Vendor,91909,,8-Apr-24,,2820,,12846,,15666,,15666,,
INV-48132,,Vendor,62121,,30-Apr-24,,6688,,30469,,37157,,37157,,
INV-30177,,Vendor,31261,,25-Apr-24,,9093,,41425,,50519,,50519,,
INV-65616,,Vendor,13705,,19-Apr-24,,3119,,14207,,17326,,17326,,
INV-76017,,Vendor,67238,,29-Apr-24,,14875,,67765,,82640,,82640,,
INV-49315,,Vendor,65458,,3-May-24,,4542,,20690,,25232,,25232,,
INV-69062,,Vendor,82983,,1-May-24,,15698,,71513,,87212,,87212,,
INV-26190,,Vendor,52140,,1-May-24,,12202,,55586,,67787,,67787,,
INV-15365,,Vendor,16625,,20-Apr-24,,13991,,63738,,77730,,77730,,
INV-76115,,Vendor,18465,,7-Apr-24,,3297,,15021,,18318,,18318,,
INV-73880,,Vendor,25184,,14-Apr-24,,592,,2698,,3290,,3290,,
INV-66546,,Vendor,81785,,8-Apr-24,,16481,,75078,,91559,,91559,,
INV-11482,,Vendor,64862,,8-Apr-24,,6549,,29836,,36385,,36385,,
INV-64801,,Vendor,79179,,28-Apr-24,,262,,1192,,1454,,1454,,
INV-90073,,Vendor,44540,,7-Apr-24,,17925,,81660,,99585,,99585,,
INV-96193,,Vendor,10353,,18-Apr-24,,11260,,51296,,62556,,62556,,
INV-74012,,Vendor,57277,,20-Apr-24,,13977,,63671,,77647,,77647,,
INV-96796,,Vendor,98538,,25-Apr-24,,6676,,30415,,37091,,37091,,
INV-94678,,Vendor,85279,,6-May-24,,1125,,5126,,6251,,6251,,
INV-23982,,Vendor,52868,,4-May-24,,15560,,70883,,86443,,86443,,
INV-72194,,Vendor,65929,,23-Apr-24,,12539,,57121,,69659,,69659,,
INV-40947,,Vendor,66985,,17-Apr-24,,9791,,44605,,54396,,54396,,
INV-95640,,Vendor,48973,,11-Apr-24,,15303,,69712,,85014,,85014,,
INV-70234,,Vendor,40422,,23-Apr-24,,12728,,57983,,70711,,70711,,
INV-72832,,Vendor,91360,,26-Apr-24,,5656,,25764,,31420,,31420,,
INV-44048,,Vendor,78969,,2-May-24,,18000,,82000,,100000,,100000,,
INV-67301,,Vendor,45224,,29-Apr-24,,13228,,60262,,73490,,73490,,
INV-56481,,Vendor,79436,,9-Apr-24,,4563,,20786,,25349,,25349,,
INV-17336,,Vendor,33809,,21-Apr-24,,1812,,8256,,10068,,10068,,
INV-72683,,Vendor,37102,,6-May-24,,6281,,28615,,34896,,34896,,
INV-49394,,Vendor,66786,,25-Apr-24,,10609,,48330,,58939,,58939,,
INV-88469,,Vendor,68016,,7-Apr-24,,1909,,8695,,10604,,10604,,
INV-59838,,Vendor,34080,,24-Apr-24,,4608,,20992,,25600,,25600,,
INV-26872,,Vendor,29667,,27-Apr-24,,9758,,44453,,54211,,54211,,
INV-84025,,Vendor,99109,,14-Apr-24,,16537,,75334,,91870,,91870,,
INV-68126,,Vendor,83932,,27-Apr-24,,1676,,7633,,9309,,9309,,
INV-46712,,Vendor,31745,,14-Apr-24,,8783,,40011,,48794,,48794,,
INV-34752,,Vendor,74187,,23-Apr-24,,17672,,80507,,98179,,98179,,
INV-92336,,Vendor,89171,,4-May-24,,3769,,17168,,20937,,20937,,
INV-92204,,Vendor,69341,,15-Apr-24,,17010,,77489,,94499,,94499,,
INV-59079,,Vendor,98919,,28-Apr-24,,11651,,53078,,64729,,64729,,
INV-35201,,Vendor,43097,,26-Apr-24,,1492,,6797,,8288,,8288,,
INV-78066,,Vendor,84934,,24-Apr-24,,14507,,66088,,80595,,80595,,
INV-51383,,Vendor,87836,,24-Apr-24,,11186,,50960,,62146,,62146,,
INV-35131,,Vendor,35979,,8-Apr-24,,8837,,40256,,49093,,49093,,
INV-72751,,Vendor,84228,,16-Apr-24,,8876,,40436,,49313,,49313,,
INV-59230,,Vendor,66329,,16-Apr-24,,5339,,24323,,29662,,29662,,
INV-60959,,Vendor,91771,,7-Apr-24,,4531,,20643,,25175,,25175,,
INV-60283,,Vendor,18540,,13-Apr-24,,16867,,76840,,93707,,93707,,
INV-52022,,Vendor,44773,,9-Apr-24,,4390,,20000,,24390,,24390,,
INV-53413,,Vendor,57805,,8-Apr-24,,9788,,44590,,54378,,54378,,
INV-63614,,Vendor,86633,,17-Apr-24,,12998,,59213,,72211,,72211,,
INV-30508,,Vendor,37259,,15-Apr-24,,3808,,17348,,21156,,21156,,
INV-36915,,Vendor,29896,,27-Apr-24,,3962,,18049,,22011,,22011,,
INV-31434,,Vendor,50380,,6-May-24,,9751,,44421,,54172,,54172,,
INV-28152,,Vendor,42725,,9-Apr-24,,8299,,37807,,46106,,46106,,
INV-57678,,Vendor,75656,,10-Apr-24,,6305,,28725,,35030,,35030,,
INV-77033,,Vendor,39501,,26-Apr-24,,11600,,52846,,64446,,64446,,
INV-66625,,Vendor,53222,,14-Apr-24,,12373,,56368,,68741,,68741,,
INV-71811,,Vendor,49439,,3-May-24,,8174,,37239,,45413,,45413,,
INV-67752,,Vendor,93138,,8-Apr-24,,9252,,42147,,51398,,51398,,
INV-21750,,Vendor,22295,,23-Apr-24,,4062,,18504,,22566,,22566,,
INV-22859,,Vendor,95578,,8-Apr-24,,17696,,80616,,98312,,98312,,
INV-35075,,Vendor,46686,,7-Apr-24,,62,,283,,345,,345,,
INV-74392,,Vendor,28718,,18-Apr-24,,17037,,77611,,94648,,94648,,
INV-80254,,Vendor,41443,,3-May-24,,3640,,16582,,20222,,20222,,
INV-98794,,Vendor,12734,,6-May-24,,5121,,23330,,28451,,28451,,
INV-62451,,Vendor,51777,,19-Apr-24,,12455,,56738,,69193,,69193,,
INV-76657,,Vendor,95876,,18-Apr-24,,5199,,23684,,28883,,28883,,
INV-51499,,Vendor,39951,,1-May-24,,11523,,52495,,64018,,64018,,
INV-56257,,Vendor,70048,,4-May-24,,7201,,32803,,40004,,40004,,
INV-88473,,Vendor,22227,,24-Apr-24,,3358,,15299,,18657,,18657,,
INV-30025,,Vendor,44218,,17-Apr-24,,10641,,48477,,59118,,59118,,
INV-34966,,Vendor,36162,,8-Apr-24,,3292,,14996,,18288,,18288,,
INV-93985,,Vendor,88776,,26-Apr-24,,4420,,20133,,24553,,24553,,
INV-86749,,Vendor,76215,,16-Apr-24,,12304,,56053,,68357,,68357,,
INV-91466,,Vendor,77961,,19-Apr-24,,10221,,46563,,56784,,56784,,
INV-13070,,Vendor,37921,,3-May-24,,7831,,35673,,43504,,43504,,
INV-31226,,Vendor,12969,,21-Apr-24,,15174,,69125,,84298,,84298,,
INV-11221,,Vendor,26861,,5-May-24,,4060,,18494,,22554,,22554,,
INV-58585,,Vendor,11000,,17-Apr-24,,15912,,72486,,88397,,88397,,
INV-17820,,Vendor,68967,,19-Apr-24,,15315,,69770,,85085,,85085,,
INV-62141,,Vendor,99871,,30-Apr-24,,10594,,48261,,58855,,58855,,
INV-90995,,Vendor,40860,,22-Apr-24,,5463,,24886,,30348,,30348,,
INV-69034,,Vendor,80768,,20-Apr-24,,483,,2198,,2681,,2681,,
INV-25778,,Vendor,39693,,22-Apr-24,,10177,,46360,,56537,,56537,,
INV-15220,,Vendor,24948,,16-Apr-24,,12813,,58370,,71183,,71183,,
INV-71172,,Vendor,59897,,20-Apr-24,,4902,,22330,,27232,,27232,,
INV-29551,,Vendor,49355,,13-Apr-24,,16733,,76227,,92960,,92960,,
INV-16857,,Vendor,92547,,10-Apr-24,,650,,2959,,3609,,3609,,
INV-11016,,Vendor,86483,,29-Apr-24,,15119,,68877,,83996,,83996,,
INV-81836,,Vendor,74020,,2-May-24,,17097,,77889,,94986,,94986,,
INV-89983,,Vendor,38000,,23-Apr-24,,3211,,14630,,17841,,17841,,
INV-28301,,Vendor,99344,,7-Apr-24,,4672,,21281,,25953,,25953,,
INV-67823,,Vendor,93291,,2-May-24,,16952,,77226,,94178,,94178,,
INV-47773,,Vendor,97158,,9-Apr-24,,5889,,26829,,32718,,32718,,
INV-41456,,Vendor,12787,,10-Apr-24,,6221,,28338,,34559,,34559,,
INV-25367,,Vendor,65947,,23-Apr-24,,2965,,13508,,16473,,16473,,
INV-56262,,Vendor,48366,,22-Apr-24,,2773,,12632,,15405,,15405,,
INV-46604,,Vendor,58322,,28-Apr-24,,15333,,69852,,85185,,85185,,
INV-39824,,Vendor,16283,,19-Apr-24,,12453,,56732,,69186,,69186,,
INV-40263,,Vendor,52221,,8-Apr-24,,12057,,54927,,66984,,66984,,
INV-61124,,Vendor,67625,,23-Apr-24,,17391,,79226,,96617,,96617,,
INV-38694,,Vendor,81256,,20-Apr-24,,8036,,36608,,44644,,44644,,
INV-93917,,Vendor,70474,,25-Apr-24,,6381,,29070,,35451,,35451,,
INV-71182,,Vendor,68493,,18-Apr-24,,4593,,20924,,25517,,25517,,
INV-16371,,Vendor,16299,,2-May-24,,15364,,69989,,85353,,85353,,
INV-41155,,Vendor,26195,,16-Apr-24,,12972,,59096,,72068,,72068,,
INV-74042,,Vendor,72044,,19-Apr-24,,15038,,68508,,83546,,83546,,
INV-97455,,Vendor,70411,,25-Apr-24,,15370,,70019,,85389,,85389,,
INV-43922,,Vendor,96205,,26-Apr-24,,747,,3403,,4151,,4151,,
INV-38354,,Vendor,77402,,12-Apr-24,,7518,,34250,,41768,,41768,,
INV-43553,,Vendor,86545,,4-May-24,,2829,,12888,,15717,,15717,,
INV-91162,,Vendor,85131,,27-Apr-24,,6877,,31330,,38208,,38208,,
INV-42343,,Vendor,15836,,26-Apr-24,,1720,,7834,,9554,,9554,,
INV-98052,,Vendor,95249,,5-May-24,,11550,,52617,,64167,,64167,,
INV-18568,,Vendor,93445,,22-Apr-24,,2807,,12788,,15595,,15595,,
INV-76595,,Vendor,16579,,24-Apr-24,,11809,,53795,,65603,,65603,,
INV-48816,,Vendor,17064,,29-Apr-24,,7125,,32457,,39581,,39581,,
INV-48703,,Vendor,37169,,15-Apr-24,,17019,,77532,,94551,,94551,,
INV-77713,,Vendor,67113,,26-Apr-24,,11114,,50629,,61743,,61743,,
INV-38867,,Vendor,79883,,14-Apr-24,,220,,1004,,1225,,1225,,
INV-55073,,Vendor,44976,,15-Apr-24,,6579,,29970,,36549,,36549,,
INV-97789,,Vendor,99965,,19-Apr-24,,11959,,54482,,66441,,66441,,
INV-90658,,Vendor,69847,,11-Apr-24,,7978,,36344,,44322,,44322,,
INV-74996,,Vendor,76731,,16-Apr-24,,14009,,63819,,77828,,77828,,
INV-62138,,Vendor,63784,,22-Apr-24,,3127,,14247,,17375,,17375,,
INV-79167,,Vendor,94723,,16-Apr-24,,11866,,54057,,65923,,65923,,
INV-80290,,Vendor,76117,,3-May-24,,7263,,33089,,40352,,40352,,
INV-46341,,Vendor,32028,,4-May-24,,8469,,38581,,47050,,47050,,
INV-97982,,Vendor,14900,,8-Apr-24,,10585,,48222,,58807,,58807,,
INV-42889,,Vendor,18570,,3-May-24,,832,,3790,,4622,,4622,,
INV-72895,,Vendor,31449,,29-Apr-24,,2092,,9530,,11622,,11622,,
INV-81047,,Vendor,50898,,16-Apr-24,,2537,,11558,,14095,,14095,,
INV-96205,,Vendor,33362,,30-Apr-24,,10768,,49056,,59824,,59824,,
INV-67622,,Vendor,32994,,19-Apr-24,,3828,,17437,,21265,,21265,,
INV-69094,,Vendor,20574,,16-Apr-24,,408,,1858,,2266,,2266,,
INV-70649,,Vendor,10419,,22-Apr-24,,38,,175,,213,,213,,
INV-87165,,Vendor,36060,,27-Apr-24,,4369,,19904,,24274,,24274,,
INV-39862,,Vendor,33633,,25-Apr-24,,6849,,31203,,38052,,38052,,
INV-41842,,Vendor,69415,,20-Apr-24,,12662,,57682,,70344,,70344,,
INV-13130,,Vendor,46742,,3-May-24,,4934,,22479,,27413,,27413,,
INV-97379,,Vendor,76494,,22-Apr-24,,15370,,70019,,85389,,85389,,
INV-24859,,Vendor,44828,,11-Apr-24,,11730,,53435,,65164,,65164,,
INV-55342,,Vendor,53910,,1-May-24,,3396,,15472,,18869,,18869,,
INV-39133,,Vendor,47785,,11-Apr-24,,9262,,42191,,51453,,51453,,
INV-35317,,Vendor,57020,,5-May-24,,1869,,8513,,10381,,10381,,
INV-27465,,Vendor,48312,,14-Apr-24,,8744,,39834,,48579,,48579,,
INV-25495,,Vendor,13085,,30-Apr-24,,3660,,16672,,20332,,20332,,
INV-20852,,Vendor,38073,,27-Apr-24,,17386,,79202,,96588,,96588,,
INV-43777,,Vendor,88279,,5-May-24,,4339,,19765,,24104,,24104,,
INV-68590,,Vendor,90607,,19-Apr-24,,10850,,49430,,60280,,60280,,
INV-63648,,Vendor,80405,,2-May-24,,10898,,49645,,60543,,60543,,
INV-57590,,Vendor,18508,,28-Apr-24,,6600,,30067,,36668,,36668,,
INV-59482,,Vendor,47505,,17-Apr-24,,5564,,25348,,30912,,30912,,
INV-64329,,Vendor,92017,,18-Apr-24,,1754,,7989,,9743,,9743,,
INV-84940,,Vendor,44983,,7-Apr-24,,17144,,78101,,95246,,95246,,
INV-14164,,Vendor,70268,,14-Apr-24,,2955,,13461,,16416,,16416,,
INV-17324,,Vendor,13585,,7-Apr-24,,5432,,24745,,30176,,30176,,
INV-58301,,Vendor,30652,,22-Apr-24,,15720,,71611,,87331,,87331,,
INV-46757,,Vendor,48825,,22-Apr-24,,1535,,6995,,8530,,8530,,
INV-51800,,Vendor,53570,,9-Apr-24,,14004,,63797,,77802,,77802,,
INV-44516,,Vendor,12537,,12-Apr-24,,8289,,37763,,46053,,46053,,
INV-64963,,Vendor,66378,,24-Apr-24,,3465,,15784,,19249,,19249,,
INV-49916,,Vendor,83511,,21-Apr-24,,1065,,4853,,5918,,5918,,
INV-98795,,Vendor,71580,,17-Apr-24,,142,,645,,787,,787,,
INV-52764,,Vendor,28174,,24-Apr-24,,8929,,40676,,49605,,49605,,
INV-21332,,Vendor,68836,,14-Apr-24,,15755,,71773,,87528,,87528,,
INV-95839,,Vendor,63094,,10-Apr-24,,12150,,55350,,67500,,67500,,
INV-98685,,Vendor,28305,,20-Apr-24,,3663,,16686,,20348,,20348,,
INV-22017,,Vendor,84028,,29-Apr-24,,4007,,18255,,22263,,22263,,
INV-58327,,Vendor,89410,,23-Apr-24,,12269,,55892,,68160,,68160,,
INV-13497,,Vendor,72619,,26-Apr-24,,16240,,73982,,90222,,90222,,
INV-17901,,Vendor,92182,,9-Apr-24,,8964,,40837,,49801,,49801,,
INV-93328,,Vendor,12496,,4-May-24,,5432,,24747,,30179,,30179,,
INV-90712,,Vendor,81609,,5-May-24,,13302,,60598,,73900,,73900,,
INV-20864,,Vendor,49623,,27-Apr-24,,8691,,39590,,48281,,48281,,
INV-23574,,Vendor,56115,,6-May-24,,12927,,58891,,71818,,71818,,
INV-79113,,Vendor,23059,,4-May-24,,959,,4369,,5328,,5328,,
INV-82042,,Vendor,44072,,7-Apr-24,,10973,,49986,,60959,,60959,,
INV-93167,,Vendor,35854,,23-Apr-24,,272,,1239,,1511,,1511,,
INV-75288,,Vendor,68643,,28-Apr-24,,3600,,16398,,19997,,19997,,
INV-95428,,Vendor,53645,,8-Apr-24,,11840,,53939,,65779,,65779,,
INV-73750,,Vendor,78532,,21-Apr-24,,11072,,50441,,61513,,61513,,
INV-66047,,Vendor,44446,,20-Apr-24,,612,,2790,,3402,,3402,,
INV-73334,,Vendor,80821,,25-Apr-24,,12727,,57978,,70705,,70705,,
INV-76938,,Vendor,60388,,27-Apr-24,,8370,,38129,,46499,,46499,,
INV-21719,,Vendor,46398,,29-Apr-24,,13426,,61165,,74591,,74591,,
INV-20880,,Vendor,48841,,10-Apr-24,,11582,,52761,,64343,,64343,,
INV-19836,,Vendor,51232,,10-Apr-24,,5075,,23118,,28193,,28193,,
INV-50613,,Vendor,90099,,10-Apr-24,,4086,,18614,,22700,,22700,,
INV-74465,,Vendor,45702,,18-Apr-24,,11408,,51968,,63375,,63375,,
INV-29133,,Vendor,99820,,13-Apr-24,,6674,,30402,,37075,,37075,,
INV-51337,,Vendor,35687,,2-May-24,,9619,,43820,,53439,,53439,,
INV-37062,,Vendor,41778,,19-Apr-24,,14905,,67903,,82808,,82808,,
INV-82318,,Vendor,13683,,12-Apr-24,,16912,,77044,,93956,,93956,,
INV-12002,,Vendor,73061,,5-May-24,,7808,,35570,,43378,,43378,,
INV-38039,,Vendor,86570,,3-May-24,,8901,,40551,,49452,,49452,,
INV-33897,,Vendor,37861,,19-Apr-24,,2823,,12860,,15683,,15683,,
INV-50218,,Vendor,41063,,28-Apr-24,,8932,,40690,,49622,,49622,,
INV-16273,,Vendor,67043,,13-Apr-24,,6998,,31879,,38877,,38877,,
INV-85470,,Vendor,44790,,1-May-24,,17844,,81287,,99131,,99131,,
INV-74388,,Vendor,64661,,27-Apr-24,,11129,,50701,,61830,,61830,,
INV-93548,,Vendor,58712,,9-Apr-24,,17656,,80431,,98087,,98087,,
INV-60782,,Vendor,82950,,23-Apr-24,,2086,,9505,,11591,,11591,,
INV-58439,,Vendor,27760,,24-Apr-24,,15899,,72428,,88327,,88327,,
INV-55688,,Vendor,35124,,4-May-24,,16320,,74348,,90668,,90668,,
INV-85109,,Vendor,85274,,22-Apr-24,,5624,,25621,,31245,,31245,,
INV-69373,,Vendor,19520,,19-Apr-24,,8484,,38648,,47132,,47132,,
INV-24288,,Vendor,65394,,4-May-24,,6433,,29304,,35737,,35737,,
INV-85754,,Vendor,43346,,3-May-24,,12986,,59160,,72146,,72146,,
INV-77435,,Vendor,53022,,20-Apr-24,,5205,,23712,,28917,,28917,,
INV-36899,,Vendor,98220,,1-May-24,,8309,,37852,,46161,,46161,,
INV-42266,,Vendor,66495,,28-Apr-24,,5166,,23534,,28700,,28700,,
INV-18788,,Vendor,70066,,17-Apr-24,,12410,,56533,,68943,,68943,,
INV-26065,,Vendor,56069,,18-Apr-24,,6731,,30663,,37393,,37393,,
INV-54059,,Vendor,51798,,14-Apr-24,,13252,,60371,,73623,,73623,,
INV-12686,,Vendor,35261,,5-May-24,,8344,,38013,,46357,,46357,,
INV-54486,,Vendor,62300,,26-Apr-24,,16344,,74456,,90801,,90801,,
INV-91396,,Vendor,76100,,11-Apr-24,,17455,,79519,,96975,,96975,,
INV-62050,,Vendor,15653,,19-Apr-24,,9347,,42580,,51927,,51927,,
INV-72911,,Vendor,73386,,27-Apr-24,,4625,,21068,,25693,,25693,,
INV-98051,,Vendor,91979,,25-Apr-24,,8780,,39998,,48778,,48778,,
INV-18289,,Vendor,62611,,24-Apr-24,,5315,,24215,,29531,,29531,,
INV-47507,,Vendor,95694,,16-Apr-24,,3377,,15386,,18763,,18763,,
INV-61032,,Vendor,39415,,30-Apr-24,,11131,,50707,,61838,,61838,,
INV-26247,,Vendor,22085,,9-Apr-24,,15608,,71104,,86713,,86713,,
INV-55910,,Vendor,88159,,12-Apr-24,,13327,,60711,,74038,,74038,,
INV-94862,,Vendor,54058,,23-Apr-24,,15375,,70043,,85419,,85419,,
INV-84549,,Vendor,42945,,25-Apr-24,,11418,,52014,,63432,,63432,,
INV-36456,,Vendor,67109,,17-Apr-24,,5100,,23235,,28335,,28335,,
INV-22843,,Vendor,81158,,21-Apr-24,,7995,,36421,,44415,,44415,,
INV-98062,,Vendor,70272,,11-Apr-24,,6391,,29113,,35504,,35504,,
INV-71171,,Vendor,87904,,7-Apr-24,,10637,,48457,,59094,,59094,,
INV-29184,,Vendor,95008,,19-Apr-24,,14798,,67411,,82209,,82209,,
INV-55517,,Vendor,99629,,18-Apr-24,,722,,3288,,4010,,4010,,
INV-57280,,Vendor,37148,,20-Apr-24,,10143,,46206,,56348,,56348,,
INV-13078,,Vendor,71406,,7-Apr-24,,3418,,15573,,18991,,18991,,
INV-55904,,Vendor,74419,,21-Apr-24,,17232,,78500,,95732,,95732,,
INV-25555,,Vendor,55281,,15-Apr-24,,3919,,17853,,21772,,21772,,
INV-94108,,Vendor,52947,,25-Apr-24,,9334,,42523,,51857,,51857,,
INV-48483,,Vendor,67412,,2-May-24,,12696,,57837,,70533,,70533,,
INV-75244,,Vendor,64397,,28-Apr-24,,4142,,18870,,23013,,23013,,
INV-28154,,Vendor,31223,,13-Apr-24,,17353,,79053,,96406,,96406,,
INV-19596,,Vendor,51820,,8-Apr-24,,10130,,46150,,56280,,56280,,
INV-74017,,Vendor,20043,,6-May-24,,4687,,21353,,26040,,26040,,
INV-59079,,Vendor,94128,,4-May-24,,7114,,32409,,39523,,39523,,
INV-31589,,Vendor,18112,,2-May-24,,13167,,59981,,73148,,73148,,
INV-55761,,Vendor,37035,,14-Apr-24,,4716,,21485,,26202,,26202,,
INV-36810,,Vendor,51026,,26-Apr-24,,4568,,20808,,25375,,25375,,
INV-70763,,Vendor,41361,,4-May-24,,15950,,72662,,88612,,88612,,
INV-73862,,Vendor,11435,,29-Apr-24,,14942,,68067,,83008,,83008,,
INV-12807,,Vendor,44813,,23-Apr-24,,1894,,8630,,10524,,10524,,
INV-48844,,Vendor,58602,,26-Apr-24,,3387,,15432,,18819,,18819,,
INV-14719,,Vendor,97006,,3-May-24,,16844,,76732,,93576,,93576,,
INV-40642,,Vendor,67982,,14-Apr-24,,17637,,80345,,97982,,97982,,
INV-36911,,Vendor,93231,,25-Apr-24,,15090,,68744,,83834,,83834,,
INV-62603,,Vendor,62294,,30-Apr-24,,1084,,4936,,6020,,6020,,
INV-85487,,Vendor,77850,,11-Apr-24,,5441,,24787,,30229,,30229,,
INV-84802,,Vendor,47922,,24-Apr-24,,3845,,17514,,21358,,21358,,
INV-56790,,Vendor,54897,,22-Apr-24,,3807,,17341,,21148,,21148,,
INV-37030,,Vendor,78848,,7-Apr-24,,5785,,26354,,32139,,32139,,
INV-93993,,Vendor,23105,,1-May-24,,1902,,8665,,10567,,10567,,
INV-16053,,Vendor,23541,,15-Apr-24,,17151,,78132,,95283,,95283,,
INV-15338,,Vendor,95846,,12-Apr-24,,17531,,79861,,97392,,97392,,
INV-38278,,Vendor,35901,,27-Apr-24,,4204,,19151,,23355,,23355,,
INV-66195,,Vendor,24322,,1-May-24,,5192,,23653,,28845,,28845,,
INV-75070,,Vendor,91506,,5-May-24,,2596,,11824,,14419,,14419,,
INV-21045,,Vendor,31787,,3-May-24,,1729,,7879,,9608,,9608,,
INV-78890,,Vendor,40699,,7-Apr-24,,11432,,52079,,63511,,63511,,
INV-86756,,Vendor,78146,,30-Apr-24,,383,,1747,,2130,,2130,,
INV-32102,,Vendor,12192,,30-Apr-24,,4544,,20702,,25247,,25247,,
INV-94709,,Vendor,34359,,25-Apr-24,,3260,,14852,,18113,,18113,,
INV-54439,,Vendor,69056,,1-May-24,,10905,,49676,,60581,,60581,,
INV-13382,,Vendor,77299,,5-May-24,,5010,,22822,,27832,,27832,,
INV-62162,,Vendor,20094,,24-Apr-24,,12797,,58296,,71092,,71092,,
INV-58993,,Vendor,48058,,22-Apr-24,,4077,,18573,,22650,,22650,,
INV-54770,,Vendor,48723,,28-Apr-24,,4515,,20570,,25086,,25086,,
INV-63470,,Vendor,89647,,27-Apr-24,,12292,,55995,,68286,,68286,,
INV-84106,,Vendor,10145,,22-Apr-24,,6362,,28981,,35343,,35343,,
INV-78664,,Vendor,44371,,20-Apr-24,,7039,,32066,,39105,,39105,,
INV-38361,,Vendor,85337,,12-Apr-24,,12492,,56910,,69403,,69403,,
INV-76254,,Vendor,27069,,1-May-24,,3141,,14307,,17447,,17447,,
INV-49680,,Vendor,63489,,23-Apr-24,,660,,3009,,3669,,3669,,
INV-88378,,Vendor,73184,,6-May-24,,4241,,19320,,23561,,23561,,
INV-96955,,Vendor,38437,,7-Apr-24,,8656,,39435,,48092,,48092,,
INV-17067,,Vendor,36870,,22-Apr-24,,15682,,71442,,87125,,87125,,
INV-29571,,Vendor,27868,,21-Apr-24,,10845,,49405,,60250,,60250,,
INV-85130,,Vendor,40487,,10-Apr-24,,964,,4389,,5353,,5353,,
INV-44233,,Vendor,27402,,29-Apr-24,,503,,2292,,2796,,2796,,
INV-89726,,Vendor,95769,,30-Apr-24,,9263,,42199,,51462,,51462,,
INV-64760,,Vendor,86788,,14-Apr-24,,6021,,27431,,33452,,33452,,
INV-74740,,Vendor,69002,,12-Apr-24,,12165,,55419,,67584,,67584,,
INV-42531,,Vendor,63730,,15-Apr-24,,9234,,42068,,51302,,51302,,
INV-92938,,Vendor,71777,,19-Apr-24,,12804,,58330,,71134,,71134,,
INV-77477,,Vendor,73595,,19-Apr-24,,9256,,42167,,51423,,51423,,
INV-15393,,Vendor,62730,,11-Apr-24,,17790,,81045,,98835,,98835,,
INV-30963,,Vendor,81363,,24-Apr-24,,4306,,19616,,23922,,23922,,
INV-95732,,Vendor,73767,,15-Apr-24,,12581,,57315,,69896,,69896,,
INV-48168,,Vendor,43984,,16-Apr-24,,13023,,59328,,72351,,72351,,
INV-85429,,Vendor,11850,,13-Apr-24,,7594,,34596,,42191,,42191,,
INV-78044,,Vendor,22261,,10-Apr-24,,1861,,8479,,10340,,10340,,
INV-55847,,Vendor,13552,,2-May-24,,9496,,43261,,52758,,52758,,
INV-15357,,Vendor,32923,,2-May-24,,2829,,12889,,15718,,15718,,
INV-59347,,Vendor,64519,,24-Apr-24,,13811,,62919,,76730,,76730,,
INV-19887,,Vendor,41176,,19-Apr-24,,11091,,50527,,61619,,61619,,
INV-79896,,Vendor,81876,,8-Apr-24,,3180,,14488,,17669,,17669,,
INV-10997,,Vendor,18200,,25-Apr-24,,1324,,6033,,7357,,7357,,
INV-66919,,Vendor,66266,,19-Apr-24,,15644,,71269,,86913,,86913,,
INV-57173,,Vendor,87885,,20-Apr-24,,4736,,21573,,26309,,26309,,
INV-52131,,Vendor,97817,,5-May-24,,1770,,8065,,9835,,9835,,
INV-90268,,Vendor,29130,,23-Apr-24,,6263,,28531,,34794,,34794,,
INV-60209,,Vendor,37200,,23-Apr-24,,10534,,47987,,58521,,58521,,
INV-24328,,Vendor,75698,,30-Apr-24,,1707,,7778,,9485,,9485,,
INV-88009,,Vendor,10461,,15-Apr-24,,4549,,20724,,25273,,25273,,
INV-10665,,Vendor,53947,,2-May-24,,17150,,78128,,95279,,95279,,
INV-82018,,Vendor,34458,,4-May-24,,10833,,49351,,60184,,60184,,
INV-74160,,Vendor,96727,,8-Apr-24,,12530,,57080,,69610,,69610,,
INV-85136,,Vendor,71904,,25-Apr-24,,3999,,18219,,22219,,22219,,
INV-73309,,Vendor,19791,,5-May-24,,8802,,40097,,48899,,48899,,
INV-42010,,Vendor,94762,,15-Apr-24,,6799,,30975,,37775,,37775,,
INV-81613,,Vendor,55046,,21-Apr-24,,884,,4028,,4912,,4912,,
INV-40956,,Vendor,80320,,3-May-24,,16436,,74873,,91309,,91309,,
INV-64148,,Vendor,16830,,23-Apr-24,,9494,,43251,,52745,,52745,,
INV-61179,,Vendor,20502,,3-May-24,,16949,,77214,,94163,,94163,,
INV-23288,,Vendor,82753,,22-Apr-24,,6378,,29057,,35436,,35436,,
INV-84075,,Vendor,90887,,13-Apr-24,,4680,,21320,,26000,,26000,,
INV-62329,,Vendor,24947,,18-Apr-24,,16100,,73345,,89445,,89445,,
INV-41242,,Vendor,10681,,9-Apr-24,,10519,,47922,,58442,,58442,,
INV-97587,,Vendor,15711,,30-Apr-24,,6559,,29881,,36441,,36441,,
INV-59723,,Vendor,37293,,30-Apr-24,,8788,,40032,,48820,,48820,,
INV-87876,,Vendor,37648,,17-Apr-24,,7938,,36160,,44098,,44098,,
INV-52699,,Vendor,51850,,24-Apr-24,,10176,,46358,,56534,,56534,,
INV-95124,,Vendor,98102,,8-Apr-24,,7571,,34489,,42060,,42060,,
INV-29234,,Vendor,99994,,22-Apr-24,,5562,,25338,,30899,,30899,,
INV-87697,,Vendor,77509,,11-Apr-24,,17599,,80173,,97772,,97772,,
INV-78899,,Vendor,36395,,26-Apr-24,,6975,,31777,,38753,,38753,,
INV-13928,,Vendor,41818,,17-Apr-24,,7353,,33496,,40848,,40848,,
INV-57952,,Vendor,63002,,22-Apr-24,,13216,,60205,,73421,,73421,,
INV-75807,,Vendor,84622,,20-Apr-24,,2327,,10602,,12929,,12929,,
INV-30858,,Vendor,55792,,9-Apr-24,,12773,,58186,,70959,,70959,,
INV-15171,,Vendor,84732,,5-May-24,,4015,,18293,,22308,,22308,,
INV-66709,,Vendor,85312,,22-Apr-24,,8170,,37218,,45388,,45388,,
INV-57441,,Vendor,23750,,1-May-24,,7587,,34565,,42153,,42153,,
INV-61335,,Vendor,69420,,10-Apr-24,,6622,,30168,,36790,,36790,,
INV-22370,,Vendor,93780,,30-Apr-24,,11896,,54194,,66091,,66091,,
INV-67484,,Vendor,83850,,8-Apr-24,,637,,2903,,3540,,3540,,
INV-38023,,Vendor,87189,,8-Apr-24,,12673,,57733,,70407,,70407,,
INV-49696,,Vendor,76517,,22-Apr-24,,6074,,27671,,33745,,33745,,
INV-38634,,Vendor,55077,,30-Apr-24,,13118,,59761,,72879,,72879,,
INV-52714,,Vendor,31526,,19-Apr-24,,1993,,9080,,11073,,11073,,
INV-80006,,Vendor,20383,,1-May-24,,4845,,22073,,26918,,26918,,
INV-52515,,Vendor,39945,,2-May-24,,15068,,68642,,83710,,83710,,
INV-53663,,Vendor,29214,,13-Apr-24,,582,,2649,,3231,,3231,,
INV-80084,,Vendor,12122,,30-Apr-24,,14483,,65976,,80459,,80459,,
INV-97975,,Vendor,71878,,12-Apr-24,,9709,,44232,,53941,,53941,,
INV-63706,,Vendor,96346,,11-Apr-24,,8686,,39568,,48254,,48254,,
INV-15089,,Vendor,41233,,20-Apr-24,,5635,,25672,,31307,,31307,,
INV-16908,,Vendor,64936,,9-Apr-24,,9102,,41464,,50566,,50566,,
INV-36622,,Vendor,67688,,9-Apr-24,,7456,,33966,,41421,,41421,,
INV-52743,,Vendor,80598,,21-Apr-24,,14115,,64304,,78419,,78419,,
INV-37653,,Vendor,15777,,22-Apr-24,,13261,,60412,,73673,,73673,,
INV-19899,,Vendor,34748,,30-Apr-24,,7906,,36016,,43922,,43922,,
INV-36408,,Vendor,22134,,19-Apr-24,,14430,,65737,,80167,,80167,,
INV-66111,,Vendor,90628,,1-May-24,,17043,,77640,,94683,,94683,,
INV-44549,,Vendor,76160,,21-Apr-24,,15742,,71713,,87455,,87455,,
INV-33033,,Vendor,94040,,21-Apr-24,,1905,,8678,,10583,,10583,,
INV-40033,,Vendor,27933,,30-Apr-24,,1808,,8236,,10044,,10044,,
INV-53986,,Vendor,14117,,17-Apr-24,,10434,,47534,,57968,,57968,,
INV-10343,,Vendor,52320,,21-Apr-24,,14098,,64223,,78321,,78321,,
INV-51439,,Vendor,94534,,14-Apr-24,,4123,,18782,,22905,,22905,,
INV-13786,,Vendor,77198,,5-May-24,,8167,,37204,,45371,,45371,,
INV-13881,,Vendor,96266,,24-Apr-24,,13534,,61656,,75191,,75191,,
INV-49158,,Vendor,51434,,2-May-24,,13306,,60617,,73924,,73924,,
INV-92317,,Vendor,25099,,23-Apr-24,,13763,,62700,,76463,,76463,,
INV-17610,,Vendor,77247,,22-Apr-24,,15532,,70755,,86287,,86287,,
INV-90372,,Vendor,51658,,16-Apr-24,,8760,,39905,,48665,,48665,,
INV-14303,,Vendor,73680,,4-May-24,,2456,,11189,,13645,,13645,,
INV-77027,,Vendor,80967,,22-Apr-24,,12574,,57282,,69856,,69856,,
INV-32427,,Vendor,56703,,27-Apr-24,,4088,,18625,,22713,,22713,,
INV-27117,,Vendor,43331,,30-Apr-24,,6602,,30074,,36675,,36675,,
INV-72438,,Vendor,51634,,14-Apr-24,,8339,,37989,,46328,,46328,,
INV-22857,,Vendor,88913,,24-Apr-24,,1913,,8713,,10626,,10626,,
INV-46911,,Vendor,10282,,12-Apr-24,,3031,,13809,,16840,,16840,,
INV-91912,,Vendor,60730,,7-Apr-24,,13106,,59707,,72813,,72813,,
INV-42033,,Vendor,80701,,16-Apr-24,,541,,2463,,3004,,3004,,
INV-57556,,Vendor,36392,,21-Apr-24,,4138,,18851,,22989,,22989,,
INV-87374,,Vendor,30493,,3-May-24,,2438,,11105,,13543,,13543,,
INV-29250,,Vendor,77912,,11-Apr-24,,14317,,65220,,79537,,79537,,
INV-42661,,Vendor,61966,,2-May-24,,4607,,20985,,25592,,25592,,
INV-44699,,Vendor,70401,,7-Apr-24,,9729,,44322,,54051,,54051,,
INV-79774,,Vendor,79917,,14-Apr-24,,1191,,5427,,6618,,6618,,
INV-20999,,Vendor,27033,,26-Apr-24,,14754,,67214,,81969,,81969,,
INV-66709,,Vendor,19307,,4-May-24,,17074,,77783,,94857,,94857,,
INV-63299,,Vendor,80822,,9-Apr-24,,1358,,6187,,7546,,7546,,
INV-25479,,Vendor,46546,,5-May-24,,10488,,47778,,58265,,58265,,
INV-19165,,Vendor,45846,,4-May-24,,10191,,46426,,56617,,56617,,
INV-13334,,Vendor,23701,,4-May-24,,1417,,6456,,7874,,7874,,
INV-28997,,Vendor,93373,,23-Apr-24,,10275,,46810,,57085,,57085,,
INV-61693,,Vendor,70065,,1-May-24,,2235,,10183,,12418,,12418,,
INV-31820,,Vendor,65961,,8-Apr-24,,16903,,77004,,93907,,93907,,
INV-21246,,Vendor,47614,,15-Apr-24,,4043,,18420,,22464,,22464,,
INV-46891,,Vendor,83599,,16-Apr-24,,788,,3590,,4378,,4378,,
INV-76795,,Vendor,10622,,9-Apr-24,,17469,,79580,,97049,,97049,,
INV-66979,,Vendor,63225,,22-Apr-24,,143,,652,,795,,795,,
INV-23877,,Vendor,49689,,16-Apr-24,,14994,,68306,,83300,,83300,,
INV-25257,,Vendor,95443,,7-Apr-24,,749,,3410,,4158,,4158,,
INV-28731,,Vendor,76909,,16-Apr-24,,14841,,67608,,82449,,82449,,
INV-67071,,Vendor,55148,,27-Apr-24,,9935,,45262,,55197,,55197,,
INV-85553,,Vendor,79146,,9-Apr-24,,17067,,77752,,94819,,94819,,
INV-76235,,Vendor,43584,,9-Apr-24,,8473,,38598,,47070,,47070,,
INV-75996,,Vendor,79332,,25-Apr-24,,11563,,52676,,64239,,64239,,
INV-23197,,Vendor,66370,,13-Apr-24,,8951,,40779,,49731,,49731,,
INV-89385,,Vendor,40986,,8-Apr-24,,4553,,20743,,25297,,25297,,
INV-83836,,Vendor,73388,,23-Apr-24,,8068,,36754,,44822,,44822,,
INV-11998,,Vendor,18275,,4-May-24,,6609,,30108,,36718,,36718,,
INV-15128,,Vendor,39156,,8-Apr-24,,12075,,55010,,67085,,67085,,
INV-93719,,Vendor,50580,,13-Apr-24,,3239,,14756,,17995,,17995,,
INV-26527,,Vendor,43467,,1-May-24,,12958,,59029,,71987,,71987,,
INV-44853,,Vendor,23685,,21-Apr-24,,14296,,65127,,79423,,79423,,
INV-30098,,Vendor,63003,,6-May-24,,4126,,18795,,22920,,22920,,
INV-30334,,Vendor,69510,,23-Apr-24,,10497,,47820,,58317,,58317,,
INV-45386,,Vendor,32604,,21-Apr-24,,12429,,56621,,69050,,69050,,
INV-47246,,Vendor,48396,,6-May-24,,11714,,53363,,65077,,65077,,
INV-74317,,Vendor,78767,,7-Apr-24,,14531,,66197,,80729,,80729,,
INV-75356,,Vendor,52852,,10-Apr-24,,17396,,79250,,96646,,96646,,
INV-78887,,Vendor,67227,,17-Apr-24,,10517,,47913,,58430,,58430,,
INV-75055,,Vendor,48614,,8-Apr-24,,6800,,30980,,37780,,37780,,
INV-11986,,Vendor,52691,,28-Apr-24,,1636,,7452,,9088,,9088,,
INV-68243,,Vendor,96872,,18-Apr-24,,8616,,39249,,47865,,47865,,
INV-82438,,Vendor,89677,,30-Apr-24,,4910,,22370,,27280,,27280,,
INV-28644,,Vendor,48714,,14-Apr-24,,3583,,16321,,19903,,19903,,
INV-84726,,Vendor,54931,,25-Apr-24,,3495,,15923,,19418,,19418,,
INV-16338,,Vendor,72643,,16-Apr-24,,10363,,47209,,57572,,57572,,
INV-41679,,Vendor,88317,,2-May-24,,2884,,13137,,16021,,16021,,
INV-73534,,Vendor,24940,,18-Apr-24,,10159,,46278,,56437,,56437,,
INV-68442,,Vendor,68955,,27-Apr-24,,6090,,27744,,33834,,33834,,
INV-39207,,Vendor,68059,,19-Apr-24,,14625,,66624,,81248,,81248,,
INV-21162,,Vendor,83257,,18-Apr-24,,2072,,9438,,11510,,11510,,
INV-76934,,Vendor,72230,,10-Apr-24,,7771,,35401,,43171,,43171,,
INV-30401,,Vendor,24153,,21-Apr-24,,9971,,45421,,55392,,55392,,
INV-26757,,Vendor,15758,,6-May-24,,7831,,35673,,43503,,43503,,
INV-78878,,Vendor,50181,,29-Apr-24,,15769,,71835,,87604,,87604,,
INV-25895,,Vendor,83498,,21-Apr-24,,9338,,42542,,51880,,51880,,
INV-74015,,Vendor,32590,,21-Apr-24,,4465,,20340,,24805,,24805,,
INV-15141,,Vendor,52222,,8-Apr-24,,16313,,74317,,90630,,90630,,
INV-63130,,Vendor,71069,,18-Apr-24,,9950,,45330,,55280,,55280,,
INV-14523,,Vendor,35968,,23-Apr-24,,14101,,64239,,78340,,78340,,
INV-84277,,Vendor,70277,,19-Apr-24,,10613,,48348,,58961,,58961,,
INV-31702,,Vendor,61258,,14-Apr-24,,17099,,77898,,94997,,94997,,
INV-92928,,Vendor,11202,,12-Apr-24,,8722,,39736,,48458,,48458,,
INV-70539,,Vendor,82641,,23-Apr-24,,12991,,59183,,72175,,72175,,
INV-21920,,Vendor,34621,,12-Apr-24,,3845,,17518,,21363,,21363,,
INV-47643,,Vendor,11380,,28-Apr-24,,5282,,24063,,29346,,29346,,
INV-36248,,Vendor,25173,,18-Apr-24,,10295,,46901,,57197,,57197,,
INV-69934,,Vendor,53060,,1-May-24,,9159,,41724,,50883,,50883,,
INV-84846,,Vendor,82702,,22-Apr-24,,14955,,68130,,83085,,83085,,
INV-21322,,Vendor,27865,,3-May-24,,17763,,80919,,98682,,98682,,
INV-71109,,Vendor,19398,,27-Apr-24,,14016,,63849,,77865,,77865,,
INV-85220,,Vendor,56661,,6-May-24,,2791,,12715,,15506,,15506,,
INV-35888,,Vendor,33140,,25-Apr-24,,16881,,76900,,93781,,93781,,
INV-33333,,Vendor,95802,,30-Apr-24,,8877,,40441,,49318,,49318,,
INV-74848,,Vendor,83417,,22-Apr-24,,15556,,70868,,86424,,86424,,
INV-42559,,Vendor,33261,,20-Apr-24,,16239,,73978,,90218,,90218,,
INV-20981,,Vendor,38854,,3-May-24,,16109,,73386,,89496,,89496,,
INV-98425,,Vendor,85602,,15-Apr-24,,10037,,45726,,55763,,55763,,
INV-95815,,Vendor,87559,,15-Apr-24,,9972,,45430,,55402,,55402,,
INV-70681,,Vendor,10212,,1-May-24,,6676,,30411,,37087,,37087,,
INV-59857,,Vendor,44949,,4-May-24,,15040,,68514,,83553,,83553,,
INV-26505,,Vendor,31150,,20-Apr-24,,14119,,64320,,78440,,78440,,
INV-55039,,Vendor,15098,,16-Apr-24,,2896,,13193,,16089,,16089,,
INV-91894,,Vendor,35552,,28-Apr-24,,9901,,45103,,55004,,55004,,
INV-50264,,Vendor,55227,,7-Apr-24,,13093,,59644,,72737,,72737,,
INV-34640,,Vendor,97309,,14-Apr-24,,16307,,74288,,90596,,90596,,
INV-21152,,Vendor,22508,,17-Apr-24,,6515,,29680,,36195,,36195,,
INV-20752,,Vendor,95161,,3-May-24,,4006,,18248,,22254,,22254,,
INV-17000,,Vendor,43238,,12-Apr-24,,4418,,20129,,24547,,24547,,
INV-47161,,Vendor,12001,,8-Apr-24,,13119,,59766,,72885,,72885,,
INV-74299,,Vendor,51983,,24-Apr-24,,1127,,5132,,6259,,6259,,
INV-13682,,Vendor,67677,,1-May-24,,9680,,44098,,53778,,53778,,
INV-25163,,Vendor,50835,,25-Apr-24,,1652,,7525,,9177,,9177,,
INV-35601,,Vendor,41403,,9-Apr-24,,2864,,13048,,15912,,15912,,
INV-37644,,Vendor,25580,,20-Apr-24,,1051,,4786,,5837,,5837,,
INV-62278,,Vendor,31635,,12-Apr-24,,17399,,79261,,96659,,96659,,
INV-40426,,Vendor,19531,,20-Apr-24,,13832,,63012,,76843,,76843,,
INV-94544,,Vendor,10620,,4-May-24,,2591,,11804,,14395,,14395,,
INV-85530,,Vendor,29748,,20-Apr-24,,13830,,63002,,76832,,76832,,
INV-92348,,Vendor,82617,,6-May-24,,3804,,17329,,21133,,21133,,
INV-83371,,Vendor,51837,,24-Apr-24,,2446,,11141,,13587,,13587,,
INV-79629,,Vendor,50066,,21-Apr-24,,6832,,31125,,37957,,37957,,
INV-87038,,Vendor,68507,,6-May-24,,17074,,77783,,94857,,94857,,
INV-99028,,Vendor,43797,,20-Apr-24,,8238,,37528,,45766,,45766,,
INV-58264,,Vendor,83092,,21-Apr-24,,5835,,26579,,32414,,32414,,
INV-19913,,Vendor,91322,,15-Apr-24,,11341,,51666,,63007,,63007,,
INV-20631,,Vendor,10595,,19-Apr-24,,6724,,30631,,37355,,37355,,
INV-35823,,Vendor,37613,,5-May-24,,14168,,64542,,78710,,78710,,
INV-91376,,Vendor,86528,,1-May-24,,8195,,37332,,45527,,45527,,
INV-85167,,Vendor,91267,,15-Apr-24,,9863,,44932,,54796,,54796,,
INV-36485,,Vendor,16262,,2-May-24,,7413,,33771,,41184,,41184,,
INV-25837,,Vendor,25436,,7-Apr-24,,8919,,40630,,49548,,49548,,
INV-66912,,Vendor,12867,,3-May-24,,9460,,43096,,52557,,52557,,
INV-19591,,Vendor,25667,,24-Apr-24,,5208,,23726,,28934,,28934,,
INV-49937,,Vendor,17173,,8-Apr-24,,13765,,62707,,76472,,76472,,
INV-95603,,Vendor,64535,,18-Apr-24,,7523,,34272,,41795,,41795,,
INV-76186,,Vendor,83942,,28-Apr-24,,1175,,5355,,6530,,6530,,
INV-21530,,Vendor,19885,,5-May-24,,9075,,41343,,50419,,50419,,
INV-38387,,Vendor,47370,,29-Apr-24,,6873,,31311,,38185,,38185,,
INV-98396,,Vendor,72400,,26-Apr-24,,4567,,20806,,25374,,25374,,
INV-36150,,Vendor,27321,,15-Apr-24,,16786,,76471,,93257,,93257,,
INV-94543,,Vendor,93401,,6-May-24,,10453,,47620,,58073,,58073,,
INV-61386,,Vendor,58269,,28-Apr-24,,8205,,37378,,45583,,45583,,
INV-48039,,Vendor,63969,,13-Apr-24,,3048,,13885,,16932,,16932,,
INV-21238,,Vendor,57401,,17-Apr-24,,9952,,45338,,55290,,55290,,
INV-38864,,Vendor,32962,,16-Apr-24,,773,,3520,,4293,,4293,,
INV-93518,,Vendor,85619,,8-Apr-24,,10928,,49783,,60711,,60711,,
INV-69415,,Vendor,28517,,16-Apr-24,,2690,,12255,,14945,,14945,,
INV-30322,,Vendor,54357,,6-May-24,,17569,,80038,,97607,,97607,,
INV-66650,,Vendor,96090,,4-May-24,,2846,,12964,,15810,,15810,,
INV-25176,,Vendor,12311,,10-Apr-24,,11334,,51633,,62967,,62967,,
INV-78501,,Vendor,88035,,7-Apr-24,,1812,,8256,,10068,,10068,,
INV-67165,,Vendor,38932,,8-Apr-24,,2070,,9430,,11500,,11500,,
INV-55297,,Vendor,66728,,27-Apr-24,,6734,,30677,,37411,,37411,,
INV-23048,,Vendor,77696,,21-Apr-24,,13092,,59639,,72731,,72731,,
INV-48389,,Vendor,74901,,28-Apr-24,,15372,,70026,,85397,,85397,,
INV-63322,,Vendor,19662,,12-Apr-24,,15798,,71969,,87768,,87768,,
INV-31153,,Vendor,37960,,7-Apr-24,,8726,,39753,,48479,,48479,,
INV-97328,,Vendor,15206,,4-May-24,,7666,,34924,,42590,,42590,,
INV-62352,,Vendor,86677,,1-May-24,,16635,,75782,,92417,,92417,,
INV-70880,,Vendor,19312,,10-Apr-24,,7337,,33425,,40763,,40763,,
INV-99310,,Vendor,71651,,13-Apr-24,,5576,,25400,,30976,,30976,,
INV-38282,,Vendor,48809,,30-Apr-24,,9188,,41857,,51045,,51045,,
INV-14918,,Vendor,64513,,17-Apr-24,,12023,,54769,,66792,,66792,,
INV-49945,,Vendor,86528,,28-Apr-24,,11360,,51751,,63111,,63111,,
INV-65308,,Vendor,55600,,1-May-24,,11620,,52936,,64557,,64557,,
INV-53793,,Vendor,43867,,12-Apr-24,,968,,4410,,5378,,5378,,
INV-71339,,Vendor,42877,,17-Apr-24,,1239,,5646,,6886,,6886,,
INV-59769,,Vendor,18745,,13-Apr-24,,8241,,37543,,45784,,45784,,
INV-50629,,Vendor,80887,,18-Apr-24,,8592,,39142,,47734,,47734,,
INV-38938,,Vendor,15803,,24-Apr-24,,9127,,41577,,50704,,50704,,
INV-22920,,Vendor,37501,,1-May-24,,10237,,46637,,56875,,56875,,
INV-84642,,Vendor,21720,,9-Apr-24,,6857,,31238,,38095,,38095,,
INV-83103,,Vendor,62016,,1-May-24,,2040,,9295,,11335,,11335,,
INV-55063,,Vendor,42143,,14-Apr-24,,11506,,52417,,63923,,63923,,
INV-44729,,Vendor,81511,,4-May-24,,4177,,19030,,23208,,23208,,
INV-86027,,Vendor,34730,,24-Apr-24,,1006,,4581,,5586,,5586,,
INV-49288,,Vendor,50247,,18-Apr-24,,9818,,44725,,54542,,54542,,
INV-36059,,Vendor,22371,,13-Apr-24,,15793,,71946,,87740,,87740,,
INV-53751,,Vendor,94569,,6-May-24,,4334,,19745,,24080,,24080,,
INV-61294,,Vendor,80267,,18-Apr-24,,692,,3152,,3844,,3844,,
INV-56186,,Vendor,85095,,11-Apr-24,,1614,,7354,,8968,,8968,,
INV-97224,,Vendor,52847,,15-Apr-24,,15592,,71028,,86620,,86620,,
INV-33481,,Vendor,14026,,24-Apr-24,,10698,,48736,,59434,,59434,,
INV-19399,,Vendor,50956,,8-Apr-24,,15707,,71554,,87261,,87261,,
INV-63765,,Vendor,57400,,18-Apr-24,,4278,,19490,,23768,,23768,,
INV-41868,,Vendor,46729,,6-May-24,,16226,,73920,,90146,,90146,,
INV-19068,,Vendor,25491,,19-Apr-24,,8404,,38284,,46687,,46687,,
INV-80371,,Vendor,80231,,1-May-24,,9130,,41592,,50722,,50722,,
INV-91876,,Vendor,13579,,7-Apr-24,,6974,,31772,,38747,,38747,,
INV-61612,,Vendor,34414,,26-Apr-24,,10589,,48240,,58829,,58829,,
INV-32197,,Vendor,57245,,3-May-24,,7540,,34349,,41889,,41889,,
INV-85615,,Vendor,85907,,20-Apr-24,,10493,,47803,,58296,,58296,,
INV-65521,,Vendor,43927,,17-Apr-24,,17422,,79365,,96787,,96787,,
INV-62471,,Vendor,89373,,19-Apr-24,,3834,,17468,,21302,,21302,,
INV-91985,,Vendor,63422,,15-Apr-24,,4623,,21061,,25684,,25684,,
INV-47318,,Vendor,25579,,22-Apr-24,,17552,,79957,,97509,,97509,,
INV-43232,,Vendor,85264,,25-Apr-24,,2081,,9480,,11561,,11561,,
INV-84076,,Vendor,65073,,15-Apr-24,,3756,,17109,,20865,,20865,,
INV-83050,,Vendor,24411,,27-Apr-24,,9389,,42773,,52163,,52163,,
INV-16862,,Vendor,66493,,24-Apr-24,,8185,,37286,,45470,,45470,,
INV-44465,,Vendor,75760,,11-Apr-24,,6653,,30309,,36962,,36962,,
INV-96917,,Vendor,47243,,22-Apr-24,,16457,,74970,,91427,,91427,,
INV-17079,,Vendor,56901,,30-Apr-24,,3616,,16472,,20088,,20088,,
INV-32860,,Vendor,77167,,20-Apr-24,,11260,,51297,,62557,,62557,,
INV-25204,,Vendor,48267,,2-May-24,,17975,,81884,,99858,,99858,,
INV-38114,,Vendor,69632,,17-Apr-24,,8933,,40695,,49628,,49628,,
INV-73756,,Vendor,51431,,3-May-24,,9370,,42684,,52053,,52053,,
INV-99471,,Vendor,42376,,26-Apr-24,,10367,,47228,,57595,,57595,,
INV-49738,,Vendor,71384,,4-May-24,,7209,,32842,,40052,,40052,,
INV-97784,,Vendor,95605,,12-Apr-24,,11167,,50871,,62038,,62038,,
INV-15932,,Vendor,74585,,6-May-24,,322,,1467,,1789,,1789,,
INV-21881,,Vendor,59053,,23-Apr-24,,774,,3524,,4297,,4297,,
INV-18306,,Vendor,52716,,15-Apr-24,,16670,,75939,,92609,,92609,,
INV-18036,,Vendor,72663,,21-Apr-24,,649,,2958,,3607,,3607,,
INV-47825,,Vendor,90831,,7-Apr-24,,17988,,81945,,99933,,99933,,
INV-65832,,Vendor,64212,,16-Apr-24,,11305,,51500,,62805,,62805,,
INV-75967,,Vendor,52215,,6-May-24,,3264,,14868,,18132,,18132,,
INV-81547,,Vendor,35165,,7-Apr-24,,9950,,45328,,55278,,55278,,
INV-78740,,Vendor,53852,,9-Apr-24,,3286,,14972,,18258,,18258,,
INV-56794,,Vendor,14550,,12-Apr-24,,1453,,6621,,8075,,8075,,
INV-21110,,Vendor,71944,,30-Apr-24,,15642,,71260,,86903,,86903,,
INV-19618,,Vendor,12136,,12-Apr-24,,5989,,27285,,33274,,33274,,
INV-72316,,Vendor,64531,,13-Apr-24,,15466,,70458,,85924,,85924,,
INV-21208,,Vendor,52541,,16-Apr-24,,12957,,59028,,71986,,71986,,
INV-63321,,Vendor,92683,,28-Apr-24,,6185,,28174,,34359,,34359,,
INV-56214,,Vendor,40271,,20-Apr-24,,3931,,17906,,21837,,21837,,
INV-48032,,Vendor,28449,,2-May-24,,7227,,32924,,40151,,40151,,
INV-31767,,Vendor,29965,,20-Apr-24,,4622,,21057,,25679,,25679,,
INV-49501,,Vendor,62745,,2-May-24,,14511,,66107,,80618,,80618,,
INV-19167,,Vendor,48921,,13-Apr-24,,9131,,41597,,50728,,50728,,
INV-19158,,Vendor,34744,,17-Apr-24,,3152,,14361,,17513,,17513,,
INV-24288,,Vendor,73660,,19-Apr-24,,15792,,71940,,87732,,87732,,
INV-70563,,Vendor,95909,,7-Apr-24,,16803,,76547,,93350,,93350,,
INV-36112,,Vendor,94414,,21-Apr-24,,5908,,26915,,32823,,32823,,
INV-34433,,Vendor,38554,,10-Apr-24,,2658,,12110,,14768,,14768,,
INV-36916,,Vendor,49220,,4-May-24,,5668,,25821,,31489,,31489,,
INV-45178,,Vendor,99021,,3-May-24,,1802,,8207,,10009,,10009,,
INV-41554,,Vendor,83143,,22-Apr-24,,16271,,74123,,90394,,90394,,
INV-20202,,Vendor,88310,,21-Apr-24,,10455,,47626,,58081,,58081,,
INV-64026,,Vendor,59556,,26-Apr-24,,10665,,48584,,59249,,59249,,
INV-63418,,Vendor,66672,,1-May-24,,14543,,66252,,80795,,80795,,
INV-30126,,Vendor,57023,,13-Apr-24,,5634,,25667,,31302,,31302,,
INV-39762,,Vendor,79825,,27-Apr-24,,15561,,70887,,86448,,86448,,
INV-24913,,Vendor,91632,,5-May-24,,2775,,12641,,15416,,15416,,
INV-65288,,Vendor,61616,,17-Apr-24,,1840,,8382,,10221,,10221,,
INV-79754,,Vendor,98771,,22-Apr-24,,13460,,61317,,74777,,74777,,
INV-79746,,Vendor,64048,,5-May-24,,15308,,69739,,85047,,85047,,
INV-52398,,Vendor,93987,,17-Apr-24,,3576,,16292,,19868,,19868,,
INV-28205,,Vendor,36239,,19-Apr-24,,4173,,19010,,23183,,23183,,
INV-19036,,Vendor,10764,,4-May-24,,5943,,27072,,33015,,33015,,
INV-76684,,Vendor,30862,,17-Apr-24,,5014,,22841,,27854,,27854,,
INV-55840,,Vendor,35607,,14-Apr-24,,7497,,34152,,41648,,41648,,
INV-93579,,Vendor,17391,,1-May-24,,13262,,60416,,73678,,73678,,
INV-93529,,Vendor,85128,,28-Apr-24,,2045,,9314,,11359,,11359,,
INV-78914,,Vendor,55058,,14-Apr-24,,2921,,13305,,16226,,16226,,
INV-52691,,Vendor,71361,,29-Apr-24,,8892,,40509,,49402,,49402,,
INV-56029,,Vendor,35609,,28-Apr-24,,375,,1708,,2083,,2083,,
INV-58504,,Vendor,96179,,24-Apr-24,,8158,,37165,,45323,,45323,,
INV-47308,,Vendor,44642,,17-Apr-24,,17198,,78347,,95546,,95546,,
INV-97871,,Vendor,43742,,9-Apr-24,,7778,,35432,,43210,,43210,,
INV-18981,,Vendor,65070,,26-Apr-24,,9179,,41818,,50997,,50997,,
INV-45224,,Vendor,22229,,27-Apr-24,,181,,826,,1008,,1008,,
INV-24412,,Vendor,54129,,18-Apr-24,,6572,,29940,,36512,,36512,,
INV-56163,,Vendor,37058,,26-Apr-24,,12884,,58693,,71577,,71577,,
INV-87124,,Vendor,22207,,8-Apr-24,,15410,,70203,,85614,,85614,,
INV-92278,,Vendor,56843,,11-Apr-24,,16702,,76086,,92788,,92788,,
INV-58678,,Vendor,58992,,2-May-24,,1358,,6188,,7547,,7547,,
INV-41795,,Vendor,58758,,10-Apr-24,,9506,,43307,,52814,,52814,,
INV-59286,,Vendor,32753,,21-Apr-24,,11719,,53387,,65106,,65106,,
INV-92170,,Vendor,21297,,14-Apr-24,,8317,,37886,,46203,,46203,,
INV-75181,,Vendor,72776,,20-Apr-24,,11194,,50994,,62187,,62187,,
INV-47529,,Vendor,96520,,10-Apr-24,,14818,,67502,,82320,,82320,,
INV-58024,,Vendor,19778,,27-Apr-24,,4195,,19109,,23303,,23303,,
INV-87227,,Vendor,19769,,22-Apr-24,,11401,,51939,,63340,,63340,,
INV-27402,,Vendor,89298,,12-Apr-24,,4496,,20484,,24980,,24980,,
INV-75439,,Vendor,29007,,30-Apr-24,,16952,,77227,,94179,,94179,,
INV-43878,,Vendor,25053,,11-Apr-24,,14160,,64507,,78667,,78667,,
INV-10762,,Vendor,78883,,21-Apr-24,,1794,,8173,,9967,,9967,,
INV-12887,,Vendor,10186,,9-Apr-24,,14734,,67124,,81858,,81858,,
INV-52189,,Vendor,51584,,14-Apr-24,,11891,,54172,,66064,,66064,,
INV-79923,,Vendor,60302,,15-Apr-24,,2241,,10210,,12451,,12451,,
INV-41702,,Vendor,35706,,3-May-24,,11270,,51343,,62613,,62613,,
INV-51958,,Vendor,64425,,10-Apr-24,,4467,,20350,,24817,,24817,,
INV-56535,,Vendor,65776,,6-May-24,,7937,,36156,,44093,,44093,,
INV-50292,,Vendor,97254,,22-Apr-24,,15159,,69057,,84216,,84216,,
INV-30627,,Vendor,71538,,2-May-24,,10109,,46052,,56161,,56161,,
INV-36280,,Vendor,64888,,22-Apr-24,,5442,,24793,,30236,,30236,,
INV-24982,,Vendor,66764,,23-Apr-24,,4578,,20854,,25432,,25432,,
INV-92112,,Vendor,82165,,16-Apr-24,,14834,,67577,,82411,,82411,,
INV-77009,,Vendor,14716,,14-Apr-24,,12843,,58509,,71352,,71352,,
INV-28358,,Vendor,63744,,26-Apr-24,,1888,,8600,,10488,,10488,,
INV-90705,,Vendor,73918,,29-Apr-24,,12467,,56793,,69260,,69260,,
INV-94806,,Vendor,56122,,3-May-24,,8639,,39354,,47992,,47992,,
INV-64741,,Vendor,98850,,15-Apr-24,,17126,,78017,,95143,,95143,,
INV-27609,,Vendor,24313,,25-Apr-24,,6023,,27438,,33461,,33461,,
INV-45719,,Vendor,89088,,17-Apr-24,,7309,,33299,,40608,,40608,,
INV-23165,,Vendor,30912,,19-Apr-24,,12997,,59210,,72207,,72207,,
INV-58859,,Vendor,95000,,26-Apr-24,,13309,,60630,,73939,,73939,,
INV-19957,,Vendor,16341,,21-Apr-24,,4584,,20883,,25467,,25467,,
INV-18543,,Vendor,98840,,6-May-24,,5880,,26789,,32669,,32669,,
INV-80880,,Vendor,97348,,10-Apr-24,,4796,,21850,,26646,,26646,,
INV-85999,,Vendor,50478,,11-Apr-24,,9371,,42690,,52061,,52061,,
INV-37189,,Vendor,88244,,15-Apr-24,,43,,194,,237,,237,,
INV-39219,,Vendor,49014,,5-May-24,,13677,,62306,,75983,,75983,,
INV-25527,,Vendor,19430,,17-Apr-24,,12695,,57833,,70528,,70528,,
INV-69999,,Vendor,87006,,6-May-24,,9817,,44724,,54541,,54541,,
INV-52035,,Vendor,37256,,3-May-24,,8788,,40035,,48823,,48823,,
INV-61897,,Vendor,86205,,12-Apr-24,,9137,,41623,,50759,,50759,,
INV-25251,,Vendor,46321,,2-May-24,,5234,,23844,,29077,,29077,,
INV-96886,,Vendor,25006,,14-Apr-24,,7586,,34557,,42142,,42142,,
INV-89748,,Vendor,87180,,3-May-24,,9370,,42686,,52056,,52056,,
INV-43492,,Vendor,58347,,27-Apr-24,,4635,,21114,,25749,,25749,,
INV-53029,,Vendor,37704,,28-Apr-24,,796,,3628,,4425,,4425,,
INV-21424,,Vendor,61465,,11-Apr-24,,5860,,26697,,32558,,32558,,
INV-86892,,Vendor,74671,,12-Apr-24,,14290,,65097,,79386,,79386,,
INV-60841,,Vendor,29701,,22-Apr-24,,433,,1971,,2403,,2403,,
INV-60431,,Vendor,94079,,24-Apr-24,,12203,,55590,,67792,,67792,,
INV-78119,,Vendor,85993,,16-Apr-24,,1451,,6610,,8060,,8060,,
INV-66031,,Vendor,45067,,13-Apr-24,,17720,,80722,,98442,,98442,,
INV-83832,,Vendor,71940,,15-Apr-24,,7519,,34255,,41774,,41774,,
INV-35976,,Vendor,57167,,13-Apr-24,,9037,,41168,,50205,,50205,,
INV-26864,,Vendor,44307,,22-Apr-24,,14375,,65488,,79864,,79864,,
INV-20578,,Vendor,83589,,19-Apr-24,,17078,,77801,,94879,,94879,,
INV-35685,,Vendor,93470,,4-May-24,,11666,,53143,,64809,,64809,,
INV-45983,,Vendor,85534,,13-Apr-24,,3684,,16781,,20465,,20465,,
INV-32043,,Vendor,42335,,17-Apr-24,,2913,,13269,,16181,,16181,,
INV-76523,,Vendor,30742,,15-Apr-24,,4324,,19699,,24024,,24024,,
INV-33866,,Vendor,23752,,4-May-24,,13457,,61302,,74759,,74759,,
INV-19905,,Vendor,55016,,7-Apr-24,,14261,,64966,,79226,,79226,,
INV-20488,,Vendor,28048,,16-Apr-24,,2061,,9391,,11452,,11452,,
INV-59890,,Vendor,83684,,20-Apr-24,,11986,,54604,,66591,,66591,,
INV-85080,,Vendor,65958,,28-Apr-24,,7476,,34056,,41532,,41532,,
INV-83612,,Vendor,15970,,26-Apr-24,,17943,,81738,,99681,,99681,,
INV-83975,,Vendor,25267,,22-Apr-24,,16823,,76636,,93459,,93459,,
INV-46498,,Vendor,45294,,26-Apr-24,,7512,,34220,,41732,,41732,,
INV-88039,,Vendor,93656,,18-Apr-24,,13469,,61359,,74829,,74829,,
INV-39831,,Vendor,58277,,6-May-24,,2364,,10770,,13135,,13135,,
INV-81824,,Vendor,72803,,16-Apr-24,,6383,,29079,,35462,,35462,,
INV-50494,,Vendor,75575,,21-Apr-24,,7901,,35992,,43892,,43892,,
INV-62602,,Vendor,79931,,7-Apr-24,,2910,,13256,,16166,,16166,,
INV-38897,,Vendor,39971,,19-Apr-24,,5210,,23735,,28945,,28945,,
INV-22535,,Vendor,68307,,7-Apr-24,,7143,,32543,,39686,,39686,,
INV-53981,,Vendor,28755,,22-Apr-24,,5842,,26612,,32454,,32454,,
INV-19644,,Vendor,86363,,3-May-24,,14718,,67051,,81769,,81769,,
INV-21456,,Vendor,10349,,26-Apr-24,,10923,,49758,,60681,,60681,,
INV-69128,,Vendor,70467,,30-Apr-24,,15516,,70683,,86199,,86199,,
INV-26663,,Vendor,20698,,25-Apr-24,,12361,,56311,,68672,,68672,,
INV-71122,,Vendor,14580,,26-Apr-24,,5630,,25648,,31278,,31278,,
INV-33011,,Vendor,59180,,5-May-24,,9298,,42359,,51657,,51657,,
INV-81752,,Vendor,18862,,21-Apr-24,,7514,,34232,,41747,,41747,,
INV-40480,,Vendor,56962,,4-May-24,,22,,99,,121,,121,,
INV-36813,,Vendor,81214,,8-Apr-24,,11172,,50895,,62067,,62067,,
INV-32620,,Vendor,45989,,28-Apr-24,,8370,,38130,,46500,,46500,,
INV-88742,,Vendor,90509,,5-May-24,,11676,,53190,,64866,,64866,,
INV-93136,,Vendor,80913,,22-Apr-24,,8234,,37510,,45744,,45744,,
INV-96083,,Vendor,87664,,27-Apr-24,,2142,,9760,,11902,,11902,,
INV-40719,,Vendor,49879,,19-Apr-24,,8774,,39970,,48744,,48744,,
INV-52885,,Vendor,35509,,27-Apr-24,,8278,,37709,,45986,,45986,,
INV-77511,,Vendor,35264,,18-Apr-24,,7713,,35138,,42851,,42851,,
INV-17994,,Vendor,66975,,15-Apr-24,,1710,,7792,,9502,,9502,,
INV-31233,,Vendor,32366,,18-Apr-24,,1981,,9023,,11004,,11004,,
INV-42727,,Vendor,17729,,23-Apr-24,,5373,,24477,,29850,,29850,,
INV-82823,,Vendor,48050,,12-Apr-24,,11148,,50786,,61934,,61934,,
INV-26528,,Vendor,55842,,19-Apr-24,,9323,,42470,,51793,,51793,,
INV-83036,,Vendor,86075,,25-Apr-24,,15012,,68390,,83402,,83402,,
INV-53835,,Vendor,66250,,12-Apr-24,,1401,,6383,,7785,,7785,,
INV-47125,,Vendor,68331,,25-Apr-24,,3281,,14947,,18229,,18229,,
INV-87217,,Vendor,56245,,12-Apr-24,,5477,,24950,,30427,,30427,,
INV-67120,,Vendor,67522,,5-May-24,,14603,,66524,,81127,,81127,,
INV-35283,,Vendor,91339,,13-Apr-24,,5198,,23680,,28877,,28877,,
INV-37273,,Vendor,77671,,18-Apr-24,,13646,,62163,,75809,,75809,,
INV-49194,,Vendor,11431,,3-May-24,,2563,,11677,,14240,,14240,,
INV-84153,,Vendor,48997,,10-Apr-24,,17300,,78813,,96113,,96113,,
INV-31360,,Vendor,25822,,19-Apr-24,,16698,,76069,,92767,,92767,,
INV-31075,,Vendor,34529,,17-Apr-24,,8366,,38111,,46477,,46477,,
INV-71786,,Vendor,37297,,23-Apr-24,,4308,,19626,,23934,,23934,,
INV-23018,,Vendor,27325,,4-May-24,,116,,527,,642,,642,,
INV-81540,,Vendor,92287,,15-Apr-24,,13933,,63473,,77406,,77406,,
INV-35151,,Vendor,72943,,3-May-24,,15586,,71003,,86589,,86589,,
INV-84426,,Vendor,71561,,13-Apr-24,,3338,,15207,,18545,,18545,,
INV-39584,,Vendor,11230,,12-Apr-24,,7216,,32873,,40089,,40089,,
INV-54356,,Vendor,39456,,16-Apr-24,,17188,,78300,,95488,,95488,,
INV-10999,,Vendor,66716,,7-Apr-24,,15745,,71726,,87471,,87471,,
INV-39876,,Vendor,23441,,28-Apr-24,,10979,,50015,,60994,,60994,,
INV-17904,,Vendor,87592,,20-Apr-24,,17241,,78542,,95783,,95783,,
INV-79197,,Vendor,85625,,7-Apr-24,,875,,3988,,4863,,4863,,
INV-61462,,Vendor,88448,,7-Apr-24,,11301,,51484,,62785,,62785,,
INV-20814,,Vendor,56175,,26-Apr-24,,4654,,21202,,25856,,25856,,
INV-10712,,Vendor,34113,,4-May-24,,7883,,35911,,43794,,43794,,
INV-48131,,Vendor,26520,,7-Apr-24,,11516,,52463,,63980,,63980,,
INV-51285,,Vendor,25031,,16-Apr-24,,6007,,27363,,33370,,33370,,
INV-92482,,Vendor,30049,,17-Apr-24,,1740,,7925,,9665,,9665,,
INV-91522,,Vendor,51246,,26-Apr-24,,6083,,27713,,33797,,33797,,
INV-51547,,Vendor,86303,,8-Apr-24,,14142,,64425,,78567,,78567,,
INV-92408,,Vendor,48938,,13-Apr-24,,5117,,23312,,28429,,28429,,
INV-35662,,Vendor,80382,,11-Apr-24,,2203,,10037,,12241,,12241,,
INV-75805,,Vendor,48657,,11-Apr-24,,9257,,42170,,51426,,51426,,
INV-14903,,Vendor,26780,,17-Apr-24,,3624,,16507,,20131,,20131,,
INV-71133,,Vendor,41901,,1-May-24,,15177,,69138,,84315,,84315,,
INV-31278,,Vendor,72922,,3-May-24,,1578,,7188,,8766,,8766,,
INV-59775,,Vendor,45198,,8-Apr-24,,1251,,5697,,6947,,6947,,
INV-87550,,Vendor,45517,,14-Apr-24,,9035,,41161,,50196,,50196,,
INV-91758,,Vendor,98709,,23-Apr-24,,10583,,48209,,58792,,58792,,
INV-20459,,Vendor,97336,,22-Apr-24,,15769,,71836,,87604,,87604,,
INV-80476,,Vendor,73095,,21-Apr-24,,16782,,76452,,93234,,93234,,
INV-36421,,Vendor,13932,,8-Apr-24,,2059,,9381,,11440,,11440,,
INV-29818,,Vendor,89068,,11-Apr-24,,14619,,66599,,81218,,81218,,
INV-19163,,Vendor,37222,,26-Apr-24,,9745,,44394,,54139,,54139,,
INV-38710,,Vendor,83501,,11-Apr-24,,15274,,69580,,84854,,84854,,
INV-85889,,Vendor,19595,,28-Apr-24,,9324,,42477,,51801,,51801,,
INV-98594,,Vendor,14687,,26-Apr-24,,4382,,19961,,24343,,24343,,
INV-64454,,Vendor,49603,,14-Apr-24,,6781,,30890,,37671,,37671,,
INV-84145,,Vendor,34242,,16-Apr-24,,10994,,50084,,61078,,61078,,
INV-20413,,Vendor,75259,,8-Apr-24,,15446,,70364,,85809,,85809,,
INV-41244,,Vendor,88448,,6-May-24,,5482,,24975,,30458,,30458,,
INV-94202,,Vendor,97175,,26-Apr-24,,9857,,44904,,54761,,54761,,
INV-93092,,Vendor,66881,,26-Apr-24,,814,,3708,,4522,,4522,,
INV-15559,,Vendor,53249,,5-May-24,,1235,,5624,,6859,,6859,,
INV-23920,,Vendor,33250,,15-Apr-24,,8930,,40681,,49611,,49611,,
INV-58606,,Vendor,88450,,3-May-24,,15873,,72308,,88181,,88181,,
INV-49903,,Vendor,34628,,10-Apr-24,,8320,,37901,,46221,,46221,,
INV-20574,,Vendor,37896,,24-Apr-24,,2496,,11370,,13865,,13865,,
INV-92993,,Vendor,75200,,22-Apr-24,,10221,,46561,,56781,,56781,,
INV-97744,,Vendor,47333,,3-May-24,,9197,,41899,,51097,,51097,,
INV-10554,,Vendor,88089,,9-Apr-24,,17523,,79828,,97352,,97352,,
INV-50697,,Vendor,12348,,14-Apr-24,,9578,,43634,,53212,,53212,,
INV-12620,,Vendor,71582,,18-Apr-24,,10948,,49875,,60824,,60824,,
INV-71812,,Vendor,38333,,17-Apr-24,,15586,,71005,,86591,,86591,,
INV-14044,,Vendor,72890,,10-Apr-24,,2587,,11783,,14370,,14370,,
INV-34521,,Vendor,15177,,25-Apr-24,,11090,,50522,,61612,,61612,,
INV-87357,,Vendor,24856,,23-Apr-24,,6568,,29922,,36490,,36490,,
INV-63871,,Vendor,49904,,7-Apr-24,,6271,,28568,,34839,,34839,,
INV-19258,,Vendor,11027,,16-Apr-24,,15142,,68981,,84123,,84123,,
INV-18391,,Vendor,91594,,9-Apr-24,,17137,,78067,,95203,,95203,,
INV-63340,,Vendor,82255,,6-May-24,,6293,,28667,,34960,,34960,,
INV-23280,,Vendor,15237,,28-Apr-24,,6713,,30584,,37297,,37297,,
INV-86555,,Vendor,19630,,30-Apr-24,,1145,,5217,,6362,,6362,,
INV-95840,,Vendor,33280,,7-Apr-24,,14912,,67932,,82844,,82844,,
INV-23572,,Vendor,56384,,5-May-24,,13616,,62030,,75646,,75646,,
INV-93803,,Vendor,33542,,19-Apr-24,,11907,,54245,,66152,,66152,,
INV-13878,,Vendor,39981,,1-May-24,,13895,,63299,,77194,,77194,,
INV-17578,,Vendor,43851,,7-Apr-24,,10670,,48606,,59276,,59276,,
INV-14758,,Vendor,40663,,22-Apr-24,,3953,,18010,,21963,,21963,,
INV-57402,,Vendor,80901,,7-Apr-24,,1920,,8744,,10664,,10664,,
INV-90912,,Vendor,36875,,6-May-24,,13473,,61378,,74851,,74851,,
INV-85416,,Vendor,25719,,8-Apr-24,,8528,,38848,,47376,,47376,,
INV-53094,,Vendor,25921,,6-May-24,,2669,,12157,,14826,,14826,,
INV-39763,,Vendor,75879,,18-Apr-24,,3217,,14656,,17873,,17873,,
INV-99157,,Vendor,30570,,9-Apr-24,,12734,,58012,,70746,,70746,,
INV-54630,,Vendor,19738,,23-Apr-24,,4472,,20375,,24847,,24847,,
INV-84388,,Vendor,49043,,26-Apr-24,,1933,,8807,,10741,,10741,,
INV-12587,,Vendor,60641,,10-Apr-24,,3833,,17462,,21295,,21295,,
INV-87420,,Vendor,27847,,24-Apr-24,,566,,2579,,3145,,3145,,
INV-43218,,Vendor,61657,,27-Apr-24,,8166,,37202,,45368,,45368,,
INV-36131,,Vendor,87479,,12-Apr-24,,15652,,71303,,86955,,86955,,
INV-29090,,Vendor,43339,,9-Apr-24,,16293,,74226,,90519,,90519,,
INV-74306,,Vendor,95709,,12-Apr-24,,9932,,45247,,55180,,55180,,
INV-61194,,Vendor,65269,,28-Apr-24,,9347,,42579,,51926,,51926,,
INV-53067,,Vendor,86985,,7-Apr-24,,15145,,68994,,84139,,84139,,
INV-18062,,Vendor,44862,,16-Apr-24,,6814,,31043,,37858,,37858,,
INV-66377,,Vendor,84960,,11-Apr-24,,17625,,80290,,97915,,97915,,
INV-87079,,Vendor,90489,,4-May-24,,3914,,17830,,21744,,21744,,
INV-17197,,Vendor,36927,,11-Apr-24,,1338,,6095,,7433,,7433,,
INV-99884,,Vendor,52951,,17-Apr-24,,14025,,63892,,77918,,77918,,
INV-65790,,Vendor,41414,,17-Apr-24,,4991,,22739,,27730,,27730,,
INV-60867,,Vendor,40386,,7-Apr-24,,14540,,66238,,80779,,80779,,
INV-18141,,Vendor,33001,,17-Apr-24,,3667,,16706,,20373,,20373,,
INV-95755,,Vendor,51839,,18-Apr-24,,431,,1963,,2394,,2394,,
INV-60118,,Vendor,15218,,2-May-24,,7722,,35180,,42902,,42902,,
INV-22697,,Vendor,78146,,26-Apr-24,,5692,,25929,,31621,,31621,,
INV-29737,,Vendor,92748,,13-Apr-24,,8782,,40006,,48787,,48787,,
INV-87781,,Vendor,66814,,23-Apr-24,,15736,,71684,,87420,,87420,,
INV-85056,,Vendor,50754,,23-Apr-24,,9317,,42444,,51761,,51761,,
INV-21449,,Vendor,74588,,5-May-24,,8605,,39201,,47806,,47806,,
INV-98151,,Vendor,85489,,12-Apr-24,,4684,,21337,,26020,,26020,,
INV-82637,,Vendor,98659,,4-May-24,,16719,,76165,,92884,,92884,,
INV-66048,,Vendor,27309,,29-Apr-24,,11265,,51318,,62583,,62583,,
INV-33652,,Vendor,48268,,4-May-24,,6340,,28881,,35221,,35221,,
INV-85431,,Vendor,80304,,2-May-24,,11639,,53022,,64661,,64661,,
INV-59535,,Vendor,87656,,4-May-24,,10550,,48063,,58614,,58614,,
INV-99903,,Vendor,96519,,14-Apr-24,,7786,,35470,,43256,,43256,,
INV-21788,,Vendor,83954,,11-Apr-24,,5041,,22965,,28006,,28006,,
INV-58267,,Vendor,55334,,18-Apr-24,,17844,,81289,,99133,,99133,,
INV-24126,,Vendor,63798,,12-Apr-24,,5451,,24831,,30282,,30282,,
INV-57916,,Vendor,69513,,29-Apr-24,,1508,,6870,,8378,,8378,,
INV-65985,,Vendor,29529,,2-May-24,,15557,,70872,,86430,,86430,,
INV-82531,,Vendor,31906,,19-Apr-24,,3631,,16541,,20172,,20172,,
INV-66512,,Vendor,32999,,9-Apr-24,,8911,,40595,,49506,,49506,,
INV-84604,,Vendor,55583,,3-May-24,,12870,,58631,,71501,,71501,,
INV-59369,,Vendor,63743,,5-May-24,,7618,,34705,,42323,,42323,,
INV-18599,,Vendor,89970,,16-Apr-24,,15897,,72418,,88314,,88314,,
INV-93595,,Vendor,24313,,22-Apr-24,,552,,2517,,3069,,3069,,
INV-74368,,Vendor,66599,,30-Apr-24,,12891,,58726,,71617,,71617,,
INV-34496,,Vendor,16960,,13-Apr-24,,16143,,73539,,89681,,89681,,
INV-80195,,Vendor,83270,,7-Apr-24,,1518,,6914,,8432,,8432,,
INV-24020,,Vendor,19990,,2-May-24,,4205,,19155,,23359,,23359,,
INV-11914,,Vendor,16412,,15-Apr-24,,10862,,49482,,60344,,60344,,
INV-86855,,Vendor,69294,,29-Apr-24,,8428,,38393,,46821,,46821,,
INV-36906,,Vendor,11049,,10-Apr-24,,3132,,14268,,17400,,17400,,
INV-40802,,Vendor,10356,,7-Apr-24,,2921,,13308,,16230,,16230,,
INV-69159,,Vendor,63401,,20-Apr-24,,11802,,53764,,65566,,65566,,
INV-67005,,Vendor,77419,,19-Apr-24,,1337,,6090,,7427,,7427,,
INV-70165,,Vendor,23838,,30-Apr-24,,16791,,76491,,93282,,93282,,
INV-27455,,Vendor,33136,,15-Apr-24,,8904,,40564,,49468,,49468,,
INV-15794,,Vendor,29976,,13-Apr-24,,7107,,32375,,39482,,39482,,
INV-81577,,Vendor,15814,,28-Apr-24,,12778,,58212,,70990,,70990,,
INV-44474,,Vendor,49748,,3-May-24,,11364,,51769,,63132,,63132,,
INV-21837,,Vendor,59407,,5-May-24,,1774,,8083,,9858,,9858,,
INV-83922,,Vendor,95673,,22-Apr-24,,7921,,36084,,44005,,44005,,
INV-21489,,Vendor,49954,,21-Apr-24,,9846,,44855,,54702,,54702,,
INV-40670,,Vendor,21222,,20-Apr-24,,2578,,11744,,14322,,14322,,
INV-24110,,Vendor,62031,,19-Apr-24,,16727,,76200,,92927,,92927,,
INV-44431,,Vendor,31466,,27-Apr-24,,181,,826,,1007,,1007,,
INV-58187,,Vendor,64141,,17-Apr-24,,1447,,6591,,8038,,8038,,
INV-64043,,Vendor,40642,,29-Apr-24,,7089,,32295,,39385,,39385,,
INV-89283,,Vendor,58822,,11-Apr-24,,6316,,28773,,35089,,35089,,
INV-55954,,Vendor,20567,,27-Apr-24,,15034,,68489,,83523,,83523,,
INV-45730,,Vendor,85995,,11-Apr-24,,5000,,22779,,27779,,27779,,
INV-62268,,Vendor,68747,,24-Apr-24,,5426,,24720,,30146,,30146,,
INV-84192,,Vendor,90631,,2-May-24,,6456,,29409,,35865,,35865,,
INV-80423,,Vendor,32428,,12-Apr-24,,499,,2272,,2771,,2771,,
INV-56153,,Vendor,36422,,23-Apr-24,,11250,,51251,,62501,,62501,,
INV-22993,,Vendor,52824,,1-May-24,,13790,,62821,,76610,,76610,,
INV-51785,,Vendor,35069,,14-Apr-24,,3299,,15027,,18325,,18325,,
INV-56384,,Vendor,30581,,3-May-24,,5069,,23091,,28160,,28160,,
INV-33870,,Vendor,20503,,13-Apr-24,,4312,,19642,,23954,,23954,,
INV-97671,,Vendor,28345,,29-Apr-24,,13559,,61769,,75327,,75327,,
INV-14427,,Vendor,77460,,27-Apr-24,,8280,,37720,,46000,,46000,,
INV-56575,,Vendor,79204,,26-Apr-24,,7521,,34263,,41784,,41784,,
INV-92292,,Vendor,18422,,10-Apr-24,,3539,,16123,,19662,,19662,,
INV-85099,,Vendor,41190,,23-Apr-24,,13338,,60761,,74098,,74098,,
INV-19723,,Vendor,11987,,12-Apr-24,,760,,3461,,4221,,4221,,
INV-65107,,Vendor,69314,,27-Apr-24,,15198,,69235,,84433,,84433,,
INV-40102,,Vendor,24226,,8-Apr-24,,374,,1705,,2079,,2079,,
INV-82080,,Vendor,84970,,4-May-24,,17301,,78817,,96119,,96119,,
INV-86162,,Vendor,69062,,22-Apr-24,,3026,,13786,,16812,,16812,,
INV-35673,,Vendor,63903,,28-Apr-24,,4217,,19211,,23428,,23428,,
INV-64128,,Vendor,40068,,2-May-24,,10549,,48054,,58603,,58603,,
INV-58837,,Vendor,26249,,11-Apr-24,,10674,,48624,,59298,,59298,,
INV-87155,,Vendor,61387,,1-May-24,,12843,,58505,,71348,,71348,,
INV-16652,,Vendor,92314,,18-Apr-24,,16806,,76560,,93366,,93366,,
INV-44933,,Vendor,32288,,30-Apr-24,,3664,,16691,,20354,,20354,,
INV-32802,,Vendor,54233,,10-Apr-24,,9621,,43829,,53450,,53450,,
INV-27219,,Vendor,33034,,14-Apr-24,,14780,,67330,,82110,,82110,,
INV-67532,,Vendor,31914,,1-May-24,,2324,,10588,,12912,,12912,,
INV-49444,,Vendor,56527,,6-May-24,,6199,,28241,,34440,,34440,,
INV-73062,,Vendor,64138,,30-Apr-24,,5559,,25324,,30883,,30883,,
INV-13685,,Vendor,38709,,16-Apr-24,,17408,,79305,,96713,,96713,,
INV-91093,,Vendor,35680,,20-Apr-24,,6033,,27484,,33517,,33517,,
INV-12986,,Vendor,15488,,3-May-24,,11037,,50278,,61315,,61315,,
INV-70811,,Vendor,77109,,18-Apr-24,,9390,,42778,,52168,,52168,,
INV-32884,,Vendor,72192,,22-Apr-24,,12549,,57168,,69717,,69717,,
INV-29615,,Vendor,10167,,15-Apr-24,,1295,,5898,,7193,,7193,,
INV-68919,,Vendor,44427,,27-Apr-24,,8758,,39896,,48654,,48654,,
INV-12851,,Vendor,49239,,12-Apr-24,,6895,,31410,,38304,,38304,,
INV-69374,,Vendor,65694,,23-Apr-24,,1277,,5820,,7097,,7097,,
INV-36359,,Vendor,63054,,7-Apr-24,,11926,,54328,,66254,,66254,,
INV-40392,,Vendor,14262,,30-Apr-24,,2073,,9444,,11517,,11517,,
INV-77574,,Vendor,48084,,14-Apr-24,,11792,,53718,,65510,,65510,,
INV-99801,,Vendor,11795,,1-May-24,,1447,,6591,,8038,,8038,,
INV-92133,,Vendor,99981,,19-Apr-24,,319,,1453,,1772,,1772,,
INV-13235,,Vendor,65971,,1-May-24,,11431,,52073,,63504,,63504,,
INV-61488,,Vendor,87278,,2-May-24,,9909,,45140,,55049,,55049,,
INV-35427,,Vendor,64724,,16-Apr-24,,3607,,16430,,20037,,20037,,
INV-95424,,Vendor,78217,,27-Apr-24,,8451,,38500,,46951,,46951,,
INV-47312,,Vendor,41925,,11-Apr-24,,8272,,37685,,45958,,45958,,
INV-26272,,Vendor,72999,,25-Apr-24,,10530,,47969,,58498,,58498,,
INV-94987,,Vendor,11024,,28-Apr-24,,10977,,50008,,60985,,60985,,
INV-74502,,Vendor,79437,,18-Apr-24,,6585,,30000,,36585,,36585,,
INV-75583,,Vendor,84160,,22-Apr-24,,3766,,17155,,20921,,20921,,
INV-48977,,Vendor,22831,,21-Apr-24,,943,,4298,,5241,,5241,,
INV-13535,,Vendor,61175,,2-May-24,,7626,,34739,,42365,,42365,,
INV-20325,,Vendor,11444,,26-Apr-24,,9995,,45532,,55527,,55527,,
INV-17764,,Vendor,99848,,4-May-24,,10900,,49653,,60553,,60553,,
INV-42763,,Vendor,44305,,5-May-24,,9916,,45171,,55087,,55087,,
INV-25793,,Vendor,96987,,21-Apr-24,,10468,,47689,,58157,,58157,,
INV-39226,,Vendor,24701,,7-Apr-24,,7015,,31956,,38971,,38971,,
INV-79382,,Vendor,69718,,28-Apr-24,,3970,,18086,,22056,,22056,,
INV-55254,,Vendor,54401,,16-Apr-24,,8060,,36716,,44775,,44775,,
INV-79627,,Vendor,50573,,11-Apr-24,,2992,,13628,,16619,,16619,,
INV-24476,,Vendor,43271,,13-Apr-24,,10108,,46047,,56155,,56155,,
INV-98632,,Vendor,14913,,29-Apr-24,,14205,,64714,,78919,,78919,,
INV-57819,,Vendor,85316,,5-May-24,,4544,,20700,,25243,,25243,,
INV-79409,,Vendor,92336,,4-May-24,,8971,,40867,,49838,,49838,,
INV-63438,,Vendor,18782,,20-Apr-24,,16818,,76613,,93431,,93431,,
INV-39026,,Vendor,47156,,17-Apr-24,,3207,,14611,,17818,,17818,,
INV-53601,,Vendor,86097,,16-Apr-24,,16223,,73904,,90127,,90127,,
INV-23978,,Vendor,45774,,26-Apr-24,,9696,,44171,,53867,,53867,,
INV-12459,,Vendor,43087,,1-May-24,,1592,,7251,,8843,,8843,,
INV-72070,,Vendor,57505,,10-Apr-24,,5304,,24164,,29468,,29468,,
INV-56632,,Vendor,44631,,1-May-24,,393,,1791,,2185,,2185,,
INV-14866,,Vendor,57339,,15-Apr-24,,3791,,17270,,21061,,21061,,
INV-68448,,Vendor,82435,,22-Apr-24,,16147,,73559,,89706,,89706,,
INV-19509,,Vendor,71985,,20-Apr-24,,9983,,45479,,55462,,55462,,
INV-10796,,Vendor,79548,,8-Apr-24,,16053,,73131,,89184,,89184,,
INV-87550,,Vendor,97134,,24-Apr-24,,3556,,16199,,19755,,19755,,
INV-33446,,Vendor,81047,,15-Apr-24,,3344,,15233,,18576,,18576,,
INV-18959,,Vendor,43687,,8-Apr-24,,2132,,9715,,11847,,11847,,
INV-41736,,Vendor,84554,,7-Apr-24,,829,,3777,,4606,,4606,,
INV-43285,,Vendor,33278,,19-Apr-24,,13335,,60747,,74082,,74082,,
INV-64382,,Vendor,85722,,16-Apr-24,,3137,,14289,,17425,,17425,,
INV-15669,,Vendor,32496,,28-Apr-24,,6214,,28307,,34520,,34520,,
INV-60514,,Vendor,62197,,20-Apr-24,,14714,,67032,,81746,,81746,,
INV-69248,,Vendor,71731,,12-Apr-24,,16921,,77086,,94007,,94007,,
INV-19231,,Vendor,21521,,10-Apr-24,,776,,3534,,4310,,4310,,
INV-67588,,Vendor,31431,,3-May-24,,17143,,78097,,95240,,95240,,
INV-49387,,Vendor,22215,,28-Apr-24,,16021,,72984,,89005,,89005,,
INV-39732,,Vendor,82366,,2-May-24,,5484,,24984,,30468,,30468,,
INV-60399,,Vendor,98670,,26-Apr-24,,13572,,61828,,75400,,75400,,
INV-73577,,Vendor,36600,,26-Apr-24,,6137,,27956,,34093,,34093,,
INV-20165,,Vendor,60302,,28-Apr-24,,3514,,16008,,19521,,19521,,
INV-18410,,Vendor,21168,,8-Apr-24,,4059,,18492,,22551,,22551,,
INV-80095,,Vendor,29650,,13-Apr-24,,10704,,48763,,59467,,59467,,
INV-35348,,Vendor,44631,,23-Apr-24,,485,,2210,,2695,,2695,,
INV-46506,,Vendor,29965,,9-Apr-24,,14512,,66112,,80624,,80624,,
INV-65081,,Vendor,87142,,8-Apr-24,,1726,,7861,,9586,,9586,,
INV-23447,,Vendor,70421,,16-Apr-24,,10040,,45738,,55779,,55779,,
INV-91466,,Vendor,76190,,10-Apr-24,,9287,,42309,,51596,,51596,,
INV-42287,,Vendor,62507,,24-Apr-24,,16830,,76671,,93501,,93501,,
INV-45705,,Vendor,49325,,10-Apr-24,,15443,,70351,,85793,,85793,,
INV-91170,,Vendor,66057,,23-Apr-24,,10397,,47364,,57762,,57762,,
INV-72695,,Vendor,88950,,25-Apr-24,,3287,,14976,,18264,,18264,,
INV-22435,,Vendor,58752,,9-Apr-24,,5657,,25773,,31430,,31430,,
INV-88720,,Vendor,95085,,27-Apr-24,,8675,,39521,,48196,,48196,,
INV-41089,,Vendor,77710,,8-Apr-24,,1800,,8200,,10000,,10000,,
INV-45084,,Vendor,65177,,14-Apr-24,,10776,,49088,,59864,,59864,,
INV-31118,,Vendor,33382,,12-Apr-24,,573,,2610,,3183,,3183,,
INV-13696,,Vendor,73363,,3-May-24,,6612,,30123,,36736,,36736,,
INV-35288,,Vendor,51418,,1-May-24,,485,,2211,,2696,,2696,,
INV-57842,,Vendor,76814,,24-Apr-24,,5272,,24017,,29289,,29289,,
INV-45101,,Vendor,13838,,27-Apr-24,,2755,,12553,,15308,,15308,,
INV-67680,,Vendor,67658,,30-Apr-24,,10100,,46013,,56113,,56113,,
INV-81397,,Vendor,90074,,7-Apr-24,,6636,,30231,,36867,,36867,,
INV-12793,,Vendor,81467,,24-Apr-24,,11907,,54245,,66152,,66152,,
INV-61418,,Vendor,32831,,3-May-24,,16452,,74949,,91401,,91401,,
INV-10552,,Vendor,61394,,26-Apr-24,,11256,,51278,,62534,,62534,,
INV-75250,,Vendor,71331,,10-Apr-24,,744,,3389,,4133,,4133,,
INV-84130,,Vendor,38798,,12-Apr-24,,13327,,60711,,74038,,74038,,
INV-96669,,Vendor,64987,,9-Apr-24,,10828,,49326,,60154,,60154,,
INV-90519,,Vendor,55098,,9-Apr-24,,4724,,21522,,26247,,26247,,
INV-24244,,Vendor,17540,,21-Apr-24,,1900,,8657,,10557,,10557,,
INV-47940,,Vendor,35095,,4-May-24,,15258,,69510,,84768,,84768,,
INV-54031,,Vendor,41238,,25-Apr-24,,7316,,33328,,40644,,40644,,
INV-38743,,Vendor,97343,,19-Apr-24,,11302,,51488,,62790,,62790,,
INV-49606,,Vendor,45849,,24-Apr-24,,11907,,54245,,66152,,66152,,
INV-56079,,Vendor,16841,,17-Apr-24,,2510,,11434,,13944,,13944,,
INV-80770,,Vendor,51435,,5-May-24,,897,,4088,,4985,,4985,,
INV-12093,,Vendor,77638,,21-Apr-24,,9943,,45294,,55237,,55237,,
INV-84948,,Vendor,11366,,1-May-24,,17208,,78394,,95603,,95603,,
INV-15464,,Vendor,61519,,27-Apr-24,,4667,,21260,,25927,,25927,,
INV-59700,,Vendor,95444,,6-May-24,,8834,,40246,,49080,,49080,,
INV-61376,,Vendor,59570,,14-Apr-24,,11944,,54414,,66358,,66358,,
INV-64620,,Vendor,38453,,2-May-24,,14013,,63838,,77851,,77851,,
INV-42951,,Vendor,94697,,3-May-24,,3216,,14652,,17868,,17868,,
INV-57072,,Vendor,92652,,15-Apr-24,,1150,,5241,,6392,,6392,,
INV-52277,,Vendor,96762,,26-Apr-24,,1372,,6250,,7622,,7622,,
INV-75327,,Vendor,77592,,24-Apr-24,,3914,,17830,,21744,,21744,,
INV-11280,,Vendor,74143,,23-Apr-24,,10792,,49164,,59957,,59957,,
INV-98277,,Vendor,99029,,14-Apr-24,,15137,,68958,,84096,,84096,,
INV-94571,,Vendor,87388,,13-Apr-24,,9781,,44557,,54338,,54338,,
INV-39616,,Vendor,70454,,2-May-24,,8590,,39131,,47720,,47720,,
INV-13597,,Vendor,40334,,20-Apr-24,,8104,,36919,,45023,,45023,,
INV-41230,,Vendor,82004,,4-May-24,,39,,177,,216,,216,,
INV-13797,,Vendor,43491,,3-May-24,,13584,,61883,,75467,,75467,,
INV-36062,,Vendor,37124,,28-Apr-24,,8178,,37255,,45433,,45433,,
INV-81797,,Vendor,45898,,11-Apr-24,,10510,,47879,,58389,,58389,,
INV-13022,,Vendor,81658,,14-Apr-24,,6362,,28984,,35347,,35347,,
INV-47331,,Vendor,72591,,5-May-24,,12298,,56025,,68324,,68324,,
INV-58738,,Vendor,31800,,21-Apr-24,,3110,,14167,,17277,,17277,,
INV-15592,,Vendor,39246,,30-Apr-24,,6660,,30341,,37001,,37001,,
INV-61473,,Vendor,55556,,5-May-24,,14116,,64307,,78423,,78423,,
INV-14963,,Vendor,92468,,27-Apr-24,,16448,,74928,,91376,,91376,,
INV-40743,,Vendor,88047,,25-Apr-24,,17470,,79588,,97058,,97058,,
INV-42123,,Vendor,57369,,18-Apr-24,,14773,,67301,,82074,,82074,,
INV-24974,,Vendor,28079,,15-Apr-24,,14292,,65110,,79402,,79402,,
INV-54427,,Vendor,64210,,11-Apr-24,,2910,,13256,,16166,,16166,,
INV-99237,,Vendor,69800,,16-Apr-24,,6309,,28740,,35049,,35049,,
INV-94176,,Vendor,29578,,13-Apr-24,,15772,,71851,,87624,,87624,,
INV-99378,,Vendor,98304,,1-May-24,,2699,,12296,,14995,,14995,,
INV-42708,,Vendor,64093,,18-Apr-24,,3452,,15727,,19179,,19179,,
INV-77596,,Vendor,45613,,6-May-24,,6001,,27339,,33340,,33340,,
INV-58599,,Vendor,39102,,26-Apr-24,,3030,,13803,,16833,,16833,,
INV-52370,,Vendor,77623,,13-Apr-24,,7632,,34770,,42403,,42403,,
INV-55922,,Vendor,88863,,16-Apr-24,,1398,,6369,,7767,,7767,,
INV-61315,,Vendor,39532,,19-Apr-24,,1140,,5194,,6334,,6334,,
INV-23640,,Vendor,72298,,5-May-24,,6485,,29541,,36025,,36025,,
INV-92519,,Vendor,50367,,23-Apr-24,,5650,,25737,,31386,,31386,,
INV-67818,,Vendor,88362,,10-Apr-24,,4465,,20342,,24807,,24807,,
INV-60470,,Vendor,31105,,17-Apr-24,,5006,,22805,,27811,,27811,,
INV-21052,,Vendor,45667,,14-Apr-24,,11451,,52167,,63619,,63619,,
INV-54400,,Vendor,22911,,20-Apr-24,,11683,,53223,,64906,,64906,,
INV-15221,,Vendor,50622,,1-May-24,,14508,,66091,,80598,,80598,,
INV-10285,,Vendor,47695,,21-Apr-24,,6883,,31358,,38241,,38241,,
INV-83328,,Vendor,49991,,19-Apr-24,,9046,,41207,,50253,,50253,,
INV-59052,,Vendor,14035,,1-May-24,,358,,1630,,1988,,1988,,
INV-72509,,Vendor,81103,,22-Apr-24,,15238,,69416,,84654,,84654,,
INV-46866,,Vendor,82052,,9-Apr-24,,10593,,48255,,58848,,58848,,
INV-65524,,Vendor,63862,,2-May-24,,16451,,74946,,91397,,91397,,
INV-60347,,Vendor,65895,,4-May-24,,10515,,47900,,58415,,58415,,
INV-88786,,Vendor,39286,,5-May-24,,10199,,46461,,56660,,56660,,
INV-93773,,Vendor,33409,,22-Apr-24,,7286,,33191,,40476,,40476,,
INV-63443,,Vendor,91657,,9-Apr-24,,2256,,10276,,12531,,12531,,
INV-76757,,Vendor,16400,,4-May-24,,16213,,73860,,90074,,90074,,
INV-43825,,Vendor,86772,,2-May-24,,6306,,28726,,35032,,35032,,
INV-65075,,Vendor,42056,,1-May-24,,2097,,9552,,11649,,11649,,
INV-61720,,Vendor,30189,,27-Apr-24,,12216,,55651,,67867,,67867,,
INV-10281,,Vendor,45215,,24-Apr-24,,13629,,62088,,75717,,75717,,
INV-78064,,Vendor,51245,,6-May-24,,14175,,64576,,78751,,78751,,
INV-31994,,Vendor,79060,,23-Apr-24,,10453,,47620,,58073,,58073,,
INV-84258,,Vendor,77508,,1-May-24,,12677,,57751,,70428,,70428,,
INV-58397,,Vendor,24063,,9-Apr-24,,2350,,10708,,13058,,13058,,
INV-50091,,Vendor,84053,,8-Apr-24,,7918,,36070,,43988,,43988,,
INV-98259,,Vendor,43560,,12-Apr-24,,6332,,28844,,35175,,35175,,
INV-79468,,Vendor,82382,,5-May-24,,2356,,10734,,13090,,13090,,
INV-67523,,Vendor,75850,,18-Apr-24,,5646,,25719,,31365,,31365,,
INV-41319,,Vendor,84050,,12-Apr-24,,952,,4336,,5287,,5287,,
INV-63692,,Vendor,93618,,28-Apr-24,,10231,,46609,,56841,,56841,,
INV-35512,,Vendor,55724,,28-Apr-24,,5769,,26283,,32053,,32053,,
INV-30217,,Vendor,84567,,4-May-24,,2221,,10117,,12338,,12338,,
INV-79397,,Vendor,26179,,29-Apr-24,,16276,,74146,,90423,,90423,,
INV-63157,,Vendor,38451,,9-Apr-24,,4370,,19906,,24275,,24275,,
INV-81500,,Vendor,41486,,4-May-24,,17197,,78343,,95540,,95540,,
INV-20256,,Vendor,96155,,14-Apr-24,,15329,,69833,,85163,,85163,,
INV-11870,,Vendor,37663,,24-Apr-24,,10869,,49514,,60383,,60383,,
INV-45370,,Vendor,58984,,12-Apr-24,,1041,,4742,,5783,,5783,,
INV-48981,,Vendor,68573,,4-May-24,,4457,,20303,,24760,,24760,,
INV-23994,,Vendor,29486,,16-Apr-24,,322,,1466,,1788,,1788,,
INV-13336,,Vendor,73270,,4-May-24,,9177,,41807,,50984,,50984,,
INV-16043,,Vendor,92685,,21-Apr-24,,7922,,36089,,44011,,44011,,
INV-98305,,Vendor,82348,,10-Apr-24,,9681,,44100,,53781,,53781,,
INV-55743,,Vendor,46791,,10-Apr-24,,13282,,60509,,73791,,73791,,
INV-80285,,Vendor,88266,,2-May-24,,12441,,56677,,69119,,69119,,
INV-10237,,Vendor,80026,,7-Apr-24,,5589,,25460,,31048,,31048,,
INV-79031,,Vendor,67449,,19-Apr-24,,9440,,43003,,52442,,52442,,
INV-90326,,Vendor,58264,,16-Apr-24,,14017,,63856,,77873,,77873,,
INV-39416,,Vendor,75807,,12-Apr-24,,13235,,60292,,73527,,73527,,
INV-28211,,Vendor,74925,,16-Apr-24,,2893,,13181,,16074,,16074,,
INV-58549,,Vendor,45938,,25-Apr-24,,10638,,48464,,59102,,59102,,
INV-64984,,Vendor,21925,,30-Apr-24,,5369,,24459,,29828,,29828,,
INV-69844,,Vendor,24785,,26-Apr-24,,310,,1414,,1724,,1724,,
INV-46071,,Vendor,57256,,26-Apr-24,,10610,,48334,,58944,,58944,,
INV-16757,,Vendor,71258,,27-Apr-24,,3887,,17709,,21597,,21597,,
INV-65708,,Vendor,65436,,3-May-24,,10883,,49577,,60460,,60460,,
INV-32457,,Vendor,85381,,3-May-24,,15195,,69221,,84416,,84416,,
INV-42189,,Vendor,89154,,22-Apr-24,,4780,,21774,,26553,,26553,,
INV-29079,,Vendor,98815,,18-Apr-24,,5913,,26935,,32848,,32848,,
INV-93588,,Vendor,58668,,11-Apr-24,,1688,,7691,,9379,,9379,,
INV-92430,,Vendor,93236,,14-Apr-24,,13550,,61727,,75276,,75276,,
INV-76565,,Vendor,24081,,28-Apr-24,,6717,,30600,,37317,,37317,,
INV-66126,,Vendor,52523,,26-Apr-24,,10205,,46489,,56693,,56693,,
INV-50739,,Vendor,44363,,29-Apr-24,,12313,,56094,,68407,,68407,,
INV-73077,,Vendor,97913,,18-Apr-24,,2648,,12064,,14712,,14712,,
INV-84797,,Vendor,89535,,22-Apr-24,,11944,,54412,,66356,,66356,,
INV-91919,,Vendor,59404,,1-May-24,,14549,,66281,,80830,,80830,,
INV-62736,,Vendor,18679,,17-Apr-24,,1181,,5379,,6560,,6560,,
INV-55599,,Vendor,28077,,5-May-24,,1939,,8835,,10775,,10775,,
INV-49256,,Vendor,78246,,18-Apr-24,,14352,,65381,,79732,,79732,,
INV-93361,,Vendor,11235,,1-May-24,,9602,,43743,,53346,,53346,,
INV-38980,,Vendor,12704,,12-Apr-24,,4495,,20475,,24970,,24970,,
INV-69997,,Vendor,22520,,1-May-24,,4985,,22711,,27697,,27697,,
INV-96750,,Vendor,11355,,16-Apr-24,,14748,,67187,,81935,,81935,,
INV-40989,,Vendor,47267,,14-Apr-24,,1081,,4922,,6003,,6003,,
INV-23532,,Vendor,39930,,15-Apr-24,,17823,,81192,,99014,,99014,,
INV-95366,,Vendor,94297,,13-Apr-24,,15899,,72427,,88325,,88325,,
INV-16100,,Vendor,76695,,4-May-24,,10237,,46637,,56875,,56875,,
INV-43417,,Vendor,70871,,5-May-24,,378,,1724,,2103,,2103,,
INV-47991,,Vendor,39022,,15-Apr-24,,1898,,8645,,10542,,10542,,
INV-27927,,Vendor,63152,,20-Apr-24,,3875,,17655,,21530,,21530,,
INV-40480,,Vendor,12048,,22-Apr-24,,4957,,22581,,27538,,27538,,
INV-39745,,Vendor,48062,,27-Apr-24,,17010,,77492,,94502,,94502,,
INV-61187,,Vendor,28358,,17-Apr-24,,1213,,5528,,6742,,6742,,
INV-16103,,Vendor,27853,,22-Apr-24,,1941,,8842,,10783,,10783,,
INV-84754,,Vendor,65477,,25-Apr-24,,1358,,6185,,7543,,7543,,
INV-57894,,Vendor,57609,,3-May-24,,10266,,46770,,57036,,57036,,
INV-12050,,Vendor,74720,,8-Apr-24,,9744,,44388,,54132,,54132,,
INV-63161,,Vendor,92382,,14-Apr-24,,16458,,74977,,91435,,91435,,
INV-55076,,Vendor,66006,,12-Apr-24,,7593,,34593,,42186,,42186,,
INV-79172,,Vendor,48734,,25-Apr-24,,7120,,32436,,39557,,39557,,
INV-13688,,Vendor,83088,,24-Apr-24,,10170,,46330,,56500,,56500,,
INV-65411,,Vendor,68885,,4-May-24,,16539,,75342,,91881,,91881,,
INV-55453,,Vendor,74624,,22-Apr-24,,17331,,78952,,96283,,96283,,
INV-37566,,Vendor,45812,,4-May-24,,16893,,76959,,93852,,93852,,
INV-67140,,Vendor,13747,,11-Apr-24,,15981,,72800,,88781,,88781,,
INV-52234,,Vendor,68499,,24-Apr-24,,8217,,37431,,45648,,45648,,
INV-79901,,Vendor,94578,,25-Apr-24,,9161,,41732,,50892,,50892,,
INV-14531,,Vendor,74693,,25-Apr-24,,13543,,61696,,75239,,75239,,
INV-83271,,Vendor,93009,,29-Apr-24,,3361,,15309,,18670,,18670,,
INV-16450,,Vendor,79080,,8-Apr-24,,1813,,8261,,10074,,10074,,
INV-75787,,Vendor,29034,,18-Apr-24,,1992,,9077,,11069,,11069,,
INV-62146,,Vendor,90631,,9-Apr-24,,2442,,11127,,13569,,13569,,
INV-21479,,Vendor,69463,,24-Apr-24,,5670,,25829,,31498,,31498,,
INV-74688,,Vendor,76080,,8-Apr-24,,4100,,18678,,22778,,22778,,
INV-12222,,Vendor,76321,,10-Apr-24,,2405,,10955,,13359,,13359,,
INV-20167,,Vendor,30187,,25-Apr-24,,15053,,68575,,83628,,83628,,
INV-91013,,Vendor,42999,,11-Apr-24,,15072,,68662,,83734,,83734,,
INV-38069,,Vendor,83466,,22-Apr-24,,3904,,17786,,21690,,21690,,
INV-91267,,Vendor,31641,,4-May-24,,11664,,53138,,64802,,64802,,
INV-16382,,Vendor,22983,,4-May-24,,10046,,45766,,55812,,55812,,
INV-36016,,Vendor,66843,,17-Apr-24,,1868,,8511,,10379,,10379,,
INV-86343,,Vendor,78427,,2-May-24,,10560,,48108,,58669,,58669,,
INV-37758,,Vendor,82631,,5-May-24,,6715,,30592,,37307,,37307,,
INV-50119,,Vendor,53779,,16-Apr-24,,5547,,25271,,30818,,30818,,
INV-33962,,Vendor,42019,,24-Apr-24,,7786,,35468,,43254,,43254,,
INV-72188,,Vendor,97380,,17-Apr-24,,10815,,49269,,60085,,60085,,
INV-51972,,Vendor,96195,,19-Apr-24,,5741,,26154,,31895,,31895,,
INV-48264,,Vendor,19897,,20-Apr-24,,9449,,43043,,52492,,52492,,
INV-19216,,Vendor,94825,,18-Apr-24,,12327,,56156,,68483,,68483,,
INV-25467,,Vendor,90147,,19-Apr-24,,8581,,39090,,47671,,47671,,
INV-45767,,Vendor,24776,,15-Apr-24,,17376,,79156,,96531,,96531,,
INV-24696,,Vendor,45184,,26-Apr-24,,10795,,49176,,59970,,59970,,
INV-32033,,Vendor,77643,,18-Apr-24,,2113,,9626,,11740,,11740,,
INV-21670,,Vendor,57849,,5-May-24,,14939,,68057,,82997,,82997,,
INV-66460,,Vendor,41945,,10-Apr-24,,14810,,67467,,82277,,82277,,
INV-55682,,Vendor,66049,,7-Apr-24,,15794,,71951,,87746,,87746,,
INV-40982,,Vendor,47819,,10-Apr-24,,6823,,31081,,37903,,37903,,
INV-92252,,Vendor,36960,,9-Apr-24,,16260,,74075,,90335,,90335,,
INV-77887,,Vendor,72708,,11-Apr-24,,14130,,64370,,78500,,78500,,
INV-97160,,Vendor,67095,,11-Apr-24,,12037,,54833,,66869,,66869,,
INV-75964,,Vendor,46406,,7-Apr-24,,12475,,56831,,69306,,69306,,
INV-53495,,Vendor,27007,,21-Apr-24,,11700,,53300,,65000,,65000,,
INV-97568,,Vendor,83532,,14-Apr-24,,1722,,7847,,9569,,9569,,
INV-15508,,Vendor,85884,,27-Apr-24,,15674,,71403,,87077,,87077,,
INV-30668,,Vendor,11954,,2-May-24,,1560,,7105,,8665,,8665,,
INV-84078,,Vendor,66373,,2-May-24,,13072,,59548,,72620,,72620,,
INV-29633,,Vendor,60275,,25-Apr-24,,12642,,57590,,70232,,70232,,
INV-45066,,Vendor,25059,,29-Apr-24,,984,,4482,,5466,,5466,,
INV-69927,,Vendor,43258,,10-Apr-24,,9594,,43705,,53299,,53299,,
INV-90893,,Vendor,95404,,12-Apr-24,,11759,,53569,,65328,,65328,,
INV-74584,,Vendor,74821,,14-Apr-24,,7678,,34978,,42656,,42656,,
INV-48463,,Vendor,30329,,18-Apr-24,,17443,,79462,,96905,,96905,,
INV-82818,,Vendor,24504,,25-Apr-24,,16701,,76084,,92785,,92785,,
INV-36504,,Vendor,76696,,13-Apr-24,,12110,,55170,,67280,,67280,,
INV-93893,,Vendor,15553,,26-Apr-24,,12946,,58977,,71924,,71924,,
INV-39690,,Vendor,26128,,26-Apr-24,,2589,,11793,,14382,,14382,,
INV-33693,,Vendor,93382,,6-May-24,,16282,,74173,,90455,,90455,,
INV-10091,,Vendor,30858,,9-Apr-24,,4075,,18566,,22641,,22641,,
INV-98713,,Vendor,96694,,22-Apr-24,,16205,,73824,,90029,,90029,,
INV-86080,,Vendor,33097,,8-Apr-24,,12103,,55137,,67241,,67241,,
INV-56878,,Vendor,94462,,6-May-24,,16024,,72998,,89023,,89023,,
INV-88789,,Vendor,61967,,10-Apr-24,,1588,,7235,,8823,,8823,,
INV-53484,,Vendor,94105,,24-Apr-24,,4417,,20122,,24539,,24539,,
INV-83717,,Vendor,24813,,30-Apr-24,,3530,,16079,,19609,,19609,,
INV-35253,,Vendor,42171,,9-Apr-24,,8746,,39843,,48589,,48589,,
INV-24712,,Vendor,76244,,28-Apr-24,,9430,,42957,,52387,,52387,,
INV-33434,,Vendor,30520,,28-Apr-24,,6030,,27469,,33499,,33499,,
INV-21953,,Vendor,80341,,7-Apr-24,,926,,4219,,5145,,5145,,
INV-35831,,Vendor,82588,,30-Apr-24,,11420,,52024,,63443,,63443,,
INV-39918,,Vendor,54390,,11-Apr-24,,14131,,64372,,78503,,78503,,
INV-81211,,Vendor,15547,,11-Apr-24,,5354,,24391,,29745,,29745,,
INV-70203,,Vendor,15261,,23-Apr-24,,5168,,23541,,28709,,28709,,
INV-14950,,Vendor,74639,,30-Apr-24,,8270,,37674,,45944,,45944,,
INV-61699,,Vendor,41949,,30-Apr-24,,8479,,38629,,47108,,47108,,
INV-37587,,Vendor,77010,,7-Apr-24,,11392,,51897,,63289,,63289,,
INV-16198,,Vendor,98262,,15-Apr-24,,5497,,25041,,30538,,30538,,
INV-15006,,Vendor,77265,,27-Apr-24,,11479,,52294,,63774,,63774,,
INV-32393,,Vendor,66712,,25-Apr-24,,4476,,20391,,24867,,24867,,
INV-66337,,Vendor,92386,,18-Apr-24,,2011,,9161,,11172,,11172,,
INV-63915,,Vendor,56247,,23-Apr-24,,1399,,6374,,7774,,7774,,
INV-89381,,Vendor,83054,,18-Apr-24,,4938,,22497,,27436,,27436,,
INV-55706,,Vendor,58900,,20-Apr-24,,572,,2604,,3175,,3175,,
INV-44693,,Vendor,61712,,12-Apr-24,,15950,,72660,,88610,,88610,,
INV-17800,,Vendor,40217,,13-Apr-24,,15740,,71706,,87446,,87446,,
INV-14320,,Vendor,33202,,9-Apr-24,,693,,3159,,3853,,3853,,
INV-74726,,Vendor,48741,,18-Apr-24,,10367,,47228,,57595,,57595,,
INV-44038,,Vendor,27435,,17-Apr-24,,11978,,54565,,66542,,66542,,
INV-88953,,Vendor,49304,,7-Apr-24,,2070,,9431,,11502,,11502,,
INV-28697,,Vendor,79221,,8-Apr-24,,8071,,36766,,44836,,44836,,
INV-93859,,Vendor,77660,,28-Apr-24,,16259,,74071,,90330,,90330,,
INV-63282,,Vendor,97795,,1-May-24,,9567,,43583,,53150,,53150,,
INV-31623,,Vendor,74452,,4-May-24,,16314,,74317,,90631,,90631,,
INV-59643,,Vendor,53195,,23-Apr-24,,3418,,15569,,18987,,18987,,
INV-90228,,Vendor,24924,,4-May-24,,10846,,49411,,60257,,60257,,
INV-39045,,Vendor,60638,,12-Apr-24,,7675,,34962,,42637,,42637,,
INV-55577,,Vendor,26723,,5-May-24,,15840,,72161,,88001,,88001,,
INV-45853,,Vendor,46461,,11-Apr-24,,695,,3167,,3863,,3863,,
INV-29865,,Vendor,23595,,23-Apr-24,,15315,,69766,,85081,,85081,,
INV-20777,,Vendor,16899,,19-Apr-24,,4471,,20367,,24838,,24838,,
INV-88237,,Vendor,83270,,19-Apr-24,,12605,,57423,,70029,,70029,,
INV-15692,,Vendor,28423,,26-Apr-24,,13906,,63349,,77255,,77255,,
INV-88951,,Vendor,45837,,19-Apr-24,,14950,,68105,,83055,,83055,,
INV-80837,,Vendor,47717,,30-Apr-24,,12032,,54814,,66846,,66846,,
INV-74401,,Vendor,64640,,17-Apr-24,,8367,,38114,,46481,,46481,,
INV-93644,,Vendor,52145,,13-Apr-24,,4751,,21642,,26392,,26392,,
INV-50416,,Vendor,99565,,23-Apr-24,,10850,,49430,,60280,,60280,,
INV-18943,,Vendor,30644,,26-Apr-24,,15134,,68946,,84080,,84080,,
INV-59256,,Vendor,32816,,15-Apr-24,,11297,,51462,,62759,,62759,,
INV-52994,,Vendor,31878,,2-May-24,,1143,,5207,,6351,,6351,,
INV-22188,,Vendor,26945,,11-Apr-24,,5163,,23519,,28681,,28681,,
INV-70719,,Vendor,79041,,30-Apr-24,,12073,,54998,,67070,,67070,,
INV-98892,,Vendor,96213,,10-Apr-24,,9683,,44112,,53795,,53795,,
INV-58085,,Vendor,79439,,15-Apr-24,,17540,,79903,,97442,,97442,,
INV-90580,,Vendor,63217,,5-May-24,,10140,,46191,,56331,,56331,,
INV-16464,,Vendor,35267,,9-Apr-24,,10376,,47267,,57643,,57643,,
INV-98621,,Vendor,60267,,19-Apr-24,,416,,1894,,2309,,2309,,
INV-43559,,Vendor,99287,,23-Apr-24,,9829,,44778,,54607,,54607,,
INV-73417,,Vendor,19348,,30-Apr-24,,11281,,51393,,62674,,62674,,
INV-29529,,Vendor,22425,,28-Apr-24,,17651,,80411,,98062,,98062,,
INV-32249,,Vendor,26698,,18-Apr-24,,13848,,63083,,76931,,76931,,
INV-99480,,Vendor,75088,,14-Apr-24,,9363,,42652,,52015,,52015,,
INV-27382,,Vendor,26016,,9-Apr-24,,14676,,66859,,81536,,81536,,
INV-73183,,Vendor,83079,,11-Apr-24,,34,,156,,190,,190,,
INV-44273,,Vendor,66845,,12-Apr-24,,1485,,6765,,8250,,8250,,
INV-79525,,Vendor,62596,,21-Apr-24,,15362,,69981,,85342,,85342,,
INV-36313,,Vendor,43585,,22-Apr-24,,16653,,75862,,92515,,92515,,
INV-15393,,Vendor,18820,,3-May-24,,16285,,74185,,90470,,90470,,
INV-89409,,Vendor,39391,,27-Apr-24,,2972,,13539,,16511,,16511,,
INV-64754,,Vendor,41370,,25-Apr-24,,13095,,59653,,72747,,72747,,
INV-76572,,Vendor,59805,,23-Apr-24,,7648,,34843,,42492,,42492,,
INV-77424,,Vendor,91334,,30-Apr-24,,4341,,19776,,24117,,24117,,
INV-75297,,Vendor,35743,,6-May-24,,7616,,34695,,42311,,42311,,
INV-25617,,Vendor,58668,,2-May-24,,1479,,6737,,8215,,8215,,
INV-98014,,Vendor,20421,,3-May-24,,2059,,9382,,11441,,11441,,
INV-47338,,Vendor,20282,,14-Apr-24,,3904,,17785,,21689,,21689,,
INV-11317,,Vendor,80889,,18-Apr-24,,2159,,9836,,11995,,11995,,
INV-89455,,Vendor,91780,,10-Apr-24,,3708,,16891,,20598,,20598,,
INV-82531,,Vendor,86124,,4-May-24,,8933,,40694,,49627,,49627,,
INV-59056,,Vendor,66400,,12-Apr-24,,79,,358,,437,,437,,
INV-67671,,Vendor,47978,,16-Apr-24,,17509,,79762,,97271,,97271,,
INV-50900,,Vendor,76978,,19-Apr-24,,9295,,42343,,51637,,51637,,
INV-67350,,Vendor,96233,,10-Apr-24,,3968,,18075,,22043,,22043,,
INV-79064,,Vendor,83339,,10-Apr-24,,6468,,29464,,35932,,35932,,
INV-22316,,Vendor,66419,,10-Apr-24,,3527,,16070,,19597,,19597,,
INV-60551,,Vendor,34085,,19-Apr-24,,5772,,26295,,32068,,32068,,
INV-15953,,Vendor,15751,,18-Apr-24,,6420,,29245,,35665,,35665,,
INV-48494,,Vendor,49848,,14-Apr-24,,3254,,14823,,18077,,18077,,
INV-69379,,Vendor,54555,,12-Apr-24,,15424,,70264,,85687,,85687,,
INV-98026,,Vendor,48793,,4-May-24,,9634,,43889,,53523,,53523,,
INV-35938,,Vendor,99496,,27-Apr-24,,12844,,58512,,71356,,71356,,
INV-23628,,Vendor,32605,,1-May-24,,11518,,52472,,63990,,63990,,
INV-51189,,Vendor,95554,,30-Apr-24,,16894,,76961,,93855,,93855,,
INV-47898,,Vendor,50117,,2-May-24,,4887,,22262,,27149,,27149,,
INV-29493,,Vendor,34783,,26-Apr-24,,11019,,50198,,61217,,61217,,
INV-96112,,Vendor,75140,,21-Apr-24,,8948,,40763,,49711,,49711,,
INV-44865,,Vendor,19592,,20-Apr-24,,2117,,9646,,11763,,11763,,
INV-15602,,Vendor,57295,,4-May-24,,13815,,62936,,76751,,76751,,
INV-35003,,Vendor,19443,,17-Apr-24,,6751,,30755,,37506,,37506,,
INV-42952,,Vendor,74933,,3-May-24,,3223,,14685,,17908,,17908,,
INV-96170,,Vendor,57853,,18-Apr-24,,12893,,58737,,71630,,71630,,
INV-84139,,Vendor,29703,,13-Apr-24,,9498,,43268,,52765,,52765,,
INV-84778,,Vendor,99550,,7-Apr-24,,717,,3264,,3981,,3981,,
INV-55077,,Vendor,21147,,1-May-24,,3936,,17932,,21869,,21869,,
INV-89691,,Vendor,65526,,3-May-24,,16841,,76720,,93561,,93561,,
INV-11332,,Vendor,26157,,19-Apr-24,,14331,,65287,,79618,,79618,,
INV-18058,,Vendor,79999,,25-Apr-24,,16271,,74121,,90392,,90392,,
INV-14483,,Vendor,69766,,21-Apr-24,,7225,,32914,,40139,,40139,,
INV-58561,,Vendor,14528,,4-May-24,,12280,,55942,,68222,,68222,,
INV-36561,,Vendor,67854,,11-Apr-24,,16265,,74097,,90363,,90363,,
INV-37477,,Vendor,50244,,11-Apr-24,,6366,,29003,,35369,,35369,,
INV-47583,,Vendor,53391,,16-Apr-24,,11710,,53345,,65055,,65055,,
INV-21451,,Vendor,24275,,20-Apr-24,,9263,,42199,,51462,,51462,,
INV-42429,,Vendor,46882,,4-May-24,,9944,,45299,,55243,,55243,,
INV-40733,,Vendor,28257,,27-Apr-24,,11942,,54400,,66342,,66342,,
INV-95023,,Vendor,91264,,6-May-24,,11059,,50380,,61439,,61439,,
INV-42553,,Vendor,26371,,20-Apr-24,,6795,,30956,,37751,,37751,,
INV-15811,,Vendor,10718,,10-Apr-24,,17751,,80865,,98616,,98616,,
INV-89249,,Vendor,45598,,17-Apr-24,,12339,,56210,,68549,,68549,,
INV-62918,,Vendor,97172,,20-Apr-24,,14909,,67920,,82830,,82830,,
INV-80813,,Vendor,36818,,1-May-24,,10641,,48474,,59114,,59114,,
INV-35998,,Vendor,27078,,18-Apr-24,,6732,,30667,,37398,,37398,,
INV-83644,,Vendor,40410,,25-Apr-24,,10459,,47647,,58107,,58107,,
INV-25353,,Vendor,59590,,29-Apr-24,,12484,,56870,,69353,,69353,,
INV-90106,,Vendor,91079,,27-Apr-24,,11110,,50614,,61724,,61724,,
INV-35051,,Vendor,97091,,20-Apr-24,,10687,,48685,,59373,,59373,,
INV-82708,,Vendor,71803,,4-May-24,,17709,,80675,,98385,,98385,,
INV-73046,,Vendor,59381,,13-Apr-24,,9908,,45138,,55046,,55046,,
INV-92545,,Vendor,29084,,27-Apr-24,,8303,,37823,,46125,,46125,,
INV-56358,,Vendor,72803,,19-Apr-24,,7559,,34435,,41994,,41994,,
INV-82358,,Vendor,43208,,17-Apr-24,,10558,,48099,,58657,,58657,,
INV-71449,,Vendor,53922,,12-Apr-24,,4271,,19456,,23727,,23727,,
INV-66136,,Vendor,80556,,18-Apr-24,,14301,,65150,,79451,,79451,,
INV-61236,,Vendor,26250,,6-May-24,,12254,,55825,,68080,,68080,,
INV-48114,,Vendor,31830,,11-Apr-24,,1157,,5270,,6427,,6427,,
INV-10479,,Vendor,11519,,6-May-24,,7648,,34840,,42487,,42487,,
INV-73099,,Vendor,53674,,11-Apr-24,,11069,,50424,,61492,,61492,,
INV-20850,,Vendor,15796,,6-May-24,,11363,,51763,,63126,,63126,,
INV-14729,,Vendor,55932,,3-May-24,,17899,,81541,,99440,,99440,,
INV-94057,,Vendor,57777,,24-Apr-24,,940,,4283,,5223,,5223,,
INV-87562,,Vendor,48254,,26-Apr-24,,17716,,80706,,98422,,98422,,
INV-47847,,Vendor,54520,,4-May-24,,3183,,14500,,17683,,17683,,
INV-81368,,Vendor,91341,,23-Apr-24,,11691,,53259,,64950,,64950,,
INV-13818,,Vendor,89299,,21-Apr-24,,15810,,72022,,87831,,87831,,
INV-87579,,Vendor,11409,,8-Apr-24,,12766,,58158,,70925,,70925,,
INV-40219,,Vendor,34258,,29-Apr-24,,12338,,56206,,68544,,68544,,
INV-10432,,Vendor,90565,,14-Apr-24,,1306,,5951,,7257,,7257,,
INV-42336,,Vendor,11556,,14-Apr-24,,9730,,44326,,54056,,54056,,
INV-82155,,Vendor,14848,,11-Apr-24,,3712,,16911,,20623,,20623,,
INV-56567,,Vendor,40735,,25-Apr-24,,1500,,6831,,8331,,8331,,
INV-73149,,Vendor,77623,,12-Apr-24,,7495,,34145,,41641,,41641,,
INV-75155,,Vendor,63570,,23-Apr-24,,17486,,79658,,97143,,97143,,
INV-93955,,Vendor,70777,,3-May-24,,17024,,77552,,94576,,94576,,
INV-41188,,Vendor,31768,,10-Apr-24,,9917,,45180,,55097,,55097,,
INV-99910,,Vendor,55747,,23-Apr-24,,7450,,33939,,41389,,41389,,
INV-50634,,Vendor,78286,,28-Apr-24,,7587,,34562,,42149,,42149,,
INV-35779,,Vendor,68018,,23-Apr-24,,3561,,16223,,19784,,19784,,
INV-35359,,Vendor,11429,,24-Apr-24,,10513,,47894,,58408,,58408,,
INV-61394,,Vendor,25043,,2-May-24,,3778,,17210,,20988,,20988,,
INV-91043,,Vendor,31614,,23-Apr-24,,14322,,65247,,79569,,79569,,
INV-99248,,Vendor,59793,,3-May-24,,14487,,65997,,80484,,80484,,
INV-88231,,Vendor,36376,,6-May-24,,8008,,36479,,44486,,44486,,
INV-25534,,Vendor,67047,,12-Apr-24,,362,,1650,,2013,,2013,,
INV-26883,,Vendor,98956,,17-Apr-24,,16856,,76790,,93647,,93647,,
INV-83770,,Vendor,24994,,16-Apr-24,,185,,841,,1026,,1026,,
INV-57543,,Vendor,13897,,18-Apr-24,,4863,,22156,,27019,,27019,,
INV-83354,,Vendor,48384,,19-Apr-24,,8503,,38734,,47236,,47236,,
INV-20411,,Vendor,73552,,22-Apr-24,,7573,,34499,,42072,,42072,,
INV-94151,,Vendor,79234,,21-Apr-24,,3410,,15533,,18943,,18943,,
INV-23918,,Vendor,72753,,27-Apr-24,,14072,,64104,,78176,,78176,,
INV-67608,,Vendor,51692,,28-Apr-24,,16025,,73004,,89030,,89030,,
INV-89738,,Vendor,20789,,7-Apr-24,,6216,,28319,,34535,,34535,,
INV-94147,,Vendor,65987,,15-Apr-24,,4302,,19599,,23901,,23901,,
INV-24202,,Vendor,77814,,15-Apr-24,,13536,,61665,,75201,,75201,,
INV-53792,,Vendor,58828,,8-Apr-24,,949,,4324,,5274,,5274,,
INV-16892,,Vendor,36341,,30-Apr-24,,3768,,17165,,20933,,20933,,
INV-57770,,Vendor,62566,,7-Apr-24,,6463,,29440,,35903,,35903,,
INV-41367,,Vendor,58001,,1-May-24,,6128,,27915,,34042,,34042,,
INV-72871,,Vendor,20549,,14-Apr-24,,7625,,34735,,42360,,42360,,
INV-61203,,Vendor,84021,,6-May-24,,4750,,21638,,26388,,26388,,
INV-59860,,Vendor,88081,,13-Apr-24,,1549,,7057,,8606,,8606,,
INV-94515,,Vendor,38135,,22-Apr-24,,16653,,75863,,92516,,92516,,
INV-40312,,Vendor,38414,,19-Apr-24,,11903,,54225,,66128,,66128,,
INV-97876,,Vendor,24161,,19-Apr-24,,2850,,12981,,15831,,15831,,
INV-54030,,Vendor,11684,,4-May-24,,2956,,13466,,16422,,16422,,
INV-30361,,Vendor,35631,,30-Apr-24,,7937,,36158,,44095,,44095,,
INV-12102,,Vendor,30451,,2-May-24,,10125,,46124,,56249,,56249,,
INV-80125,,Vendor,87986,,30-Apr-24,,954,,4347,,5301,,5301,,
INV-36628,,Vendor,33008,,22-Apr-24,,9790,,44598,,54388,,54388,,
INV-77317,,Vendor,38053,,30-Apr-24,,4332,,19734,,24066,,24066,,
INV-34075,,Vendor,19631,,2-May-24,,218,,991,,1209,,1209,,
INV-38965,,Vendor,76304,,29-Apr-24,,6907,,31465,,38372,,38372,,
INV-27452,,Vendor,75197,,28-Apr-24,,9168,,41765,,50934,,50934,,
INV-71929,,Vendor,41158,,9-Apr-24,,13820,,62956,,76776,,76776,,
INV-10135,,Vendor,66572,,28-Apr-24,,14658,,66776,,81434,,81434,,
INV-47280,,Vendor,56031,,19-Apr-24,,2910,,13255,,16165,,16165,,
INV-60402,,Vendor,31952,,29-Apr-24,,16587,,75563,,92149,,92149,,
INV-27232,,Vendor,72039,,22-Apr-24,,6536,,29777,,36313,,36313,,
INV-88116,,Vendor,50391,,18-Apr-24,,3855,,17561,,21416,,21416,,
INV-17984,,Vendor,93613,,7-Apr-24,,5724,,26076,,31800,,31800,,
INV-56873,,Vendor,57374,,13-Apr-24,,5959,,27148,,33108,,33108,,
INV-16909,,Vendor,87896,,14-Apr-24,,8521,,38819,,47340,,47340,,
INV-23945,,Vendor,96932,,24-Apr-24,,2911,,13262,,16173,,16173,,
INV-77324,,Vendor,99443,,9-Apr-24,,17586,,80112,,97698,,97698,,
INV-26398,,Vendor,28017,,21-Apr-24,,11075,,50452,,61527,,61527,,
INV-75474,,Vendor,64018,,6-May-24,,9815,,44711,,54526,,54526,,
INV-51096,,Vendor,99141,,25-Apr-24,,252,,1149,,1402,,1402,,
INV-36942,,Vendor,41615,,14-Apr-24,,4173,,19012,,23185,,23185,,
INV-80132,,Vendor,11524,,22-Apr-24,,338,,1538,,1875,,1875,,
INV-95170,,Vendor,85052,,12-Apr-24,,41,,185,,226,,226,,
INV-96205,,Vendor,99766,,6-May-24,,8796,,40069,,48865,,48865,,
INV-89931,,Vendor,41578,,28-Apr-24,,13931,,63463,,77394,,77394,,
INV-33317,,Vendor,36753,,17-Apr-24,,3669,,16713,,20382,,20382,,
INV-28345,,Vendor,70181,,9-Apr-24,,4703,,21423,,26126,,26126,,
INV-65958,,Vendor,17665,,26-Apr-24,,4457,,20304,,24761,,24761,,
INV-21760,,Vendor,58471,,1-May-24,,5795,,26398,,32193,,32193,,
INV-87163,,Vendor,73738,,11-Apr-24,,17145,,78105,,95250,,95250,,
INV-99255,,Vendor,13209,,26-Apr-24,,5833,,26571,,32404,,32404,,
INV-92165,,Vendor,48614,,29-Apr-24,,7570,,34484,,42054,,42054,,
INV-11103,,Vendor,47765,,28-Apr-24,,15156,,69044,,84200,,84200,,
INV-17181,,Vendor,35949,,23-Apr-24,,17600,,80176,,97776,,97776,,
INV-13189,,Vendor,17333,,12-Apr-24,,2675,,12184,,14858,,14858,,
INV-52913,,Vendor,67133,,16-Apr-24,,15201,,69249,,84450,,84450,,
INV-15337,,Vendor,79488,,3-May-24,,15528,,70740,,86268,,86268,,
INV-62614,,Vendor,37003,,16-Apr-24,,3586,,16337,,19923,,19923,,
INV-35916,,Vendor,96440,,30-Apr-24,,2910,,13255,,16164,,16164,,
INV-12236,,Vendor,48673,,30-Apr-24,,8055,,36696,,44752,,44752,,
INV-10246,,Vendor,43092,,22-Apr-24,,17478,,79620,,97097,,97097,,
INV-42532,,Vendor,93052,,27-Apr-24,,6983,,31812,,38795,,38795,,
INV-93516,,Vendor,53696,,19-Apr-24,,12515,,57015,,69530,,69530,,
INV-97597,,Vendor,21274,,13-Apr-24,,13562,,61781,,75343,,75343,,
INV-89639,,Vendor,15623,,10-Apr-24,,12168,,55433,,67602,,67602,,
INV-27389,,Vendor,42950,,1-May-24,,14057,,64040,,78097,,78097,,
INV-94530,,Vendor,92102,,4-May-24,,12171,,55446,,67617,,67617,,
INV-33735,,Vendor,47241,,15-Apr-24,,5925,,26993,,32918,,32918,,
INV-31309,,Vendor,17384,,14-Apr-24,,13372,,60917,,74289,,74289,,
INV-91896,,Vendor,24118,,29-Apr-24,,4628,,21082,,25709,,25709,,
INV-10432,,Vendor,25433,,23-Apr-24,,7779,,35440,,43219,,43219,,
INV-52839,,Vendor,44279,,18-Apr-24,,14645,,66716,,81361,,81361,,
INV-28160,,Vendor,12790,,10-Apr-24,,13483,,61421,,74904,,74904,,
INV-22211,,Vendor,62346,,22-Apr-24,,6455,,29408,,35863,,35863,,
INV-50211,,Vendor,92359,,18-Apr-24,,3981,,18135,,22115,,22115,,
INV-77686,,Vendor,12311,,3-May-24,,107,,488,,595,,595,,
INV-83360,,Vendor,57469,,15-Apr-24,,4419,,20129,,24548,,24548,,
INV-42145,,Vendor,81863,,10-Apr-24,,385,,1752,,2136,,2136,,
INV-23785,,Vendor,74377,,30-Apr-24,,8549,,38943,,47492,,47492,,
INV-52683,,Vendor,35561,,22-Apr-24,,10690,,48697,,59387,,59387,,
INV-74766,,Vendor,90691,,1-May-24,,9179,,41818,,50997,,50997,,
INV-18316,,Vendor,45624,,25-Apr-24,,12064,,54957,,67021,,67021,,
INV-33729,,Vendor,44328,,6-May-24,,313,,1425,,1737,,1737,,
INV-72972,,Vendor,54372,,13-Apr-24,,2868,,13065,,15933,,15933,,
INV-61813,,Vendor,71898,,26-Apr-24,,14417,,65675,,80092,,80092,,
INV-79728,,Vendor,98569,,24-Apr-24,,3538,,16120,,19658,,19658,,
INV-65828,,Vendor,50248,,17-Apr-24,,179,,817,,996,,996,,
INV-50838,,Vendor,99831,,12-Apr-24,,1401,,6383,,7785,,7785,,
INV-81949,,Vendor,52939,,3-May-24,,5171,,23557,,28729,,28729,,
INV-36617,,Vendor,21723,,29-Apr-24,,8806,,40117,,48924,,48924,,
INV-51656,,Vendor,76681,,12-Apr-24,,3924,,17876,,21800,,21800,,
INV-39034,,Vendor,46286,,24-Apr-24,,14496,,66035,,80531,,80531,,
INV-70892,,Vendor,35688,,15-Apr-24,,417,,1901,,2318,,2318,,
INV-13821,,Vendor,24492,,10-Apr-24,,15283,,69622,,84905,,84905,,
INV-27025,,Vendor,87463,,12-Apr-24,,2686,,12235,,14921,,14921,,
INV-60834,,Vendor,11062,,2-May-24,,2047,,9323,,11370,,11370,,
INV-96088,,Vendor,29353,,17-Apr-24,,17570,,80043,,97613,,97613,,
INV-42042,,Vendor,87483,,17-Apr-24,,11328,,51606,,62934,,62934,,
INV-45213,,Vendor,53622,,13-Apr-24,,13093,,59648,,72741,,72741,,
INV-36176,,Vendor,61114,,9-Apr-24,,15762,,71806,,87569,,87569,,
INV-97347,,Vendor,90439,,29-Apr-24,,7129,,32478,,39607,,39607,,
INV-91454,,Vendor,34737,,6-May-24,,6875,,31321,,38196,,38196,,
INV-89831,,Vendor,36833,,12-Apr-24,,6636,,30232,,36868,,36868,,
INV-12807,,Vendor,55101,,30-Apr-24,,4578,,20853,,25431,,25431,,
INV-31302,,Vendor,51418,,28-Apr-24,,17073,,77776,,94849,,94849,,
INV-20720,,Vendor,43891,,7-Apr-24,,10692,,48709,,59401,,59401,,
INV-29148,,Vendor,71347,,13-Apr-24,,16238,,73975,,90213,,90213,,
INV-54636,,Vendor,29360,,18-Apr-24,,8793,,40057,,48850,,48850,,
INV-51146,,Vendor,45343,,25-Apr-24,,2051,,9345,,11397,,11397,,
INV-44941,,Vendor,61099,,15-Apr-24,,4987,,22721,,27708,,27708,,
INV-32724,,Vendor,92474,,3-May-24,,1858,,8464,,10322,,10322,,
INV-69187,,Vendor,48175,,30-Apr-24,,6443,,29351,,35794,,35794,,
INV-64578,,Vendor,58448,,19-Apr-24,,1053,,4798,,5852,,5852,,
INV-19292,,Vendor,56647,,23-Apr-24,,6723,,30628,,37352,,37352,,
INV-57585,,Vendor,81852,,18-Apr-24,,4130,,18816,,22946,,22946,,
INV-53990,,Vendor,83379,,30-Apr-24,,1710,,7792,,9503,,9503,,
INV-16787,,Vendor,25152,,23-Apr-24,,17070,,77764,,94835,,94835,,
INV-40091,,Vendor,42071,,14-Apr-24,,5219,,23775,,28994,,28994,,
INV-28544,,Vendor,91867,,5-May-24,,16920,,77082,,94002,,94002,,
INV-65081,,Vendor,96449,,20-Apr-24,,4298,,19580,,23879,,23879,,
INV-18583,,Vendor,98652,,16-Apr-24,,6060,,27606,,33666,,33666,,
INV-10358,,Vendor,89878,,12-Apr-24,,11714,,53365,,65080,,65080,,
INV-56051,,Vendor,85686,,4-May-24,,333,,1518,,1851,,1851,,
INV-37800,,Vendor,23726,,28-Apr-24,,5275,,24032,,29307,,29307,,
INV-75614,,Vendor,18680,,10-Apr-24,,879,,4005,,4884,,4884,,
INV-55666,,Vendor,89890,,21-Apr-24,,10710,,48791,,59501,,59501,,
INV-88959,,Vendor,52350,,8-Apr-24,,12460,,56760,,69220,,69220,,
INV-80566,,Vendor,42107,,14-Apr-24,,3746,,17064,,20809,,20809,,
INV-71457,,Vendor,77570,,7-Apr-24,,6057,,27595,,33653,,33653,,
INV-20898,,Vendor,33292,,26-Apr-24,,3745,,17062,,20807,,20807,,
INV-69749,,Vendor,95265,,18-Apr-24,,12595,,57375,,69970,,69970,,
INV-25482,,Vendor,23659,,15-Apr-24,,15428,,70284,,85713,,85713,,
INV-30687,,Vendor,73152,,5-May-24,,4868,,22178,,27046,,27046,,
INV-77472,,Vendor,81979,,20-Apr-24,,15753,,71765,,87518,,87518,,
INV-79332,,Vendor,35991,,24-Apr-24,,8285,,37742,,46027,,46027,,
INV-97705,,Vendor,48363,,30-Apr-24,,6766,,30825,,37592,,37592,,
INV-83484,,Vendor,84715,,3-May-24,,16178,,73698,,89876,,89876,,
INV-18537,,Vendor,87234,,8-Apr-24,,9800,,44644,,54444,,54444,,
INV-85199,,Vendor,78351,,20-Apr-24,,3147,,14336,,17484,,17484,,
INV-13001,,Vendor,86799,,12-Apr-24,,17861,,81366,,99227,,99227,,
INV-56439,,Vendor,69702,,16-Apr-24,,8854,,40337,,49191,,49191,,
INV-31358,,Vendor,18845,,2-May-24,,8088,,36846,,44934,,44934,,
INV-97128,,Vendor,66449,,21-Apr-24,,11139,,50744,,61883,,61883,,
INV-51640,,Vendor,95147,,28-Apr-24,,9593,,43704,,53297,,53297,,
INV-13010,,Vendor,56695,,11-Apr-24,,1032,,4702,,5734,,5734,,
INV-15975,,Vendor,75495,,9-Apr-24,,5641,,25698,,31339,,31339,,
INV-71005,,Vendor,68251,,27-Apr-24,,680,,3096,,3776,,3776,,
INV-33732,,Vendor,36747,,19-Apr-24,,14991,,68292,,83283,,83283,,
INV-48990,,Vendor,71375,,23-Apr-24,,2529,,11522,,14051,,14051,,
INV-93057,,Vendor,73051,,6-May-24,,14787,,67363,,82150,,82150,,
INV-88514,,Vendor,61160,,4-May-24,,15750,,71750,,87500,,87500,,
INV-53368,,Vendor,45129,,4-May-24,,14002,,63789,,77791,,77791,,
INV-81400,,Vendor,13283,,16-Apr-24,,9611,,43782,,53393,,53393,,
INV-67653,,Vendor,13105,,26-Apr-24,,3525,,16059,,19584,,19584,,
INV-81433,,Vendor,31067,,29-Apr-24,,11251,,51254,,62505,,62505,,
INV-52972,,Vendor,91963,,5-May-24,,9377,,42716,,52093,,52093,,
INV-97003,,Vendor,72408,,28-Apr-24,,9918,,45182,,55100,,55100,,
INV-41609,,Vendor,69096,,26-Apr-24,,7071,,32212,,39283,,39283,,
INV-44785,,Vendor,35369,,25-Apr-24,,3074,,14003,,17077,,17077,,
INV-64289,,Vendor,50988,,2-May-24,,109,,497,,607,,607,,
INV-24795,,Vendor,34674,,10-Apr-24,,4305,,19614,,23919,,23919,,
INV-64568,,Vendor,86669,,24-Apr-24,,17474,,79604,,97078,,97078,,
INV-74731,,Vendor,77582,,14-Apr-24,,6020,,27425,,33445,,33445,,
INV-50811,,Vendor,82327,,27-Apr-24,,8078,,36799,,44877,,44877,,
INV-97745,,Vendor,60701,,9-Apr-24,,4463,,20330,,24793,,24793,,
INV-26166,,Vendor,94567,,7-Apr-24,,14016,,63851,,77867,,77867,,
INV-50759,,Vendor,52733,,22-Apr-24,,6667,,30372,,37039,,37039,,
INV-83711,,Vendor,16714,,8-Apr-24,,12930,,58905,,71835,,71835,,
INV-41103,,Vendor,23323,,8-Apr-24,,10796,,49180,,59975,,59975,,
INV-51767,,Vendor,34312,,26-Apr-24,,1448,,6595,,8043,,8043,,
INV-13638,,Vendor,90078,,18-Apr-24,,17160,,78174,,95334,,95334,,
INV-87891,,Vendor,36201,,24-Apr-24,,8412,,38323,,46736,,46736,,
INV-90122,,Vendor,73748,,27-Apr-24,,10666,,48591,,59257,,59257,,
INV-67114,,Vendor,86412,,17-Apr-24,,15193,,69215,,84408,,84408,,
INV-97375,,Vendor,63888,,2-May-24,,11338,,51649,,62987,,62987,,
INV-72484,,Vendor,69437,,25-Apr-24,,14469,,65916,,80386,,80386,,
INV-64708,,Vendor,77008,,14-Apr-24,,167,,761,,928,,928,,
INV-97798,,Vendor,11034,,12-Apr-24,,2691,,12260,,14951,,14951,,
INV-13186,,Vendor,51637,,30-Apr-24,,1503,,6849,,8352,,8352,,
INV-94113,,Vendor,99276,,21-Apr-24,,12858,,58575,,71433,,71433,,
INV-96624,,Vendor,76869,,16-Apr-24,,64,,290,,353,,353,,
INV-42085,,Vendor,64058,,18-Apr-24,,12223,,55684,,67908,,67908,,
INV-65542,,Vendor,81323,,11-Apr-24,,11463,,52219,,63681,,63681,,
INV-80108,,Vendor,58238,,11-Apr-24,,16588,,75565,,92153,,92153,,
INV-68320,,Vendor,46895,,23-Apr-24,,4337,,19759,,24096,,24096,,
INV-77129,,Vendor,66109,,12-Apr-24,,6768,,30834,,37602,,37602,,
INV-31456,,Vendor,15483,,12-Apr-24,,17679,,80536,,98215,,98215,,
INV-59522,,Vendor,43625,,24-Apr-24,,16121,,73442,,89564,,89564,,
INV-43892,,Vendor,82017,,23-Apr-24,,14940,,68060,,83000,,83000,,
INV-50219,,Vendor,22740,,27-Apr-24,,15545,,70814,,86359,,86359,,
INV-47159,,Vendor,78313,,20-Apr-24,,4935,,22481,,27416,,27416,,
INV-86133,,Vendor,58287,,3-May-24,,195,,888,,1083,,1083,,
INV-97724,,Vendor,25869,,1-May-24,,8440,,38450,,46891,,46891,,
INV-79180,,Vendor,92820,,11-Apr-24,,17015,,77514,,94530,,94530,,
INV-75346,,Vendor,61026,,7-Apr-24,,12960,,59039,,71999,,71999,,
INV-63335,,Vendor,43900,,22-Apr-24,,11783,,53679,,65462,,65462,,
INV-18261,,Vendor,96674,,2-May-24,,3452,,15725,,19176,,19176,,
INV-52842,,Vendor,89807,,4-May-24,,14919,,67965,,82885,,82885,,
INV-30210,,Vendor,54408,,4-May-24,,2841,,12941,,15782,,15782,,
INV-92151,,Vendor,62302,,4-May-24,,7139,,32524,,39663,,39663,,
INV-34802,,Vendor,38695,,21-Apr-24,,6086,,27724,,33809,,33809,,
INV-60882,,Vendor,13733,,16-Apr-24,,16063,,73177,,89240,,89240,,
INV-93030,,Vendor,94978,,19-Apr-24,,16155,,73594,,89749,,89749,,
INV-24537,,Vendor,10798,,29-Apr-24,,9532,,43425,,52958,,52958,,
INV-92066,,Vendor,13199,,13-Apr-24,,16228,,73927,,90155,,90155,,
INV-94587,,Vendor,36990,,30-Apr-24,,15027,,68456,,83483,,83483,,
INV-42755,,Vendor,53357,,22-Apr-24,,5758,,26230,,31988,,31988,,
INV-99473,,Vendor,51050,,4-May-24,,6839,,31153,,37992,,37992,,
INV-84828,,Vendor,88347,,29-Apr-24,,12169,,55438,,67607,,67607,,
INV-96082,,Vendor,54221,,9-Apr-24,,1729,,7878,,9608,,9608,,
INV-64086,,Vendor,11220,,18-Apr-24,,14814,,67487,,82302,,82302,,
INV-27616,,Vendor,35219,,5-May-24,,3050,,13895,,16945,,16945,,
INV-23229,,Vendor,72935,,1-May-24,,17716,,80706,,98422,,98422,,
INV-66836,,Vendor,57127,,24-Apr-24,,11004,,50129,,61133,,61133,,
INV-61246,,Vendor,72089,,7-Apr-24,,2095,,9546,,11641,,11641,,
INV-52442,,Vendor,22783,,1-May-24,,4839,,22046,,26885,,26885,,
INV-44071,,Vendor,68720,,23-Apr-24,,11126,,50685,,61811,,61811,,
INV-53561,,Vendor,66974,,4-May-24,,6363,,28989,,35353,,35353,,
INV-25933,,Vendor,85921,,25-Apr-24,,3667,,16706,,20374,,20374,,
INV-82395,,Vendor,52201,,8-Apr-24,,3565,,16242,,19807,,19807,,
INV-98761,,Vendor,41697,,23-Apr-24,,17341,,79000,,96341,,96341,,
INV-14523,,Vendor,21821,,28-Apr-24,,9962,,45384,,55347,,55347,,
INV-86959,,Vendor,63708,,30-Apr-24,,13253,,60374,,73626,,73626,,
INV-92995,,Vendor,55416,,4-May-24,,16882,,76909,,93791,,93791,,
INV-41767,,Vendor,72009,,14-Apr-24,,7894,,35961,,43855,,43855,,
INV-86027,,Vendor,39994,,10-Apr-24,,12110,,55167,,67277,,67277,,
INV-62834,,Vendor,28427,,22-Apr-24,,14005,,63802,,77807,,77807,,
INV-79075,,Vendor,86220,,20-Apr-24,,211,,963,,1174,,1174,,
INV-80635,,Vendor,89826,,22-Apr-24,,13830,,63001,,76831,,76831,,
INV-61421,,Vendor,25039,,26-Apr-24,,12138,,55296,,67434,,67434,,
INV-32890,,Vendor,54213,,7-Apr-24,,15624,,71175,,86799,,86799,,
INV-83433,,Vendor,89414,,21-Apr-24,,7389,,33661,,41050,,41050,,
INV-71399,,Vendor,14829,,11-Apr-24,,253,,1153,,1406,,1406,,
INV-89406,,Vendor,16055,,1-May-24,,412,,1879,,2291,,2291,,
INV-54069,,Vendor,46169,,24-Apr-24,,7871,,35857,,43728,,43728,,
INV-37697,,Vendor,40358,,23-Apr-24,,16713,,76136,,92849,,92849,,
INV-35375,,Vendor,13499,,16-Apr-24,,13669,,62270,,75939,,75939,,
INV-20350,,Vendor,49239,,17-Apr-24,,8824,,40197,,49021,,49021,,
INV-26694,,Vendor,85056,,5-May-24,,1127,,5133,,6260,,6260,,
INV-65411,,Vendor,67106,,30-Apr-24,,13068,,59531,,72599,,72599,,
INV-93928,,Vendor,49620,,7-Apr-24,,12202,,55587,,67789,,67789,,
INV-90877,,Vendor,81155,,9-Apr-24,,1744,,7943,,9687,,9687,,
INV-39734,,Vendor,27528,,29-Apr-24,,1681,,7657,,9338,,9338,,
INV-33895,,Vendor,73880,,13-Apr-24,,13680,,62321,,76001,,76001,,
INV-89727,,Vendor,22520,,6-May-24,,17388,,79210,,96597,,96597,,
INV-92250,,Vendor,20975,,22-Apr-24,,16480,,75075,,91555,,91555,,
INV-12107,,Vendor,36474,,23-Apr-24,,3705,,16878,,20583,,20583,,
INV-84790,,Vendor,46710,,23-Apr-24,,4561,,20777,,25338,,25338,,
INV-21509,,Vendor,43631,,15-Apr-24,,3621,,16495,,20115,,20115,,
INV-98747,,Vendor,57145,,6-May-24,,8919,,40630,,49549,,49549,,
INV-92255,,Vendor,12949,,22-Apr-24,,11169,,50880,,62048,,62048,,
INV-44948,,Vendor,64871,,1-May-24,,4157,,18939,,23096,,23096,,
INV-99198,,Vendor,93579,,4-May-24,,3079,,14025,,17104,,17104,,
INV-21759,,Vendor,91643,,19-Apr-24,,8146,,37108,,45254,,45254,,
INV-50523,,Vendor,78873,,25-Apr-24,,8225,,37470,,45695,,45695,,
INV-61562,,Vendor,20803,,11-Apr-24,,11008,,50148,,61156,,61156,,
INV-12487,,Vendor,92154,,22-Apr-24,,10022,,45654,,55676,,55676,,
INV-63217,,Vendor,25892,,4-May-24,,9079,,41360,,50439,,50439,,
INV-32295,,Vendor,13358,,16-Apr-24,,15278,,69599,,84877,,84877,,
INV-26765,,Vendor,43094,,3-May-24,,5504,,25074,,30578,,30578,,
INV-27286,,Vendor,15865,,10-Apr-24,,472,,2152,,2624,,2624,,
INV-29823,,Vendor,35135,,1-May-24,,8376,,38159,,46535,,46535,,
INV-28840,,Vendor,53806,,25-Apr-24,,14636,,66676,,81312,,81312,,
INV-45230,,Vendor,13309,,22-Apr-24,,7224,,32907,,40131,,40131,,
INV-41928,,Vendor,86376,,28-Apr-24,,2000,,9110,,11109,,11109,,
INV-83821,,Vendor,30836,,12-Apr-24,,10229,,46597,,56826,,56826,,
INV-67238,,Vendor,31281,,15-Apr-24,,286,,1302,,1588,,1588,,
INV-49924,,Vendor,97257,,16-Apr-24,,8624,,39286,,47910,,47910,,
INV-73734,,Vendor,34496,,14-Apr-24,,17290,,78764,,96054,,96054,,
INV-47199,,Vendor,44411,,18-Apr-24,,1365,,6219,,7585,,7585,,
INV-94144,,Vendor,26173,,24-Apr-24,,1221,,5562,,6782,,6782,,
INV-28759,,Vendor,58994,,12-Apr-24,,8501,,38728,,47230,,47230,,
INV-28432,,Vendor,30996,,20-Apr-24,,7559,,34436,,41995,,41995,,
INV-50286,,Vendor,44239,,2-May-24,,7349,,33477,,40826,,40826,,
INV-40439,,Vendor,48536,,8-Apr-24,,15381,,70071,,85452,,85452,,
INV-63011,,Vendor,41773,,22-Apr-24,,11546,,52599,,64146,,64146,,
INV-47709,,Vendor,79931,,6-May-24,,12898,,58756,,71654,,71654,,
INV-68414,,Vendor,48676,,21-Apr-24,,7815,,35601,,43416,,43416,,
INV-46034,,Vendor,70520,,25-Apr-24,,6386,,29092,,35478,,35478,,
INV-55062,,Vendor,44954,,3-May-24,,12440,,56671,,69111,,69111,,
INV-49027,,Vendor,35291,,18-Apr-24,,17994,,81975,,99969,,99969,,
INV-58071,,Vendor,70410,,25-Apr-24,,179,,815,,994,,994,,
INV-80571,,Vendor,47737,,26-Apr-24,,5878,,26776,,32654,,32654,,
INV-64043,,Vendor,13740,,30-Apr-24,,6660,,30338,,36998,,36998,,
INV-99733,,Vendor,19484,,6-May-24,,12888,,58714,,71603,,71603,,
INV-26232,,Vendor,50677,,24-Apr-24,,3775,,17197,,20972,,20972,,
INV-63226,,Vendor,34422,,10-Apr-24,,5253,,23932,,29185,,29185,,
INV-31219,,Vendor,46090,,9-Apr-24,,2665,,12141,,14807,,14807,,
INV-58757,,Vendor,52067,,20-Apr-24,,8480,,38633,,47114,,47114,,
INV-91292,,Vendor,19037,,5-May-24,,8235,,37515,,45750,,45750,,
INV-60193,,Vendor,15418,,21-Apr-24,,455,,2074,,2529,,2529,,
INV-76884,,Vendor,93488,,2-May-24,,4006,,18251,,22257,,22257,,
INV-14649,,Vendor,56872,,27-Apr-24,,3474,,15828,,19302,,19302,,
INV-74922,,Vendor,36145,,12-Apr-24,,2567,,11693,,14259,,14259,,
INV-38745,,Vendor,87383,,25-Apr-24,,4615,,21023,,25638,,25638,,
INV-62550,,Vendor,44701,,11-Apr-24,,16413,,74771,,91184,,91184,,
INV-17536,,Vendor,12804,,7-Apr-24,,7044,,32091,,39136,,39136,,
INV-97509,,Vendor,43295,,13-Apr-24,,12057,,54925,,66982,,66982,,
INV-20782,,Vendor,49041,,25-Apr-24,,3234,,14734,,17969,,17969,,
INV-57959,,Vendor,51471,,27-Apr-24,,6396,,29137,,35533,,35533,,
INV-35252,,Vendor,24660,,2-May-24,,12135,,55281,,67415,,67415,,
INV-83583,,Vendor,50216,,16-Apr-24,,15022,,68434,,83456,,83456,,
INV-54660,,Vendor,23515,,6-May-24,,7554,,34411,,41965,,41965,,
INV-26627,,Vendor,61567,,17-Apr-24,,16086,,73281,,89367,,89367,,
INV-94361,,Vendor,57822,,26-Apr-24,,11785,,53689,,65474,,65474,,
INV-58287,,Vendor,99827,,13-Apr-24,,7828,,35662,,43490,,43490,,
INV-79491,,Vendor,91866,,4-May-24,,17069,,77758,,94826,,94826,,
INV-44221,,Vendor,42857,,15-Apr-24,,5689,,25917,,31606,,31606,,
INV-28491,,Vendor,35330,,18-Apr-24,,9221,,42007,,51228,,51228,,
INV-46516,,Vendor,10298,,7-Apr-24,,16302,,74266,,90569,,90569,,
INV-37124,,Vendor,86780,,14-Apr-24,,9240,,42092,,51331,,51331,,
INV-21310,,Vendor,35250,,6-May-24,,15127,,68910,,84036,,84036,,
INV-30007,,Vendor,90582,,28-Apr-24,,7479,,34070,,41549,,41549,,
INV-95129,,Vendor,22698,,28-Apr-24,,10249,,46688,,56937,,56937,,
INV-11184,,Vendor,96566,,19-Apr-24,,17510,,79767,,97277,,97277,,
INV-23752,,Vendor,75177,,24-Apr-24,,797,,3630,,4427,,4427,,
INV-86751,,Vendor,90947,,13-Apr-24,,2381,,10847,,13228,,13228,,
INV-64117,,Vendor,54238,,9-Apr-24,,151,,689,,841,,841,,
INV-56416,,Vendor,84386,,27-Apr-24,,17076,,77791,,94868,,94868,,
INV-27298,,Vendor,91605,,20-Apr-24,,9694,,44161,,53854,,53854,,
INV-87418,,Vendor,23737,,24-Apr-24,,6442,,29347,,35789,,35789,,
INV-63178,,Vendor,40013,,27-Apr-24,,15938,,72607,,88545,,88545,,
INV-70970,,Vendor,93691,,27-Apr-24,,13673,,62286,,75959,,75959,,
INV-15914,,Vendor,81500,,30-Apr-24,,3863,,17597,,21460,,21460,,
INV-89004,,Vendor,30299,,5-May-24,,1860,,8472,,10332,,10332,,
INV-92600,,Vendor,78377,,2-May-24,,1531,,6976,,8508,,8508,,
INV-36507,,Vendor,37094,,2-May-24,,12262,,55862,,68124,,68124,,
INV-80849,,Vendor,95300,,8-Apr-24,,11757,,53561,,65318,,65318,,
INV-42970,,Vendor,21953,,19-Apr-24,,11599,,52840,,64439,,64439,,
INV-94383,,Vendor,77203,,11-Apr-24,,5195,,23665,,28860,,28860,,
INV-17213,,Vendor,26524,,8-Apr-24,,255,,1164,,1419,,1419,,
INV-18393,,Vendor,71134,,19-Apr-24,,9181,,41826,,51007,,51007,,
INV-12882,,Vendor,77540,,10-Apr-24,,3337,,15202,,18539,,18539,,
INV-63253,,Vendor,51908,,14-Apr-24,,827,,3770,,4597,,4597,,
INV-67484,,Vendor,21578,,9-Apr-24,,14642,,66702,,81344,,81344,,
INV-67862,,Vendor,17331,,6-May-24,,15956,,72688,,88644,,88644,,
INV-60761,,Vendor,77823,,27-Apr-24,,2096,,9548,,11644,,11644,,
INV-26383,,Vendor,38091,,4-May-24,,7093,,32313,,39406,,39406,,
INV-22441,,Vendor,40695,,16-Apr-24,,10683,,48667,,59350,,59350,,
INV-45062,,Vendor,13494,,5-May-24,,11220,,51115,,62336,,62336,,
INV-27106,,Vendor,32662,,29-Apr-24,,398,,1814,,2212,,2212,,
INV-49590,,Vendor,97302,,25-Apr-24,,10629,,48421,,59050,,59050,,
INV-78610,,Vendor,92862,,6-May-24,,13221,,60230,,73451,,73451,,
INV-12121,,Vendor,58805,,26-Apr-24,,10269,,46781,,57051,,57051,,
INV-60710,,Vendor,60883,,12-Apr-24,,4837,,22036,,26873,,26873,,
INV-92506,,Vendor,79275,,4-May-24,,5667,,25818,,31485,,31485,,
INV-59476,,Vendor,50638,,19-Apr-24,,1336,,6085,,7420,,7420,,
INV-31618,,Vendor,15593,,18-Apr-24,,12222,,55679,,67901,,67901,,
INV-91533,,Vendor,34049,,26-Apr-24,,2134,,9722,,11857,,11857,,
INV-65522,,Vendor,15982,,1-May-24,,3519,,16032,,19551,,19551,,
INV-89624,,Vendor,55815,,16-Apr-24,,3897,,17752,,21649,,21649,,
INV-69174,,Vendor,88536,,8-Apr-24,,1469,,6691,,8160,,8160,,
INV-65712,,Vendor,84298,,3-May-24,,17472,,79597,,97069,,97069,,
INV-34393,,Vendor,66980,,13-Apr-24,,3568,,16252,,19820,,19820,,
INV-34318,,Vendor,56255,,27-Apr-24,,6422,,29256,,35678,,35678,,
INV-95923,,Vendor,41677,,24-Apr-24,,10160,,46284,,56443,,56443,,
INV-56670,,Vendor,65955,,1-May-24,,11936,,54373,,66309,,66309,,
INV-88458,,Vendor,54647,,11-Apr-24,,15519,,70698,,86217,,86217,,
INV-84193,,Vendor,95557,,11-Apr-24,,11982,,54584,,66565,,66565,,
INV-71120,,Vendor,67956,,7-Apr-24,,11435,,52092,,63527,,63527,,
INV-25497,,Vendor,24720,,7-Apr-24,,1302,,5932,,7234,,7234,,
INV-88811,,Vendor,77173,,12-Apr-24,,403,,1837,,2240,,2240,,
INV-22279,,Vendor,59220,,25-Apr-24,,12674,,57738,,70412,,70412,,
INV-62207,,Vendor,85953,,26-Apr-24,,17161,,78176,,95337,,95337,,
INV-33671,,Vendor,19685,,4-May-24,,14234,,64846,,79080,,79080,,
INV-94528,,Vendor,87946,,2-May-24,,6144,,27987,,34131,,34131,,
INV-77569,,Vendor,73001,,6-May-24,,16067,,73192,,89259,,89259,,
INV-47992,,Vendor,37123,,22-Apr-24,,4106,,18707,,22814,,22814,,
INV-26390,,Vendor,72564,,20-Apr-24,,4842,,22057,,26899,,26899,,
INV-75678,,Vendor,96603,,16-Apr-24,,14823,,67528,,82352,,82352,,
INV-89643,,Vendor,60165,,16-Apr-24,,17675,,80519,,98194,,98194,,
INV-59125,,Vendor,14792,,4-May-24,,13309,,60630,,73939,,73939,,
INV-70107,,Vendor,50324,,6-May-24,,11605,,52869,,64474,,64474,,
INV-77075,,Vendor,34951,,2-May-24,,10817,,49278,,60095,,60095,,
INV-44857,,Vendor,93801,,7-Apr-24,,14075,,64119,,78194,,78194,,
INV-84219,,Vendor,72174,,19-Apr-24,,16432,,74859,,91291,,91291,,
INV-25391,,Vendor,84987,,11-Apr-24,,7825,,35648,,43474,,43474,,
INV-39876,,Vendor,52052,,3-May-24,,17487,,79665,,97153,,97153,,
INV-57361,,Vendor,13806,,10-Apr-24,,2409,,10973,,13381,,13381,,
INV-62624,,Vendor,85161,,22-Apr-24,,9924,,45208,,55131,,55131,,
INV-14507,,Vendor,63422,,28-Apr-24,,885,,4032,,4918,,4918,,
INV-53852,,Vendor,59827,,28-Apr-24,,8958,,40808,,49765,,49765,,
INV-31329,,Vendor,77833,,20-Apr-24,,15636,,71233,,86869,,86869,,
INV-51006,,Vendor,79903,,9-Apr-24,,11608,,52882,,64490,,64490,,
INV-40841,,Vendor,42473,,2-May-24,,4888,,22269,,27158,,27158,,
INV-48537,,Vendor,44817,,1-May-24,,10282,,46840,,57122,,57122,,
INV-31074,,Vendor,63332,,7-Apr-24,,13566,,61803,,75369,,75369,,
INV-55731,,Vendor,81286,,5-May-24,,14301,,65149,,79450,,79450,,
INV-70932,,Vendor,26636,,11-Apr-24,,12126,,55239,,67364,,67364,,
INV-94175,,Vendor,16815,,8-Apr-24,,14400,,65601,,80001,,80001,,
INV-62103,,Vendor,18239,,13-Apr-24,,13479,,61404,,74883,,74883,,
INV-48409,,Vendor,18969,,27-Apr-24,,5944,,27079,,33023,,33023,,
INV-34215,,Vendor,14295,,4-May-24,,15255,,69496,,84751,,84751,,
INV-31387,,Vendor,99817,,16-Apr-24,,13063,,59510,,72573,,72573,,
INV-17309,,Vendor,16321,,7-Apr-24,,8864,,40380,,49244,,49244,,
INV-24661,,Vendor,51313,,25-Apr-24,,2420,,11025,,13445,,13445,,
INV-77018,,Vendor,34373,,24-Apr-24,,1549,,7054,,8603,,8603,,
INV-54536,,Vendor,75640,,24-Apr-24,,14207,,64719,,78926,,78926,,
INV-49151,,Vendor,92685,,18-Apr-24,,2215,,10089,,12303,,12303,,
INV-58449,,Vendor,32100,,4-May-24,,13024,,59333,,72357,,72357,,
INV-20354,,Vendor,87080,,5-May-24,,7497,,34155,,41652,,41652,,
INV-63664,,Vendor,35966,,20-Apr-24,,947,,4316,,5263,,5263,,
INV-28234,,Vendor,55576,,28-Apr-24,,4785,,21799,,26584,,26584,,
INV-42809,,Vendor,19489,,26-Apr-24,,15845,,72182,,88026,,88026,,
INV-31321,,Vendor,55382,,22-Apr-24,,14416,,65672,,80087,,80087,,
INV-61947,,Vendor,71631,,20-Apr-24,,6247,,28458,,34705,,34705,,
INV-99412,,Vendor,95217,,28-Apr-24,,14076,,64124,,78200,,78200,,
INV-73124,,Vendor,48235,,16-Apr-24,,17423,,79370,,96793,,96793,,
INV-11039,,Vendor,30190,,17-Apr-24,,10376,,47269,,57645,,57645,,
INV-59518,,Vendor,57310,,19-Apr-24,,12239,,55753,,67992,,67992,,
INV-49256,,Vendor,14101,,9-Apr-24,,3241,,14764,,18005,,18005,,
INV-41422,,Vendor,22572,,20-Apr-24,,16021,,72987,,89008,,89008,,
INV-47993,,Vendor,86122,,11-Apr-24,,9797,,44631,,54428,,54428,,
INV-36661,,Vendor,39992,,10-Apr-24,,15735,,71682,,87417,,87417,,
INV-64796,,Vendor,67897,,7-Apr-24,,7718,,35160,,42878,,42878,,
INV-81338,,Vendor,24591,,26-Apr-24,,5074,,23113,,28187,,28187,,
INV-73799,,Vendor,98734,,8-Apr-24,,14236,,64851,,79087,,79087,,
INV-69408,,Vendor,51610,,16-Apr-24,,13965,,63620,,77586,,77586,,
INV-77982,,Vendor,17292,,4-May-24,,6725,,30635,,37360,,37360,,
INV-49026,,Vendor,27121,,10-Apr-24,,670,,3054,,3725,,3725,,
INV-95288,,Vendor,68070,,25-Apr-24,,50,,229,,279,,279,,
INV-59673,,Vendor,82659,,30-Apr-24,,1706,,7771,,9476,,9476,,
INV-29376,,Vendor,19572,,17-Apr-24,,14536,,66221,,80757,,80757,,
INV-43288,,Vendor,25737,,11-Apr-24,,6817,,31057,,37875,,37875,,
INV-11561,,Vendor,56293,,1-May-24,,17510,,79767,,97277,,97277,,
INV-99830,,Vendor,35004,,15-Apr-24,,11206,,51051,,62258,,62258,,
INV-13750,,Vendor,53508,,24-Apr-24,,16076,,73233,,89309,,89309,,
INV-43976,,Vendor,18776,,15-Apr-24,,12966,,59068,,72035,,72035,,
INV-32364,,Vendor,15753,,10-Apr-24,,17319,,78900,,96219,,96219,,
INV-68980,,Vendor,24136,,26-Apr-24,,12657,,57659,,70316,,70316,,
INV-76200,,Vendor,85123,,11-Apr-24,,7617,,34702,,42319,,42319,,
INV-63948,,Vendor,99926,,24-Apr-24,,10950,,49885,,60836,,60836,,
INV-29317,,Vendor,33410,,8-Apr-24,,12760,,58130,,70890,,70890,,
INV-97309,,Vendor,95722,,25-Apr-24,,2973,,13542,,16515,,16515,,
INV-58634,,Vendor,14463,,17-Apr-24,,9993,,45526,,55519,,55519,,
INV-72654,,Vendor,22511,,17-Apr-24,,5262,,23970,,29232,,29232,,
INV-90151,,Vendor,82891,,3-May-24,,4087,,18621,,22708,,22708,,
INV-59048,,Vendor,31764,,7-Apr-24,,9776,,44536,,54312,,54312,,
INV-14369,,Vendor,34466,,8-Apr-24,,15167,,69094,,84261,,84261,,
INV-52681,,Vendor,97708,,17-Apr-24,,7785,,35466,,43251,,43251,,
INV-31896,,Vendor,68749,,20-Apr-24,,8763,,39919,,48682,,48682,,
INV-43807,,Vendor,98982,,23-Apr-24,,12469,,56805,,69275,,69275,,
INV-74737,,Vendor,98285,,25-Apr-24,,17039,,77624,,94663,,94663,,
INV-87469,,Vendor,66767,,30-Apr-24,,8027,,36569,,44596,,44596,,
INV-46141,,Vendor,69785,,16-Apr-24,,16580,,75532,,92112,,92112,,
INV-53082,,Vendor,64309,,28-Apr-24,,5327,,24267,,29594,,29594,,
INV-39343,,Vendor,77013,,30-Apr-24,,17995,,81976,,99970,,99970,,
INV-93329,,Vendor,19995,,3-May-24,,2311,,10526,,12837,,12837,,
INV-68720,,Vendor,18954,,15-Apr-24,,8895,,40522,,49417,,49417,,
INV-85892,,Vendor,88164,,8-Apr-24,,3175,,14463,,17638,,17638,,
INV-32498,,Vendor,60533,,23-Apr-24,,8317,,37890,,46207,,46207,,
INV-14211,,Vendor,63962,,22-Apr-24,,16529,,75298,,91826,,91826,,
INV-87201,,Vendor,43856,,27-Apr-24,,16916,,77062,,93978,,93978,,
INV-82521,,Vendor,20394,,10-Apr-24,,4444,,20244,,24688,,24688,,
INV-77311,,Vendor,54883,,28-Apr-24,,11278,,51376,,62654,,62654,,
INV-32657,,Vendor,53286,,4-May-24,,6154,,28033,,34187,,34187,,
INV-29148,,Vendor,99064,,20-Apr-24,,3434,,15645,,19080,,19080,,
INV-12046,,Vendor,52192,,30-Apr-24,,3414,,15554,,18968,,18968,,
INV-75477,,Vendor,73637,,16-Apr-24,,3290,,14989,,18279,,18279,,
INV-10036,,Vendor,18866,,13-Apr-24,,659,,3002,,3661,,3661,,
INV-82440,,Vendor,47737,,23-Apr-24,,7972,,36317,,44288,,44288,,
INV-28647,,Vendor,99889,,2-May-24,,10912,,49710,,60622,,60622,,
INV-90419,,Vendor,59650,,30-Apr-24,,144,,656,,800,,800,,
INV-28848,,Vendor,74605,,8-Apr-24,,1200,,5467,,6667,,6667,,
INV-67472,,Vendor,47746,,2-May-24,,9847,,44859,,54706,,54706,,
INV-12478,,Vendor,23263,,23-Apr-24,,2212,,10079,,12291,,12291,,
INV-10438,,Vendor,72713,,27-Apr-24,,13380,,60953,,74333,,74333,,
INV-98333,,Vendor,66693,,14-Apr-24,,3446,,15697,,19143,,19143,,
INV-76854,,Vendor,93745,,12-Apr-24,,3031,,13808,,16839,,16839,,
INV-86713,,Vendor,15158,,24-Apr-24,,13912,,63376,,77287,,77287,,
INV-62985,,Vendor,89161,,28-Apr-24,,9603,,43746,,53349,,53349,,
INV-88449,,Vendor,98314,,26-Apr-24,,3264,,14868,,18131,,18131,,
INV-78900,,Vendor,36372,,14-Apr-24,,10503,,47849,,58352,,58352,,
INV-41200,,Vendor,66375,,23-Apr-24,,9052,,41236,,50287,,50287,,
INV-37612,,Vendor,93568,,28-Apr-24,,8054,,36690,,44744,,44744,,
INV-40213,,Vendor,30895,,15-Apr-24,,1241,,5653,,6894,,6894,,
INV-31085,,Vendor,70182,,10-Apr-24,,6069,,27648,,33718,,33718,,
INV-74862,,Vendor,84487,,18-Apr-24,,10310,,46969,,57279,,57279,,
INV-19544,,Vendor,49684,,30-Apr-24,,6304,,28718,,35022,,35022,,
INV-33343,,Vendor,29873,,3-May-24,,1221,,5562,,6783,,6783,,
INV-20888,,Vendor,23701,,20-Apr-24,,6188,,28190,,34378,,34378,,
INV-40470,,Vendor,97890,,11-Apr-24,,13212,,60189,,73402,,73402,,
INV-90668,,Vendor,65294,,19-Apr-24,,4533,,20649,,25182,,25182,,
INV-66218,,Vendor,75819,,30-Apr-24,,835,,3802,,4637,,4637,,
INV-98341,,Vendor,76779,,12-Apr-24,,10698,,48734,,59432,,59432,,
INV-44920,,Vendor,19649,,3-May-24,,11396,,51917,,63314,,63314,,
INV-53009,,Vendor,83224,,2-May-24,,14590,,66467,,81058,,81058,,
INV-12654,,Vendor,54316,,19-Apr-24,,4890,,22277,,27167,,27167,,
INV-16876,,Vendor,30848,,30-Apr-24,,7513,,34224,,41737,,41737,,
INV-44281,,Vendor,18174,,20-Apr-24,,14345,,65350,,79696,,79696,,
INV-89152,,Vendor,10130,,9-Apr-24,,15668,,71374,,87042,,87042,,
INV-95294,,Vendor,48526,,24-Apr-24,,3709,,16899,,20608,,20608,,
INV-44934,,Vendor,24726,,19-Apr-24,,4330,,19727,,24058,,24058,,
INV-26144,,Vendor,41580,,23-Apr-24,,1838,,8371,,10209,,10209,,
INV-12784,,Vendor,31912,,11-Apr-24,,5230,,23825,,29055,,29055,,
INV-34791,,Vendor,35799,,10-Apr-24,,8865,,40384,,49249,,49249,,
INV-47147,,Vendor,45720,,29-Apr-24,,9745,,44394,,54139,,54139,,
INV-78930,,Vendor,28773,,29-Apr-24,,6761,,30799,,37559,,37559,,
INV-89014,,Vendor,24325,,12-Apr-24,,12522,,57045,,69567,,69567,,
INV-96993,,Vendor,60242,,9-Apr-24,,2736,,12464,,15200,,15200,,
INV-81101,,Vendor,59154,,14-Apr-24,,3521,,16040,,19561,,19561,,
INV-66180,,Vendor,35297,,8-Apr-24,,17993,,81967,,99960,,99960,,
INV-70476,,Vendor,32296,,18-Apr-24,,10399,,47371,,57770,,57770,,
INV-48022,,Vendor,29013,,8-Apr-24,,9166,,41757,,50923,,50923,,
INV-16796,,Vendor,18027,,14-Apr-24,,2946,,13421,,16367,,16367,,
INV-97247,,Vendor,67378,,20-Apr-24,,2311,,10527,,12838,,12838,,
INV-36977,,Vendor,14188,,9-Apr-24,,9272,,42239,,51511,,51511,,
INV-19698,,Vendor,64776,,13-Apr-24,,13954,,63567,,77521,,77521,,
INV-31309,,Vendor,96329,,1-May-24,,17214,,78421,,95635,,95635,,
INV-19314,,Vendor,88127,,24-Apr-24,,7322,,33355,,40677,,40677,,
INV-61172,,Vendor,40364,,30-Apr-24,,14906,,67906,,82812,,82812,,
INV-54104,,Vendor,48756,,9-Apr-24,,10279,,46825,,57104,,57104,,
INV-66197,,Vendor,70331,,26-Apr-24,,16813,,76592,,93405,,93405,,
INV-86063,,Vendor,88971,,29-Apr-24,,9157,,41717,,50875,,50875,,
INV-44207,,Vendor,61304,,5-May-24,,8936,,40708,,49644,,49644,,
INV-86983,,Vendor,15520,,19-Apr-24,,1371,,6247,,7618,,7618,,
INV-75164,,Vendor,29103,,17-Apr-24,,17568,,80030,,97598,,97598,,
INV-85246,,Vendor,74062,,28-Apr-24,,17854,,81334,,99188,,99188,,
INV-33004,,Vendor,54355,,15-Apr-24,,10748,,48961,,59709,,59709,,
INV-27215,,Vendor,29636,,30-Apr-24,,12696,,57838,,70534,,70534,,
INV-21241,,Vendor,43275,,3-May-24,,17372,,79139,,96511,,96511,,
INV-38152,,Vendor,25217,,20-Apr-24,,9364,,42658,,52022,,52022,,
INV-88003,,Vendor,13544,,6-May-24,,8621,,39273,,47894,,47894,,
INV-26336,,Vendor,11473,,17-Apr-24,,2896,,13193,,16089,,16089,,
INV-70583,,Vendor,53651,,14-Apr-24,,6951,,31665,,38616,,38616,,
INV-91735,,Vendor,27795,,7-Apr-24,,13730,,62549,,76279,,76279,,
INV-30800,,Vendor,73501,,29-Apr-24,,12816,,58383,,71199,,71199,,
INV-35132,,Vendor,72053,,8-Apr-24,,4658,,21221,,25879,,25879,,
INV-67467,,Vendor,64101,,29-Apr-24,,4063,,18511,,22574,,22574,,
INV-29025,,Vendor,50131,,4-May-24,,3294,,15005,,18299,,18299,,
INV-31195,,Vendor,68589,,24-Apr-24,,807,,3677,,4485,,4485,,
INV-15457,,Vendor,44866,,2-May-24,,6033,,27486,,33519,,33519,,
INV-66339,,Vendor,45622,,3-May-24,,13213,,60193,,73406,,73406,,
INV-90076,,Vendor,52427,,27-Apr-24,,3605,,16421,,20025,,20025,,
INV-30138,,Vendor,80350,,15-Apr-24,,14030,,63914,,77944,,77944,,
INV-50314,,Vendor,47550,,16-Apr-24,,5505,,25080,,30586,,30586,,
INV-75687,,Vendor,94626,,14-Apr-24,,12450,,56716,,69165,,69165,,
INV-66428,,Vendor,50182,,2-May-24,,7230,,32938,,40169,,40169,,
INV-18101,,Vendor,17703,,2-May-24,,17456,,79522,,96978,,96978,,
INV-27523,,Vendor,92988,,19-Apr-24,,7408,,33748,,41156,,41156,,
INV-72464,,Vendor,56828,,3-May-24,,147,,669,,816,,816,,
INV-12602,,Vendor,69692,,20-Apr-24,,11141,,50753,,61894,,61894,,
INV-54639,,Vendor,28752,,14-Apr-24,,15393,,70123,,85516,,85516,,
INV-84243,,Vendor,91062,,6-May-24,,10056,,45813,,55869,,55869,,
INV-63411,,Vendor,19163,,30-Apr-24,,4786,,21805,,26592,,26592,,
INV-36709,,Vendor,33503,,10-Apr-24,,10585,,48223,,58808,,58808,,
INV-96716,,Vendor,27060,,2-May-24,,6179,,28149,,34328,,34328,,
INV-40270,,Vendor,16342,,28-Apr-24,,5681,,25879,,31559,,31559,,
INV-14357,,Vendor,86507,,8-Apr-24,,8654,,39422,,48076,,48076,,
INV-17647,,Vendor,24816,,26-Apr-24,,3567,,16252,,19819,,19819,,
INV-61310,,Vendor,35928,,27-Apr-24,,11725,,53416,,65142,,65142,,
INV-96183,,Vendor,19062,,12-Apr-24,,11215,,51092,,62307,,62307,,
INV-49720,,Vendor,93846,,27-Apr-24,,14678,,66868,,81546,,81546,,
INV-65599,,Vendor,45205,,3-May-24,,11771,,53624,,65395,,65395,,
INV-66563,,Vendor,47386,,26-Apr-24,,13954,,63569,,77523,,77523,,
INV-36380,,Vendor,71353,,25-Apr-24,,2686,,12234,,14920,,14920,,
INV-43465,,Vendor,50326,,20-Apr-24,,5218,,23771,,28989,,28989,,
INV-40088,,Vendor,84245,,9-Apr-24,,12290,,55989,,68279,,68279,,
INV-36007,,Vendor,40521,,4-May-24,,8547,,38936,,47483,,47483,,
INV-78257,,Vendor,67920,,30-Apr-24,,11910,,54256,,66166,,66166,,
INV-77326,,Vendor,29981,,29-Apr-24,,10050,,45783,,55833,,55833,,
INV-12533,,Vendor,40670,,2-May-24,,8116,,36974,,45091,,45091,,
INV-42379,,Vendor,64062,,8-Apr-24,,11229,,51155,,62384,,62384,,
INV-66398,,Vendor,24450,,25-Apr-24,,3440,,15672,,19112,,19112,,
INV-47009,,Vendor,13371,,9-Apr-24,,1649,,7511,,9159,,9159,,
INV-65578,,Vendor,78981,,14-Apr-24,,10853,,49439,,60292,,60292,,
INV-88111,,Vendor,60212,,17-Apr-24,,16678,,75978,,92657,,92657,,
INV-64957,,Vendor,86815,,4-May-24,,2014,,9174,,11188,,11188,,
INV-99573,,Vendor,53329,,22-Apr-24,,9146,,41664,,50810,,50810,,
INV-27263,,Vendor,75214,,22-Apr-24,,1160,,5282,,6442,,6442,,
INV-32732,,Vendor,21465,,22-Apr-24,,3029,,13799,,16828,,16828,,
INV-25766,,Vendor,58803,,26-Apr-24,,14496,,66038,,80534,,80534,,
INV-15619,,Vendor,93638,,25-Apr-24,,17847,,81304,,99151,,99151,,
INV-39415,,Vendor,35822,,25-Apr-24,,7479,,34073,,41553,,41553,,
INV-64891,,Vendor,65372,,27-Apr-24,,17230,,78493,,95723,,95723,,
INV-31829,,Vendor,71191,,17-Apr-24,,9523,,43380,,52903,,52903,,
INV-12268,,Vendor,57571,,7-Apr-24,,1184,,5395,,6579,,6579,,
INV-18336,,Vendor,44386,,28-Apr-24,,5978,,27232,,33209,,33209,,
INV-54536,,Vendor,29631,,7-Apr-24,,12161,,55398,,67559,,67559,,
INV-98456,,Vendor,51899,,11-Apr-24,,15969,,72748,,88716,,88716,,
INV-73252,,Vendor,65444,,26-Apr-24,,9525,,43391,,52916,,52916,,
INV-29798,,Vendor,17320,,16-Apr-24,,11199,,51017,,62216,,62216,,
INV-21545,,Vendor,75955,,5-May-24,,17103,,77912,,95015,,95015,,
INV-63206,,Vendor,78818,,3-May-24,,10917,,49733,,60650,,60650,,
INV-81409,,Vendor,60628,,6-May-24,,6722,,30623,,37346,,37346,,
INV-58892,,Vendor,78768,,12-Apr-24,,17617,,80257,,97874,,97874,,
INV-15309,,Vendor,58948,,24-Apr-24,,4343,,19784,,24127,,24127,,
INV-82444,,Vendor,17962,,21-Apr-24,,13917,,63400,,77316,,77316,,
INV-16546,,Vendor,51706,,10-Apr-24,,10640,,48471,,59111,,59111,,
INV-73175,,Vendor,21286,,30-Apr-24,,9870,,44965,,54835,,54835,,
INV-35675,,Vendor,46241,,7-Apr-24,,5286,,24079,,29365,,29365,,
INV-93107,,Vendor,21840,,29-Apr-24,,3978,,18120,,22098,,22098,,
INV-56422,,Vendor,49405,,26-Apr-24,,11916,,54283,,66199,,66199,,
INV-91294,,Vendor,56974,,21-Apr-24,,1737,,7913,,9650,,9650,,
INV-37083,,Vendor,14134,,5-May-24,,17611,,80228,,97840,,97840,,
INV-56475,,Vendor,75785,,20-Apr-24,,6197,,28231,,34427,,34427,,
INV-39032,,Vendor,97483,,21-Apr-24,,14417,,65679,,80097,,80097,,
INV-95959,,Vendor,34879,,9-Apr-24,,11971,,54536,,66507,,66507,,
INV-57049,,Vendor,45019,,24-Apr-24,,15297,,69688,,84986,,84986,,
INV-46625,,Vendor,54683,,25-Apr-24,,12059,,54936,,66995,,66995,,
INV-56902,,Vendor,65684,,15-Apr-24,,52,,237,,289,,289,,
INV-96796,,Vendor,45401,,28-Apr-24,,11696,,53283,,64979,,64979,,
INV-58964,,Vendor,37548,,22-Apr-24,,13176,,60026,,73203,,73203,,
INV-39467,,Vendor,64818,,13-Apr-24,,3636,,16565,,20201,,20201,,
INV-98670,,Vendor,43036,,1-May-24,,10104,,46028,,56132,,56132,,
INV-32847,,Vendor,35282,,8-Apr-24,,1338,,6094,,7432,,7432,,
INV-63440,,Vendor,82175,,9-Apr-24,,6318,,28780,,35097,,35097,,
INV-63411,,Vendor,89576,,8-Apr-24,,5156,,23486,,28642,,28642,,
INV-51847,,Vendor,57083,,12-Apr-24,,5213,,23748,,28961,,28961,,
INV-80278,,Vendor,61978,,10-Apr-24,,15239,,69421,,84659,,84659,,
INV-55295,,Vendor,91508,,22-Apr-24,,6800,,30976,,37775,,37775,,
INV-11811,,Vendor,22132,,25-Apr-24,,17904,,81563,,99467,,99467,,
INV-45842,,Vendor,23878,,26-Apr-24,,10620,,48379,,58998,,58998,,
INV-73264,,Vendor,84954,,16-Apr-24,,8747,,39847,,48594,,48594,,
INV-25592,,Vendor,40853,,28-Apr-24,,12086,,55059,,67145,,67145,,
INV-63583,,Vendor,86832,,7-Apr-24,,12793,,58281,,71075,,71075,,
INV-56484,,Vendor,55752,,25-Apr-24,,2846,,12964,,15809,,15809,,
INV-55113,,Vendor,81063,,24-Apr-24,,14846,,67632,,82478,,82478,,
INV-10296,,Vendor,30862,,27-Apr-24,,444,,2023,,2468,,2468,,
INV-83607,,Vendor,29689,,3-May-24,,6363,,28987,,35350,,35350,,
INV-35956,,Vendor,72930,,27-Apr-24,,1506,,6862,,8368,,8368,,
INV-19858,,Vendor,87513,,8-Apr-24,,1626,,7410,,9036,,9036,,
INV-88755,,Vendor,17780,,30-Apr-24,,8761,,39912,,48673,,48673,,
INV-55110,,Vendor,70988,,13-Apr-24,,4407,,20075,,24482,,24482,,
INV-31297,,Vendor,32939,,13-Apr-24,,15032,,68481,,83514,,83514,,
INV-18273,,Vendor,17973,,29-Apr-24,,14960,,68149,,83109,,83109,,
INV-31733,,Vendor,69984,,29-Apr-24,,9462,,43106,,52569,,52569,,
INV-29899,,Vendor,36479,,16-Apr-24,,7085,,32276,,39360,,39360,,
INV-64324,,Vendor,96227,,7-Apr-24,,15208,,69283,,84491,,84491,,
INV-22014,,Vendor,91304,,25-Apr-24,,15690,,71478,,87168,,87168,,
INV-33698,,Vendor,35339,,8-Apr-24,,1732,,7891,,9624,,9624,,
INV-22905,,Vendor,57731,,9-Apr-24,,16551,,75399,,91950,,91950,,
INV-83484,,Vendor,67328,,7-Apr-24,,7897,,35977,,43875,,43875,,
INV-57139,,Vendor,82765,,11-Apr-24,,10587,,48230,,58817,,58817,,
INV-96154,,Vendor,72671,,27-Apr-24,,11028,,50240,,61268,,61268,,
INV-54008,,Vendor,92869,,12-Apr-24,,17178,,78255,,95433,,95433,,
INV-36441,,Vendor,92040,,11-Apr-24,,2094,,9537,,11631,,11631,,
INV-33964,,Vendor,53565,,25-Apr-24,,3342,,15225,,18567,,18567,,
INV-54856,,Vendor,76034,,24-Apr-24,,6379,,29062,,35442,,35442,,
INV-44894,,Vendor,97241,,19-Apr-24,,6949,,31657,,38606,,38606,,
INV-42810,,Vendor,60000,,19-Apr-24,,1931,,8798,,10730,,10730,,
INV-21223,,Vendor,99164,,10-Apr-24,,6344,,28901,,35246,,35246,,
INV-26823,,Vendor,78885,,2-May-24,,4586,,20891,,25476,,25476,,
INV-87175,,Vendor,77097,,20-Apr-24,,9193,,41881,,51075,,51075,,
INV-58557,,Vendor,58758,,24-Apr-24,,1512,,6889,,8402,,8402,,
INV-16682,,Vendor,78956,,11-Apr-24,,3300,,15036,,18336,,18336,,
INV-78787,,Vendor,18721,,6-May-24,,4573,,20834,,25407,,25407,,
INV-80144,,Vendor,33231,,6-May-24,,7326,,33375,,40701,,40701,,
INV-17050,,Vendor,95283,,8-Apr-24,,9615,,43800,,53415,,53415,,
INV-36950,,Vendor,13110,,28-Apr-24,,7446,,33923,,41369,,41369,,
INV-28920,,Vendor,25238,,12-Apr-24,,5804,,26439,,32242,,32242,,
INV-57478,,Vendor,63157,,3-May-24,,17279,,78717,,95997,,95997,,
INV-33351,,Vendor,40046,,2-May-24,,3369,,15348,,18717,,18717,,
INV-70197,,Vendor,31903,,8-Apr-24,,5600,,25513,,31113,,31113,,
INV-60851,,Vendor,47441,,29-Apr-24,,9493,,43245,,52738,,52738,,
INV-33969,,Vendor,10122,,19-Apr-24,,3740,,17040,,20780,,20780,,
INV-52692,,Vendor,94953,,23-Apr-24,,8258,,37620,,45879,,45879,,
INV-83582,,Vendor,78309,,9-Apr-24,,5086,,23169,,28255,,28255,,
INV-27399,,Vendor,84972,,10-Apr-24,,6137,,27956,,34093,,34093,,
INV-42950,,Vendor,52492,,17-Apr-24,,16573,,75498,,92070,,92070,,
