Invoice Number,Payment Method,Payment Date,Sales person,Dynamic Data Masking,Email,,,,,,,,
INV-76554,ACH Transfer,13-Apr-24,SalesPerson 1,INV-7XXXXX,def@gmail.com,,,,,,,,
INV-70354,Wire Transfer,20-Apr-24,SalesPerson 1,INV-7XXXXX,def@gmail.com,,,,,,,,
INV-79205,Credit Card,24-Apr-24,SalesPerson 1,INV-7XXXXX,def@gmail.com,,,,,,,,
INV-58855,ACH Transfer,8-Apr-24,SalesPerson 1,INV-7XXXXX,def@gmail.com,,,,,,,,
INV-56380,ACH Transfer,1-May-24,SalesPerson 1,INV-7XXXXX,def@gmail.com,,,,,,,,Dynamic Data Masking
INV-19166,ACH Transfer,14-Apr-24,SalesPerson 1,INV-7XXXXX,def@gmail.com,,,,,,,,RLS
INV-43043,ACH Transfer,13-Apr-24,SalesPerson 1,INV-7XXXXX,def@gmail.com,,,,,,,,OLS
INV-37978,ACH Transfer,14-Apr-24,SalesPerson 1,INV-7XXXXX,def@gmail.com,,,,,,,,CLS
INV-78456,Wire Transfer,21-Apr-24,SalesPerson 1,INV-7XXXXX,def@gmail.com,,,,,,,,
INV-81166,Check,11-Apr-24,SalesPerson 1,INV-7XXXXX,def@gmail.com,,,,,,,,
INV-87098,Credit Card,21-Apr-24,SalesPerson 1,INV-7XXXXX,def@gmail.com,,,,,,,,
INV-58688,Credit Card,16-Apr-24,SalesPerson 1,INV-7XXXXX,def@gmail.com,,,,,,,,
INV-16466,Credit Card,19-Apr-24,SalesPerson 1,INV-7XXXXX,def@gmail.com,,,,,,,,
INV-61049,Credit Card,8-Apr-24,SalesPerson 1,INV-7XXXXX,def@gmail.com,,,,,,,,
INV-95015,Check,19-Apr-24,SalesPerson 1,INV-7XXXXX,def@gmail.com,,,,,,,,
INV-16610,ACH Transfer,15-Apr-24,SalesPerson 2,INV-7XXXXX,abc@123.com,,,,,,,,
INV-82442,Wire Transfer,15-Apr-24,SalesPerson 2,,abc@123.com,,,,,,,,
INV-15908,ACH Transfer,13-Apr-24,SalesPerson 2,,abc@123.com,,,,,,,,
INV-50276,ACH Transfer,14-Apr-24,SalesPerson 2,,abc@123.com,,,,,,,,
INV-16248,Credit Card,30-Apr-24,SalesPerson 2,,abc@123.com,,,,,,,,
INV-56919,Credit Card,22-Apr-24,SalesPerson 2,,abc@123.com,,,,,,,,
INV-40469,ACH Transfer,18-Apr-24,SalesPerson 3,,456@abc.com,,,,,,,,
INV-15064,Credit Card,14-Apr-24,SalesPerson 3,,456@abc.com,,,,,,,,
INV-60915,Credit Card,3-May-24,SalesPerson 3,,456@abc.com,,,,,,,,
INV-17385,Credit Card,11-Apr-24,SalesPerson 3,,456@abc.com,,,,,,,,
INV-65671,Check,20-Apr-24,SalesPerson 1,,,,,,,,,,
INV-21722,Check,18-Apr-24,SalesPerson 1,,,,,,,,,,
INV-91039,Wire Transfer,24-Apr-24,,,,,,,,,,,
INV-23562,Check,19-Apr-24,,,,,,,,,,,
INV-74141,ACH Transfer,10-Apr-24,,,,,,,,,,,
INV-84184,ACH Transfer,19-Apr-24,,,,,,,,,,,
INV-87777,ACH Transfer,16-Apr-24,,,,,,,,,,,
INV-38439,Wire Transfer,14-Apr-24,,,,,,,,,,,
INV-91055,Credit Card,27-Apr-24,,,,,,,,,,,
INV-44999,Credit Card,18-Apr-24,,,,,,,,,,,
INV-24567,ACH Transfer,1-May-24,,,,,,,,,,,
INV-10320,ACH Transfer,24-Apr-24,,,,,,,,,,,
INV-13297,ACH Transfer,24-Apr-24,,,,,,,,,,,
INV-72281,ACH Transfer,2-May-24,,,,,,,,,,,
INV-16506,Wire Transfer,19-Apr-24,,,,,,,,,,,
INV-52841,Credit Card,4-May-24,,,,,,,,,,,
INV-15798,ACH Transfer,3-May-24,,,,,,,,,,,
INV-45118,Credit Card,20-Apr-24,,,,,,,,,,,
INV-17662,ACH Transfer,30-Apr-24,,,,,,,,,,,
INV-36066,Check,13-Apr-24,,,,,,,,,,,
INV-48655,Wire Transfer,27-Apr-24,,,,,,,,,,,
INV-15726,Credit Card,14-Apr-24,,,,,,,,,,,
INV-14184,Wire Transfer,14-Apr-24,,,,,,,,,,,
INV-94419,ACH Transfer,9-Apr-24,,,,,,,,,,,
INV-60681,ACH Transfer,20-Apr-24,,,,,,,,,,,
INV-75853,ACH Transfer,17-Apr-24,,,,,,,,,,,
INV-70966,Wire Transfer,8-Apr-24,,,,,,,,,,,
INV-42288,Check,29-Apr-24,,,,,,,,,,,
INV-52809,ACH Transfer,1-May-24,,,,,,,,,,,
INV-98894,Credit Card,25-Apr-24,,,,,,,,,,,
INV-73260,Wire Transfer,14-Apr-24,,,,,,,,,,,
INV-42087,Credit Card,19-Apr-24,,,,,,,,,,,
INV-59417,Wire Transfer,17-Apr-24,,,,,,,,,,,
INV-11079,Wire Transfer,16-Apr-24,,,,,,,,,,,
INV-85917,Wire Transfer,12-Apr-24,,,,,,,,,,,
INV-65334,Wire Transfer,15-Apr-24,,,,,,,,,,,
INV-61580,Wire Transfer,11-Apr-24,,,,,,,,,,,
INV-62984,Wire Transfer,7-Apr-24,,,,,,,,,,,
INV-43050,Credit Card,29-Apr-24,,,,,,,,,,,
INV-49314,Credit Card,17-Apr-24,,,,,,,,,,,
INV-40527,Credit Card,13-Apr-24,,,,,,,,,,,
INV-63063,Wire Transfer,1-May-24,,,,,,,,,,,
INV-80570,Wire Transfer,15-Apr-24,,,,,,,,,,,
INV-97673,ACH Transfer,19-Apr-24,,,,,,,,,,,
INV-41491,Wire Transfer,19-Apr-24,,,,,,,,,,,
INV-64898,Check,11-Apr-24,,,,,,,,,,,
INV-50228,Credit Card,7-Apr-24,,,,,,,,,,,
INV-72612,Wire Transfer,24-Apr-24,,,,,,,,,,,
INV-75859,Check,30-Apr-24,,,,,,,,,,,
INV-67021,Check,16-Apr-24,,,,,,,,,,,
INV-36154,ACH Transfer,23-Apr-24,,,,,,,,,,,
INV-64245,Credit Card,30-Apr-24,,,,,,,,,,,
INV-39469,Credit Card,6-May-24,,,,,,,,,,,
INV-41400,Wire Transfer,20-Apr-24,,,,,,,,,,,
INV-43780,ACH Transfer,21-Apr-24,,,,,,,,,,,
INV-46592,Check,16-Apr-24,,,,,,,,,,,
INV-82832,ACH Transfer,2-May-24,,,,,,,,,,,
INV-84976,Wire Transfer,10-Apr-24,,,,,,,,,,,
INV-11601,Wire Transfer,5-May-24,,,,,,,,,,,
INV-96210,Wire Transfer,21-Apr-24,,,,,,,,,,,
INV-41333,Check,2-May-24,,,,,,,,,,,
INV-97960,Wire Transfer,6-May-24,,,,,,,,,,,
INV-56508,Credit Card,15-Apr-24,,,,,,,,,,,
INV-33677,Check,21-Apr-24,,,,,,,,,,,
INV-52182,Check,3-May-24,,,,,,,,,,,
INV-81319,Check,22-Apr-24,,,,,,,,,,,
INV-90392,ACH Transfer,20-Apr-24,,,,,,,,,,,
INV-24274,Credit Card,21-Apr-24,,,,,,,,,,,
INV-37564,ACH Transfer,8-Apr-24,,,,,,,,,,,
INV-83078,Check,19-Apr-24,,,,,,,,,,,
INV-91004,Check,10-Apr-24,,,,,,,,,,,
INV-86350,ACH Transfer,8-Apr-24,,,,,,,,,,,
INV-80816,Wire Transfer,22-Apr-24,,,,,,,,,,,
INV-36818,Check,11-Apr-24,,,,,,,,,,,
INV-44335,Check,2-May-24,,,,,,,,,,,
INV-73957,Credit Card,27-Apr-24,,,,,,,,,,,
INV-75685,ACH Transfer,23-Apr-24,,,,,,,,,,,
INV-58402,Check,7-Apr-24,,,,,,,,,,,
INV-67471,ACH Transfer,27-Apr-24,,,,,,,,,,,
INV-70018,Credit Card,25-Apr-24,,,,,,,,,,,
INV-47195,Credit Card,30-Apr-24,,,,,,,,,,,
INV-15244,Credit Card,4-May-24,,,,,,,,,,,
INV-67391,Wire Transfer,7-Apr-24,,,,,,,,,,,
INV-91966,Wire Transfer,14-Apr-24,,,,,,,,,,,
INV-34617,Wire Transfer,16-Apr-24,,,,,,,,,,,
INV-25041,ACH Transfer,20-Apr-24,,,,,,,,,,,
INV-75090,ACH Transfer,2-May-24,,,,,,,,,,,
INV-12152,Credit Card,10-Apr-24,,,,,,,,,,,
INV-74814,ACH Transfer,10-Apr-24,,,,,,,,,,,
INV-79929,Check,14-Apr-24,,,,,,,,,,,
INV-36817,Check,24-Apr-24,,,,,,,,,,,
INV-36775,Credit Card,5-May-24,,,,,,,,,,,
INV-29052,Wire Transfer,25-Apr-24,,,,,,,,,,,
INV-41068,ACH Transfer,10-Apr-24,,,,,,,,,,,
INV-28340,ACH Transfer,15-Apr-24,,,,,,,,,,,
INV-66684,Wire Transfer,6-May-24,,,,,,,,,,,
INV-53506,Credit Card,18-Apr-24,,,,,,,,,,,
INV-18904,Wire Transfer,12-Apr-24,,,,,,,,,,,
INV-97836,ACH Transfer,15-Apr-24,,,,,,,,,,,
INV-31695,Wire Transfer,5-May-24,,,,,,,,,,,
INV-11189,Check,24-Apr-24,,,,,,,,,,,
INV-23661,ACH Transfer,1-May-24,,,,,,,,,,,
INV-31908,ACH Transfer,3-May-24,,,,,,,,,,,
INV-80213,ACH Transfer,11-Apr-24,,,,,,,,,,,
INV-78393,Credit Card,27-Apr-24,,,,,,,,,,,
INV-45105,Check,17-Apr-24,,,,,,,,,,,
INV-19552,ACH Transfer,4-May-24,,,,,,,,,,,
INV-60490,Credit Card,2-May-24,,,,,,,,,,,
INV-57451,Credit Card,9-Apr-24,,,,,,,,,,,
INV-20811,ACH Transfer,4-May-24,,,,,,,,,,,
INV-52662,Check,11-Apr-24,,,,,,,,,,,
INV-53194,Credit Card,22-Apr-24,,,,,,,,,,,
INV-12687,Wire Transfer,18-Apr-24,,,,,,,,,,,
INV-61072,ACH Transfer,17-Apr-24,,,,,,,,,,,
INV-94044,ACH Transfer,14-Apr-24,,,,,,,,,,,
INV-18872,Credit Card,29-Apr-24,,,,,,,,,,,
INV-80011,Credit Card,12-Apr-24,,,,,,,,,,,
INV-83867,Credit Card,25-Apr-24,,,,,,,,,,,
INV-67534,Check,22-Apr-24,,,,,,,,,,,
INV-92382,Check,13-Apr-24,,,,,,,,,,,
INV-98668,Credit Card,25-Apr-24,,,,,,,,,,,
INV-31579,Check,25-Apr-24,,,,,,,,,,,
INV-24408,Credit Card,17-Apr-24,,,,,,,,,,,
INV-32546,Wire Transfer,14-Apr-24,,,,,,,,,,,
INV-28963,Check,13-Apr-24,,,,,,,,,,,
INV-17979,Credit Card,4-May-24,,,,,,,,,,,
INV-88969,Wire Transfer,30-Apr-24,,,,,,,,,,,
INV-13180,Check,18-Apr-24,,,,,,,,,,,
INV-73783,Credit Card,12-Apr-24,,,,,,,,,,,
INV-47945,ACH Transfer,6-May-24,,,,,,,,,,,
INV-19246,Credit Card,24-Apr-24,,,,,,,,,,,
INV-19994,ACH Transfer,19-Apr-24,,,,,,,,,,,
INV-71295,Wire Transfer,15-Apr-24,,,,,,,,,,,
INV-10226,Credit Card,23-Apr-24,,,,,,,,,,,
INV-78229,ACH Transfer,22-Apr-24,,,,,,,,,,,
INV-89539,Check,11-Apr-24,,,,,,,,,,,
INV-16540,Wire Transfer,21-Apr-24,,,,,,,,,,,
INV-24699,Credit Card,4-May-24,,,,,,,,,,,
INV-94690,Wire Transfer,26-Apr-24,,,,,,,,,,,
INV-87573,Check,29-Apr-24,,,,,,,,,,,
INV-66367,Credit Card,14-Apr-24,,,,,,,,,,,
INV-90593,ACH Transfer,19-Apr-24,,,,,,,,,,,
INV-59622,Credit Card,15-Apr-24,,,,,,,,,,,
INV-12259,ACH Transfer,23-Apr-24,,,,,,,,,,,
INV-70424,ACH Transfer,5-May-24,,,,,,,,,,,
INV-12687,Credit Card,11-Apr-24,,,,,,,,,,,
INV-78645,ACH Transfer,3-May-24,,,,,,,,,,,
INV-33630,Wire Transfer,5-May-24,,,,,,,,,,,
INV-20608,ACH Transfer,15-Apr-24,,,,,,,,,,,
INV-90323,ACH Transfer,19-Apr-24,,,,,,,,,,,
INV-37501,ACH Transfer,26-Apr-24,,,,,,,,,,,
INV-78787,Wire Transfer,19-Apr-24,,,,,,,,,,,
INV-40774,ACH Transfer,4-May-24,,,,,,,,,,,
INV-31748,Check,6-May-24,,,,,,,,,,,
INV-63183,Credit Card,17-Apr-24,,,,,,,,,,,
INV-97445,Check,11-Apr-24,,,,,,,,,,,
INV-13842,Check,6-May-24,,,,,,,,,,,
INV-35929,Check,29-Apr-24,,,,,,,,,,,
INV-85596,Check,30-Apr-24,,,,,,,,,,,
INV-25249,ACH Transfer,21-Apr-24,,,,,,,,,,,
INV-75209,Check,16-Apr-24,,,,,,,,,,,
INV-93306,Wire Transfer,16-Apr-24,,,,,,,,,,,
INV-22789,Wire Transfer,28-Apr-24,,,,,,,,,,,
INV-26247,Credit Card,29-Apr-24,,,,,,,,,,,
INV-85242,ACH Transfer,15-Apr-24,,,,,,,,,,,
INV-14296,Wire Transfer,5-May-24,,,,,,,,,,,
INV-14083,ACH Transfer,24-Apr-24,,,,,,,,,,,
INV-32593,Check,1-May-24,,,,,,,,,,,
INV-60793,ACH Transfer,27-Apr-24,,,,,,,,,,,
INV-67019,Wire Transfer,18-Apr-24,,,,,,,,,,,
INV-79816,Credit Card,17-Apr-24,,,,,,,,,,,
INV-27068,Credit Card,23-Apr-24,,,,,,,,,,,
INV-57119,Check,2-May-24,,,,,,,,,,,
INV-38477,ACH Transfer,14-Apr-24,,,,,,,,,,,
INV-79785,Check,11-Apr-24,,,,,,,,,,,
INV-80674,ACH Transfer,19-Apr-24,,,,,,,,,,,
INV-62572,Check,23-Apr-24,,,,,,,,,,,
INV-31657,Check,1-May-24,,,,,,,,,,,
INV-89401,Wire Transfer,26-Apr-24,,,,,,,,,,,
INV-13672,Check,28-Apr-24,,,,,,,,,,,
INV-40117,Credit Card,22-Apr-24,,,,,,,,,,,
INV-55238,Check,1-May-24,,,,,,,,,,,
INV-45305,Check,19-Apr-24,,,,,,,,,,,
INV-71186,Credit Card,16-Apr-24,,,,,,,,,,,
INV-63380,ACH Transfer,13-Apr-24,,,,,,,,,,,
INV-46412,ACH Transfer,19-Apr-24,,,,,,,,,,,
INV-64453,Check,17-Apr-24,,,,,,,,,,,
INV-51776,Wire Transfer,29-Apr-24,,,,,,,,,,,
INV-42064,Wire Transfer,8-Apr-24,,,,,,,,,,,
INV-92889,Credit Card,10-Apr-24,,,,,,,,,,,
INV-89564,Check,25-Apr-24,,,,,,,,,,,
INV-20767,Check,19-Apr-24,,,,,,,,,,,
INV-75634,ACH Transfer,7-Apr-24,,,,,,,,,,,
INV-85911,ACH Transfer,27-Apr-24,,,,,,,,,,,
INV-38938,Check,20-Apr-24,,,,,,,,,,,
INV-12115,Wire Transfer,6-May-24,,,,,,,,,,,
INV-60060,Wire Transfer,19-Apr-24,,,,,,,,,,,
INV-52704,Check,11-Apr-24,,,,,,,,,,,
INV-20108,ACH Transfer,7-Apr-24,,,,,,,,,,,
INV-12648,Check,15-Apr-24,,,,,,,,,,,
INV-74501,Wire Transfer,10-Apr-24,,,,,,,,,,,
INV-45000,Check,7-Apr-24,,,,,,,,,,,
INV-73557,Wire Transfer,7-Apr-24,,,,,,,,,,,
INV-22702,Credit Card,25-Apr-24,,,,,,,,,,,
INV-96095,Check,3-May-24,,,,,,,,,,,
INV-89290,Check,28-Apr-24,,,,,,,,,,,
INV-82325,Credit Card,10-Apr-24,,,,,,,,,,,
INV-58814,Check,3-May-24,,,,,,,,,,,
INV-82778,Wire Transfer,1-May-24,,,,,,,,,,,
INV-63186,Wire Transfer,26-Apr-24,,,,,,,,,,,
INV-18132,ACH Transfer,30-Apr-24,,,,,,,,,,,
INV-32716,Check,12-Apr-24,,,,,,,,,,,
INV-93911,Wire Transfer,24-Apr-24,,,,,,,,,,,
INV-31237,ACH Transfer,4-May-24,,,,,,,,,,,
INV-67015,Wire Transfer,14-Apr-24,,,,,,,,,,,
INV-68209,ACH Transfer,13-Apr-24,,,,,,,,,,,
INV-32644,Check,13-Apr-24,,,,,,,,,,,
INV-75384,ACH Transfer,25-Apr-24,,,,,,,,,,,
INV-68527,ACH Transfer,18-Apr-24,,,,,,,,,,,
INV-39492,Wire Transfer,14-Apr-24,,,,,,,,,,,
INV-19493,Check,14-Apr-24,,,,,,,,,,,
INV-70378,Credit Card,16-Apr-24,,,,,,,,,,,
INV-24733,ACH Transfer,11-Apr-24,,,,,,,,,,,
INV-66137,Wire Transfer,17-Apr-24,,,,,,,,,,,
INV-32431,Credit Card,9-Apr-24,,,,,,,,,,,
INV-12521,Wire Transfer,3-May-24,,,,,,,,,,,
INV-27899,Check,11-Apr-24,,,,,,,,,,,
INV-44349,Check,18-Apr-24,,,,,,,,,,,
INV-33865,Wire Transfer,17-Apr-24,,,,,,,,,,,
INV-89859,Credit Card,1-May-24,,,,,,,,,,,
INV-56657,Credit Card,14-Apr-24,,,,,,,,,,,
INV-63532,Wire Transfer,5-May-24,,,,,,,,,,,
INV-67915,Credit Card,12-Apr-24,,,,,,,,,,,
INV-60370,Wire Transfer,12-Apr-24,,,,,,,,,,,
INV-32083,Credit Card,25-Apr-24,,,,,,,,,,,
INV-26474,Check,2-May-24,,,,,,,,,,,
INV-85269,ACH Transfer,5-May-24,,,,,,,,,,,
INV-87011,ACH Transfer,2-May-24,,,,,,,,,,,
INV-77520,Wire Transfer,1-May-24,,,,,,,,,,,
INV-11272,Credit Card,7-Apr-24,,,,,,,,,,,
INV-87608,ACH Transfer,25-Apr-24,,,,,,,,,,,
INV-53971,Check,12-Apr-24,,,,,,,,,,,
INV-16759,ACH Transfer,10-Apr-24,,,,,,,,,,,
INV-45898,ACH Transfer,20-Apr-24,,,,,,,,,,,
INV-49973,Check,27-Apr-24,,,,,,,,,,,
INV-86952,Check,22-Apr-24,,,,,,,,,,,
INV-95292,ACH Transfer,4-May-24,,,,,,,,,,,
INV-23604,Credit Card,27-Apr-24,,,,,,,,,,,
INV-56408,Check,19-Apr-24,,,,,,,,,,,
INV-57918,ACH Transfer,9-Apr-24,,,,,,,,,,,
INV-47451,Credit Card,28-Apr-24,,,,,,,,,,,
INV-85718,Credit Card,20-Apr-24,,,,,,,,,,,
INV-54923,ACH Transfer,16-Apr-24,,,,,,,,,,,
INV-49769,Credit Card,27-Apr-24,,,,,,,,,,,
INV-52212,Wire Transfer,25-Apr-24,,,,,,,,,,,
INV-75889,Credit Card,22-Apr-24,,,,,,,,,,,
INV-44703,Wire Transfer,5-May-24,,,,,,,,,,,
INV-32085,Check,20-Apr-24,,,,,,,,,,,
INV-38041,Check,12-Apr-24,,,,,,,,,,,
INV-21757,Credit Card,18-Apr-24,,,,,,,,,,,
INV-49788,ACH Transfer,17-Apr-24,,,,,,,,,,,
INV-95110,Wire Transfer,30-Apr-24,,,,,,,,,,,
INV-32616,ACH Transfer,11-Apr-24,,,,,,,,,,,
INV-63973,Wire Transfer,5-May-24,,,,,,,,,,,
INV-22088,Check,11-Apr-24,,,,,,,,,,,
INV-87660,Check,16-Apr-24,,,,,,,,,,,
INV-92366,Check,20-Apr-24,,,,,,,,,,,
INV-43709,ACH Transfer,11-Apr-24,,,,,,,,,,,
INV-13554,Credit Card,19-Apr-24,,,,,,,,,,,
INV-61245,Wire Transfer,4-May-24,,,,,,,,,,,
INV-74368,Wire Transfer,11-Apr-24,,,,,,,,,,,
INV-73808,ACH Transfer,18-Apr-24,,,,,,,,,,,
INV-95245,Wire Transfer,29-Apr-24,,,,,,,,,,,
INV-39919,Check,15-Apr-24,,,,,,,,,,,
INV-44951,Credit Card,1-May-24,,,,,,,,,,,
INV-43585,Check,18-Apr-24,,,,,,,,,,,
INV-83416,Check,6-May-24,,,,,,,,,,,
INV-23062,Wire Transfer,23-Apr-24,,,,,,,,,,,
INV-80618,Credit Card,23-Apr-24,,,,,,,,,,,
INV-18212,Wire Transfer,4-May-24,,,,,,,,,,,
INV-55219,ACH Transfer,25-Apr-24,,,,,,,,,,,
INV-48318,Check,5-May-24,,,,,,,,,,,
INV-17755,Credit Card,18-Apr-24,,,,,,,,,,,
INV-53227,Wire Transfer,27-Apr-24,,,,,,,,,,,
INV-39104,Check,5-May-24,,,,,,,,,,,
INV-96011,Credit Card,8-Apr-24,,,,,,,,,,,
INV-18408,Check,14-Apr-24,,,,,,,,,,,
INV-86438,Wire Transfer,22-Apr-24,,,,,,,,,,,
INV-72829,Credit Card,19-Apr-24,,,,,,,,,,,
INV-91656,ACH Transfer,19-Apr-24,,,,,,,,,,,
INV-62915,Credit Card,9-Apr-24,,,,,,,,,,,
INV-24852,Check,8-Apr-24,,,,,,,,,,,
INV-70973,ACH Transfer,25-Apr-24,,,,,,,,,,,
INV-34387,Credit Card,26-Apr-24,,,,,,,,,,,
INV-74239,ACH Transfer,28-Apr-24,,,,,,,,,,,
INV-51414,Credit Card,27-Apr-24,,,,,,,,,,,
INV-45464,ACH Transfer,23-Apr-24,,,,,,,,,,,
INV-49730,Credit Card,22-Apr-24,,,,,,,,,,,
INV-95282,ACH Transfer,12-Apr-24,,,,,,,,,,,
INV-85226,Check,14-Apr-24,,,,,,,,,,,
INV-39334,ACH Transfer,6-May-24,,,,,,,,,,,
INV-36775,Check,19-Apr-24,,,,,,,,,,,
INV-85864,ACH Transfer,8-Apr-24,,,,,,,,,,,
INV-97134,Credit Card,15-Apr-24,,,,,,,,,,,
INV-82931,ACH Transfer,10-Apr-24,,,,,,,,,,,
INV-48001,ACH Transfer,12-Apr-24,,,,,,,,,,,
INV-56663,Check,4-May-24,,,,,,,,,,,
INV-93072,Check,29-Apr-24,,,,,,,,,,,
INV-48112,Check,20-Apr-24,,,,,,,,,,,
INV-51527,Wire Transfer,17-Apr-24,,,,,,,,,,,
INV-18756,Credit Card,20-Apr-24,,,,,,,,,,,
INV-78648,ACH Transfer,15-Apr-24,,,,,,,,,,,
INV-49207,Check,11-Apr-24,,,,,,,,,,,
INV-57741,Credit Card,24-Apr-24,,,,,,,,,,,
INV-74718,ACH Transfer,28-Apr-24,,,,,,,,,,,
INV-94826,Wire Transfer,6-May-24,,,,,,,,,,,
INV-40741,Check,17-Apr-24,,,,,,,,,,,
INV-49706,ACH Transfer,28-Apr-24,,,,,,,,,,,
INV-97193,Credit Card,12-Apr-24,,,,,,,,,,,
INV-44225,Wire Transfer,19-Apr-24,,,,,,,,,,,
INV-78451,Wire Transfer,25-Apr-24,,,,,,,,,,,
INV-44314,Wire Transfer,9-Apr-24,,,,,,,,,,,
INV-27223,Wire Transfer,7-Apr-24,,,,,,,,,,,
INV-92513,Credit Card,5-May-24,,,,,,,,,,,
INV-24856,Credit Card,5-May-24,,,,,,,,,,,
INV-74892,Check,16-Apr-24,,,,,,,,,,,
INV-10601,Wire Transfer,28-Apr-24,,,,,,,,,,,
INV-51948,Check,7-Apr-24,,,,,,,,,,,
INV-14733,ACH Transfer,16-Apr-24,,,,,,,,,,,
INV-10301,Check,19-Apr-24,,,,,,,,,,,
INV-97445,ACH Transfer,28-Apr-24,,,,,,,,,,,
INV-20328,Check,30-Apr-24,,,,,,,,,,,
INV-53742,Wire Transfer,7-Apr-24,,,,,,,,,,,
INV-94779,ACH Transfer,11-Apr-24,,,,,,,,,,,
INV-88502,ACH Transfer,25-Apr-24,,,,,,,,,,,
INV-88055,Wire Transfer,10-Apr-24,,,,,,,,,,,
INV-18155,Credit Card,20-Apr-24,,,,,,,,,,,
INV-72089,ACH Transfer,4-May-24,,,,,,,,,,,
INV-99682,Wire Transfer,18-Apr-24,,,,,,,,,,,
INV-78516,ACH Transfer,14-Apr-24,,,,,,,,,,,
INV-38451,ACH Transfer,25-Apr-24,,,,,,,,,,,
INV-59472,Credit Card,27-Apr-24,,,,,,,,,,,
INV-26621,Wire Transfer,6-May-24,,,,,,,,,,,
INV-61899,Check,5-May-24,,,,,,,,,,,
INV-55178,Credit Card,4-May-24,,,,,,,,,,,
INV-36746,Check,19-Apr-24,,,,,,,,,,,
INV-59624,Credit Card,14-Apr-24,,,,,,,,,,,
INV-11182,Credit Card,17-Apr-24,,,,,,,,,,,
INV-39577,Wire Transfer,16-Apr-24,,,,,,,,,,,
INV-67991,Check,5-May-24,,,,,,,,,,,
INV-19668,ACH Transfer,12-Apr-24,,,,,,,,,,,
INV-95855,Check,27-Apr-24,,,,,,,,,,,
INV-69561,Wire Transfer,17-Apr-24,,,,,,,,,,,
INV-25317,Credit Card,30-Apr-24,,,,,,,,,,,
INV-88686,Credit Card,10-Apr-24,,,,,,,,,,,
INV-59485,Check,18-Apr-24,,,,,,,,,,,
INV-32430,Credit Card,13-Apr-24,,,,,,,,,,,
INV-94923,Check,4-May-24,,,,,,,,,,,
INV-85721,ACH Transfer,11-Apr-24,,,,,,,,,,,
INV-11686,Wire Transfer,10-Apr-24,,,,,,,,,,,
INV-27800,Wire Transfer,12-Apr-24,,,,,,,,,,,
INV-46389,Wire Transfer,20-Apr-24,,,,,,,,,,,
INV-10276,Check,12-Apr-24,,,,,,,,,,,
INV-58043,ACH Transfer,26-Apr-24,,,,,,,,,,,
INV-12611,Wire Transfer,5-May-24,,,,,,,,,,,
INV-32964,Credit Card,10-Apr-24,,,,,,,,,,,
INV-13128,ACH Transfer,27-Apr-24,,,,,,,,,,,
INV-33536,ACH Transfer,27-Apr-24,,,,,,,,,,,
INV-64110,Wire Transfer,11-Apr-24,,,,,,,,,,,
INV-79000,Check,10-Apr-24,,,,,,,,,,,
INV-17032,ACH Transfer,11-Apr-24,,,,,,,,,,,
INV-24342,ACH Transfer,12-Apr-24,,,,,,,,,,,
INV-30221,Wire Transfer,19-Apr-24,,,,,,,,,,,
INV-24484,ACH Transfer,2-May-24,,,,,,,,,,,
INV-81043,Credit Card,17-Apr-24,,,,,,,,,,,
INV-89639,Credit Card,5-May-24,,,,,,,,,,,
INV-67353,Credit Card,20-Apr-24,,,,,,,,,,,
INV-73752,Credit Card,4-May-24,,,,,,,,,,,
INV-84473,ACH Transfer,9-Apr-24,,,,,,,,,,,
INV-60950,Check,12-Apr-24,,,,,,,,,,,
INV-33575,Credit Card,27-Apr-24,,,,,,,,,,,
INV-69383,Credit Card,24-Apr-24,,,,,,,,,,,
INV-11760,ACH Transfer,25-Apr-24,,,,,,,,,,,
INV-91930,Credit Card,6-May-24,,,,,,,,,,,
INV-68404,Check,4-May-24,,,,,,,,,,,
INV-93769,Credit Card,8-Apr-24,,,,,,,,,,,
INV-49904,Wire Transfer,29-Apr-24,,,,,,,,,,,
INV-15220,Wire Transfer,9-Apr-24,,,,,,,,,,,
INV-81024,Credit Card,10-Apr-24,,,,,,,,,,,
INV-58660,Credit Card,9-Apr-24,,,,,,,,,,,
INV-24725,Wire Transfer,6-May-24,,,,,,,,,,,
INV-75311,Credit Card,27-Apr-24,,,,,,,,,,,
INV-13838,Wire Transfer,7-Apr-24,,,,,,,,,,,
INV-58662,Wire Transfer,16-Apr-24,,,,,,,,,,,
INV-66241,ACH Transfer,20-Apr-24,,,,,,,,,,,
INV-62451,ACH Transfer,13-Apr-24,,,,,,,,,,,
INV-70930,ACH Transfer,11-Apr-24,,,,,,,,,,,
INV-98905,Wire Transfer,8-Apr-24,,,,,,,,,,,
INV-49181,Wire Transfer,14-Apr-24,,,,,,,,,,,
INV-28893,Wire Transfer,16-Apr-24,,,,,,,,,,,
INV-23870,Credit Card,6-May-24,,,,,,,,,,,
INV-58933,ACH Transfer,13-Apr-24,,,,,,,,,,,
INV-79897,Wire Transfer,14-Apr-24,,,,,,,,,,,
INV-97183,Check,18-Apr-24,,,,,,,,,,,
INV-40631,Check,24-Apr-24,,,,,,,,,,,
INV-82018,Credit Card,23-Apr-24,,,,,,,,,,,
INV-89498,Credit Card,9-Apr-24,,,,,,,,,,,
INV-13029,ACH Transfer,7-Apr-24,,,,,,,,,,,
INV-59278,Wire Transfer,19-Apr-24,,,,,,,,,,,
INV-59804,Wire Transfer,29-Apr-24,,,,,,,,,,,
INV-38512,Credit Card,22-Apr-24,,,,,,,,,,,
INV-56343,Check,19-Apr-24,,,,,,,,,,,
INV-60070,Wire Transfer,30-Apr-24,,,,,,,,,,,
INV-55203,Credit Card,4-May-24,,,,,,,,,,,
INV-46051,Credit Card,6-May-24,,,,,,,,,,,
INV-26032,Wire Transfer,14-Apr-24,,,,,,,,,,,
INV-12112,ACH Transfer,18-Apr-24,,,,,,,,,,,
INV-99117,Check,5-May-24,,,,,,,,,,,
INV-58977,Credit Card,15-Apr-24,,,,,,,,,,,
INV-19670,Check,16-Apr-24,,,,,,,,,,,
INV-61247,Credit Card,14-Apr-24,,,,,,,,,,,
INV-59517,Credit Card,24-Apr-24,,,,,,,,,,,
INV-63259,Credit Card,16-Apr-24,,,,,,,,,,,
INV-29416,Check,2-May-24,,,,,,,,,,,
INV-89590,Credit Card,15-Apr-24,,,,,,,,,,,
INV-77016,Check,22-Apr-24,,,,,,,,,,,
INV-84529,Credit Card,6-May-24,,,,,,,,,,,
INV-83062,Wire Transfer,15-Apr-24,,,,,,,,,,,
INV-74927,ACH Transfer,20-Apr-24,,,,,,,,,,,
INV-11640,ACH Transfer,16-Apr-24,,,,,,,,,,,
INV-30107,Credit Card,27-Apr-24,,,,,,,,,,,
INV-10039,Wire Transfer,11-Apr-24,,,,,,,,,,,
INV-97251,Check,16-Apr-24,,,,,,,,,,,
INV-46694,Check,7-Apr-24,,,,,,,,,,,
INV-19200,Credit Card,9-Apr-24,,,,,,,,,,,
INV-91343,ACH Transfer,18-Apr-24,,,,,,,,,,,
INV-28104,Wire Transfer,28-Apr-24,,,,,,,,,,,
INV-60087,ACH Transfer,22-Apr-24,,,,,,,,,,,
INV-46358,Check,22-Apr-24,,,,,,,,,,,
INV-69441,ACH Transfer,9-Apr-24,,,,,,,,,,,
INV-85826,Credit Card,11-Apr-24,,,,,,,,,,,
INV-24270,Credit Card,20-Apr-24,,,,,,,,,,,
INV-10938,Check,27-Apr-24,,,,,,,,,,,
INV-52854,ACH Transfer,19-Apr-24,,,,,,,,,,,
INV-76692,Wire Transfer,9-Apr-24,,,,,,,,,,,
INV-14860,Check,29-Apr-24,,,,,,,,,,,
INV-76727,Credit Card,22-Apr-24,,,,,,,,,,,
INV-78433,Credit Card,28-Apr-24,,,,,,,,,,,
INV-77103,Wire Transfer,26-Apr-24,,,,,,,,,,,
INV-86435,Check,2-May-24,,,,,,,,,,,
INV-92890,Wire Transfer,19-Apr-24,,,,,,,,,,,
INV-84791,Wire Transfer,11-Apr-24,,,,,,,,,,,
INV-34840,Credit Card,14-Apr-24,,,,,,,,,,,
INV-47396,ACH Transfer,29-Apr-24,,,,,,,,,,,
INV-37382,Wire Transfer,25-Apr-24,,,,,,,,,,,
INV-63969,Credit Card,24-Apr-24,,,,,,,,,,,
INV-75070,ACH Transfer,19-Apr-24,,,,,,,,,,,
INV-59330,Check,1-May-24,,,,,,,,,,,
INV-55640,Check,14-Apr-24,,,,,,,,,,,
INV-36023,Credit Card,25-Apr-24,,,,,,,,,,,
INV-87759,Check,28-Apr-24,,,,,,,,,,,
INV-42057,Check,28-Apr-24,,,,,,,,,,,
INV-12290,ACH Transfer,20-Apr-24,,,,,,,,,,,
INV-48104,ACH Transfer,7-Apr-24,,,,,,,,,,,
INV-32120,Credit Card,9-Apr-24,,,,,,,,,,,
INV-59107,Check,21-Apr-24,,,,,,,,,,,
INV-14858,Credit Card,27-Apr-24,,,,,,,,,,,
INV-85872,Wire Transfer,13-Apr-24,,,,,,,,,,,
INV-23034,Credit Card,16-Apr-24,,,,,,,,,,,
INV-96431,Check,4-May-24,,,,,,,,,,,
INV-67008,Check,14-Apr-24,,,,,,,,,,,
INV-21668,ACH Transfer,7-Apr-24,,,,,,,,,,,
INV-71036,Check,5-May-24,,,,,,,,,,,
INV-89148,Check,27-Apr-24,,,,,,,,,,,
INV-64779,Credit Card,21-Apr-24,,,,,,,,,,,
INV-30721,Check,3-May-24,,,,,,,,,,,
INV-75420,Check,21-Apr-24,,,,,,,,,,,
INV-12479,Credit Card,7-Apr-24,,,,,,,,,,,
INV-22928,Credit Card,2-May-24,,,,,,,,,,,
INV-40656,ACH Transfer,16-Apr-24,,,,,,,,,,,
INV-24146,ACH Transfer,9-Apr-24,,,,,,,,,,,
INV-23158,ACH Transfer,19-Apr-24,,,,,,,,,,,
INV-50027,Credit Card,16-Apr-24,,,,,,,,,,,
INV-81341,ACH Transfer,6-May-24,,,,,,,,,,,
INV-46744,ACH Transfer,23-Apr-24,,,,,,,,,,,
INV-53015,Check,28-Apr-24,,,,,,,,,,,
INV-23390,Wire Transfer,14-Apr-24,,,,,,,,,,,
INV-92674,Check,4-May-24,,,,,,,,,,,
INV-68815,Wire Transfer,21-Apr-24,,,,,,,,,,,
INV-86436,Wire Transfer,23-Apr-24,,,,,,,,,,,
INV-56855,ACH Transfer,7-Apr-24,,,,,,,,,,,
INV-34858,Credit Card,10-Apr-24,,,,,,,,,,,
INV-93697,Credit Card,4-May-24,,,,,,,,,,,
INV-76865,Wire Transfer,14-Apr-24,,,,,,,,,,,
INV-24202,Check,15-Apr-24,,,,,,,,,,,
INV-83783,Wire Transfer,26-Apr-24,,,,,,,,,,,
INV-71074,Check,29-Apr-24,,,,,,,,,,,
INV-49241,Check,18-Apr-24,,,,,,,,,,,
INV-25307,Wire Transfer,2-May-24,,,,,,,,,,,
INV-22333,ACH Transfer,8-Apr-24,,,,,,,,,,,
INV-98664,Wire Transfer,9-Apr-24,,,,,,,,,,,
INV-16228,ACH Transfer,13-Apr-24,,,,,,,,,,,
INV-77080,Wire Transfer,11-Apr-24,,,,,,,,,,,
INV-22577,Check,2-May-24,,,,,,,,,,,
INV-38571,Check,16-Apr-24,,,,,,,,,,,
INV-88394,Credit Card,1-May-24,,,,,,,,,,,
INV-47530,Wire Transfer,11-Apr-24,,,,,,,,,,,
INV-36698,Wire Transfer,28-Apr-24,,,,,,,,,,,
INV-57372,Credit Card,1-May-24,,,,,,,,,,,
INV-56996,ACH Transfer,2-May-24,,,,,,,,,,,
INV-92732,ACH Transfer,11-Apr-24,,,,,,,,,,,
INV-59967,Wire Transfer,1-May-24,,,,,,,,,,,
INV-38705,ACH Transfer,17-Apr-24,,,,,,,,,,,
INV-48279,ACH Transfer,14-Apr-24,,,,,,,,,,,
INV-74854,ACH Transfer,19-Apr-24,,,,,,,,,,,
INV-89775,Credit Card,28-Apr-24,,,,,,,,,,,
INV-86331,Wire Transfer,21-Apr-24,,,,,,,,,,,
INV-53113,ACH Transfer,8-Apr-24,,,,,,,,,,,
INV-26858,ACH Transfer,1-May-24,,,,,,,,,,,
INV-53047,Credit Card,19-Apr-24,,,,,,,,,,,
INV-12283,Wire Transfer,2-May-24,,,,,,,,,,,
INV-24226,ACH Transfer,21-Apr-24,,,,,,,,,,,
INV-86544,Credit Card,11-Apr-24,,,,,,,,,,,
INV-41069,Credit Card,30-Apr-24,,,,,,,,,,,
INV-83940,Check,30-Apr-24,,,,,,,,,,,
INV-92278,ACH Transfer,4-May-24,,,,,,,,,,,
INV-82925,Check,29-Apr-24,,,,,,,,,,,
INV-80290,Check,24-Apr-24,,,,,,,,,,,
INV-37645,ACH Transfer,9-Apr-24,,,,,,,,,,,
INV-14385,Check,3-May-24,,,,,,,,,,,
INV-27398,ACH Transfer,15-Apr-24,,,,,,,,,,,
INV-24522,Credit Card,1-May-24,,,,,,,,,,,
INV-90025,Check,20-Apr-24,,,,,,,,,,,
INV-84705,Wire Transfer,21-Apr-24,,,,,,,,,,,
INV-38668,Check,13-Apr-24,,,,,,,,,,,
INV-47820,Wire Transfer,2-May-24,,,,,,,,,,,
INV-85171,Check,4-May-24,,,,,,,,,,,
INV-23394,Credit Card,27-Apr-24,,,,,,,,,,,
INV-99539,Check,30-Apr-24,,,,,,,,,,,
INV-28320,Wire Transfer,25-Apr-24,,,,,,,,,,,
INV-99289,Credit Card,17-Apr-24,,,,,,,,,,,
INV-97757,Credit Card,20-Apr-24,,,,,,,,,,,
INV-86198,ACH Transfer,29-Apr-24,,,,,,,,,,,
INV-69111,Wire Transfer,24-Apr-24,,,,,,,,,,,
INV-88278,ACH Transfer,18-Apr-24,,,,,,,,,,,
INV-29714,Check,3-May-24,,,,,,,,,,,
INV-51310,Check,8-Apr-24,,,,,,,,,,,
INV-59772,Check,10-Apr-24,,,,,,,,,,,
INV-48145,Credit Card,10-Apr-24,,,,,,,,,,,
INV-67479,ACH Transfer,5-May-24,,,,,,,,,,,
INV-55919,ACH Transfer,27-Apr-24,,,,,,,,,,,
INV-21843,Credit Card,15-Apr-24,,,,,,,,,,,
INV-79987,Check,14-Apr-24,,,,,,,,,,,
INV-88229,Credit Card,7-Apr-24,,,,,,,,,,,
INV-99041,Wire Transfer,12-Apr-24,,,,,,,,,,,
INV-27923,ACH Transfer,18-Apr-24,,,,,,,,,,,
INV-81819,Credit Card,18-Apr-24,,,,,,,,,,,
INV-28631,Check,11-Apr-24,,,,,,,,,,,
INV-87652,ACH Transfer,4-May-24,,,,,,,,,,,
INV-64416,Check,5-May-24,,,,,,,,,,,
INV-69172,Check,6-May-24,,,,,,,,,,,
INV-88473,Credit Card,19-Apr-24,,,,,,,,,,,
INV-87528,Credit Card,13-Apr-24,,,,,,,,,,,
INV-69439,Credit Card,15-Apr-24,,,,,,,,,,,
INV-63371,Wire Transfer,5-May-24,,,,,,,,,,,
INV-37635,Wire Transfer,20-Apr-24,,,,,,,,,,,
INV-34361,ACH Transfer,2-May-24,,,,,,,,,,,
INV-36533,Credit Card,24-Apr-24,,,,,,,,,,,
INV-46318,Credit Card,27-Apr-24,,,,,,,,,,,
INV-61572,Check,5-May-24,,,,,,,,,,,
INV-20354,Wire Transfer,30-Apr-24,,,,,,,,,,,
INV-75382,Wire Transfer,2-May-24,,,,,,,,,,,
INV-53535,Credit Card,19-Apr-24,,,,,,,,,,,
INV-55380,Credit Card,4-May-24,,,,,,,,,,,
INV-18735,Check,28-Apr-24,,,,,,,,,,,
INV-70746,Wire Transfer,26-Apr-24,,,,,,,,,,,
INV-91522,Credit Card,24-Apr-24,,,,,,,,,,,
INV-91499,ACH Transfer,7-Apr-24,,,,,,,,,,,
INV-78902,ACH Transfer,7-Apr-24,,,,,,,,,,,
INV-10997,ACH Transfer,7-Apr-24,,,,,,,,,,,
INV-67488,Wire Transfer,27-Apr-24,,,,,,,,,,,
INV-58845,Credit Card,14-Apr-24,,,,,,,,,,,
INV-56907,Credit Card,25-Apr-24,,,,,,,,,,,
INV-60452,Credit Card,19-Apr-24,,,,,,,,,,,
INV-20728,Wire Transfer,28-Apr-24,,,,,,,,,,,
INV-94346,Check,3-May-24,,,,,,,,,,,
INV-38853,Credit Card,6-May-24,,,,,,,,,,,
INV-61700,Credit Card,22-Apr-24,,,,,,,,,,,
INV-74323,Check,1-May-24,,,,,,,,,,,
INV-76629,Credit Card,14-Apr-24,,,,,,,,,,,
INV-41352,ACH Transfer,27-Apr-24,,,,,,,,,,,
INV-51228,Check,4-May-24,,,,,,,,,,,
INV-82184,Credit Card,17-Apr-24,,,,,,,,,,,
INV-34027,Wire Transfer,4-May-24,,,,,,,,,,,
INV-54653,Credit Card,15-Apr-24,,,,,,,,,,,
INV-73355,ACH Transfer,29-Apr-24,,,,,,,,,,,
INV-14166,ACH Transfer,7-Apr-24,,,,,,,,,,,
INV-85617,ACH Transfer,14-Apr-24,,,,,,,,,,,
INV-64741,Credit Card,27-Apr-24,,,,,,,,,,,
INV-88882,Wire Transfer,20-Apr-24,,,,,,,,,,,
INV-34332,Wire Transfer,22-Apr-24,,,,,,,,,,,
INV-26248,ACH Transfer,4-May-24,,,,,,,,,,,
INV-79972,Check,12-Apr-24,,,,,,,,,,,
INV-95599,Wire Transfer,2-May-24,,,,,,,,,,,
INV-13617,Wire Transfer,26-Apr-24,,,,,,,,,,,
INV-25142,ACH Transfer,18-Apr-24,,,,,,,,,,,
INV-73248,Check,10-Apr-24,,,,,,,,,,,
INV-38748,Wire Transfer,9-Apr-24,,,,,,,,,,,
INV-44867,Check,20-Apr-24,,,,,,,,,,,
INV-42326,Check,14-Apr-24,,,,,,,,,,,
INV-95604,Check,19-Apr-24,,,,,,,,,,,
INV-10947,Credit Card,18-Apr-24,,,,,,,,,,,
INV-91843,Wire Transfer,13-Apr-24,,,,,,,,,,,
INV-64149,Wire Transfer,6-May-24,,,,,,,,,,,
INV-71038,Check,24-Apr-24,,,,,,,,,,,
INV-86180,ACH Transfer,8-Apr-24,,,,,,,,,,,
INV-46734,Credit Card,1-May-24,,,,,,,,,,,
INV-19460,ACH Transfer,17-Apr-24,,,,,,,,,,,
INV-56282,Wire Transfer,25-Apr-24,,,,,,,,,,,
INV-72073,Wire Transfer,13-Apr-24,,,,,,,,,,,
INV-88879,ACH Transfer,4-May-24,,,,,,,,,,,
INV-42415,Check,14-Apr-24,,,,,,,,,,,
INV-25011,Check,9-Apr-24,,,,,,,,,,,
INV-76413,Check,5-May-24,,,,,,,,,,,
INV-56183,Wire Transfer,22-Apr-24,,,,,,,,,,,
INV-19697,Check,11-Apr-24,,,,,,,,,,,
INV-85315,Check,11-Apr-24,,,,,,,,,,,
INV-53027,Check,22-Apr-24,,,,,,,,,,,
INV-96500,Check,26-Apr-24,,,,,,,,,,,
INV-96856,Check,3-May-24,,,,,,,,,,,
INV-23258,Check,9-Apr-24,,,,,,,,,,,
INV-31691,ACH Transfer,21-Apr-24,,,,,,,,,,,
INV-49009,Check,25-Apr-24,,,,,,,,,,,
INV-34340,Check,20-Apr-24,,,,,,,,,,,
INV-44795,Wire Transfer,28-Apr-24,,,,,,,,,,,
INV-15848,Credit Card,4-May-24,,,,,,,,,,,
INV-11133,Check,26-Apr-24,,,,,,,,,,,
INV-19410,ACH Transfer,19-Apr-24,,,,,,,,,,,
INV-26984,ACH Transfer,26-Apr-24,,,,,,,,,,,
INV-92882,Wire Transfer,8-Apr-24,,,,,,,,,,,
INV-91904,Wire Transfer,4-May-24,,,,,,,,,,,
INV-81359,ACH Transfer,23-Apr-24,,,,,,,,,,,
INV-59144,ACH Transfer,14-Apr-24,,,,,,,,,,,
INV-26321,Check,12-Apr-24,,,,,,,,,,,
INV-37547,Credit Card,27-Apr-24,,,,,,,,,,,
INV-20232,Credit Card,25-Apr-24,,,,,,,,,,,
INV-76908,ACH Transfer,22-Apr-24,,,,,,,,,,,
INV-41292,Check,25-Apr-24,,,,,,,,,,,
INV-21998,ACH Transfer,29-Apr-24,,,,,,,,,,,
INV-48127,Check,11-Apr-24,,,,,,,,,,,
INV-69725,Credit Card,23-Apr-24,,,,,,,,,,,
INV-99827,Wire Transfer,6-May-24,,,,,,,,,,,
INV-98882,Credit Card,6-May-24,,,,,,,,,,,
INV-58200,ACH Transfer,16-Apr-24,,,,,,,,,,,
INV-83513,Credit Card,13-Apr-24,,,,,,,,,,,
INV-48842,Credit Card,26-Apr-24,,,,,,,,,,,
INV-36364,ACH Transfer,4-May-24,,,,,,,,,,,
INV-97191,ACH Transfer,16-Apr-24,,,,,,,,,,,
INV-45914,Wire Transfer,10-Apr-24,,,,,,,,,,,
INV-65335,Credit Card,26-Apr-24,,,,,,,,,,,
INV-51044,Wire Transfer,3-May-24,,,,,,,,,,,
INV-55389,ACH Transfer,18-Apr-24,,,,,,,,,,,
INV-76518,Wire Transfer,1-May-24,,,,,,,,,,,
INV-22709,ACH Transfer,11-Apr-24,,,,,,,,,,,
INV-89949,Wire Transfer,15-Apr-24,,,,,,,,,,,
INV-23056,Credit Card,16-Apr-24,,,,,,,,,,,
INV-28489,Wire Transfer,4-May-24,,,,,,,,,,,
INV-30387,Credit Card,22-Apr-24,,,,,,,,,,,
INV-15315,Check,21-Apr-24,,,,,,,,,,,
INV-75887,Wire Transfer,24-Apr-24,,,,,,,,,,,
INV-15326,Wire Transfer,9-Apr-24,,,,,,,,,,,
INV-36542,Wire Transfer,17-Apr-24,,,,,,,,,,,
INV-22431,Check,2-May-24,,,,,,,,,,,
INV-99798,Credit Card,3-May-24,,,,,,,,,,,
INV-78353,Wire Transfer,5-May-24,,,,,,,,,,,
INV-44147,Credit Card,2-May-24,,,,,,,,,,,
INV-14304,Credit Card,18-Apr-24,,,,,,,,,,,
INV-89002,Check,15-Apr-24,,,,,,,,,,,
INV-54483,Wire Transfer,17-Apr-24,,,,,,,,,,,
INV-23372,Wire Transfer,5-May-24,,,,,,,,,,,
INV-65792,Check,13-Apr-24,,,,,,,,,,,
INV-90672,ACH Transfer,4-May-24,,,,,,,,,,,
INV-55461,Wire Transfer,26-Apr-24,,,,,,,,,,,
INV-10895,Credit Card,9-Apr-24,,,,,,,,,,,
INV-66766,Wire Transfer,14-Apr-24,,,,,,,,,,,
INV-28179,ACH Transfer,19-Apr-24,,,,,,,,,,,
INV-25062,ACH Transfer,29-Apr-24,,,,,,,,,,,
INV-48391,Check,24-Apr-24,,,,,,,,,,,
INV-78409,ACH Transfer,28-Apr-24,,,,,,,,,,,
INV-53319,ACH Transfer,19-Apr-24,,,,,,,,,,,
INV-39277,Check,20-Apr-24,,,,,,,,,,,
INV-55901,Credit Card,13-Apr-24,,,,,,,,,,,
INV-79589,Wire Transfer,23-Apr-24,,,,,,,,,,,
INV-10663,Wire Transfer,15-Apr-24,,,,,,,,,,,
INV-11657,Check,26-Apr-24,,,,,,,,,,,
INV-55683,ACH Transfer,29-Apr-24,,,,,,,,,,,
INV-65942,Credit Card,29-Apr-24,,,,,,,,,,,
INV-86496,Check,23-Apr-24,,,,,,,,,,,
INV-38896,ACH Transfer,18-Apr-24,,,,,,,,,,,
INV-34246,Check,14-Apr-24,,,,,,,,,,,
INV-84467,Credit Card,12-Apr-24,,,,,,,,,,,
INV-40750,Check,8-Apr-24,,,,,,,,,,,
INV-92060,ACH Transfer,24-Apr-24,,,,,,,,,,,
INV-21001,ACH Transfer,10-Apr-24,,,,,,,,,,,
INV-38522,ACH Transfer,22-Apr-24,,,,,,,,,,,
INV-14778,ACH Transfer,9-Apr-24,,,,,,,,,,,
INV-93029,ACH Transfer,24-Apr-24,,,,,,,,,,,
INV-86088,Wire Transfer,8-Apr-24,,,,,,,,,,,
INV-10744,Check,10-Apr-24,,,,,,,,,,,
INV-65142,ACH Transfer,15-Apr-24,,,,,,,,,,,
INV-20134,Wire Transfer,18-Apr-24,,,,,,,,,,,
INV-94613,Credit Card,12-Apr-24,,,,,,,,,,,
INV-26737,Credit Card,15-Apr-24,,,,,,,,,,,
INV-41390,Check,21-Apr-24,,,,,,,,,,,
INV-21111,Check,25-Apr-24,,,,,,,,,,,
INV-62799,Credit Card,3-May-24,,,,,,,,,,,
INV-35451,Credit Card,1-May-24,,,,,,,,,,,
INV-17285,ACH Transfer,23-Apr-24,,,,,,,,,,,
INV-25442,Check,25-Apr-24,,,,,,,,,,,
INV-30808,Check,4-May-24,,,,,,,,,,,
INV-65920,ACH Transfer,1-May-24,,,,,,,,,,,
INV-29004,Wire Transfer,7-Apr-24,,,,,,,,,,,
INV-38603,Check,4-May-24,,,,,,,,,,,
INV-33833,Check,26-Apr-24,,,,,,,,,,,
INV-15135,Check,5-May-24,,,,,,,,,,,
INV-86126,Check,28-Apr-24,,,,,,,,,,,
INV-90772,Credit Card,20-Apr-24,,,,,,,,,,,
INV-52448,Check,3-May-24,,,,,,,,,,,
INV-58708,Credit Card,14-Apr-24,,,,,,,,,,,
INV-66997,ACH Transfer,13-Apr-24,,,,,,,,,,,
INV-32218,Credit Card,21-Apr-24,,,,,,,,,,,
INV-30055,Wire Transfer,24-Apr-24,,,,,,,,,,,
INV-62169,Credit Card,30-Apr-24,,,,,,,,,,,
INV-15366,Wire Transfer,26-Apr-24,,,,,,,,,,,
INV-14439,Wire Transfer,19-Apr-24,,,,,,,,,,,
INV-43845,Wire Transfer,29-Apr-24,,,,,,,,,,,
INV-51483,Wire Transfer,3-May-24,,,,,,,,,,,
INV-70419,Credit Card,15-Apr-24,,,,,,,,,,,
INV-72075,Wire Transfer,13-Apr-24,,,,,,,,,,,
INV-14614,Check,8-Apr-24,,,,,,,,,,,
INV-64425,Credit Card,14-Apr-24,,,,,,,,,,,
INV-29952,Wire Transfer,29-Apr-24,,,,,,,,,,,
INV-30754,Check,8-Apr-24,,,,,,,,,,,
INV-45057,Credit Card,28-Apr-24,,,,,,,,,,,
INV-59495,Wire Transfer,19-Apr-24,,,,,,,,,,,
INV-81782,Check,3-May-24,,,,,,,,,,,
INV-93077,ACH Transfer,29-Apr-24,,,,,,,,,,,
INV-26725,Credit Card,17-Apr-24,,,,,,,,,,,
INV-92054,Check,4-May-24,,,,,,,,,,,
INV-16352,Wire Transfer,19-Apr-24,,,,,,,,,,,
INV-90054,Wire Transfer,21-Apr-24,,,,,,,,,,,
INV-70166,Wire Transfer,3-May-24,,,,,,,,,,,
INV-47004,ACH Transfer,1-May-24,,,,,,,,,,,
INV-79511,Check,15-Apr-24,,,,,,,,,,,
INV-21272,Credit Card,9-Apr-24,,,,,,,,,,,
INV-34177,Wire Transfer,20-Apr-24,,,,,,,,,,,
INV-89079,Check,22-Apr-24,,,,,,,,,,,
INV-19385,Wire Transfer,2-May-24,,,,,,,,,,,
INV-50567,Check,15-Apr-24,,,,,,,,,,,
INV-98979,Credit Card,13-Apr-24,,,,,,,,,,,
INV-60193,ACH Transfer,30-Apr-24,,,,,,,,,,,
INV-87665,Credit Card,19-Apr-24,,,,,,,,,,,
INV-82457,Wire Transfer,21-Apr-24,,,,,,,,,,,
INV-49808,Wire Transfer,30-Apr-24,,,,,,,,,,,
INV-49679,Wire Transfer,13-Apr-24,,,,,,,,,,,
INV-49854,Credit Card,12-Apr-24,,,,,,,,,,,
INV-83620,Check,22-Apr-24,,,,,,,,,,,
INV-48534,Wire Transfer,6-May-24,,,,,,,,,,,
INV-86822,Credit Card,1-May-24,,,,,,,,,,,
INV-38587,Wire Transfer,1-May-24,,,,,,,,,,,
INV-45862,Wire Transfer,24-Apr-24,,,,,,,,,,,
INV-53492,ACH Transfer,26-Apr-24,,,,,,,,,,,
INV-79175,Wire Transfer,19-Apr-24,,,,,,,,,,,
INV-77575,ACH Transfer,27-Apr-24,,,,,,,,,,,
INV-56762,Wire Transfer,20-Apr-24,,,,,,,,,,,
INV-97548,Wire Transfer,22-Apr-24,,,,,,,,,,,
INV-74652,Wire Transfer,18-Apr-24,,,,,,,,,,,
INV-68770,Wire Transfer,25-Apr-24,,,,,,,,,,,
INV-67970,ACH Transfer,3-May-24,,,,,,,,,,,
INV-84637,Check,24-Apr-24,,,,,,,,,,,
INV-68420,Credit Card,11-Apr-24,,,,,,,,,,,
INV-50711,Credit Card,22-Apr-24,,,,,,,,,,,
INV-97566,ACH Transfer,3-May-24,,,,,,,,,,,
INV-37015,ACH Transfer,15-Apr-24,,,,,,,,,,,
INV-59642,ACH Transfer,25-Apr-24,,,,,,,,,,,
INV-51914,Wire Transfer,14-Apr-24,,,,,,,,,,,
INV-68600,Check,10-Apr-24,,,,,,,,,,,
INV-87986,Wire Transfer,10-Apr-24,,,,,,,,,,,
INV-38403,ACH Transfer,4-May-24,,,,,,,,,,,
INV-78530,Credit Card,9-Apr-24,,,,,,,,,,,
INV-81581,Check,4-May-24,,,,,,,,,,,
INV-91524,Check,28-Apr-24,,,,,,,,,,,
INV-54335,Check,7-Apr-24,,,,,,,,,,,
INV-70159,Credit Card,2-May-24,,,,,,,,,,,
INV-76891,Wire Transfer,20-Apr-24,,,,,,,,,,,
INV-83348,ACH Transfer,19-Apr-24,,,,,,,,,,,
INV-84233,Credit Card,20-Apr-24,,,,,,,,,,,
INV-14247,Credit Card,6-May-24,,,,,,,,,,,
INV-22567,Check,22-Apr-24,,,,,,,,,,,
INV-77636,Credit Card,2-May-24,,,,,,,,,,,
INV-83810,Credit Card,15-Apr-24,,,,,,,,,,,
INV-49772,ACH Transfer,25-Apr-24,,,,,,,,,,,
INV-52482,Check,13-Apr-24,,,,,,,,,,,
INV-66716,Wire Transfer,29-Apr-24,,,,,,,,,,,
INV-58418,Wire Transfer,10-Apr-24,,,,,,,,,,,
INV-72026,Wire Transfer,13-Apr-24,,,,,,,,,,,
INV-34717,Wire Transfer,7-Apr-24,,,,,,,,,,,
INV-15816,Wire Transfer,7-Apr-24,,,,,,,,,,,
INV-73039,Wire Transfer,24-Apr-24,,,,,,,,,,,
INV-75189,Check,18-Apr-24,,,,,,,,,,,
INV-59111,Credit Card,12-Apr-24,,,,,,,,,,,
INV-83988,Credit Card,18-Apr-24,,,,,,,,,,,
INV-16178,Check,6-May-24,,,,,,,,,,,
INV-35947,Check,21-Apr-24,,,,,,,,,,,
INV-85190,ACH Transfer,16-Apr-24,,,,,,,,,,,
INV-90533,ACH Transfer,8-Apr-24,,,,,,,,,,,
INV-80852,Credit Card,19-Apr-24,,,,,,,,,,,
INV-78200,ACH Transfer,30-Apr-24,,,,,,,,,,,
INV-16670,Credit Card,12-Apr-24,,,,,,,,,,,
INV-15347,Check,24-Apr-24,,,,,,,,,,,
INV-98265,Credit Card,25-Apr-24,,,,,,,,,,,
INV-65212,ACH Transfer,10-Apr-24,,,,,,,,,,,
INV-63691,Wire Transfer,24-Apr-24,,,,,,,,,,,
INV-50526,Wire Transfer,4-May-24,,,,,,,,,,,
INV-93322,Wire Transfer,5-May-24,,,,,,,,,,,
INV-91430,Credit Card,28-Apr-24,,,,,,,,,,,
INV-73094,Check,18-Apr-24,,,,,,,,,,,
INV-54722,Credit Card,30-Apr-24,,,,,,,,,,,
INV-17180,Wire Transfer,27-Apr-24,,,,,,,,,,,
INV-94403,Check,22-Apr-24,,,,,,,,,,,
INV-85868,Credit Card,29-Apr-24,,,,,,,,,,,
INV-51524,Credit Card,2-May-24,,,,,,,,,,,
INV-72805,ACH Transfer,22-Apr-24,,,,,,,,,,,
INV-10654,Check,24-Apr-24,,,,,,,,,,,
INV-56237,Wire Transfer,17-Apr-24,,,,,,,,,,,
INV-94869,ACH Transfer,12-Apr-24,,,,,,,,,,,
INV-48616,Credit Card,5-May-24,,,,,,,,,,,
INV-66701,Credit Card,10-Apr-24,,,,,,,,,,,
INV-86810,Wire Transfer,9-Apr-24,,,,,,,,,,,
INV-92362,Check,24-Apr-24,,,,,,,,,,,
INV-39178,Wire Transfer,2-May-24,,,,,,,,,,,
INV-54190,Check,22-Apr-24,,,,,,,,,,,
INV-44357,Credit Card,16-Apr-24,,,,,,,,,,,
INV-74798,Wire Transfer,1-May-24,,,,,,,,,,,
INV-56521,Check,18-Apr-24,,,,,,,,,,,
INV-13085,Wire Transfer,17-Apr-24,,,,,,,,,,,
INV-74657,Wire Transfer,24-Apr-24,,,,,,,,,,,
INV-27513,Wire Transfer,25-Apr-24,,,,,,,,,,,
INV-39037,Credit Card,3-May-24,,,,,,,,,,,
INV-22913,Check,13-Apr-24,,,,,,,,,,,
INV-52622,ACH Transfer,7-Apr-24,,,,,,,,,,,
INV-17728,Credit Card,20-Apr-24,,,,,,,,,,,
INV-12372,Check,25-Apr-24,,,,,,,,,,,
INV-52230,Credit Card,20-Apr-24,,,,,,,,,,,
INV-76216,Credit Card,2-May-24,,,,,,,,,,,
INV-77245,ACH Transfer,14-Apr-24,,,,,,,,,,,
INV-60835,ACH Transfer,26-Apr-24,,,,,,,,,,,
INV-65173,ACH Transfer,6-May-24,,,,,,,,,,,
INV-72018,ACH Transfer,25-Apr-24,,,,,,,,,,,
INV-98806,Wire Transfer,1-May-24,,,,,,,,,,,
INV-29865,Wire Transfer,12-Apr-24,,,,,,,,,,,
INV-50294,Wire Transfer,19-Apr-24,,,,,,,,,,,
INV-18247,Check,29-Apr-24,,,,,,,,,,,
INV-30324,ACH Transfer,2-May-24,,,,,,,,,,,
INV-24154,Credit Card,7-Apr-24,,,,,,,,,,,
INV-54767,ACH Transfer,3-May-24,,,,,,,,,,,
INV-43860,Wire Transfer,25-Apr-24,,,,,,,,,,,
INV-47035,Check,25-Apr-24,,,,,,,,,,,
INV-61660,Wire Transfer,27-Apr-24,,,,,,,,,,,
INV-43577,Credit Card,14-Apr-24,,,,,,,,,,,
INV-29671,Credit Card,15-Apr-24,,,,,,,,,,,
INV-61024,ACH Transfer,13-Apr-24,,,,,,,,,,,
INV-25275,Wire Transfer,30-Apr-24,,,,,,,,,,,
INV-35483,ACH Transfer,25-Apr-24,,,,,,,,,,,
INV-82275,Wire Transfer,5-May-24,,,,,,,,,,,
INV-55373,ACH Transfer,17-Apr-24,,,,,,,,,,,
INV-35299,Check,25-Apr-24,,,,,,,,,,,
INV-98678,Wire Transfer,5-May-24,,,,,,,,,,,
INV-51608,Wire Transfer,26-Apr-24,,,,,,,,,,,
INV-47296,ACH Transfer,27-Apr-24,,,,,,,,,,,
INV-68679,ACH Transfer,22-Apr-24,,,,,,,,,,,
INV-89498,ACH Transfer,23-Apr-24,,,,,,,,,,,
INV-72530,ACH Transfer,10-Apr-24,,,,,,,,,,,
INV-76814,ACH Transfer,25-Apr-24,,,,,,,,,,,
INV-11442,ACH Transfer,7-Apr-24,,,,,,,,,,,
INV-40562,Credit Card,17-Apr-24,,,,,,,,,,,
INV-57676,Check,12-Apr-24,,,,,,,,,,,
INV-92417,Check,23-Apr-24,,,,,,,,,,,
INV-17924,ACH Transfer,1-May-24,,,,,,,,,,,
INV-48717,Wire Transfer,11-Apr-24,,,,,,,,,,,
INV-18981,Check,18-Apr-24,,,,,,,,,,,
INV-71830,ACH Transfer,13-Apr-24,,,,,,,,,,,
INV-87649,Check,8-Apr-24,,,,,,,,,,,
INV-53083,ACH Transfer,1-May-24,,,,,,,,,,,
INV-32736,ACH Transfer,13-Apr-24,,,,,,,,,,,
INV-79592,Credit Card,20-Apr-24,,,,,,,,,,,
INV-11779,Credit Card,16-Apr-24,,,,,,,,,,,
INV-22908,Check,12-Apr-24,,,,,,,,,,,
INV-72961,Wire Transfer,11-Apr-24,,,,,,,,,,,
INV-16535,Wire Transfer,16-Apr-24,,,,,,,,,,,
INV-87376,ACH Transfer,9-Apr-24,,,,,,,,,,,
INV-87447,Wire Transfer,15-Apr-24,,,,,,,,,,,
INV-56447,Wire Transfer,6-May-24,,,,,,,,,,,
INV-90701,Wire Transfer,9-Apr-24,,,,,,,,,,,
INV-53005,ACH Transfer,25-Apr-24,,,,,,,,,,,
INV-45840,Wire Transfer,29-Apr-24,,,,,,,,,,,
INV-70951,Wire Transfer,7-Apr-24,,,,,,,,,,,
INV-96352,ACH Transfer,19-Apr-24,,,,,,,,,,,
INV-56959,Check,22-Apr-24,,,,,,,,,,,
INV-40027,ACH Transfer,13-Apr-24,,,,,,,,,,,
INV-18682,Credit Card,30-Apr-24,,,,,,,,,,,
INV-70496,Check,13-Apr-24,,,,,,,,,,,
INV-50582,Credit Card,22-Apr-24,,,,,,,,,,,
INV-38690,Check,25-Apr-24,,,,,,,,,,,
INV-39978,Credit Card,19-Apr-24,,,,,,,,,,,
INV-39717,Credit Card,5-May-24,,,,,,,,,,,
INV-34291,ACH Transfer,20-Apr-24,,,,,,,,,,,
INV-15661,Check,29-Apr-24,,,,,,,,,,,
INV-54437,Wire Transfer,13-Apr-24,,,,,,,,,,,
INV-35021,Wire Transfer,19-Apr-24,,,,,,,,,,,
INV-15146,ACH Transfer,6-May-24,,,,,,,,,,,
INV-72659,ACH Transfer,16-Apr-24,,,,,,,,,,,
INV-76566,Check,25-Apr-24,,,,,,,,,,,
INV-85081,Credit Card,17-Apr-24,,,,,,,,,,,
INV-52611,ACH Transfer,22-Apr-24,,,,,,,,,,,
INV-28188,ACH Transfer,15-Apr-24,,,,,,,,,,,
INV-59533,Check,16-Apr-24,,,,,,,,,,,
INV-69775,Credit Card,23-Apr-24,,,,,,,,,,,
INV-56031,Check,1-May-24,,,,,,,,,,,
INV-20785,Check,13-Apr-24,,,,,,,,,,,
INV-67216,Check,24-Apr-24,,,,,,,,,,,
INV-14427,ACH Transfer,13-Apr-24,,,,,,,,,,,
INV-82924,Credit Card,9-Apr-24,,,,,,,,,,,
INV-57956,Wire Transfer,11-Apr-24,,,,,,,,,,,
INV-74406,Check,26-Apr-24,,,,,,,,,,,
INV-28338,Wire Transfer,10-Apr-24,,,,,,,,,,,
INV-47789,ACH Transfer,10-Apr-24,,,,,,,,,,,
INV-51048,Check,4-May-24,,,,,,,,,,,
INV-69359,Check,17-Apr-24,,,,,,,,,,,
INV-58354,ACH Transfer,2-May-24,,,,,,,,,,,
INV-76484,ACH Transfer,30-Apr-24,,,,,,,,,,,
INV-13096,Wire Transfer,27-Apr-24,,,,,,,,,,,
INV-54659,ACH Transfer,11-Apr-24,,,,,,,,,,,
INV-56880,Check,13-Apr-24,,,,,,,,,,,
INV-28122,Credit Card,22-Apr-24,,,,,,,,,,,
INV-93183,Check,15-Apr-24,,,,,,,,,,,
INV-95075,Check,23-Apr-24,,,,,,,,,,,
INV-77575,ACH Transfer,18-Apr-24,,,,,,,,,,,
INV-48033,Check,10-Apr-24,,,,,,,,,,,
INV-55351,Wire Transfer,23-Apr-24,,,,,,,,,,,
INV-95562,ACH Transfer,16-Apr-24,,,,,,,,,,,
INV-89802,Check,20-Apr-24,,,,,,,,,,,
INV-69237,Check,14-Apr-24,,,,,,,,,,,
INV-85169,Credit Card,9-Apr-24,,,,,,,,,,,
INV-85257,Credit Card,10-Apr-24,,,,,,,,,,,
INV-19705,ACH Transfer,26-Apr-24,,,,,,,,,,,
INV-19537,Check,25-Apr-24,,,,,,,,,,,
INV-37968,Credit Card,29-Apr-24,,,,,,,,,,,
INV-63451,Check,7-Apr-24,,,,,,,,,,,
INV-57646,Credit Card,20-Apr-24,,,,,,,,,,,
INV-99028,Wire Transfer,5-May-24,,,,,,,,,,,
INV-74634,Check,12-Apr-24,,,,,,,,,,,
INV-85834,Wire Transfer,22-Apr-24,,,,,,,,,,,
INV-16116,ACH Transfer,19-Apr-24,,,,,,,,,,,
INV-84046,Wire Transfer,30-Apr-24,,,,,,,,,,,
INV-39769,ACH Transfer,7-Apr-24,,,,,,,,,,,
INV-26187,Wire Transfer,11-Apr-24,,,,,,,,,,,
INV-85844,Check,16-Apr-24,,,,,,,,,,,
INV-90876,Wire Transfer,29-Apr-24,,,,,,,,,,,
INV-47703,Credit Card,25-Apr-24,,,,,,,,,,,
INV-26123,Check,11-Apr-24,,,,,,,,,,,
INV-82526,Wire Transfer,10-Apr-24,,,,,,,,,,,
INV-24022,Credit Card,13-Apr-24,,,,,,,,,,,
INV-18964,ACH Transfer,4-May-24,,,,,,,,,,,
INV-85855,Wire Transfer,16-Apr-24,,,,,,,,,,,
INV-69031,Wire Transfer,12-Apr-24,,,,,,,,,,,
INV-99018,Check,21-Apr-24,,,,,,,,,,,
INV-35498,Check,8-Apr-24,,,,,,,,,,,
INV-75608,Credit Card,25-Apr-24,,,,,,,,,,,
INV-25586,ACH Transfer,23-Apr-24,,,,,,,,,,,
INV-57278,Credit Card,24-Apr-24,,,,,,,,,,,
INV-92998,ACH Transfer,3-May-24,,,,,,,,,,,
INV-28117,Check,30-Apr-24,,,,,,,,,,,
INV-29224,Check,5-May-24,,,,,,,,,,,
INV-78840,Credit Card,8-Apr-24,,,,,,,,,,,
INV-85425,ACH Transfer,20-Apr-24,,,,,,,,,,,
INV-11904,ACH Transfer,18-Apr-24,,,,,,,,,,,
INV-78872,ACH Transfer,11-Apr-24,,,,,,,,,,,
INV-14485,Check,9-Apr-24,,,,,,,,,,,
INV-66734,ACH Transfer,2-May-24,,,,,,,,,,,
INV-49230,Credit Card,7-Apr-24,,,,,,,,,,,
INV-50127,Wire Transfer,25-Apr-24,,,,,,,,,,,
INV-39205,Check,26-Apr-24,,,,,,,,,,,
INV-51284,Credit Card,3-May-24,,,,,,,,,,,
INV-84127,Credit Card,15-Apr-24,,,,,,,,,,,
INV-71408,ACH Transfer,1-May-24,,,,,,,,,,,
INV-23830,ACH Transfer,30-Apr-24,,,,,,,,,,,
INV-86194,ACH Transfer,12-Apr-24,,,,,,,,,,,
INV-24831,Credit Card,6-May-24,,,,,,,,,,,
INV-62331,ACH Transfer,5-May-24,,,,,,,,,,,
INV-91374,Check,2-May-24,,,,,,,,,,,
INV-91313,Wire Transfer,28-Apr-24,,,,,,,,,,,
INV-94300,Wire Transfer,8-Apr-24,,,,,,,,,,,
INV-50634,Wire Transfer,28-Apr-24,,,,,,,,,,,
INV-36835,Check,3-May-24,,,,,,,,,,,
INV-90490,Wire Transfer,15-Apr-24,,,,,,,,,,,
INV-50348,Credit Card,21-Apr-24,,,,,,,,,,,
INV-24837,Credit Card,25-Apr-24,,,,,,,,,,,
INV-35369,Wire Transfer,26-Apr-24,,,,,,,,,,,
INV-79243,Check,10-Apr-24,,,,,,,,,,,
INV-69668,Wire Transfer,22-Apr-24,,,,,,,,,,,
INV-10093,Credit Card,9-Apr-24,,,,,,,,,,,
INV-20676,Wire Transfer,13-Apr-24,,,,,,,,,,,
INV-82712,Wire Transfer,15-Apr-24,,,,,,,,,,,
INV-86863,Check,15-Apr-24,,,,,,,,,,,
INV-87688,ACH Transfer,19-Apr-24,,,,,,,,,,,
INV-88734,Credit Card,30-Apr-24,,,,,,,,,,,
INV-23683,ACH Transfer,22-Apr-24,,,,,,,,,,,
INV-73559,ACH Transfer,14-Apr-24,,,,,,,,,,,
INV-32655,Wire Transfer,20-Apr-24,,,,,,,,,,,
INV-11658,Wire Transfer,4-May-24,,,,,,,,,,,
INV-57960,Wire Transfer,12-Apr-24,,,,,,,,,,,
INV-40696,Check,9-Apr-24,,,,,,,,,,,
INV-11456,Check,5-May-24,,,,,,,,,,,
INV-20940,Check,15-Apr-24,,,,,,,,,,,
INV-10757,Wire Transfer,11-Apr-24,,,,,,,,,,,
INV-91932,ACH Transfer,23-Apr-24,,,,,,,,,,,
INV-85452,Check,30-Apr-24,,,,,,,,,,,
INV-76421,ACH Transfer,23-Apr-24,,,,,,,,,,,
INV-83509,Wire Transfer,1-May-24,,,,,,,,,,,
INV-97585,Wire Transfer,4-May-24,,,,,,,,,,,
INV-58231,Credit Card,26-Apr-24,,,,,,,,,,,
INV-45089,Check,11-Apr-24,,,,,,,,,,,
INV-43976,Check,2-May-24,,,,,,,,,,,
INV-62369,Check,18-Apr-24,,,,,,,,,,,
INV-57170,Wire Transfer,30-Apr-24,,,,,,,,,,,
INV-95121,Credit Card,3-May-24,,,,,,,,,,,
INV-86261,ACH Transfer,6-May-24,,,,,,,,,,,
INV-35888,Wire Transfer,22-Apr-24,,,,,,,,,,,
INV-59797,ACH Transfer,3-May-24,,,,,,,,,,,
INV-88954,Credit Card,4-May-24,,,,,,,,,,,
INV-24276,Credit Card,24-Apr-24,,,,,,,,,,,
INV-86483,Wire Transfer,12-Apr-24,,,,,,,,,,,
INV-41181,Wire Transfer,9-Apr-24,,,,,,,,,,,
INV-97071,Check,4-May-24,,,,,,,,,,,
INV-59158,ACH Transfer,22-Apr-24,,,,,,,,,,,
INV-49800,Credit Card,22-Apr-24,,,,,,,,,,,
INV-24008,Check,12-Apr-24,,,,,,,,,,,
INV-35406,Check,9-Apr-24,,,,,,,,,,,
INV-20179,Check,25-Apr-24,,,,,,,,,,,
INV-83440,ACH Transfer,28-Apr-24,,,,,,,,,,,
INV-31007,Credit Card,7-Apr-24,,,,,,,,,,,
INV-36562,Credit Card,20-Apr-24,,,,,,,,,,,
INV-67650,Check,27-Apr-24,,,,,,,,,,,
INV-41248,Check,19-Apr-24,,,,,,,,,,,
INV-94898,Check,5-May-24,,,,,,,,,,,
INV-14452,ACH Transfer,10-Apr-24,,,,,,,,,,,
INV-91878,ACH Transfer,27-Apr-24,,,,,,,,,,,
INV-19823,Credit Card,4-May-24,,,,,,,,,,,
INV-35035,Check,24-Apr-24,,,,,,,,,,,
INV-24617,ACH Transfer,6-May-24,,,,,,,,,,,
INV-80639,Wire Transfer,18-Apr-24,,,,,,,,,,,
INV-75810,Credit Card,24-Apr-24,,,,,,,,,,,
INV-71387,Check,27-Apr-24,,,,,,,,,,,
INV-75991,Wire Transfer,5-May-24,,,,,,,,,,,
INV-71146,Wire Transfer,20-Apr-24,,,,,,,,,,,
INV-45754,Check,1-May-24,,,,,,,,,,,
INV-13750,Wire Transfer,8-Apr-24,,,,,,,,,,,
INV-57056,ACH Transfer,28-Apr-24,,,,,,,,,,,
INV-83915,Wire Transfer,6-May-24,,,,,,,,,,,
INV-97729,ACH Transfer,9-Apr-24,,,,,,,,,,,
INV-32934,Credit Card,17-Apr-24,,,,,,,,,,,
INV-95073,Check,30-Apr-24,,,,,,,,,,,
INV-68757,ACH Transfer,1-May-24,,,,,,,,,,,
INV-56034,Credit Card,6-May-24,,,,,,,,,,,
INV-64616,ACH Transfer,28-Apr-24,,,,,,,,,,,
INV-97469,ACH Transfer,27-Apr-24,,,,,,,,,,,
INV-68726,Check,21-Apr-24,,,,,,,,,,,
INV-29846,Credit Card,19-Apr-24,,,,,,,,,,,
INV-49662,Wire Transfer,14-Apr-24,,,,,,,,,,,
INV-65002,Wire Transfer,8-Apr-24,,,,,,,,,,,
INV-30064,Wire Transfer,29-Apr-24,,,,,,,,,,,
INV-20875,Credit Card,1-May-24,,,,,,,,,,,
INV-49588,Credit Card,15-Apr-24,,,,,,,,,,,
INV-76456,Wire Transfer,2-May-24,,,,,,,,,,,
INV-60627,Check,15-Apr-24,,,,,,,,,,,
INV-71992,ACH Transfer,27-Apr-24,,,,,,,,,,,
INV-86150,ACH Transfer,14-Apr-24,,,,,,,,,,,
INV-44954,Wire Transfer,26-Apr-24,,,,,,,,,,,
INV-89693,Check,16-Apr-24,,,,,,,,,,,
INV-80495,ACH Transfer,11-Apr-24,,,,,,,,,,,
INV-52946,Credit Card,20-Apr-24,,,,,,,,,,,
INV-12627,Wire Transfer,10-Apr-24,,,,,,,,,,,
INV-65142,ACH Transfer,20-Apr-24,,,,,,,,,,,
INV-78481,Wire Transfer,10-Apr-24,,,,,,,,,,,
INV-83611,ACH Transfer,13-Apr-24,,,,,,,,,,,
INV-38861,Check,27-Apr-24,,,,,,,,,,,
INV-26188,Credit Card,19-Apr-24,,,,,,,,,,,
INV-45771,Check,8-Apr-24,,,,,,,,,,,
INV-49167,Credit Card,2-May-24,,,,,,,,,,,
INV-22069,Wire Transfer,26-Apr-24,,,,,,,,,,,
INV-31342,Wire Transfer,19-Apr-24,,,,,,,,,,,
INV-67767,Check,18-Apr-24,,,,,,,,,,,
INV-74641,Wire Transfer,26-Apr-24,,,,,,,,,,,
INV-30217,ACH Transfer,13-Apr-24,,,,,,,,,,,
INV-27899,Wire Transfer,7-Apr-24,,,,,,,,,,,
INV-48709,ACH Transfer,14-Apr-24,,,,,,,,,,,
INV-35213,ACH Transfer,3-May-24,,,,,,,,,,,
INV-98707,ACH Transfer,28-Apr-24,,,,,,,,,,,
INV-24372,Wire Transfer,23-Apr-24,,,,,,,,,,,
INV-55181,Wire Transfer,9-Apr-24,,,,,,,,,,,
INV-47283,Check,14-Apr-24,,,,,,,,,,,
INV-81779,Wire Transfer,1-May-24,,,,,,,,,,,
INV-78054,ACH Transfer,11-Apr-24,,,,,,,,,,,
INV-98735,Wire Transfer,20-Apr-24,,,,,,,,,,,
INV-33418,ACH Transfer,12-Apr-24,,,,,,,,,,,
INV-64424,Credit Card,16-Apr-24,,,,,,,,,,,
INV-10538,Check,22-Apr-24,,,,,,,,,,,
INV-78227,Wire Transfer,19-Apr-24,,,,,,,,,,,
INV-59940,Wire Transfer,8-Apr-24,,,,,,,,,,,
INV-47541,Wire Transfer,3-May-24,,,,,,,,,,,
INV-96748,Wire Transfer,5-May-24,,,,,,,,,,,
INV-19892,Wire Transfer,4-May-24,,,,,,,,,,,
INV-89337,Credit Card,24-Apr-24,,,,,,,,,,,
INV-21050,Credit Card,24-Apr-24,,,,,,,,,,,
INV-55555,ACH Transfer,22-Apr-24,,,,,,,,,,,
INV-44187,Wire Transfer,29-Apr-24,,,,,,,,,,,
INV-24877,ACH Transfer,3-May-24,,,,,,,,,,,
INV-79233,Check,1-May-24,,,,,,,,,,,
INV-93129,Check,29-Apr-24,,,,,,,,,,,
INV-21769,Wire Transfer,15-Apr-24,,,,,,,,,,,
INV-45072,Credit Card,5-May-24,,,,,,,,,,,
INV-49280,Credit Card,8-Apr-24,,,,,,,,,,,
INV-94451,Check,22-Apr-24,,,,,,,,,,,
INV-65781,ACH Transfer,6-May-24,,,,,,,,,,,
INV-81632,Credit Card,3-May-24,,,,,,,,,,,
INV-14855,Credit Card,16-Apr-24,,,,,,,,,,,
INV-71887,Credit Card,25-Apr-24,,,,,,,,,,,
INV-29297,Wire Transfer,17-Apr-24,,,,,,,,,,,
INV-85865,Credit Card,26-Apr-24,,,,,,,,,,,
INV-19990,ACH Transfer,26-Apr-24,,,,,,,,,,,
INV-69439,Wire Transfer,12-Apr-24,,,,,,,,,,,
INV-23119,ACH Transfer,11-Apr-24,,,,,,,,,,,
INV-12359,Wire Transfer,21-Apr-24,,,,,,,,,,,
INV-21984,Check,25-Apr-24,,,,,,,,,,,
INV-96157,ACH Transfer,7-Apr-24,,,,,,,,,,,
INV-86488,Credit Card,11-Apr-24,,,,,,,,,,,
INV-51865,Check,4-May-24,,,,,,,,,,,
INV-36077,Credit Card,18-Apr-24,,,,,,,,,,,
INV-83749,Check,13-Apr-24,,,,,,,,,,,
INV-66441,ACH Transfer,12-Apr-24,,,,,,,,,,,
INV-96149,ACH Transfer,25-Apr-24,,,,,,,,,,,
INV-93240,ACH Transfer,25-Apr-24,,,,,,,,,,,
INV-76754,Check,22-Apr-24,,,,,,,,,,,
INV-52851,Check,24-Apr-24,,,,,,,,,,,
INV-65811,Wire Transfer,23-Apr-24,,,,,,,,,,,
INV-85442,Wire Transfer,4-May-24,,,,,,,,,,,
INV-50306,Check,30-Apr-24,,,,,,,,,,,
INV-33342,Wire Transfer,18-Apr-24,,,,,,,,,,,
INV-18569,Wire Transfer,27-Apr-24,,,,,,,,,,,
INV-56372,Wire Transfer,20-Apr-24,,,,,,,,,,,
INV-60585,Wire Transfer,29-Apr-24,,,,,,,,,,,
INV-81769,Wire Transfer,21-Apr-24,,,,,,,,,,,
INV-54068,Check,8-Apr-24,,,,,,,,,,,
INV-36236,ACH Transfer,24-Apr-24,,,,,,,,,,,
INV-20301,Credit Card,9-Apr-24,,,,,,,,,,,
INV-16122,Check,12-Apr-24,,,,,,,,,,,
INV-25817,Credit Card,24-Apr-24,,,,,,,,,,,
INV-81289,Credit Card,11-Apr-24,,,,,,,,,,,
INV-64356,ACH Transfer,1-May-24,,,,,,,,,,,
INV-86611,Credit Card,18-Apr-24,,,,,,,,,,,
INV-35560,ACH Transfer,23-Apr-24,,,,,,,,,,,
INV-75309,Credit Card,25-Apr-24,,,,,,,,,,,
INV-70765,Check,18-Apr-24,,,,,,,,,,,
INV-61153,Credit Card,30-Apr-24,,,,,,,,,,,
INV-83586,ACH Transfer,13-Apr-24,,,,,,,,,,,
INV-94449,Credit Card,1-May-24,,,,,,,,,,,
INV-77653,Wire Transfer,6-May-24,,,,,,,,,,,
INV-71198,Wire Transfer,9-Apr-24,,,,,,,,,,,
INV-91437,Credit Card,29-Apr-24,,,,,,,,,,,
INV-89161,ACH Transfer,8-Apr-24,,,,,,,,,,,
INV-53589,Check,27-Apr-24,,,,,,,,,,,
INV-85318,Credit Card,21-Apr-24,,,,,,,,,,,
INV-81432,Credit Card,25-Apr-24,,,,,,,,,,,
INV-11283,ACH Transfer,9-Apr-24,,,,,,,,,,,
INV-62380,ACH Transfer,16-Apr-24,,,,,,,,,,,
INV-97267,ACH Transfer,10-Apr-24,,,,,,,,,,,
INV-17808,Check,19-Apr-24,,,,,,,,,,,
INV-19169,Check,20-Apr-24,,,,,,,,,,,
INV-82324,Wire Transfer,21-Apr-24,,,,,,,,,,,
INV-82051,Check,26-Apr-24,,,,,,,,,,,
INV-10503,Credit Card,22-Apr-24,,,,,,,,,,,
INV-38083,ACH Transfer,22-Apr-24,,,,,,,,,,,
INV-18749,Wire Transfer,11-Apr-24,,,,,,,,,,,
INV-19550,Wire Transfer,27-Apr-24,,,,,,,,,,,
INV-64601,Wire Transfer,11-Apr-24,,,,,,,,,,,
INV-63187,Check,7-Apr-24,,,,,,,,,,,
INV-12411,Wire Transfer,26-Apr-24,,,,,,,,,,,
INV-90894,ACH Transfer,13-Apr-24,,,,,,,,,,,
INV-29593,Check,3-May-24,,,,,,,,,,,
INV-42746,Credit Card,13-Apr-24,,,,,,,,,,,
INV-79608,Wire Transfer,6-May-24,,,,,,,,,,,
INV-56834,Credit Card,19-Apr-24,,,,,,,,,,,
INV-38380,ACH Transfer,18-Apr-24,,,,,,,,,,,
INV-17317,Check,25-Apr-24,,,,,,,,,,,
INV-81259,ACH Transfer,6-May-24,,,,,,,,,,,
INV-22522,Wire Transfer,13-Apr-24,,,,,,,,,,,
INV-59578,Wire Transfer,5-May-24,,,,,,,,,,,
INV-35112,Wire Transfer,22-Apr-24,,,,,,,,,,,
INV-64512,Credit Card,27-Apr-24,,,,,,,,,,,
INV-98843,ACH Transfer,25-Apr-24,,,,,,,,,,,
INV-17681,Credit Card,16-Apr-24,,,,,,,,,,,
INV-59418,Wire Transfer,24-Apr-24,,,,,,,,,,,
INV-38789,Credit Card,13-Apr-24,,,,,,,,,,,
INV-61566,Wire Transfer,20-Apr-24,,,,,,,,,,,
INV-26185,ACH Transfer,7-Apr-24,,,,,,,,,,,
INV-38899,Credit Card,19-Apr-24,,,,,,,,,,,
INV-18824,ACH Transfer,2-May-24,,,,,,,,,,,
INV-63491,ACH Transfer,16-Apr-24,,,,,,,,,,,
INV-42839,Credit Card,2-May-24,,,,,,,,,,,
INV-97706,Wire Transfer,28-Apr-24,,,,,,,,,,,
INV-53679,Wire Transfer,13-Apr-24,,,,,,,,,,,
INV-38025,Wire Transfer,14-Apr-24,,,,,,,,,,,
INV-76749,ACH Transfer,16-Apr-24,,,,,,,,,,,
INV-86121,Check,7-Apr-24,,,,,,,,,,,
INV-91712,ACH Transfer,17-Apr-24,,,,,,,,,,,
INV-52059,Wire Transfer,15-Apr-24,,,,,,,,,,,
INV-15623,Wire Transfer,29-Apr-24,,,,,,,,,,,
INV-92386,Credit Card,12-Apr-24,,,,,,,,,,,
INV-36587,Credit Card,20-Apr-24,,,,,,,,,,,
INV-61844,Wire Transfer,22-Apr-24,,,,,,,,,,,
INV-67204,Wire Transfer,2-May-24,,,,,,,,,,,
INV-31250,Credit Card,22-Apr-24,,,,,,,,,,,
INV-99152,Wire Transfer,10-Apr-24,,,,,,,,,,,
INV-88544,Wire Transfer,4-May-24,,,,,,,,,,,
INV-56542,Credit Card,11-Apr-24,,,,,,,,,,,
INV-77570,Credit Card,4-May-24,,,,,,,,,,,
INV-78785,Check,29-Apr-24,,,,,,,,,,,
INV-90983,Credit Card,5-May-24,,,,,,,,,,,
INV-54345,Check,24-Apr-24,,,,,,,,,,,
INV-25175,ACH Transfer,20-Apr-24,,,,,,,,,,,
INV-20251,ACH Transfer,26-Apr-24,,,,,,,,,,,
INV-93765,Credit Card,30-Apr-24,,,,,,,,,,,
INV-90483,Credit Card,10-Apr-24,,,,,,,,,,,
INV-80336,Check,24-Apr-24,,,,,,,,,,,
INV-34847,ACH Transfer,2-May-24,,,,,,,,,,,
INV-39230,ACH Transfer,16-Apr-24,,,,,,,,,,,
INV-88094,Wire Transfer,23-Apr-24,,,,,,,,,,,
INV-68381,Wire Transfer,22-Apr-24,,,,,,,,,,,
INV-43435,ACH Transfer,26-Apr-24,,,,,,,,,,,
INV-43063,Check,19-Apr-24,,,,,,,,,,,
INV-20740,Wire Transfer,14-Apr-24,,,,,,,,,,,
INV-90893,Check,26-Apr-24,,,,,,,,,,,
INV-48878,Wire Transfer,3-May-24,,,,,,,,,,,
INV-92523,Credit Card,3-May-24,,,,,,,,,,,
INV-23177,ACH Transfer,26-Apr-24,,,,,,,,,,,
INV-96385,Check,18-Apr-24,,,,,,,,,,,
INV-33911,ACH Transfer,30-Apr-24,,,,,,,,,,,
INV-75627,ACH Transfer,30-Apr-24,,,,,,,,,,,
INV-98844,Wire Transfer,28-Apr-24,,,,,,,,,,,
INV-83052,Wire Transfer,20-Apr-24,,,,,,,,,,,
INV-48531,ACH Transfer,12-Apr-24,,,,,,,,,,,
INV-13709,Credit Card,2-May-24,,,,,,,,,,,
INV-44947,ACH Transfer,28-Apr-24,,,,,,,,,,,
INV-60640,Check,3-May-24,,,,,,,,,,,
INV-13735,Wire Transfer,10-Apr-24,,,,,,,,,,,
INV-67515,Credit Card,2-May-24,,,,,,,,,,,
INV-92402,Check,10-Apr-24,,,,,,,,,,,
INV-87231,Check,11-Apr-24,,,,,,,,,,,
INV-80315,Wire Transfer,16-Apr-24,,,,,,,,,,,
INV-46276,Wire Transfer,26-Apr-24,,,,,,,,,,,
INV-53375,Credit Card,20-Apr-24,,,,,,,,,,,
INV-45808,Wire Transfer,14-Apr-24,,,,,,,,,,,
INV-53417,Credit Card,24-Apr-24,,,,,,,,,,,
INV-71452,ACH Transfer,3-May-24,,,,,,,,,,,
INV-38930,Credit Card,20-Apr-24,,,,,,,,,,,
INV-65443,Wire Transfer,20-Apr-24,,,,,,,,,,,
INV-45174,ACH Transfer,28-Apr-24,,,,,,,,,,,
INV-70026,Credit Card,2-May-24,,,,,,,,,,,
INV-44550,Check,10-Apr-24,,,,,,,,,,,
INV-25227,Check,28-Apr-24,,,,,,,,,,,
INV-36039,Check,19-Apr-24,,,,,,,,,,,
INV-41018,ACH Transfer,20-Apr-24,,,,,,,,,,,
INV-54084,Check,25-Apr-24,,,,,,,,,,,
INV-37808,Credit Card,20-Apr-24,,,,,,,,,,,
INV-13687,Wire Transfer,2-May-24,,,,,,,,,,,
INV-19329,Wire Transfer,4-May-24,,,,,,,,,,,
INV-61828,Wire Transfer,13-Apr-24,,,,,,,,,,,
INV-94929,ACH Transfer,8-Apr-24,,,,,,,,,,,
INV-31609,Check,11-Apr-24,,,,,,,,,,,
INV-27909,Wire Transfer,13-Apr-24,,,,,,,,,,,
INV-49889,Credit Card,2-May-24,,,,,,,,,,,
INV-21652,ACH Transfer,18-Apr-24,,,,,,,,,,,
INV-27203,ACH Transfer,24-Apr-24,,,,,,,,,,,
INV-43392,Check,15-Apr-24,,,,,,,,,,,
INV-72892,Wire Transfer,27-Apr-24,,,,,,,,,,,
INV-63148,Check,27-Apr-24,,,,,,,,,,,
INV-24027,Wire Transfer,18-Apr-24,,,,,,,,,,,
INV-42330,Check,6-May-24,,,,,,,,,,,
INV-53722,Wire Transfer,13-Apr-24,,,,,,,,,,,
INV-50356,ACH Transfer,21-Apr-24,,,,,,,,,,,
INV-17622,Wire Transfer,1-May-24,,,,,,,,,,,
INV-39575,Wire Transfer,15-Apr-24,,,,,,,,,,,
INV-62488,Credit Card,2-May-24,,,,,,,,,,,
INV-90142,ACH Transfer,1-May-24,,,,,,,,,,,
INV-25837,ACH Transfer,20-Apr-24,,,,,,,,,,,
INV-55087,ACH Transfer,5-May-24,,,,,,,,,,,
INV-60702,Check,19-Apr-24,,,,,,,,,,,
INV-51123,Check,3-May-24,,,,,,,,,,,
INV-31608,Wire Transfer,11-Apr-24,,,,,,,,,,,
INV-84181,ACH Transfer,7-Apr-24,,,,,,,,,,,
INV-78881,Wire Transfer,30-Apr-24,,,,,,,,,,,
INV-57606,Wire Transfer,25-Apr-24,,,,,,,,,,,
INV-41744,Credit Card,1-May-24,,,,,,,,,,,
INV-76746,Wire Transfer,8-Apr-24,,,,,,,,,,,
INV-87706,Check,25-Apr-24,,,,,,,,,,,
INV-50679,Credit Card,26-Apr-24,,,,,,,,,,,
INV-39124,Check,15-Apr-24,,,,,,,,,,,
INV-34956,Credit Card,13-Apr-24,,,,,,,,,,,
INV-28953,ACH Transfer,28-Apr-24,,,,,,,,,,,
INV-65109,Check,5-May-24,,,,,,,,,,,
INV-12643,Check,10-Apr-24,,,,,,,,,,,
INV-43507,ACH Transfer,15-Apr-24,,,,,,,,,,,
INV-52604,Wire Transfer,19-Apr-24,,,,,,,,,,,
INV-10852,Check,24-Apr-24,,,,,,,,,,,
INV-40170,Credit Card,26-Apr-24,,,,,,,,,,,
INV-17146,Wire Transfer,20-Apr-24,,,,,,,,,,,
INV-90060,Wire Transfer,26-Apr-24,,,,,,,,,,,
INV-19741,Credit Card,25-Apr-24,,,,,,,,,,,
INV-68309,Check,8-Apr-24,,,,,,,,,,,
INV-69008,Wire Transfer,7-Apr-24,,,,,,,,,,,
INV-32776,Check,8-Apr-24,,,,,,,,,,,
INV-71305,Wire Transfer,23-Apr-24,,,,,,,,,,,
INV-18217,Check,23-Apr-24,,,,,,,,,,,
INV-23414,ACH Transfer,5-May-24,,,,,,,,,,,
INV-25883,ACH Transfer,28-Apr-24,,,,,,,,,,,
INV-84105,Credit Card,8-Apr-24,,,,,,,,,,,
INV-50744,Check,3-May-24,,,,,,,,,,,
INV-46791,ACH Transfer,1-May-24,,,,,,,,,,,
INV-54165,ACH Transfer,16-Apr-24,,,,,,,,,,,
INV-29343,Wire Transfer,1-May-24,,,,,,,,,,,
INV-37535,ACH Transfer,22-Apr-24,,,,,,,,,,,
INV-55408,Wire Transfer,13-Apr-24,,,,,,,,,,,
INV-34730,Wire Transfer,26-Apr-24,,,,,,,,,,,
INV-73308,Credit Card,19-Apr-24,,,,,,,,,,,
INV-37444,Wire Transfer,23-Apr-24,,,,,,,,,,,
INV-79432,ACH Transfer,8-Apr-24,,,,,,,,,,,
INV-16697,Credit Card,7-Apr-24,,,,,,,,,,,
INV-21441,Check,14-Apr-24,,,,,,,,,,,
INV-26868,Check,20-Apr-24,,,,,,,,,,,
INV-85748,ACH Transfer,19-Apr-24,,,,,,,,,,,
INV-24881,Check,6-May-24,,,,,,,,,,,
INV-31732,Wire Transfer,21-Apr-24,,,,,,,,,,,
INV-96287,Wire Transfer,20-Apr-24,,,,,,,,,,,
INV-59655,Credit Card,23-Apr-24,,,,,,,,,,,
INV-54363,Wire Transfer,29-Apr-24,,,,,,,,,,,
INV-78381,Check,5-May-24,,,,,,,,,,,
INV-65554,Credit Card,6-May-24,,,,,,,,,,,
INV-13537,Credit Card,11-Apr-24,,,,,,,,,,,
INV-16406,Credit Card,23-Apr-24,,,,,,,,,,,
INV-92075,Credit Card,29-Apr-24,,,,,,,,,,,
INV-35376,Credit Card,23-Apr-24,,,,,,,,,,,
INV-73848,Credit Card,8-Apr-24,,,,,,,,,,,
INV-80986,Wire Transfer,19-Apr-24,,,,,,,,,,,
INV-34053,Check,20-Apr-24,,,,,,,,,,,
INV-64689,Wire Transfer,25-Apr-24,,,,,,,,,,,
INV-57140,Credit Card,2-May-24,,,,,,,,,,,
INV-44785,Check,5-May-24,,,,,,,,,,,
INV-33281,ACH Transfer,1-May-24,,,,,,,,,,,
INV-95809,ACH Transfer,17-Apr-24,,,,,,,,,,,
INV-18387,Check,14-Apr-24,,,,,,,,,,,
INV-94573,Wire Transfer,25-Apr-24,,,,,,,,,,,
INV-84090,Wire Transfer,21-Apr-24,,,,,,,,,,,
INV-19495,Credit Card,11-Apr-24,,,,,,,,,,,
INV-64893,Credit Card,9-Apr-24,,,,,,,,,,,
INV-18339,Credit Card,9-Apr-24,,,,,,,,,,,
INV-82066,Credit Card,8-Apr-24,,,,,,,,,,,
INV-54391,Check,8-Apr-24,,,,,,,,,,,
INV-85752,Wire Transfer,14-Apr-24,,,,,,,,,,,
INV-19670,Check,4-May-24,,,,,,,,,,,
INV-57508,Credit Card,16-Apr-24,,,,,,,,,,,
INV-78141,ACH Transfer,9-Apr-24,,,,,,,,,,,
INV-41218,Credit Card,15-Apr-24,,,,,,,,,,,
INV-99199,Check,25-Apr-24,,,,,,,,,,,
INV-34014,Credit Card,29-Apr-24,,,,,,,,,,,
INV-24300,Wire Transfer,23-Apr-24,,,,,,,,,,,
INV-45815,Wire Transfer,27-Apr-24,,,,,,,,,,,
INV-45565,Credit Card,7-Apr-24,,,,,,,,,,,
INV-61275,Credit Card,12-Apr-24,,,,,,,,,,,
INV-97931,Check,6-May-24,,,,,,,,,,,
INV-14228,ACH Transfer,24-Apr-24,,,,,,,,,,,
INV-22122,ACH Transfer,8-Apr-24,,,,,,,,,,,
INV-99219,Wire Transfer,5-May-24,,,,,,,,,,,
INV-47732,Check,17-Apr-24,,,,,,,,,,,
INV-41355,ACH Transfer,11-Apr-24,,,,,,,,,,,
INV-26317,ACH Transfer,1-May-24,,,,,,,,,,,
INV-75938,Check,9-Apr-24,,,,,,,,,,,
INV-59416,Wire Transfer,26-Apr-24,,,,,,,,,,,
INV-29227,Check,29-Apr-24,,,,,,,,,,,
INV-16632,Check,6-May-24,,,,,,,,,,,
INV-34836,Credit Card,1-May-24,,,,,,,,,,,
INV-28815,Check,12-Apr-24,,,,,,,,,,,
INV-40081,Check,18-Apr-24,,,,,,,,,,,
INV-23765,Wire Transfer,19-Apr-24,,,,,,,,,,,
INV-21942,ACH Transfer,12-Apr-24,,,,,,,,,,,
INV-91735,Credit Card,23-Apr-24,,,,,,,,,,,
INV-39568,Wire Transfer,29-Apr-24,,,,,,,,,,,
INV-11693,Credit Card,6-May-24,,,,,,,,,,,
INV-83063,Wire Transfer,17-Apr-24,,,,,,,,,,,
INV-83268,Check,17-Apr-24,,,,,,,,,,,
INV-54670,Credit Card,28-Apr-24,,,,,,,,,,,
INV-88449,Credit Card,3-May-24,,,,,,,,,,,
INV-10035,Check,16-Apr-24,,,,,,,,,,,
INV-13590,Wire Transfer,15-Apr-24,,,,,,,,,,,
INV-10945,Credit Card,13-Apr-24,,,,,,,,,,,
INV-53429,Credit Card,7-Apr-24,,,,,,,,,,,
INV-74687,Credit Card,17-Apr-24,,,,,,,,,,,
INV-91890,ACH Transfer,23-Apr-24,,,,,,,,,,,
INV-92633,Wire Transfer,14-Apr-24,,,,,,,,,,,
INV-84203,Credit Card,14-Apr-24,,,,,,,,,,,
INV-54905,ACH Transfer,18-Apr-24,,,,,,,,,,,
INV-18091,Check,28-Apr-24,,,,,,,,,,,
INV-97244,Wire Transfer,16-Apr-24,,,,,,,,,,,
INV-77574,ACH Transfer,14-Apr-24,,,,,,,,,,,
INV-33162,Check,15-Apr-24,,,,,,,,,,,
INV-32435,Wire Transfer,7-Apr-24,,,,,,,,,,,
INV-89166,Credit Card,3-May-24,,,,,,,,,,,
INV-94623,Check,9-Apr-24,,,,,,,,,,,
INV-17856,ACH Transfer,5-May-24,,,,,,,,,,,
INV-41283,ACH Transfer,1-May-24,,,,,,,,,,,
INV-70068,Wire Transfer,1-May-24,,,,,,,,,,,
INV-60874,Wire Transfer,26-Apr-24,,,,,,,,,,,
INV-89106,Wire Transfer,8-Apr-24,,,,,,,,,,,
INV-55390,Credit Card,24-Apr-24,,,,,,,,,,,
INV-45352,Check,15-Apr-24,,,,,,,,,,,
INV-34023,Credit Card,3-May-24,,,,,,,,,,,
INV-34029,ACH Transfer,2-May-24,,,,,,,,,,,
INV-31279,Credit Card,2-May-24,,,,,,,,,,,
INV-94501,ACH Transfer,4-May-24,,,,,,,,,,,
INV-84010,Wire Transfer,27-Apr-24,,,,,,,,,,,
INV-41050,Check,4-May-24,,,,,,,,,,,
INV-73961,ACH Transfer,7-Apr-24,,,,,,,,,,,
INV-69908,Wire Transfer,15-Apr-24,,,,,,,,,,,
INV-32459,ACH Transfer,2-May-24,,,,,,,,,,,
INV-38643,Credit Card,25-Apr-24,,,,,,,,,,,
INV-83725,Wire Transfer,9-Apr-24,,,,,,,,,,,
INV-48179,Wire Transfer,20-Apr-24,,,,,,,,,,,
INV-83147,Check,21-Apr-24,,,,,,,,,,,
INV-54920,Credit Card,21-Apr-24,,,,,,,,,,,
INV-84973,ACH Transfer,2-May-24,,,,,,,,,,,
INV-77234,ACH Transfer,15-Apr-24,,,,,,,,,,,
INV-47113,Check,30-Apr-24,,,,,,,,,,,
INV-24231,Check,16-Apr-24,,,,,,,,,,,
INV-64864,ACH Transfer,22-Apr-24,,,,,,,,,,,
INV-67910,Credit Card,15-Apr-24,,,,,,,,,,,
INV-98340,ACH Transfer,14-Apr-24,,,,,,,,,,,
INV-57879,ACH Transfer,6-May-24,,,,,,,,,,,
INV-22444,Wire Transfer,16-Apr-24,,,,,,,,,,,
INV-87476,Wire Transfer,15-Apr-24,,,,,,,,,,,
INV-67154,ACH Transfer,13-Apr-24,,,,,,,,,,,
INV-69226,Wire Transfer,25-Apr-24,,,,,,,,,,,
INV-36408,ACH Transfer,10-Apr-24,,,,,,,,,,,
INV-66214,Wire Transfer,18-Apr-24,,,,,,,,,,,
INV-53652,Check,14-Apr-24,,,,,,,,,,,
INV-65180,Check,2-May-24,,,,,,,,,,,
INV-43014,Credit Card,8-Apr-24,,,,,,,,,,,
INV-80188,ACH Transfer,9-Apr-24,,,,,,,,,,,
INV-16881,Credit Card,1-May-24,,,,,,,,,,,
INV-75736,Wire Transfer,17-Apr-24,,,,,,,,,,,
INV-19425,Credit Card,12-Apr-24,,,,,,,,,,,
INV-24187,ACH Transfer,21-Apr-24,,,,,,,,,,,
INV-87547,Check,27-Apr-24,,,,,,,,,,,
INV-27593,Check,8-Apr-24,,,,,,,,,,,
INV-92861,Wire Transfer,25-Apr-24,,,,,,,,,,,
INV-75651,Check,8-Apr-24,,,,,,,,,,,
INV-83651,Credit Card,19-Apr-24,,,,,,,,,,,
INV-63944,Check,19-Apr-24,,,,,,,,,,,
INV-81412,Credit Card,25-Apr-24,,,,,,,,,,,
INV-76783,Credit Card,12-Apr-24,,,,,,,,,,,
INV-23959,Check,6-May-24,,,,,,,,,,,
INV-82307,Wire Transfer,30-Apr-24,,,,,,,,,,,
INV-96835,Credit Card,23-Apr-24,,,,,,,,,,,
INV-83387,ACH Transfer,29-Apr-24,,,,,,,,,,,
INV-55217,Wire Transfer,1-May-24,,,,,,,,,,,
INV-90905,Wire Transfer,1-May-24,,,,,,,,,,,
INV-37892,ACH Transfer,7-Apr-24,,,,,,,,,,,
INV-15782,Check,24-Apr-24,,,,,,,,,,,
INV-45432,ACH Transfer,16-Apr-24,,,,,,,,,,,
INV-72697,Check,17-Apr-24,,,,,,,,,,,
INV-53634,ACH Transfer,14-Apr-24,,,,,,,,,,,
INV-44808,ACH Transfer,12-Apr-24,,,,,,,,,,,
INV-81941,Wire Transfer,28-Apr-24,,,,,,,,,,,
INV-52992,Credit Card,3-May-24,,,,,,,,,,,
INV-96115,Credit Card,13-Apr-24,,,,,,,,,,,
INV-15065,Check,23-Apr-24,,,,,,,,,,,
INV-45838,ACH Transfer,5-May-24,,,,,,,,,,,
INV-61374,ACH Transfer,25-Apr-24,,,,,,,,,,,
INV-78185,Credit Card,11-Apr-24,,,,,,,,,,,
INV-92485,ACH Transfer,2-May-24,,,,,,,,,,,
INV-48983,Check,6-May-24,,,,,,,,,,,
INV-49378,ACH Transfer,29-Apr-24,,,,,,,,,,,
INV-68584,Credit Card,16-Apr-24,,,,,,,,,,,
INV-63604,ACH Transfer,4-May-24,,,,,,,,,,,
INV-27671,Check,21-Apr-24,,,,,,,,,,,
INV-69669,ACH Transfer,26-Apr-24,,,,,,,,,,,
INV-57374,Wire Transfer,6-May-24,,,,,,,,,,,
INV-42237,ACH Transfer,29-Apr-24,,,,,,,,,,,
INV-18526,Credit Card,12-Apr-24,,,,,,,,,,,
INV-81205,ACH Transfer,4-May-24,,,,,,,,,,,
INV-61091,ACH Transfer,12-Apr-24,,,,,,,,,,,
INV-87173,Wire Transfer,8-Apr-24,,,,,,,,,,,
INV-22870,Wire Transfer,23-Apr-24,,,,,,,,,,,
INV-15967,ACH Transfer,9-Apr-24,,,,,,,,,,,
INV-73533,Credit Card,17-Apr-24,,,,,,,,,,,
INV-79628,Wire Transfer,7-Apr-24,,,,,,,,,,,
INV-64774,ACH Transfer,12-Apr-24,,,,,,,,,,,
INV-48506,Credit Card,7-Apr-24,,,,,,,,,,,
INV-32383,Credit Card,26-Apr-24,,,,,,,,,,,
INV-36565,Check,22-Apr-24,,,,,,,,,,,
INV-93486,Check,20-Apr-24,,,,,,,,,,,
INV-37690,Wire Transfer,20-Apr-24,,,,,,,,,,,
INV-93702,Credit Card,2-May-24,,,,,,,,,,,
INV-68975,ACH Transfer,29-Apr-24,,,,,,,,,,,
INV-47644,ACH Transfer,15-Apr-24,,,,,,,,,,,
INV-14656,ACH Transfer,24-Apr-24,,,,,,,,,,,
INV-80229,ACH Transfer,17-Apr-24,,,,,,,,,,,
INV-18290,ACH Transfer,6-May-24,,,,,,,,,,,
INV-29487,Check,30-Apr-24,,,,,,,,,,,
INV-71071,Credit Card,8-Apr-24,,,,,,,,,,,
INV-84657,Credit Card,21-Apr-24,,,,,,,,,,,
INV-11790,Credit Card,29-Apr-24,,,,,,,,,,,
INV-92040,Wire Transfer,17-Apr-24,,,,,,,,,,,
INV-70738,Wire Transfer,23-Apr-24,,,,,,,,,,,
INV-77859,Check,27-Apr-24,,,,,,,,,,,
INV-44058,Wire Transfer,29-Apr-24,,,,,,,,,,,
INV-78521,Wire Transfer,19-Apr-24,,,,,,,,,,,
INV-38214,ACH Transfer,14-Apr-24,,,,,,,,,,,
INV-68411,Wire Transfer,20-Apr-24,,,,,,,,,,,
INV-24752,Wire Transfer,25-Apr-24,,,,,,,,,,,
INV-18839,Wire Transfer,28-Apr-24,,,,,,,,,,,
INV-97639,Wire Transfer,19-Apr-24,,,,,,,,,,,
INV-78464,Credit Card,21-Apr-24,,,,,,,,,,,
INV-71618,Wire Transfer,9-Apr-24,,,,,,,,,,,
INV-14864,Check,11-Apr-24,,,,,,,,,,,
INV-72742,ACH Transfer,11-Apr-24,,,,,,,,,,,
INV-82180,Credit Card,23-Apr-24,,,,,,,,,,,
INV-79381,Wire Transfer,21-Apr-24,,,,,,,,,,,
INV-47521,Wire Transfer,4-May-24,,,,,,,,,,,
INV-76838,Wire Transfer,25-Apr-24,,,,,,,,,,,
INV-26527,Wire Transfer,30-Apr-24,,,,,,,,,,,
INV-69648,ACH Transfer,27-Apr-24,,,,,,,,,,,
INV-60896,Credit Card,9-Apr-24,,,,,,,,,,,
INV-51844,Check,30-Apr-24,,,,,,,,,,,
INV-69434,Wire Transfer,2-May-24,,,,,,,,,,,
INV-92979,Check,4-May-24,,,,,,,,,,,
INV-83926,Credit Card,27-Apr-24,,,,,,,,,,,
INV-26609,Check,27-Apr-24,,,,,,,,,,,
INV-80935,Wire Transfer,30-Apr-24,,,,,,,,,,,
INV-70492,Credit Card,8-Apr-24,,,,,,,,,,,
INV-91384,Wire Transfer,13-Apr-24,,,,,,,,,,,
INV-95814,ACH Transfer,29-Apr-24,,,,,,,,,,,
INV-84582,Credit Card,24-Apr-24,,,,,,,,,,,
INV-45986,Wire Transfer,25-Apr-24,,,,,,,,,,,
INV-72976,Check,15-Apr-24,,,,,,,,,,,
INV-77741,Check,23-Apr-24,,,,,,,,,,,
INV-23045,Wire Transfer,24-Apr-24,,,,,,,,,,,
INV-48499,Wire Transfer,1-May-24,,,,,,,,,,,
INV-45139,Wire Transfer,13-Apr-24,,,,,,,,,,,
INV-91282,Wire Transfer,4-May-24,,,,,,,,,,,
INV-67555,Wire Transfer,16-Apr-24,,,,,,,,,,,
INV-14795,Credit Card,29-Apr-24,,,,,,,,,,,
INV-21171,Credit Card,15-Apr-24,,,,,,,,,,,
INV-31279,ACH Transfer,21-Apr-24,,,,,,,,,,,
INV-94843,Check,23-Apr-24,,,,,,,,,,,
INV-94467,Check,8-Apr-24,,,,,,,,,,,
INV-92518,ACH Transfer,10-Apr-24,,,,,,,,,,,
INV-87837,Wire Transfer,1-May-24,,,,,,,,,,,
INV-28813,Check,15-Apr-24,,,,,,,,,,,
INV-79000,Check,4-May-24,,,,,,,,,,,
INV-15188,ACH Transfer,15-Apr-24,,,,,,,,,,,
INV-31134,Check,27-Apr-24,,,,,,,,,,,
INV-52894,Wire Transfer,2-May-24,,,,,,,,,,,
INV-13337,ACH Transfer,14-Apr-24,,,,,,,,,,,
INV-28461,Credit Card,11-Apr-24,,,,,,,,,,,
INV-26821,Wire Transfer,30-Apr-24,,,,,,,,,,,
INV-57674,ACH Transfer,23-Apr-24,,,,,,,,,,,
INV-46144,Wire Transfer,16-Apr-24,,,,,,,,,,,
INV-43445,ACH Transfer,4-May-24,,,,,,,,,,,
INV-50939,Check,21-Apr-24,,,,,,,,,,,
INV-55207,ACH Transfer,19-Apr-24,,,,,,,,,,,
INV-92806,Wire Transfer,20-Apr-24,,,,,,,,,,,
INV-23855,Credit Card,21-Apr-24,,,,,,,,,,,
INV-99220,Check,6-May-24,,,,,,,,,,,
INV-99480,Wire Transfer,23-Apr-24,,,,,,,,,,,
INV-29471,ACH Transfer,20-Apr-24,,,,,,,,,,,
INV-46350,Credit Card,30-Apr-24,,,,,,,,,,,
INV-16257,Check,20-Apr-24,,,,,,,,,,,
INV-75712,Check,27-Apr-24,,,,,,,,,,,
INV-29925,Check,16-Apr-24,,,,,,,,,,,
INV-91863,Wire Transfer,26-Apr-24,,,,,,,,,,,
INV-69479,Credit Card,20-Apr-24,,,,,,,,,,,
INV-37076,Wire Transfer,13-Apr-24,,,,,,,,,,,
INV-18116,Wire Transfer,12-Apr-24,,,,,,,,,,,
INV-81651,ACH Transfer,16-Apr-24,,,,,,,,,,,
INV-41900,Check,19-Apr-24,,,,,,,,,,,
INV-73543,Wire Transfer,23-Apr-24,,,,,,,,,,,
INV-95992,Check,23-Apr-24,,,,,,,,,,,
INV-11188,Wire Transfer,28-Apr-24,,,,,,,,,,,
INV-14529,ACH Transfer,11-Apr-24,,,,,,,,,,,
INV-11003,Wire Transfer,19-Apr-24,,,,,,,,,,,
INV-88187,Credit Card,3-May-24,,,,,,,,,,,
INV-42377,Credit Card,17-Apr-24,,,,,,,,,,,
INV-44425,Wire Transfer,5-May-24,,,,,,,,,,,
INV-56933,Wire Transfer,23-Apr-24,,,,,,,,,,,
INV-57552,Check,1-May-24,,,,,,,,,,,
INV-40992,Credit Card,4-May-24,,,,,,,,,,,
INV-64134,Check,2-May-24,,,,,,,,,,,
INV-21585,Credit Card,15-Apr-24,,,,,,,,,,,
INV-60472,Wire Transfer,2-May-24,,,,,,,,,,,
INV-93811,Wire Transfer,22-Apr-24,,,,,,,,,,,
INV-71975,ACH Transfer,21-Apr-24,,,,,,,,,,,
INV-93225,Credit Card,11-Apr-24,,,,,,,,,,,
INV-15436,ACH Transfer,16-Apr-24,,,,,,,,,,,
INV-93788,Check,4-May-24,,,,,,,,,,,
INV-89805,Check,20-Apr-24,,,,,,,,,,,
INV-73636,ACH Transfer,5-May-24,,,,,,,,,,,
INV-15150,Check,25-Apr-24,,,,,,,,,,,
INV-66008,Check,18-Apr-24,,,,,,,,,,,
INV-60762,Wire Transfer,4-May-24,,,,,,,,,,,
INV-97111,Check,23-Apr-24,,,,,,,,,,,
INV-27698,Credit Card,19-Apr-24,,,,,,,,,,,
INV-85790,Check,8-Apr-24,,,,,,,,,,,
INV-74159,Check,22-Apr-24,,,,,,,,,,,
INV-21305,ACH Transfer,15-Apr-24,,,,,,,,,,,
INV-84242,Wire Transfer,19-Apr-24,,,,,,,,,,,
INV-47977,ACH Transfer,10-Apr-24,,,,,,,,,,,
INV-41582,Credit Card,12-Apr-24,,,,,,,,,,,
INV-40763,Check,28-Apr-24,,,,,,,,,,,
INV-52592,Check,7-Apr-24,,,,,,,,,,,
INV-93454,Credit Card,7-Apr-24,,,,,,,,,,,
INV-13784,Check,12-Apr-24,,,,,,,,,,,
INV-69817,Credit Card,7-Apr-24,,,,,,,,,,,
INV-79566,Wire Transfer,12-Apr-24,,,,,,,,,,,
INV-57808,Credit Card,7-Apr-24,,,,,,,,,,,
INV-41722,Credit Card,25-Apr-24,,,,,,,,,,,
INV-97831,Check,8-Apr-24,,,,,,,,,,,
INV-12904,ACH Transfer,20-Apr-24,,,,,,,,,,,
INV-39785,Credit Card,2-May-24,,,,,,,,,,,
INV-77033,Wire Transfer,9-Apr-24,,,,,,,,,,,
INV-23350,Wire Transfer,9-Apr-24,,,,,,,,,,,
INV-44935,ACH Transfer,7-Apr-24,,,,,,,,,,,
INV-47180,Wire Transfer,16-Apr-24,,,,,,,,,,,
INV-47574,Credit Card,6-May-24,,,,,,,,,,,
INV-99279,ACH Transfer,22-Apr-24,,,,,,,,,,,
INV-74409,Check,26-Apr-24,,,,,,,,,,,
INV-51260,Credit Card,5-May-24,,,,,,,,,,,
INV-77256,Credit Card,11-Apr-24,,,,,,,,,,,
INV-55197,Credit Card,14-Apr-24,,,,,,,,,,,
INV-83217,Check,29-Apr-24,,,,,,,,,,,
INV-70707,ACH Transfer,7-Apr-24,,,,,,,,,,,
INV-16219,Credit Card,17-Apr-24,,,,,,,,,,,
INV-84995,ACH Transfer,19-Apr-24,,,,,,,,,,,
INV-90983,Credit Card,23-Apr-24,,,,,,,,,,,
INV-36746,Check,9-Apr-24,,,,,,,,,,,
INV-56127,Check,19-Apr-24,,,,,,,,,,,
INV-39806,ACH Transfer,13-Apr-24,,,,,,,,,,,
INV-94185,Check,28-Apr-24,,,,,,,,,,,
INV-68285,Check,13-Apr-24,,,,,,,,,,,
INV-34846,Check,20-Apr-24,,,,,,,,,,,
INV-74620,Credit Card,12-Apr-24,,,,,,,,,,,
INV-85413,Credit Card,7-Apr-24,,,,,,,,,,,
INV-49348,Credit Card,2-May-24,,,,,,,,,,,
INV-61955,Wire Transfer,22-Apr-24,,,,,,,,,,,
INV-61527,Credit Card,5-May-24,,,,,,,,,,,
INV-36952,Wire Transfer,13-Apr-24,,,,,,,,,,,
INV-61436,Credit Card,22-Apr-24,,,,,,,,,,,
INV-19410,Credit Card,23-Apr-24,,,,,,,,,,,
INV-87594,Wire Transfer,23-Apr-24,,,,,,,,,,,
INV-19700,Credit Card,9-Apr-24,,,,,,,,,,,
INV-16109,ACH Transfer,5-May-24,,,,,,,,,,,
INV-60734,ACH Transfer,13-Apr-24,,,,,,,,,,,
INV-59804,ACH Transfer,3-May-24,,,,,,,,,,,
INV-68923,Wire Transfer,5-May-24,,,,,,,,,,,
INV-70804,ACH Transfer,6-May-24,,,,,,,,,,,
INV-63437,ACH Transfer,9-Apr-24,,,,,,,,,,,
INV-87592,ACH Transfer,19-Apr-24,,,,,,,,,,,
INV-55960,ACH Transfer,24-Apr-24,,,,,,,,,,,
INV-26833,Check,22-Apr-24,,,,,,,,,,,
INV-93907,Check,17-Apr-24,,,,,,,,,,,
INV-86278,Wire Transfer,3-May-24,,,,,,,,,,,
INV-19376,ACH Transfer,12-Apr-24,,,,,,,,,,,
INV-40498,Check,10-Apr-24,,,,,,,,,,,
INV-10264,Credit Card,18-Apr-24,,,,,,,,,,,
INV-46824,ACH Transfer,12-Apr-24,,,,,,,,,,,
INV-76567,Check,16-Apr-24,,,,,,,,,,,
INV-84557,Wire Transfer,3-May-24,,,,,,,,,,,
INV-74555,ACH Transfer,1-May-24,,,,,,,,,,,
INV-73561,Check,12-Apr-24,,,,,,,,,,,
INV-17213,Credit Card,24-Apr-24,,,,,,,,,,,
INV-33881,ACH Transfer,2-May-24,,,,,,,,,,,
INV-62335,Wire Transfer,20-Apr-24,,,,,,,,,,,
INV-43583,Credit Card,26-Apr-24,,,,,,,,,,,
INV-92597,Check,9-Apr-24,,,,,,,,,,,
INV-19959,Wire Transfer,3-May-24,,,,,,,,,,,
INV-88507,ACH Transfer,13-Apr-24,,,,,,,,,,,
INV-35474,Credit Card,4-May-24,,,,,,,,,,,
INV-67793,Credit Card,14-Apr-24,,,,,,,,,,,
INV-22000,Wire Transfer,30-Apr-24,,,,,,,,,,,
INV-10545,ACH Transfer,19-Apr-24,,,,,,,,,,,
INV-43991,Wire Transfer,20-Apr-24,,,,,,,,,,,
INV-27088,Credit Card,20-Apr-24,,,,,,,,,,,
INV-55284,Credit Card,4-May-24,,,,,,,,,,,
INV-95876,ACH Transfer,10-Apr-24,,,,,,,,,,,
INV-19169,Wire Transfer,14-Apr-24,,,,,,,,,,,
INV-91680,Check,17-Apr-24,,,,,,,,,,,
INV-84157,ACH Transfer,7-Apr-24,,,,,,,,,,,
INV-29644,ACH Transfer,8-Apr-24,,,,,,,,,,,
INV-71234,Wire Transfer,11-Apr-24,,,,,,,,,,,
INV-99936,Credit Card,8-Apr-24,,,,,,,,,,,
INV-32813,Check,21-Apr-24,,,,,,,,,,,
INV-85843,ACH Transfer,25-Apr-24,,,,,,,,,,,
INV-71498,Check,25-Apr-24,,,,,,,,,,,
INV-68542,Check,20-Apr-24,,,,,,,,,,,
INV-45527,Check,2-May-24,,,,,,,,,,,
INV-64510,Check,3-May-24,,,,,,,,,,,
INV-29398,Credit Card,27-Apr-24,,,,,,,,,,,
INV-38594,ACH Transfer,9-Apr-24,,,,,,,,,,,
INV-32221,ACH Transfer,6-May-24,,,,,,,,,,,
INV-79054,Wire Transfer,26-Apr-24,,,,,,,,,,,
INV-40222,Credit Card,27-Apr-24,,,,,,,,,,,
INV-87920,Credit Card,27-Apr-24,,,,,,,,,,,
INV-64744,Wire Transfer,10-Apr-24,,,,,,,,,,,
INV-62103,Credit Card,10-Apr-24,,,,,,,,,,,
INV-48060,Check,9-Apr-24,,,,,,,,,,,
INV-55682,Check,14-Apr-24,,,,,,,,,,,
INV-29334,Credit Card,8-Apr-24,,,,,,,,,,,
INV-68950,Credit Card,12-Apr-24,,,,,,,,,,,
INV-62811,Check,23-Apr-24,,,,,,,,,,,
INV-73340,Credit Card,23-Apr-24,,,,,,,,,,,
INV-65316,Wire Transfer,21-Apr-24,,,,,,,,,,,
INV-68067,Credit Card,20-Apr-24,,,,,,,,,,,
INV-40398,Wire Transfer,2-May-24,,,,,,,,,,,
INV-16319,Credit Card,18-Apr-24,,,,,,,,,,,
INV-29557,Wire Transfer,14-Apr-24,,,,,,,,,,,
INV-79297,Credit Card,24-Apr-24,,,,,,,,,,,
INV-41190,Check,15-Apr-24,,,,,,,,,,,
INV-92409,Check,2-May-24,,,,,,,,,,,
INV-49430,Check,1-May-24,,,,,,,,,,,
INV-16840,ACH Transfer,30-Apr-24,,,,,,,,,,,
INV-65104,Wire Transfer,15-Apr-24,,,,,,,,,,,
INV-53956,Credit Card,15-Apr-24,,,,,,,,,,,
INV-26689,Wire Transfer,1-May-24,,,,,,,,,,,
INV-29926,Credit Card,1-May-24,,,,,,,,,,,
INV-39005,Credit Card,30-Apr-24,,,,,,,,,,,
INV-96704,Check,14-Apr-24,,,,,,,,,,,
INV-64223,Check,11-Apr-24,,,,,,,,,,,
INV-26735,Credit Card,26-Apr-24,,,,,,,,,,,
INV-15909,Check,16-Apr-24,,,,,,,,,,,
INV-54552,Wire Transfer,30-Apr-24,,,,,,,,,,,
INV-20708,Wire Transfer,21-Apr-24,,,,,,,,,,,
INV-83740,ACH Transfer,1-May-24,,,,,,,,,,,
INV-64655,Credit Card,14-Apr-24,,,,,,,,,,,
INV-30949,Wire Transfer,28-Apr-24,,,,,,,,,,,
INV-37248,Check,11-Apr-24,,,,,,,,,,,
INV-26133,Credit Card,13-Apr-24,,,,,,,,,,,
INV-47945,ACH Transfer,18-Apr-24,,,,,,,,,,,
INV-15470,Check,13-Apr-24,,,,,,,,,,,
INV-26440,Check,29-Apr-24,,,,,,,,,,,
INV-80194,ACH Transfer,4-May-24,,,,,,,,,,,
INV-69067,Check,30-Apr-24,,,,,,,,,,,
INV-73230,Wire Transfer,15-Apr-24,,,,,,,,,,,
INV-52041,ACH Transfer,24-Apr-24,,,,,,,,,,,
INV-47917,Wire Transfer,7-Apr-24,,,,,,,,,,,
INV-24761,Wire Transfer,11-Apr-24,,,,,,,,,,,
INV-65247,ACH Transfer,30-Apr-24,,,,,,,,,,,
INV-13028,Credit Card,6-May-24,,,,,,,,,,,
INV-83520,Check,22-Apr-24,,,,,,,,,,,
INV-61386,Credit Card,12-Apr-24,,,,,,,,,,,
INV-34054,Check,28-Apr-24,,,,,,,,,,,
INV-36776,Wire Transfer,9-Apr-24,,,,,,,,,,,
INV-66817,Check,28-Apr-24,,,,,,,,,,,
INV-89974,Wire Transfer,25-Apr-24,,,,,,,,,,,
INV-67698,ACH Transfer,23-Apr-24,,,,,,,,,,,
INV-33368,Credit Card,25-Apr-24,,,,,,,,,,,
INV-77021,Credit Card,25-Apr-24,,,,,,,,,,,
INV-54607,Check,29-Apr-24,,,,,,,,,,,
INV-13097,Credit Card,28-Apr-24,,,,,,,,,,,
INV-15074,Wire Transfer,5-May-24,,,,,,,,,,,
INV-41821,Wire Transfer,24-Apr-24,,,,,,,,,,,
INV-95007,ACH Transfer,28-Apr-24,,,,,,,,,,,
INV-43822,Wire Transfer,4-May-24,,,,,,,,,,,
INV-28516,Wire Transfer,25-Apr-24,,,,,,,,,,,
INV-90102,ACH Transfer,29-Apr-24,,,,,,,,,,,
INV-37933,Wire Transfer,19-Apr-24,,,,,,,,,,,
INV-60830,Credit Card,15-Apr-24,,,,,,,,,,,
INV-89085,Check,9-Apr-24,,,,,,,,,,,
INV-20350,Wire Transfer,25-Apr-24,,,,,,,,,,,
INV-53814,ACH Transfer,13-Apr-24,,,,,,,,,,,
INV-47722,Check,17-Apr-24,,,,,,,,,,,
INV-74117,Wire Transfer,11-Apr-24,,,,,,,,,,,
INV-49782,ACH Transfer,6-May-24,,,,,,,,,,,
INV-82776,Check,14-Apr-24,,,,,,,,,,,
INV-84841,Credit Card,23-Apr-24,,,,,,,,,,,
INV-70944,Check,23-Apr-24,,,,,,,,,,,
INV-33711,ACH Transfer,24-Apr-24,,,,,,,,,,,
INV-30356,Wire Transfer,13-Apr-24,,,,,,,,,,,
INV-84008,Wire Transfer,17-Apr-24,,,,,,,,,,,
INV-67807,Credit Card,16-Apr-24,,,,,,,,,,,
INV-37632,Wire Transfer,17-Apr-24,,,,,,,,,,,
INV-34515,ACH Transfer,26-Apr-24,,,,,,,,,,,
INV-82694,Credit Card,22-Apr-24,,,,,,,,,,,
INV-68977,Check,4-May-24,,,,,,,,,,,
INV-50498,Check,4-May-24,,,,,,,,,,,
INV-84565,ACH Transfer,12-Apr-24,,,,,,,,,,,
INV-19477,Check,15-Apr-24,,,,,,,,,,,
INV-17750,ACH Transfer,9-Apr-24,,,,,,,,,,,
INV-84971,Wire Transfer,9-Apr-24,,,,,,,,,,,
INV-66340,Credit Card,9-Apr-24,,,,,,,,,,,
INV-16977,Check,7-Apr-24,,,,,,,,,,,
INV-24035,Credit Card,20-Apr-24,,,,,,,,,,,
INV-24663,ACH Transfer,28-Apr-24,,,,,,,,,,,
INV-31015,Credit Card,1-May-24,,,,,,,,,,,
INV-61515,Wire Transfer,20-Apr-24,,,,,,,,,,,
INV-44706,Credit Card,1-May-24,,,,,,,,,,,
INV-95280,Check,17-Apr-24,,,,,,,,,,,
INV-65454,Check,3-May-24,,,,,,,,,,,
INV-47306,Check,27-Apr-24,,,,,,,,,,,
INV-96034,Wire Transfer,22-Apr-24,,,,,,,,,,,
INV-38878,ACH Transfer,22-Apr-24,,,,,,,,,,,
INV-15629,Check,18-Apr-24,,,,,,,,,,,
INV-92211,Check,13-Apr-24,,,,,,,,,,,
INV-38940,Credit Card,11-Apr-24,,,,,,,,,,,
INV-57712,Wire Transfer,30-Apr-24,,,,,,,,,,,
INV-69708,Check,16-Apr-24,,,,,,,,,,,
INV-29840,Wire Transfer,30-Apr-24,,,,,,,,,,,
INV-96101,Wire Transfer,27-Apr-24,,,,,,,,,,,
INV-20952,Credit Card,29-Apr-24,,,,,,,,,,,
INV-71199,Check,5-May-24,,,,,,,,,,,
INV-96627,ACH Transfer,16-Apr-24,,,,,,,,,,,
INV-25501,Check,22-Apr-24,,,,,,,,,,,
INV-34500,Check,11-Apr-24,,,,,,,,,,,
INV-93323,ACH Transfer,27-Apr-24,,,,,,,,,,,
INV-10571,Check,26-Apr-24,,,,,,,,,,,
INV-25649,Wire Transfer,7-Apr-24,,,,,,,,,,,
INV-50014,Check,22-Apr-24,,,,,,,,,,,
INV-39954,Wire Transfer,2-May-24,,,,,,,,,,,
INV-18624,Credit Card,11-Apr-24,,,,,,,,,,,
INV-59307,Check,23-Apr-24,,,,,,,,,,,
INV-36580,Credit Card,9-Apr-24,,,,,,,,,,,
INV-30746,Wire Transfer,26-Apr-24,,,,,,,,,,,
INV-82893,Check,3-May-24,,,,,,,,,,,
INV-69596,Wire Transfer,15-Apr-24,,,,,,,,,,,
INV-73953,Check,29-Apr-24,,,,,,,,,,,
INV-12279,Check,5-May-24,,,,,,,,,,,
INV-28311,Wire Transfer,27-Apr-24,,,,,,,,,,,
INV-65234,Wire Transfer,25-Apr-24,,,,,,,,,,,
INV-87570,Wire Transfer,14-Apr-24,,,,,,,,,,,
INV-80876,ACH Transfer,11-Apr-24,,,,,,,,,,,
INV-51769,Credit Card,7-Apr-24,,,,,,,,,,,
INV-55264,Check,26-Apr-24,,,,,,,,,,,
INV-15566,Credit Card,6-May-24,,,,,,,,,,,
INV-11221,Credit Card,24-Apr-24,,,,,,,,,,,
INV-85641,Check,27-Apr-24,,,,,,,,,,,
INV-38058,Credit Card,22-Apr-24,,,,,,,,,,,
INV-56428,ACH Transfer,14-Apr-24,,,,,,,,,,,
INV-89192,Check,6-May-24,,,,,,,,,,,
INV-92779,Credit Card,6-May-24,,,,,,,,,,,
INV-39153,Credit Card,5-May-24,,,,,,,,,,,
INV-30675,Wire Transfer,25-Apr-24,,,,,,,,,,,
INV-55182,Credit Card,21-Apr-24,,,,,,,,,,,
INV-25599,Credit Card,10-Apr-24,,,,,,,,,,,
INV-70300,ACH Transfer,2-May-24,,,,,,,,,,,
INV-84592,Check,13-Apr-24,,,,,,,,,,,
INV-83742,Wire Transfer,15-Apr-24,,,,,,,,,,,
INV-72071,ACH Transfer,9-Apr-24,,,,,,,,,,,
INV-77918,Credit Card,4-May-24,,,,,,,,,,,
INV-91956,ACH Transfer,30-Apr-24,,,,,,,,,,,
INV-56018,Wire Transfer,4-May-24,,,,,,,,,,,
INV-68068,ACH Transfer,2-May-24,,,,,,,,,,,
INV-74584,ACH Transfer,14-Apr-24,,,,,,,,,,,
INV-27115,Wire Transfer,21-Apr-24,,,,,,,,,,,
INV-56567,ACH Transfer,9-Apr-24,,,,,,,,,,,
INV-60612,Credit Card,13-Apr-24,,,,,,,,,,,
INV-80461,Wire Transfer,17-Apr-24,,,,,,,,,,,
INV-68127,Credit Card,7-Apr-24,,,,,,,,,,,
INV-18699,Wire Transfer,9-Apr-24,,,,,,,,,,,
INV-52410,ACH Transfer,3-May-24,,,,,,,,,,,
INV-49799,ACH Transfer,4-May-24,,,,,,,,,,,
INV-44729,Check,27-Apr-24,,,,,,,,,,,
INV-41126,Check,1-May-24,,,,,,,,,,,
INV-66044,Credit Card,2-May-24,,,,,,,,,,,
INV-66852,Wire Transfer,10-Apr-24,,,,,,,,,,,
INV-80152,Credit Card,8-Apr-24,,,,,,,,,,,
INV-57998,Credit Card,12-Apr-24,,,,,,,,,,,
INV-64693,ACH Transfer,16-Apr-24,,,,,,,,,,,
INV-35132,ACH Transfer,27-Apr-24,,,,,,,,,,,
INV-28030,ACH Transfer,4-May-24,,,,,,,,,,,
INV-64852,Check,30-Apr-24,,,,,,,,,,,
INV-23590,Wire Transfer,26-Apr-24,,,,,,,,,,,
INV-35222,Check,30-Apr-24,,,,,,,,,,,
INV-13852,Check,6-May-24,,,,,,,,,,,
INV-32572,Credit Card,6-May-24,,,,,,,,,,,
INV-36582,Wire Transfer,4-May-24,,,,,,,,,,,
INV-99518,Wire Transfer,4-May-24,,,,,,,,,,,
INV-77609,Wire Transfer,3-May-24,,,,,,,,,,,
INV-30335,ACH Transfer,2-May-24,,,,,,,,,,,
INV-80129,Wire Transfer,19-Apr-24,,,,,,,,,,,
INV-90704,Wire Transfer,15-Apr-24,,,,,,,,,,,
INV-78427,ACH Transfer,6-May-24,,,,,,,,,,,
INV-69980,Credit Card,6-May-24,,,,,,,,,,,
INV-37546,Check,30-Apr-24,,,,,,,,,,,
INV-23248,ACH Transfer,13-Apr-24,,,,,,,,,,,
INV-55185,Wire Transfer,15-Apr-24,,,,,,,,,,,
INV-14877,Credit Card,1-May-24,,,,,,,,,,,
INV-53098,Check,30-Apr-24,,,,,,,,,,,
INV-76108,Credit Card,27-Apr-24,,,,,,,,,,,
INV-33966,Check,1-May-24,,,,,,,,,,,
INV-60620,Credit Card,13-Apr-24,,,,,,,,,,,
INV-43555,Wire Transfer,18-Apr-24,,,,,,,,,,,
INV-33397,Wire Transfer,28-Apr-24,,,,,,,,,,,
INV-99033,Credit Card,5-May-24,,,,,,,,,,,
INV-16534,ACH Transfer,17-Apr-24,,,,,,,,,,,
INV-28843,Wire Transfer,22-Apr-24,,,,,,,,,,,
INV-82846,Credit Card,15-Apr-24,,,,,,,,,,,
INV-13207,Credit Card,23-Apr-24,,,,,,,,,,,
INV-96780,Wire Transfer,14-Apr-24,,,,,,,,,,,
INV-36380,Credit Card,17-Apr-24,,,,,,,,,,,
INV-56743,Credit Card,27-Apr-24,,,,,,,,,,,
INV-38696,ACH Transfer,2-May-24,,,,,,,,,,,
INV-54304,Wire Transfer,28-Apr-24,,,,,,,,,,,
INV-18298,Check,10-Apr-24,,,,,,,,,,,
INV-84961,Credit Card,7-Apr-24,,,,,,,,,,,
INV-14635,Check,18-Apr-24,,,,,,,,,,,
INV-10071,Wire Transfer,9-Apr-24,,,,,,,,,,,
INV-86459,Wire Transfer,2-May-24,,,,,,,,,,,
INV-26231,Wire Transfer,8-Apr-24,,,,,,,,,,,
INV-45907,Credit Card,14-Apr-24,,,,,,,,,,,
INV-74756,Credit Card,12-Apr-24,,,,,,,,,,,
INV-77059,Credit Card,12-Apr-24,,,,,,,,,,,
INV-57129,Credit Card,11-Apr-24,,,,,,,,,,,
INV-68598,Check,16-Apr-24,,,,,,,,,,,
INV-65201,ACH Transfer,20-Apr-24,,,,,,,,,,,
INV-40168,Wire Transfer,5-May-24,,,,,,,,,,,
INV-62281,Wire Transfer,15-Apr-24,,,,,,,,,,,
INV-74794,Check,27-Apr-24,,,,,,,,,,,
INV-61103,Wire Transfer,16-Apr-24,,,,,,,,,,,
INV-68245,ACH Transfer,22-Apr-24,,,,,,,,,,,
INV-55301,Wire Transfer,26-Apr-24,,,,,,,,,,,
INV-15681,ACH Transfer,15-Apr-24,,,,,,,,,,,
INV-54282,ACH Transfer,3-May-24,,,,,,,,,,,
INV-26088,ACH Transfer,29-Apr-24,,,,,,,,,,,
INV-25569,Wire Transfer,12-Apr-24,,,,,,,,,,,
INV-28608,Check,15-Apr-24,,,,,,,,,,,
INV-97073,Check,11-Apr-24,,,,,,,,,,,
INV-77689,Check,11-Apr-24,,,,,,,,,,,
INV-42520,Wire Transfer,23-Apr-24,,,,,,,,,,,
INV-39506,Check,16-Apr-24,,,,,,,,,,,
INV-13017,Wire Transfer,4-May-24,,,,,,,,,,,
INV-77137,ACH Transfer,6-May-24,,,,,,,,,,,
INV-96573,Wire Transfer,1-May-24,,,,,,,,,,,
INV-77123,Check,20-Apr-24,,,,,,,,,,,
INV-55331,ACH Transfer,9-Apr-24,,,,,,,,,,,
INV-22994,Check,25-Apr-24,,,,,,,,,,,
INV-37248,ACH Transfer,7-Apr-24,,,,,,,,,,,
INV-62485,Wire Transfer,8-Apr-24,,,,,,,,,,,
INV-55505,ACH Transfer,20-Apr-24,,,,,,,,,,,
INV-63642,Wire Transfer,25-Apr-24,,,,,,,,,,,
INV-98544,ACH Transfer,22-Apr-24,,,,,,,,,,,
INV-60950,Check,19-Apr-24,,,,,,,,,,,
INV-69779,Credit Card,18-Apr-24,,,,,,,,,,,
INV-18371,Credit Card,2-May-24,,,,,,,,,,,
INV-16874,ACH Transfer,27-Apr-24,,,,,,,,,,,
INV-44116,Credit Card,18-Apr-24,,,,,,,,,,,
INV-21851,ACH Transfer,18-Apr-24,,,,,,,,,,,
INV-71103,Wire Transfer,17-Apr-24,,,,,,,,,,,
INV-60313,Credit Card,30-Apr-24,,,,,,,,,,,
INV-31650,Check,9-Apr-24,,,,,,,,,,,
INV-47863,Wire Transfer,8-Apr-24,,,,,,,,,,,
INV-38711,Credit Card,7-Apr-24,,,,,,,,,,,
INV-22146,Check,28-Apr-24,,,,,,,,,,,
INV-92958,ACH Transfer,1-May-24,,,,,,,,,,,
INV-21387,Wire Transfer,29-Apr-24,,,,,,,,,,,
INV-61733,Credit Card,27-Apr-24,,,,,,,,,,,
INV-43469,Wire Transfer,20-Apr-24,,,,,,,,,,,
INV-97173,Credit Card,8-Apr-24,,,,,,,,,,,
INV-64742,Check,3-May-24,,,,,,,,,,,
INV-27250,Check,24-Apr-24,,,,,,,,,,,
INV-20089,Credit Card,30-Apr-24,,,,,,,,,,,
INV-32214,ACH Transfer,11-Apr-24,,,,,,,,,,,
INV-18240,Credit Card,12-Apr-24,,,,,,,,,,,
INV-70813,Credit Card,9-Apr-24,,,,,,,,,,,
INV-44559,Wire Transfer,6-May-24,,,,,,,,,,,
INV-35650,ACH Transfer,22-Apr-24,,,,,,,,,,,
INV-28456,ACH Transfer,10-Apr-24,,,,,,,,,,,
INV-63460,Check,18-Apr-24,,,,,,,,,,,
INV-71024,ACH Transfer,9-Apr-24,,,,,,,,,,,
INV-92603,Check,10-Apr-24,,,,,,,,,,,
INV-18168,Check,6-May-24,,,,,,,,,,,
INV-88311,Credit Card,9-Apr-24,,,,,,,,,,,
INV-90063,Wire Transfer,26-Apr-24,,,,,,,,,,,
INV-65080,ACH Transfer,22-Apr-24,,,,,,,,,,,
INV-28269,Wire Transfer,9-Apr-24,,,,,,,,,,,
INV-42533,Wire Transfer,20-Apr-24,,,,,,,,,,,
INV-33114,Check,17-Apr-24,,,,,,,,,,,
INV-23987,Wire Transfer,24-Apr-24,,,,,,,,,,,
INV-92467,Wire Transfer,17-Apr-24,,,,,,,,,,,
INV-18115,Wire Transfer,18-Apr-24,,,,,,,,,,,
INV-52073,Wire Transfer,26-Apr-24,,,,,,,,,,,
INV-94462,Wire Transfer,21-Apr-24,,,,,,,,,,,
INV-96400,Check,4-May-24,,,,,,,,,,,
INV-70429,Check,10-Apr-24,,,,,,,,,,,
INV-44089,Credit Card,25-Apr-24,,,,,,,,,,,
INV-95201,ACH Transfer,21-Apr-24,,,,,,,,,,,
INV-14587,Wire Transfer,13-Apr-24,,,,,,,,,,,
INV-23990,Wire Transfer,5-May-24,,,,,,,,,,,
INV-18630,ACH Transfer,29-Apr-24,,,,,,,,,,,
INV-46548,Credit Card,17-Apr-24,,,,,,,,,,,
INV-29804,Check,7-Apr-24,,,,,,,,,,,
INV-31527,ACH Transfer,27-Apr-24,,,,,,,,,,,
INV-42398,Wire Transfer,22-Apr-24,,,,,,,,,,,
INV-90188,ACH Transfer,14-Apr-24,,,,,,,,,,,
INV-16350,Wire Transfer,6-May-24,,,,,,,,,,,
INV-51904,Check,11-Apr-24,,,,,,,,,,,
INV-29952,Check,14-Apr-24,,,,,,,,,,,
INV-48697,Credit Card,14-Apr-24,,,,,,,,,,,
INV-62219,ACH Transfer,17-Apr-24,,,,,,,,,,,
INV-64864,ACH Transfer,14-Apr-24,,,,,,,,,,,
INV-82315,Wire Transfer,26-Apr-24,,,,,,,,,,,
INV-58723,Check,1-May-24,,,,,,,,,,,
INV-93072,Credit Card,20-Apr-24,,,,,,,,,,,
INV-21769,Wire Transfer,23-Apr-24,,,,,,,,,,,
INV-79237,ACH Transfer,10-Apr-24,,,,,,,,,,,
INV-31481,Credit Card,29-Apr-24,,,,,,,,,,,
INV-39069,Check,21-Apr-24,,,,,,,,,,,
INV-62981,ACH Transfer,27-Apr-24,,,,,,,,,,,
INV-96344,Check,27-Apr-24,,,,,,,,,,,
INV-37595,ACH Transfer,14-Apr-24,,,,,,,,,,,
INV-22649,Wire Transfer,23-Apr-24,,,,,,,,,,,
INV-28556,Check,23-Apr-24,,,,,,,,,,,
INV-78130,ACH Transfer,8-Apr-24,,,,,,,,,,,
INV-21489,Check,21-Apr-24,,,,,,,,,,,
INV-23464,ACH Transfer,5-May-24,,,,,,,,,,,
INV-60772,Credit Card,9-Apr-24,,,,,,,,,,,
INV-63666,Credit Card,9-Apr-24,,,,,,,,,,,
INV-81066,ACH Transfer,21-Apr-24,,,,,,,,,,,
INV-66294,ACH Transfer,15-Apr-24,,,,,,,,,,,
INV-30949,Wire Transfer,24-Apr-24,,,,,,,,,,,
INV-17437,Wire Transfer,5-May-24,,,,,,,,,,,
INV-73804,Check,27-Apr-24,,,,,,,,,,,
INV-95768,ACH Transfer,13-Apr-24,,,,,,,,,,,
INV-37687,Check,26-Apr-24,,,,,,,,,,,
INV-25788,Credit Card,6-May-24,,,,,,,,,,,
INV-89447,ACH Transfer,29-Apr-24,,,,,,,,,,,
INV-70393,Credit Card,22-Apr-24,,,,,,,,,,,
INV-37667,ACH Transfer,24-Apr-24,,,,,,,,,,,
INV-91331,Check,23-Apr-24,,,,,,,,,,,
INV-59233,Wire Transfer,30-Apr-24,,,,,,,,,,,
INV-52284,ACH Transfer,15-Apr-24,,,,,,,,,,,
INV-19561,Credit Card,18-Apr-24,,,,,,,,,,,
INV-77328,Check,14-Apr-24,,,,,,,,,,,
INV-87055,Wire Transfer,20-Apr-24,,,,,,,,,,,
INV-86949,Check,23-Apr-24,,,,,,,,,,,
INV-72702,Credit Card,26-Apr-24,,,,,,,,,,,
INV-37421,ACH Transfer,27-Apr-24,,,,,,,,,,,
INV-70420,ACH Transfer,10-Apr-24,,,,,,,,,,,
INV-47471,ACH Transfer,27-Apr-24,,,,,,,,,,,
INV-41410,Check,24-Apr-24,,,,,,,,,,,
INV-16645,Wire Transfer,19-Apr-24,,,,,,,,,,,
INV-54545,Credit Card,15-Apr-24,,,,,,,,,,,
INV-71249,Check,29-Apr-24,,,,,,,,,,,
INV-57951,Wire Transfer,27-Apr-24,,,,,,,,,,,
INV-24389,ACH Transfer,11-Apr-24,,,,,,,,,,,
INV-60219,Check,11-Apr-24,,,,,,,,,,,
INV-95109,Credit Card,6-May-24,,,,,,,,,,,
INV-97459,Wire Transfer,29-Apr-24,,,,,,,,,,,
INV-26133,Check,29-Apr-24,,,,,,,,,,,
INV-50575,Wire Transfer,1-May-24,,,,,,,,,,,
INV-36073,ACH Transfer,2-May-24,,,,,,,,,,,
INV-50267,Wire Transfer,22-Apr-24,,,,,,,,,,,
INV-51952,Check,26-Apr-24,,,,,,,,,,,
INV-52193,Credit Card,28-Apr-24,,,,,,,,,,,
INV-34662,Wire Transfer,15-Apr-24,,,,,,,,,,,
INV-86979,Credit Card,22-Apr-24,,,,,,,,,,,
INV-92039,Credit Card,3-May-24,,,,,,,,,,,
INV-11931,Wire Transfer,24-Apr-24,,,,,,,,,,,
INV-77609,Check,23-Apr-24,,,,,,,,,,,
INV-52635,Wire Transfer,18-Apr-24,,,,,,,,,,,
INV-12600,ACH Transfer,2-May-24,,,,,,,,,,,
INV-74548,Check,19-Apr-24,,,,,,,,,,,
INV-24600,Wire Transfer,5-May-24,,,,,,,,,,,
INV-56610,Wire Transfer,5-May-24,,,,,,,,,,,
INV-52972,Credit Card,12-Apr-24,,,,,,,,,,,
INV-99576,Wire Transfer,23-Apr-24,,,,,,,,,,,
INV-24503,Wire Transfer,30-Apr-24,,,,,,,,,,,
INV-85584,ACH Transfer,12-Apr-24,,,,,,,,,,,
INV-82013,Check,26-Apr-24,,,,,,,,,,,
INV-16245,Credit Card,3-May-24,,,,,,,,,,,
INV-38258,Credit Card,29-Apr-24,,,,,,,,,,,
INV-99327,Credit Card,10-Apr-24,,,,,,,,,,,
INV-68144,Wire Transfer,16-Apr-24,,,,,,,,,,,
INV-77208,Credit Card,11-Apr-24,,,,,,,,,,,
INV-89297,Check,7-Apr-24,,,,,,,,,,,
INV-94091,ACH Transfer,29-Apr-24,,,,,,,,,,,
INV-42186,Wire Transfer,26-Apr-24,,,,,,,,,,,
INV-11462,Check,3-May-24,,,,,,,,,,,
INV-96882,Credit Card,17-Apr-24,,,,,,,,,,,
INV-40972,ACH Transfer,16-Apr-24,,,,,,,,,,,
INV-43157,Credit Card,24-Apr-24,,,,,,,,,,,
INV-77076,Wire Transfer,2-May-24,,,,,,,,,,,
INV-41578,ACH Transfer,21-Apr-24,,,,,,,,,,,
INV-88134,Credit Card,6-May-24,,,,,,,,,,,
INV-28095,Check,16-Apr-24,,,,,,,,,,,
INV-29160,Wire Transfer,19-Apr-24,,,,,,,,,,,
INV-67624,Credit Card,1-May-24,,,,,,,,,,,
INV-30635,Wire Transfer,26-Apr-24,,,,,,,,,,,
INV-99571,Credit Card,19-Apr-24,,,,,,,,,,,
INV-88136,Wire Transfer,19-Apr-24,,,,,,,,,,,
INV-50807,Wire Transfer,12-Apr-24,,,,,,,,,,,
INV-81754,Credit Card,2-May-24,,,,,,,,,,,
INV-86635,Check,2-May-24,,,,,,,,,,,
INV-77614,Wire Transfer,5-May-24,,,,,,,,,,,
INV-83314,Wire Transfer,29-Apr-24,,,,,,,,,,,
INV-83379,ACH Transfer,16-Apr-24,,,,,,,,,,,
INV-15387,Check,12-Apr-24,,,,,,,,,,,
INV-32722,Credit Card,3-May-24,,,,,,,,,,,
INV-20726,Wire Transfer,21-Apr-24,,,,,,,,,,,
INV-15930,ACH Transfer,13-Apr-24,,,,,,,,,,,
INV-69837,Wire Transfer,22-Apr-24,,,,,,,,,,,
INV-48309,ACH Transfer,16-Apr-24,,,,,,,,,,,
INV-45903,ACH Transfer,23-Apr-24,,,,,,,,,,,
INV-80009,ACH Transfer,18-Apr-24,,,,,,,,,,,
INV-59790,Wire Transfer,25-Apr-24,,,,,,,,,,,
INV-58421,Check,17-Apr-24,,,,,,,,,,,
INV-59568,Check,14-Apr-24,,,,,,,,,,,
INV-56475,Check,19-Apr-24,,,,,,,,,,,
INV-87215,Wire Transfer,4-May-24,,,,,,,,,,,
INV-50197,Wire Transfer,4-May-24,,,,,,,,,,,
INV-43010,Wire Transfer,28-Apr-24,,,,,,,,,,,
INV-66655,Credit Card,30-Apr-24,,,,,,,,,,,
INV-13189,Check,11-Apr-24,,,,,,,,,,,
INV-44879,Check,19-Apr-24,,,,,,,,,,,
INV-26479,Credit Card,23-Apr-24,,,,,,,,,,,
INV-46917,Wire Transfer,29-Apr-24,,,,,,,,,,,
INV-57059,Check,14-Apr-24,,,,,,,,,,,
INV-13087,ACH Transfer,15-Apr-24,,,,,,,,,,,
INV-34480,ACH Transfer,24-Apr-24,,,,,,,,,,,
INV-51620,Check,10-Apr-24,,,,,,,,,,,
INV-96778,Credit Card,29-Apr-24,,,,,,,,,,,
INV-72459,Check,19-Apr-24,,,,,,,,,,,
INV-68593,Wire Transfer,26-Apr-24,,,,,,,,,,,
INV-55216,Credit Card,7-Apr-24,,,,,,,,,,,
INV-76842,Credit Card,30-Apr-24,,,,,,,,,,,
INV-98798,ACH Transfer,13-Apr-24,,,,,,,,,,,
INV-89850,Check,5-May-24,,,,,,,,,,,
INV-62017,ACH Transfer,29-Apr-24,,,,,,,,,,,
INV-46754,Check,22-Apr-24,,,,,,,,,,,
INV-42184,Credit Card,28-Apr-24,,,,,,,,,,,
INV-17350,Check,1-May-24,,,,,,,,,,,
INV-12636,Credit Card,23-Apr-24,,,,,,,,,,,
INV-86558,Check,25-Apr-24,,,,,,,,,,,
INV-27922,ACH Transfer,24-Apr-24,,,,,,,,,,,
INV-24323,Credit Card,17-Apr-24,,,,,,,,,,,
INV-55218,ACH Transfer,11-Apr-24,,,,,,,,,,,
INV-83001,Wire Transfer,6-May-24,,,,,,,,,,,
INV-68659,Credit Card,8-Apr-24,,,,,,,,,,,
INV-95769,Wire Transfer,9-Apr-24,,,,,,,,,,,
INV-10055,Check,30-Apr-24,,,,,,,,,,,
INV-43985,Check,6-May-24,,,,,,,,,,,
INV-49500,Wire Transfer,20-Apr-24,,,,,,,,,,,
INV-67733,Check,4-May-24,,,,,,,,,,,
INV-76738,Check,25-Apr-24,,,,,,,,,,,
INV-34858,Wire Transfer,28-Apr-24,,,,,,,,,,,
INV-15207,Wire Transfer,20-Apr-24,,,,,,,,,,,
INV-83954,ACH Transfer,26-Apr-24,,,,,,,,,,,
INV-78365,ACH Transfer,12-Apr-24,,,,,,,,,,,
INV-43946,Check,11-Apr-24,,,,,,,,,,,
INV-83890,Check,4-May-24,,,,,,,,,,,
INV-35210,Credit Card,25-Apr-24,,,,,,,,,,,
INV-26334,Wire Transfer,13-Apr-24,,,,,,,,,,,
INV-50778,Credit Card,28-Apr-24,,,,,,,,,,,
INV-70212,Check,19-Apr-24,,,,,,,,,,,
INV-40672,Check,10-Apr-24,,,,,,,,,,,
INV-44988,Credit Card,18-Apr-24,,,,,,,,,,,
INV-77562,ACH Transfer,15-Apr-24,,,,,,,,,,,
INV-43865,ACH Transfer,25-Apr-24,,,,,,,,,,,
INV-62175,Credit Card,17-Apr-24,,,,,,,,,,,
INV-50444,Wire Transfer,23-Apr-24,,,,,,,,,,,
INV-16734,Check,2-May-24,,,,,,,,,,,
INV-95088,Credit Card,8-Apr-24,,,,,,,,,,,
INV-71000,Wire Transfer,13-Apr-24,,,,,,,,,,,
INV-77061,ACH Transfer,21-Apr-24,,,,,,,,,,,
INV-94007,Wire Transfer,7-Apr-24,,,,,,,,,,,
INV-76819,Check,16-Apr-24,,,,,,,,,,,
INV-74409,Wire Transfer,21-Apr-24,,,,,,,,,,,
INV-98050,Check,4-May-24,,,,,,,,,,,
INV-54764,Credit Card,23-Apr-24,,,,,,,,,,,
INV-96128,Check,28-Apr-24,,,,,,,,,,,
INV-99638,Credit Card,8-Apr-24,,,,,,,,,,,
INV-92482,Credit Card,17-Apr-24,,,,,,,,,,,
INV-48831,Check,12-Apr-24,,,,,,,,,,,
INV-45457,ACH Transfer,23-Apr-24,,,,,,,,,,,
INV-54513,Check,16-Apr-24,,,,,,,,,,,
INV-72493,Credit Card,1-May-24,,,,,,,,,,,
INV-35737,ACH Transfer,8-Apr-24,,,,,,,,,,,
INV-17358,Credit Card,1-May-24,,,,,,,,,,,
INV-24985,ACH Transfer,19-Apr-24,,,,,,,,,,,
INV-55073,Wire Transfer,1-May-24,,,,,,,,,,,
INV-71795,ACH Transfer,9-Apr-24,,,,,,,,,,,
INV-43334,ACH Transfer,26-Apr-24,,,,,,,,,,,
INV-85619,Wire Transfer,10-Apr-24,,,,,,,,,,,
INV-39882,ACH Transfer,3-May-24,,,,,,,,,,,
INV-68632,ACH Transfer,1-May-24,,,,,,,,,,,
INV-70869,Check,22-Apr-24,,,,,,,,,,,
INV-77636,Check,29-Apr-24,,,,,,,,,,,
INV-40195,Wire Transfer,13-Apr-24,,,,,,,,,,,
INV-87585,Wire Transfer,7-Apr-24,,,,,,,,,,,
INV-91453,Check,14-Apr-24,,,,,,,,,,,
INV-95091,ACH Transfer,5-May-24,,,,,,,,,,,
INV-59272,Credit Card,1-May-24,,,,,,,,,,,
INV-72249,Check,1-May-24,,,,,,,,,,,
INV-90691,Credit Card,19-Apr-24,,,,,,,,,,,
INV-91928,Wire Transfer,7-Apr-24,,,,,,,,,,,
INV-70388,ACH Transfer,6-May-24,,,,,,,,,,,
INV-18443,Credit Card,18-Apr-24,,,,,,,,,,,
INV-92067,Check,17-Apr-24,,,,,,,,,,,
INV-33916,ACH Transfer,2-May-24,,,,,,,,,,,
INV-79664,ACH Transfer,5-May-24,,,,,,,,,,,
INV-62515,Check,22-Apr-24,,,,,,,,,,,
INV-78705,ACH Transfer,26-Apr-24,,,,,,,,,,,
INV-56037,Check,17-Apr-24,,,,,,,,,,,
INV-39678,Credit Card,10-Apr-24,,,,,,,,,,,
INV-22751,Check,9-Apr-24,,,,,,,,,,,
INV-38280,Check,16-Apr-24,,,,,,,,,,,
INV-17158,ACH Transfer,9-Apr-24,,,,,,,,,,,
INV-92128,ACH Transfer,9-Apr-24,,,,,,,,,,,
INV-58578,Wire Transfer,19-Apr-24,,,,,,,,,,,
INV-54601,Check,26-Apr-24,,,,,,,,,,,
INV-45520,Credit Card,4-May-24,,,,,,,,,,,
INV-10945,Check,13-Apr-24,,,,,,,,,,,
INV-89390,Check,9-Apr-24,,,,,,,,,,,
INV-29801,Check,12-Apr-24,,,,,,,,,,,
INV-34293,Wire Transfer,9-Apr-24,,,,,,,,,,,
INV-49732,Check,4-May-24,,,,,,,,,,,
INV-68908,Check,26-Apr-24,,,,,,,,,,,
INV-14271,Wire Transfer,1-May-24,,,,,,,,,,,
INV-61166,Credit Card,18-Apr-24,,,,,,,,,,,
INV-14962,ACH Transfer,6-May-24,,,,,,,,,,,
INV-57518,ACH Transfer,2-May-24,,,,,,,,,,,
INV-46206,Check,18-Apr-24,,,,,,,,,,,
INV-35804,Credit Card,8-Apr-24,,,,,,,,,,,
INV-39028,Wire Transfer,17-Apr-24,,,,,,,,,,,
INV-23197,Check,6-May-24,,,,,,,,,,,
INV-44645,Credit Card,9-Apr-24,,,,,,,,,,,
INV-13180,Wire Transfer,7-Apr-24,,,,,,,,,,,
INV-11850,Check,28-Apr-24,,,,,,,,,,,
INV-81998,ACH Transfer,15-Apr-24,,,,,,,,,,,
INV-22832,Check,15-Apr-24,,,,,,,,,,,
INV-85118,Wire Transfer,13-Apr-24,,,,,,,,,,,
INV-12475,Check,7-Apr-24,,,,,,,,,,,
INV-61764,Check,9-Apr-24,,,,,,,,,,,
INV-88785,Check,18-Apr-24,,,,,,,,,,,
INV-89174,Credit Card,1-May-24,,,,,,,,,,,
INV-90551,Check,4-May-24,,,,,,,,,,,
INV-84691,Check,27-Apr-24,,,,,,,,,,,
INV-92318,Credit Card,27-Apr-24,,,,,,,,,,,
INV-53550,Check,3-May-24,,,,,,,,,,,
INV-20719,ACH Transfer,20-Apr-24,,,,,,,,,,,
INV-96013,Wire Transfer,28-Apr-24,,,,,,,,,,,
INV-19937,Credit Card,8-Apr-24,,,,,,,,,,,
INV-66852,Check,9-Apr-24,,,,,,,,,,,
INV-16673,Check,18-Apr-24,,,,,,,,,,,
INV-87963,Wire Transfer,19-Apr-24,,,,,,,,,,,
INV-46938,ACH Transfer,7-Apr-24,,,,,,,,,,,
INV-59914,ACH Transfer,21-Apr-24,,,,,,,,,,,
INV-27945,Check,13-Apr-24,,,,,,,,,,,
INV-18692,ACH Transfer,21-Apr-24,,,,,,,,,,,
INV-43076,Credit Card,18-Apr-24,,,,,,,,,,,
INV-72015,ACH Transfer,8-Apr-24,,,,,,,,,,,
INV-34107,Check,12-Apr-24,,,,,,,,,,,
INV-22906,ACH Transfer,1-May-24,,,,,,,,,,,
INV-74900,Check,13-Apr-24,,,,,,,,,,,
INV-32285,Check,8-Apr-24,,,,,,,,,,,
INV-93389,ACH Transfer,18-Apr-24,,,,,,,,,,,
INV-71817,Check,14-Apr-24,,,,,,,,,,,
INV-29881,Wire Transfer,29-Apr-24,,,,,,,,,,,
INV-15584,Credit Card,13-Apr-24,,,,,,,,,,,
INV-11187,Check,6-May-24,,,,,,,,,,,
INV-11534,Credit Card,13-Apr-24,,,,,,,,,,,
INV-61631,ACH Transfer,22-Apr-24,,,,,,,,,,,
INV-86227,Credit Card,25-Apr-24,,,,,,,,,,,
INV-47457,Check,23-Apr-24,,,,,,,,,,,
INV-73170,Credit Card,4-May-24,,,,,,,,,,,
INV-10269,ACH Transfer,24-Apr-24,,,,,,,,,,,
INV-49244,Wire Transfer,29-Apr-24,,,,,,,,,,,
INV-99334,Credit Card,8-Apr-24,,,,,,,,,,,
INV-53203,ACH Transfer,29-Apr-24,,,,,,,,,,,
INV-89772,Credit Card,5-May-24,,,,,,,,,,,
INV-23419,ACH Transfer,27-Apr-24,,,,,,,,,,,
INV-88969,Wire Transfer,22-Apr-24,,,,,,,,,,,
INV-13419,Wire Transfer,17-Apr-24,,,,,,,,,,,
INV-34966,Check,22-Apr-24,,,,,,,,,,,
INV-25979,Check,12-Apr-24,,,,,,,,,,,
INV-86907,Check,30-Apr-24,,,,,,,,,,,
INV-71611,Wire Transfer,23-Apr-24,,,,,,,,,,,
INV-40033,Wire Transfer,11-Apr-24,,,,,,,,,,,
INV-77189,ACH Transfer,15-Apr-24,,,,,,,,,,,
INV-53495,Check,5-May-24,,,,,,,,,,,
INV-82906,ACH Transfer,15-Apr-24,,,,,,,,,,,
INV-46400,ACH Transfer,11-Apr-24,,,,,,,,,,,
INV-24065,ACH Transfer,29-Apr-24,,,,,,,,,,,
INV-39145,Check,6-May-24,,,,,,,,,,,
INV-39464,ACH Transfer,30-Apr-24,,,,,,,,,,,
INV-91763,Wire Transfer,27-Apr-24,,,,,,,,,,,
INV-95673,Check,27-Apr-24,,,,,,,,,,,
INV-34100,Wire Transfer,15-Apr-24,,,,,,,,,,,
INV-22261,Check,29-Apr-24,,,,,,,,,,,
INV-77186,Wire Transfer,29-Apr-24,,,,,,,,,,,
INV-58100,Wire Transfer,1-May-24,,,,,,,,,,,
INV-21466,Credit Card,24-Apr-24,,,,,,,,,,,
INV-29987,Wire Transfer,16-Apr-24,,,,,,,,,,,
INV-10987,Credit Card,20-Apr-24,,,,,,,,,,,
INV-48851,ACH Transfer,8-Apr-24,,,,,,,,,,,
INV-33177,Credit Card,13-Apr-24,,,,,,,,,,,
INV-13254,Check,25-Apr-24,,,,,,,,,,,
INV-92360,Credit Card,17-Apr-24,,,,,,,,,,,
INV-32256,Check,24-Apr-24,,,,,,,,,,,
INV-58695,Wire Transfer,25-Apr-24,,,,,,,,,,,
INV-51481,Check,26-Apr-24,,,,,,,,,,,
INV-46694,ACH Transfer,18-Apr-24,,,,,,,,,,,
INV-58422,Check,4-May-24,,,,,,,,,,,
INV-39777,ACH Transfer,16-Apr-24,,,,,,,,,,,
INV-64360,ACH Transfer,21-Apr-24,,,,,,,,,,,
INV-41294,ACH Transfer,16-Apr-24,,,,,,,,,,,
INV-85210,Wire Transfer,5-May-24,,,,,,,,,,,
INV-44919,ACH Transfer,7-Apr-24,,,,,,,,,,,
INV-57337,Credit Card,12-Apr-24,,,,,,,,,,,
INV-54110,Credit Card,9-Apr-24,,,,,,,,,,,
INV-27634,Wire Transfer,5-May-24,,,,,,,,,,,
INV-76608,Credit Card,8-Apr-24,,,,,,,,,,,
INV-86787,ACH Transfer,27-Apr-24,,,,,,,,,,,
INV-50718,Check,9-Apr-24,,,,,,,,,,,
INV-10417,ACH Transfer,8-Apr-24,,,,,,,,,,,
INV-74923,ACH Transfer,8-Apr-24,,,,,,,,,,,
INV-93281,ACH Transfer,10-Apr-24,,,,,,,,,,,
INV-11797,Credit Card,18-Apr-24,,,,,,,,,,,
INV-20700,Credit Card,29-Apr-24,,,,,,,,,,,
INV-65583,Wire Transfer,9-Apr-24,,,,,,,,,,,
INV-34639,Credit Card,7-Apr-24,,,,,,,,,,,
INV-98652,Wire Transfer,6-May-24,,,,,,,,,,,
INV-30736,Credit Card,5-May-24,,,,,,,,,,,
INV-41863,Check,25-Apr-24,,,,,,,,,,,
INV-61427,Wire Transfer,23-Apr-24,,,,,,,,,,,
INV-94280,ACH Transfer,15-Apr-24,,,,,,,,,,,
INV-57332,ACH Transfer,1-May-24,,,,,,,,,,,
INV-71301,ACH Transfer,12-Apr-24,,,,,,,,,,,
INV-31890,ACH Transfer,30-Apr-24,,,,,,,,,,,
INV-35725,Credit Card,18-Apr-24,,,,,,,,,,,
INV-65531,ACH Transfer,5-May-24,,,,,,,,,,,
INV-65538,Wire Transfer,15-Apr-24,,,,,,,,,,,
INV-92623,Check,1-May-24,,,,,,,,,,,
INV-24474,Wire Transfer,17-Apr-24,,,,,,,,,,,
INV-96446,Wire Transfer,14-Apr-24,,,,,,,,,,,
INV-87909,Check,4-May-24,,,,,,,,,,,
INV-25890,ACH Transfer,27-Apr-24,,,,,,,,,,,
INV-20105,Wire Transfer,5-May-24,,,,,,,,,,,
INV-85914,Check,1-May-24,,,,,,,,,,,
INV-76845,Check,19-Apr-24,,,,,,,,,,,
INV-10170,ACH Transfer,13-Apr-24,,,,,,,,,,,
INV-80965,Credit Card,6-May-24,,,,,,,,,,,
INV-98075,Check,16-Apr-24,,,,,,,,,,,
INV-63144,Check,8-Apr-24,,,,,,,,,,,
INV-25124,ACH Transfer,22-Apr-24,,,,,,,,,,,
INV-10445,ACH Transfer,25-Apr-24,,,,,,,,,,,
INV-88577,Check,16-Apr-24,,,,,,,,,,,
INV-16332,Check,16-Apr-24,,,,,,,,,,,
INV-50128,Wire Transfer,3-May-24,,,,,,,,,,,
INV-70613,Check,30-Apr-24,,,,,,,,,,,
INV-92784,ACH Transfer,23-Apr-24,,,,,,,,,,,
INV-58926,Credit Card,22-Apr-24,,,,,,,,,,,
INV-26905,Wire Transfer,1-May-24,,,,,,,,,,,
INV-45821,Check,12-Apr-24,,,,,,,,,,,
INV-85604,Credit Card,20-Apr-24,,,,,,,,,,,
INV-23298,Wire Transfer,4-May-24,,,,,,,,,,,
INV-49185,Wire Transfer,15-Apr-24,,,,,,,,,,,
INV-78874,ACH Transfer,21-Apr-24,,,,,,,,,,,
INV-68619,Wire Transfer,24-Apr-24,,,,,,,,,,,
INV-72148,Wire Transfer,19-Apr-24,,,,,,,,,,,
INV-52954,Wire Transfer,23-Apr-24,,,,,,,,,,,
INV-83502,Wire Transfer,22-Apr-24,,,,,,,,,,,
INV-34037,Credit Card,21-Apr-24,,,,,,,,,,,
INV-37844,Wire Transfer,18-Apr-24,,,,,,,,,,,
INV-74084,Check,2-May-24,,,,,,,,,,,
INV-35485,Credit Card,13-Apr-24,,,,,,,,,,,
INV-10824,Wire Transfer,25-Apr-24,,,,,,,,,,,
INV-94528,Credit Card,20-Apr-24,,,,,,,,,,,
INV-28975,Credit Card,14-Apr-24,,,,,,,,,,,
INV-32383,Check,29-Apr-24,,,,,,,,,,,
INV-47762,Check,11-Apr-24,,,,,,,,,,,
INV-11418,ACH Transfer,6-May-24,,,,,,,,,,,
INV-91349,Credit Card,27-Apr-24,,,,,,,,,,,
INV-22412,ACH Transfer,5-May-24,,,,,,,,,,,
INV-18631,Wire Transfer,22-Apr-24,,,,,,,,,,,
INV-85255,ACH Transfer,13-Apr-24,,,,,,,,,,,
INV-98596,Wire Transfer,19-Apr-24,,,,,,,,,,,
INV-30918,Credit Card,20-Apr-24,,,,,,,,,,,
INV-23554,ACH Transfer,2-May-24,,,,,,,,,,,
INV-68449,Credit Card,1-May-24,,,,,,,,,,,
INV-88135,Wire Transfer,25-Apr-24,,,,,,,,,,,
INV-14719,Wire Transfer,22-Apr-24,,,,,,,,,,,
INV-36797,Check,27-Apr-24,,,,,,,,,,,
INV-83908,ACH Transfer,4-May-24,,,,,,,,,,,
INV-87595,Check,19-Apr-24,,,,,,,,,,,
INV-62716,Wire Transfer,14-Apr-24,,,,,,,,,,,
INV-62171,Check,18-Apr-24,,,,,,,,,,,
INV-10748,Check,4-May-24,,,,,,,,,,,
INV-10592,Wire Transfer,19-Apr-24,,,,,,,,,,,
INV-70842,ACH Transfer,28-Apr-24,,,,,,,,,,,
INV-93339,ACH Transfer,11-Apr-24,,,,,,,,,,,
INV-29509,Check,21-Apr-24,,,,,,,,,,,
INV-57321,Check,13-Apr-24,,,,,,,,,,,
INV-58826,Credit Card,23-Apr-24,,,,,,,,,,,
INV-56695,ACH Transfer,30-Apr-24,,,,,,,,,,,
INV-86205,Check,22-Apr-24,,,,,,,,,,,
INV-36874,Check,19-Apr-24,,,,,,,,,,,
INV-90180,Wire Transfer,12-Apr-24,,,,,,,,,,,
INV-31491,ACH Transfer,25-Apr-24,,,,,,,,,,,
INV-99454,Credit Card,27-Apr-24,,,,,,,,,,,
INV-15944,Credit Card,7-Apr-24,,,,,,,,,,,
INV-41516,Check,8-Apr-24,,,,,,,,,,,
INV-34605,ACH Transfer,28-Apr-24,,,,,,,,,,,
INV-71438,Check,27-Apr-24,,,,,,,,,,,
INV-26984,Check,21-Apr-24,,,,,,,,,,,
INV-32554,Check,18-Apr-24,,,,,,,,,,,
INV-47356,ACH Transfer,22-Apr-24,,,,,,,,,,,
INV-89894,Credit Card,23-Apr-24,,,,,,,,,,,
INV-85354,Credit Card,13-Apr-24,,,,,,,,,,,
INV-19758,Check,15-Apr-24,,,,,,,,,,,
INV-26697,ACH Transfer,7-Apr-24,,,,,,,,,,,
INV-71437,ACH Transfer,28-Apr-24,,,,,,,,,,,
INV-24270,Credit Card,7-Apr-24,,,,,,,,,,,
INV-91437,ACH Transfer,2-May-24,,,,,,,,,,,
INV-54266,Check,16-Apr-24,,,,,,,,,,,
INV-43469,ACH Transfer,14-Apr-24,,,,,,,,,,,
INV-46214,Check,6-May-24,,,,,,,,,,,
INV-58372,ACH Transfer,24-Apr-24,,,,,,,,,,,
INV-94052,Wire Transfer,13-Apr-24,,,,,,,,,,,
INV-60280,Credit Card,13-Apr-24,,,,,,,,,,,
INV-83303,ACH Transfer,12-Apr-24,,,,,,,,,,,
INV-60346,Check,9-Apr-24,,,,,,,,,,,
INV-10781,ACH Transfer,7-Apr-24,,,,,,,,,,,
INV-27599,Check,3-May-24,,,,,,,,,,,
INV-47300,Check,18-Apr-24,,,,,,,,,,,
INV-28330,Check,13-Apr-24,,,,,,,,,,,
INV-88457,ACH Transfer,23-Apr-24,,,,,,,,,,,
INV-40180,Check,27-Apr-24,,,,,,,,,,,
INV-40012,Credit Card,13-Apr-24,,,,,,,,,,,
INV-83460,Check,20-Apr-24,,,,,,,,,,,
INV-17071,Wire Transfer,3-May-24,,,,,,,,,,,
INV-59136,ACH Transfer,20-Apr-24,,,,,,,,,,,
INV-61036,Credit Card,19-Apr-24,,,,,,,,,,,
INV-99072,ACH Transfer,29-Apr-24,,,,,,,,,,,
INV-26927,Credit Card,20-Apr-24,,,,,,,,,,,
INV-26895,ACH Transfer,29-Apr-24,,,,,,,,,,,
INV-78483,Check,22-Apr-24,,,,,,,,,,,
INV-53945,Wire Transfer,8-Apr-24,,,,,,,,,,,
INV-71058,ACH Transfer,20-Apr-24,,,,,,,,,,,
INV-54469,Check,4-May-24,,,,,,,,,,,
INV-71164,Wire Transfer,2-May-24,,,,,,,,,,,
INV-55735,Wire Transfer,29-Apr-24,,,,,,,,,,,
INV-24016,Wire Transfer,3-May-24,,,,,,,,,,,
INV-53692,Credit Card,9-Apr-24,,,,,,,,,,,
INV-65382,Check,2-May-24,,,,,,,,,,,
INV-39010,Wire Transfer,25-Apr-24,,,,,,,,,,,
INV-37414,Credit Card,21-Apr-24,,,,,,,,,,,
INV-74689,ACH Transfer,23-Apr-24,,,,,,,,,,,
INV-41081,ACH Transfer,18-Apr-24,,,,,,,,,,,
INV-61345,Wire Transfer,6-May-24,,,,,,,,,,,
INV-10435,Wire Transfer,24-Apr-24,,,,,,,,,,,
INV-12702,Check,14-Apr-24,,,,,,,,,,,
INV-31269,ACH Transfer,17-Apr-24,,,,,,,,,,,
INV-93113,Wire Transfer,28-Apr-24,,,,,,,,,,,
INV-95039,Check,4-May-24,,,,,,,,,,,
INV-73844,Credit Card,29-Apr-24,,,,,,,,,,,
INV-38091,Credit Card,1-May-24,,,,,,,,,,,
INV-58034,Wire Transfer,16-Apr-24,,,,,,,,,,,
INV-30293,Wire Transfer,17-Apr-24,,,,,,,,,,,
INV-94160,Wire Transfer,12-Apr-24,,,,,,,,,,,
INV-96011,ACH Transfer,30-Apr-24,,,,,,,,,,,
INV-69750,ACH Transfer,25-Apr-24,,,,,,,,,,,
INV-84773,Wire Transfer,13-Apr-24,,,,,,,,,,,
INV-14827,ACH Transfer,2-May-24,,,,,,,,,,,
INV-51999,Credit Card,23-Apr-24,,,,,,,,,,,
INV-91647,ACH Transfer,7-Apr-24,,,,,,,,,,,
INV-12382,Wire Transfer,30-Apr-24,,,,,,,,,,,
INV-78590,Wire Transfer,8-Apr-24,,,,,,,,,,,
INV-35353,Credit Card,24-Apr-24,,,,,,,,,,,
INV-94034,Wire Transfer,3-May-24,,,,,,,,,,,
INV-62466,Check,22-Apr-24,,,,,,,,,,,
INV-42551,ACH Transfer,26-Apr-24,,,,,,,,,,,
INV-82885,Wire Transfer,12-Apr-24,,,,,,,,,,,
INV-41840,Credit Card,8-Apr-24,,,,,,,,,,,
INV-96199,Check,27-Apr-24,,,,,,,,,,,
INV-23363,ACH Transfer,7-Apr-24,,,,,,,,,,,
INV-31284,Credit Card,12-Apr-24,,,,,,,,,,,
INV-62614,Check,20-Apr-24,,,,,,,,,,,
INV-87580,Check,1-May-24,,,,,,,,,,,
INV-62925,ACH Transfer,27-Apr-24,,,,,,,,,,,
INV-10990,Check,9-Apr-24,,,,,,,,,,,
INV-43802,ACH Transfer,23-Apr-24,,,,,,,,,,,
INV-50790,ACH Transfer,7-Apr-24,,,,,,,,,,,
INV-68022,Credit Card,18-Apr-24,,,,,,,,,,,
INV-33718,Credit Card,19-Apr-24,,,,,,,,,,,
INV-83543,Credit Card,14-Apr-24,,,,,,,,,,,
INV-83374,ACH Transfer,13-Apr-24,,,,,,,,,,,
INV-32340,ACH Transfer,1-May-24,,,,,,,,,,,
INV-44217,Credit Card,30-Apr-24,,,,,,,,,,,
INV-84507,ACH Transfer,19-Apr-24,,,,,,,,,,,
INV-87742,Credit Card,1-May-24,,,,,,,,,,,
INV-56169,ACH Transfer,14-Apr-24,,,,,,,,,,,
INV-66723,Credit Card,28-Apr-24,,,,,,,,,,,
INV-15799,ACH Transfer,22-Apr-24,,,,,,,,,,,
INV-11659,Credit Card,8-Apr-24,,,,,,,,,,,
INV-79604,ACH Transfer,25-Apr-24,,,,,,,,,,,
INV-53961,Check,30-Apr-24,,,,,,,,,,,
INV-49615,Credit Card,8-Apr-24,,,,,,,,,,,
INV-19968,Check,18-Apr-24,,,,,,,,,,,
INV-40462,ACH Transfer,15-Apr-24,,,,,,,,,,,
INV-48683,Check,11-Apr-24,,,,,,,,,,,
INV-15904,ACH Transfer,7-Apr-24,,,,,,,,,,,
INV-76664,Check,4-May-24,,,,,,,,,,,
INV-37880,Check,26-Apr-24,,,,,,,,,,,
INV-49161,Credit Card,12-Apr-24,,,,,,,,,,,
INV-52681,ACH Transfer,10-Apr-24,,,,,,,,,,,
INV-20486,Credit Card,1-May-24,,,,,,,,,,,
INV-29642,ACH Transfer,10-Apr-24,,,,,,,,,,,
INV-10728,Wire Transfer,19-Apr-24,,,,,,,,,,,
INV-67193,Credit Card,20-Apr-24,,,,,,,,,,,
INV-93279,Wire Transfer,21-Apr-24,,,,,,,,,,,
INV-94037,Check,23-Apr-24,,,,,,,,,,,
INV-69545,Check,22-Apr-24,,,,,,,,,,,
INV-34103,Wire Transfer,15-Apr-24,,,,,,,,,,,
INV-60709,Wire Transfer,22-Apr-24,,,,,,,,,,,
INV-96051,Wire Transfer,13-Apr-24,,,,,,,,,,,
INV-22709,Credit Card,16-Apr-24,,,,,,,,,,,
INV-85439,Credit Card,4-May-24,,,,,,,,,,,
INV-91846,Check,9-Apr-24,,,,,,,,,,,
INV-66349,Wire Transfer,29-Apr-24,,,,,,,,,,,
INV-41195,Credit Card,14-Apr-24,,,,,,,,,,,
INV-49499,Credit Card,4-May-24,,,,,,,,,,,
INV-65893,Wire Transfer,24-Apr-24,,,,,,,,,,,
INV-35079,ACH Transfer,7-Apr-24,,,,,,,,,,,
INV-81641,Check,19-Apr-24,,,,,,,,,,,
INV-75706,Wire Transfer,10-Apr-24,,,,,,,,,,,
INV-27562,ACH Transfer,8-Apr-24,,,,,,,,,,,
INV-14282,Credit Card,30-Apr-24,,,,,,,,,,,
INV-45125,ACH Transfer,28-Apr-24,,,,,,,,,,,
INV-47156,Credit Card,18-Apr-24,,,,,,,,,,,
INV-83544,Credit Card,25-Apr-24,,,,,,,,,,,
INV-18726,Credit Card,6-May-24,,,,,,,,,,,
INV-30621,ACH Transfer,20-Apr-24,,,,,,,,,,,
INV-26064,ACH Transfer,5-May-24,,,,,,,,,,,
INV-19932,Check,5-May-24,,,,,,,,,,,
INV-47251,Wire Transfer,24-Apr-24,,,,,,,,,,,
INV-77647,ACH Transfer,2-May-24,,,,,,,,,,,
INV-89398,ACH Transfer,25-Apr-24,,,,,,,,,,,
INV-47712,Wire Transfer,29-Apr-24,,,,,,,,,,,
INV-74268,Wire Transfer,6-May-24,,,,,,,,,,,
INV-82590,ACH Transfer,16-Apr-24,,,,,,,,,,,
INV-71332,Credit Card,29-Apr-24,,,,,,,,,,,
INV-67771,ACH Transfer,4-May-24,,,,,,,,,,,
INV-20965,Check,13-Apr-24,,,,,,,,,,,
INV-12372,Credit Card,7-Apr-24,,,,,,,,,,,
INV-88292,ACH Transfer,3-May-24,,,,,,,,,,,
INV-87502,Check,27-Apr-24,,,,,,,,,,,
INV-11211,ACH Transfer,29-Apr-24,,,,,,,,,,,
INV-77050,Check,8-Apr-24,,,,,,,,,,,
INV-48357,Credit Card,7-Apr-24,,,,,,,,,,,
INV-31761,Check,15-Apr-24,,,,,,,,,,,
INV-74692,ACH Transfer,6-May-24,,,,,,,,,,,
INV-16049,Check,4-May-24,,,,,,,,,,,
INV-57280,Check,27-Apr-24,,,,,,,,,,,
INV-12635,Credit Card,4-May-24,,,,,,,,,,,
INV-22678,ACH Transfer,29-Apr-24,,,,,,,,,,,
INV-39381,ACH Transfer,19-Apr-24,,,,,,,,,,,
INV-19510,ACH Transfer,6-May-24,,,,,,,,,,,
INV-18022,Check,27-Apr-24,,,,,,,,,,,
INV-26904,ACH Transfer,23-Apr-24,,,,,,,,,,,
INV-84274,Check,12-Apr-24,,,,,,,,,,,
INV-11754,ACH Transfer,15-Apr-24,,,,,,,,,,,
INV-76165,Check,14-Apr-24,,,,,,,,,,,
INV-97139,Check,2-May-24,,,,,,,,,,,
INV-26066,Wire Transfer,3-May-24,,,,,,,,,,,
INV-28558,Wire Transfer,17-Apr-24,,,,,,,,,,,
INV-63264,Wire Transfer,26-Apr-24,,,,,,,,,,,
INV-98912,ACH Transfer,19-Apr-24,,,,,,,,,,,
INV-82853,Check,13-Apr-24,,,,,,,,,,,
INV-58829,Check,2-May-24,,,,,,,,,,,
INV-10625,Check,18-Apr-24,,,,,,,,,,,
INV-13864,Wire Transfer,13-Apr-24,,,,,,,,,,,
INV-58439,Credit Card,30-Apr-24,,,,,,,,,,,
INV-90370,Check,11-Apr-24,,,,,,,,,,,
INV-54230,ACH Transfer,13-Apr-24,,,,,,,,,,,
INV-29825,ACH Transfer,1-May-24,,,,,,,,,,,
INV-78001,Check,26-Apr-24,,,,,,,,,,,
INV-87343,ACH Transfer,7-Apr-24,,,,,,,,,,,
INV-67367,Check,8-Apr-24,,,,,,,,,,,
INV-80588,Credit Card,21-Apr-24,,,,,,,,,,,
INV-62187,Check,16-Apr-24,,,,,,,,,,,
INV-60620,Check,12-Apr-24,,,,,,,,,,,
INV-19519,Wire Transfer,6-May-24,,,,,,,,,,,
INV-10673,Wire Transfer,23-Apr-24,,,,,,,,,,,
INV-50340,Check,24-Apr-24,,,,,,,,,,,
INV-68334,Wire Transfer,12-Apr-24,,,,,,,,,,,
INV-72212,ACH Transfer,20-Apr-24,,,,,,,,,,,
INV-79246,Wire Transfer,13-Apr-24,,,,,,,,,,,
INV-59399,Credit Card,28-Apr-24,,,,,,,,,,,
INV-20784,Check,3-May-24,,,,,,,,,,,
INV-40605,Credit Card,18-Apr-24,,,,,,,,,,,
INV-97667,Credit Card,10-Apr-24,,,,,,,,,,,
INV-96391,ACH Transfer,23-Apr-24,,,,,,,,,,,
INV-15105,Credit Card,27-Apr-24,,,,,,,,,,,
INV-85214,ACH Transfer,25-Apr-24,,,,,,,,,,,
INV-34342,ACH Transfer,18-Apr-24,,,,,,,,,,,
INV-56088,ACH Transfer,6-May-24,,,,,,,,,,,
INV-35666,Wire Transfer,10-Apr-24,,,,,,,,,,,
INV-58499,Wire Transfer,30-Apr-24,,,,,,,,,,,
INV-87191,Wire Transfer,10-Apr-24,,,,,,,,,,,
INV-32842,Wire Transfer,5-May-24,,,,,,,,,,,
INV-71139,Check,15-Apr-24,,,,,,,,,,,
INV-43174,ACH Transfer,29-Apr-24,,,,,,,,,,,
INV-71742,Credit Card,20-Apr-24,,,,,,,,,,,
INV-63648,ACH Transfer,11-Apr-24,,,,,,,,,,,
INV-78779,Wire Transfer,8-Apr-24,,,,,,,,,,,
INV-17665,ACH Transfer,3-May-24,,,,,,,,,,,
INV-48686,ACH Transfer,26-Apr-24,,,,,,,,,,,
INV-42665,Credit Card,3-May-24,,,,,,,,,,,
INV-77743,Check,13-Apr-24,,,,,,,,,,,
INV-10540,ACH Transfer,20-Apr-24,,,,,,,,,,,
INV-34441,Wire Transfer,8-Apr-24,,,,,,,,,,,
INV-55005,ACH Transfer,6-May-24,,,,,,,,,,,
INV-55351,Wire Transfer,19-Apr-24,,,,,,,,,,,
INV-32654,Wire Transfer,25-Apr-24,,,,,,,,,,,
INV-29152,Check,16-Apr-24,,,,,,,,,,,
INV-56549,ACH Transfer,26-Apr-24,,,,,,,,,,,
INV-76784,Credit Card,23-Apr-24,,,,,,,,,,,
INV-74672,Credit Card,23-Apr-24,,,,,,,,,,,
INV-79978,Credit Card,24-Apr-24,,,,,,,,,,,
INV-59161,Credit Card,3-May-24,,,,,,,,,,,
INV-57751,Wire Transfer,13-Apr-24,,,,,,,,,,,
INV-20173,Wire Transfer,24-Apr-24,,,,,,,,,,,
INV-16136,ACH Transfer,17-Apr-24,,,,,,,,,,,
INV-52284,Wire Transfer,5-May-24,,,,,,,,,,,
INV-54041,Check,14-Apr-24,,,,,,,,,,,
INV-17808,ACH Transfer,27-Apr-24,,,,,,,,,,,
INV-67287,Check,29-Apr-24,,,,,,,,,,,
INV-39998,Credit Card,13-Apr-24,,,,,,,,,,,
INV-11714,Wire Transfer,10-Apr-24,,,,,,,,,,,
INV-62979,Check,7-Apr-24,,,,,,,,,,,
INV-56610,Wire Transfer,15-Apr-24,,,,,,,,,,,
INV-11308,Check,20-Apr-24,,,,,,,,,,,
INV-39586,Check,15-Apr-24,,,,,,,,,,,
INV-70272,Credit Card,15-Apr-24,,,,,,,,,,,
INV-35538,Credit Card,18-Apr-24,,,,,,,,,,,
INV-54999,Credit Card,1-May-24,,,,,,,,,,,
INV-73293,Credit Card,8-Apr-24,,,,,,,,,,,
INV-43295,Credit Card,19-Apr-24,,,,,,,,,,,
INV-45078,ACH Transfer,21-Apr-24,,,,,,,,,,,
INV-12763,Wire Transfer,6-May-24,,,,,,,,,,,
INV-89383,Credit Card,30-Apr-24,,,,,,,,,,,
INV-17749,Credit Card,15-Apr-24,,,,,,,,,,,
INV-90511,ACH Transfer,15-Apr-24,,,,,,,,,,,
INV-31516,Wire Transfer,24-Apr-24,,,,,,,,,,,
INV-15340,Wire Transfer,30-Apr-24,,,,,,,,,,,
INV-65249,ACH Transfer,7-Apr-24,,,,,,,,,,,
INV-15970,Credit Card,23-Apr-24,,,,,,,,,,,
INV-60889,Wire Transfer,21-Apr-24,,,,,,,,,,,
INV-52472,Wire Transfer,30-Apr-24,,,,,,,,,,,
INV-52003,Check,23-Apr-24,,,,,,,,,,,
INV-13721,Wire Transfer,18-Apr-24,,,,,,,,,,,
INV-11637,Credit Card,11-Apr-24,,,,,,,,,,,
INV-56371,Check,22-Apr-24,,,,,,,,,,,
INV-33979,Wire Transfer,20-Apr-24,,,,,,,,,,,
INV-73579,ACH Transfer,9-Apr-24,,,,,,,,,,,
INV-73165,Check,2-May-24,,,,,,,,,,,
INV-96460,Credit Card,15-Apr-24,,,,,,,,,,,
INV-24108,Credit Card,23-Apr-24,,,,,,,,,,,
INV-10279,Check,21-Apr-24,,,,,,,,,,,
INV-66930,Check,6-May-24,,,,,,,,,,,
INV-32742,Credit Card,3-May-24,,,,,,,,,,,
INV-78699,Wire Transfer,27-Apr-24,,,,,,,,,,,
INV-15179,Check,12-Apr-24,,,,,,,,,,,
INV-54156,Credit Card,23-Apr-24,,,,,,,,,,,
INV-35295,ACH Transfer,14-Apr-24,,,,,,,,,,,
INV-27358,ACH Transfer,15-Apr-24,,,,,,,,,,,
INV-70430,Credit Card,10-Apr-24,,,,,,,,,,,
INV-54348,Credit Card,6-May-24,,,,,,,,,,,
INV-70737,Check,23-Apr-24,,,,,,,,,,,
INV-49031,Wire Transfer,3-May-24,,,,,,,,,,,
INV-13838,Check,17-Apr-24,,,,,,,,,,,
INV-55462,Wire Transfer,9-Apr-24,,,,,,,,,,,
INV-66990,Check,17-Apr-24,,,,,,,,,,,
INV-40872,ACH Transfer,17-Apr-24,,,,,,,,,,,
INV-50598,ACH Transfer,23-Apr-24,,,,,,,,,,,
INV-81144,Credit Card,7-Apr-24,,,,,,,,,,,
INV-14772,Check,4-May-24,,,,,,,,,,,
INV-16880,Credit Card,22-Apr-24,,,,,,,,,,,
INV-21005,Check,10-Apr-24,,,,,,,,,,,
INV-12413,Wire Transfer,18-Apr-24,,,,,,,,,,,
INV-82068,Credit Card,10-Apr-24,,,,,,,,,,,
INV-22918,ACH Transfer,17-Apr-24,,,,,,,,,,,
INV-86047,Wire Transfer,9-Apr-24,,,,,,,,,,,
INV-31439,Wire Transfer,7-Apr-24,,,,,,,,,,,
INV-29207,ACH Transfer,16-Apr-24,,,,,,,,,,,
INV-49202,Check,24-Apr-24,,,,,,,,,,,
INV-84096,Credit Card,23-Apr-24,,,,,,,,,,,
INV-46975,ACH Transfer,12-Apr-24,,,,,,,,,,,
INV-34716,Check,21-Apr-24,,,,,,,,,,,
INV-57322,Credit Card,14-Apr-24,,,,,,,,,,,
INV-33149,Check,26-Apr-24,,,,,,,,,,,
INV-75532,Check,5-May-24,,,,,,,,,,,
INV-59723,Credit Card,6-May-24,,,,,,,,,,,
INV-83548,Wire Transfer,22-Apr-24,,,,,,,,,,,
INV-60385,Credit Card,16-Apr-24,,,,,,,,,,,
INV-10382,Credit Card,5-May-24,,,,,,,,,,,
INV-23546,Wire Transfer,29-Apr-24,,,,,,,,,,,
INV-92005,Credit Card,25-Apr-24,,,,,,,,,,,
INV-55657,Credit Card,16-Apr-24,,,,,,,,,,,
INV-54595,Credit Card,23-Apr-24,,,,,,,,,,,
INV-95383,Credit Card,9-Apr-24,,,,,,,,,,,
INV-27656,Credit Card,13-Apr-24,,,,,,,,,,,
INV-95690,Check,18-Apr-24,,,,,,,,,,,
INV-26292,Wire Transfer,2-May-24,,,,,,,,,,,
INV-17074,ACH Transfer,20-Apr-24,,,,,,,,,,,
INV-54540,ACH Transfer,24-Apr-24,,,,,,,,,,,
INV-55306,Wire Transfer,28-Apr-24,,,,,,,,,,,
INV-83794,ACH Transfer,18-Apr-24,,,,,,,,,,,
INV-96280,Credit Card,23-Apr-24,,,,,,,,,,,
INV-23697,ACH Transfer,25-Apr-24,,,,,,,,,,,
INV-50162,Credit Card,13-Apr-24,,,,,,,,,,,
INV-78698,Check,11-Apr-24,,,,,,,,,,,
INV-65433,Check,26-Apr-24,,,,,,,,,,,
INV-50810,ACH Transfer,18-Apr-24,,,,,,,,,,,
INV-92253,Check,19-Apr-24,,,,,,,,,,,
INV-47413,ACH Transfer,6-May-24,,,,,,,,,,,
INV-10256,Credit Card,11-Apr-24,,,,,,,,,,,
INV-48735,Check,19-Apr-24,,,,,,,,,,,
INV-52749,ACH Transfer,16-Apr-24,,,,,,,,,,,
INV-82319,Check,19-Apr-24,,,,,,,,,,,
INV-60815,ACH Transfer,29-Apr-24,,,,,,,,,,,
INV-62151,ACH Transfer,15-Apr-24,,,,,,,,,,,
INV-73222,ACH Transfer,21-Apr-24,,,,,,,,,,,
INV-63564,Credit Card,2-May-24,,,,,,,,,,,
INV-27605,Credit Card,14-Apr-24,,,,,,,,,,,
INV-40943,ACH Transfer,7-Apr-24,,,,,,,,,,,
INV-61835,Wire Transfer,17-Apr-24,,,,,,,,,,,
INV-76161,ACH Transfer,9-Apr-24,,,,,,,,,,,
INV-50413,Credit Card,25-Apr-24,,,,,,,,,,,
INV-36517,ACH Transfer,26-Apr-24,,,,,,,,,,,
INV-22086,Credit Card,30-Apr-24,,,,,,,,,,,
INV-90922,ACH Transfer,15-Apr-24,,,,,,,,,,,
INV-68468,ACH Transfer,14-Apr-24,,,,,,,,,,,
INV-76513,Credit Card,13-Apr-24,,,,,,,,,,,
INV-22364,ACH Transfer,20-Apr-24,,,,,,,,,,,
INV-26818,Check,25-Apr-24,,,,,,,,,,,
INV-15320,ACH Transfer,28-Apr-24,,,,,,,,,,,
INV-71474,ACH Transfer,7-Apr-24,,,,,,,,,,,
INV-51613,Wire Transfer,22-Apr-24,,,,,,,,,,,
INV-10682,Check,23-Apr-24,,,,,,,,,,,
INV-55451,Credit Card,6-May-24,,,,,,,,,,,
INV-37146,Credit Card,8-Apr-24,,,,,,,,,,,
INV-22199,Check,10-Apr-24,,,,,,,,,,,
INV-84561,ACH Transfer,16-Apr-24,,,,,,,,,,,
INV-89075,Credit Card,29-Apr-24,,,,,,,,,,,
INV-28575,ACH Transfer,9-Apr-24,,,,,,,,,,,
INV-42664,Credit Card,15-Apr-24,,,,,,,,,,,
INV-18703,Check,6-May-24,,,,,,,,,,,
INV-51909,ACH Transfer,20-Apr-24,,,,,,,,,,,
INV-18034,Wire Transfer,30-Apr-24,,,,,,,,,,,
INV-17528,Check,12-Apr-24,,,,,,,,,,,
INV-66596,ACH Transfer,24-Apr-24,,,,,,,,,,,
INV-13679,Credit Card,1-May-24,,,,,,,,,,,
INV-43548,Credit Card,4-May-24,,,,,,,,,,,
INV-27123,Check,17-Apr-24,,,,,,,,,,,
INV-78562,Wire Transfer,26-Apr-24,,,,,,,,,,,
INV-79365,Wire Transfer,29-Apr-24,,,,,,,,,,,
INV-75717,Wire Transfer,15-Apr-24,,,,,,,,,,,
INV-76724,Credit Card,14-Apr-24,,,,,,,,,,,
INV-63860,Wire Transfer,24-Apr-24,,,,,,,,,,,
INV-87579,Credit Card,22-Apr-24,,,,,,,,,,,
INV-14077,Credit Card,2-May-24,,,,,,,,,,,
INV-90724,Wire Transfer,4-May-24,,,,,,,,,,,
INV-20446,Check,4-May-24,,,,,,,,,,,
INV-16152,Credit Card,20-Apr-24,,,,,,,,,,,
INV-25747,Wire Transfer,30-Apr-24,,,,,,,,,,,
INV-51537,Wire Transfer,15-Apr-24,,,,,,,,,,,
INV-19233,Wire Transfer,18-Apr-24,,,,,,,,,,,
INV-17606,Check,2-May-24,,,,,,,,,,,
INV-20951,ACH Transfer,26-Apr-24,,,,,,,,,,,
INV-68579,Check,9-Apr-24,,,,,,,,,,,
INV-80217,Check,9-Apr-24,,,,,,,,,,,
INV-32286,Wire Transfer,6-May-24,,,,,,,,,,,
INV-59303,Credit Card,11-Apr-24,,,,,,,,,,,
INV-78938,Wire Transfer,7-Apr-24,,,,,,,,,,,
INV-29032,Wire Transfer,14-Apr-24,,,,,,,,,,,
INV-31530,Check,30-Apr-24,,,,,,,,,,,
INV-29201,Credit Card,29-Apr-24,,,,,,,,,,,
INV-74119,ACH Transfer,27-Apr-24,,,,,,,,,,,
INV-95207,Credit Card,16-Apr-24,,,,,,,,,,,
INV-57544,ACH Transfer,22-Apr-24,,,,,,,,,,,
INV-62099,ACH Transfer,28-Apr-24,,,,,,,,,,,
INV-71874,Credit Card,3-May-24,,,,,,,,,,,
INV-60527,Wire Transfer,4-May-24,,,,,,,,,,,
INV-90056,Credit Card,12-Apr-24,,,,,,,,,,,
INV-22984,ACH Transfer,10-Apr-24,,,,,,,,,,,
INV-32652,Credit Card,12-Apr-24,,,,,,,,,,,
INV-94176,Wire Transfer,25-Apr-24,,,,,,,,,,,
INV-46778,Wire Transfer,21-Apr-24,,,,,,,,,,,
INV-50112,ACH Transfer,30-Apr-24,,,,,,,,,,,
INV-29850,Credit Card,14-Apr-24,,,,,,,,,,,
INV-76575,Check,24-Apr-24,,,,,,,,,,,
INV-16405,Check,1-May-24,,,,,,,,,,,
INV-44128,Check,20-Apr-24,,,,,,,,,,,
INV-19790,Credit Card,1-May-24,,,,,,,,,,,
INV-61983,Check,21-Apr-24,,,,,,,,,,,
INV-58481,Check,17-Apr-24,,,,,,,,,,,
INV-16750,Wire Transfer,3-May-24,,,,,,,,,,,
INV-57239,ACH Transfer,29-Apr-24,,,,,,,,,,,
INV-22970,Credit Card,9-Apr-24,,,,,,,,,,,
INV-34585,Check,19-Apr-24,,,,,,,,,,,
INV-89673,Wire Transfer,1-May-24,,,,,,,,,,,
INV-32240,Check,26-Apr-24,,,,,,,,,,,
INV-71263,Wire Transfer,19-Apr-24,,,,,,,,,,,
INV-27717,ACH Transfer,16-Apr-24,,,,,,,,,,,
INV-69155,Wire Transfer,23-Apr-24,,,,,,,,,,,
INV-92382,Check,23-Apr-24,,,,,,,,,,,
INV-68045,Check,3-May-24,,,,,,,,,,,
INV-58520,Wire Transfer,17-Apr-24,,,,,,,,,,,
INV-44571,Check,24-Apr-24,,,,,,,,,,,
INV-50875,ACH Transfer,23-Apr-24,,,,,,,,,,,
INV-34201,Credit Card,22-Apr-24,,,,,,,,,,,
INV-25217,Check,25-Apr-24,,,,,,,,,,,
INV-63355,Check,10-Apr-24,,,,,,,,,,,
INV-18250,Check,24-Apr-24,,,,,,,,,,,
INV-61806,Credit Card,22-Apr-24,,,,,,,,,,,
INV-26458,Credit Card,3-May-24,,,,,,,,,,,
INV-64425,ACH Transfer,8-Apr-24,,,,,,,,,,,
INV-38900,ACH Transfer,5-May-24,,,,,,,,,,,
INV-84854,Wire Transfer,5-May-24,,,,,,,,,,,
INV-43529,Wire Transfer,11-Apr-24,,,,,,,,,,,
INV-77483,Check,1-May-24,,,,,,,,,,,
INV-57093,Wire Transfer,27-Apr-24,,,,,,,,,,,
INV-28701,ACH Transfer,18-Apr-24,,,,,,,,,,,
INV-48485,Wire Transfer,4-May-24,,,,,,,,,,,
INV-58737,ACH Transfer,12-Apr-24,,,,,,,,,,,
INV-52560,Wire Transfer,22-Apr-24,,,,,,,,,,,
INV-65477,Wire Transfer,5-May-24,,,,,,,,,,,
INV-18650,ACH Transfer,9-Apr-24,,,,,,,,,,,
INV-99625,Credit Card,6-May-24,,,,,,,,,,,
INV-71301,Wire Transfer,22-Apr-24,,,,,,,,,,,
INV-46594,Wire Transfer,7-Apr-24,,,,,,,,,,,
INV-15147,Wire Transfer,5-May-24,,,,,,,,,,,
INV-25264,Credit Card,22-Apr-24,,,,,,,,,,,
INV-86953,Check,13-Apr-24,,,,,,,,,,,
INV-29109,Check,9-Apr-24,,,,,,,,,,,
INV-10977,Check,23-Apr-24,,,,,,,,,,,
INV-27167,ACH Transfer,23-Apr-24,,,,,,,,,,,
INV-20190,Check,30-Apr-24,,,,,,,,,,,
INV-14137,ACH Transfer,23-Apr-24,,,,,,,,,,,
INV-97512,ACH Transfer,20-Apr-24,,,,,,,,,,,
INV-32826,ACH Transfer,24-Apr-24,,,,,,,,,,,
INV-25053,Wire Transfer,18-Apr-24,,,,,,,,,,,
INV-36277,Credit Card,17-Apr-24,,,,,,,,,,,
INV-48613,Wire Transfer,13-Apr-24,,,,,,,,,,,
INV-32777,ACH Transfer,14-Apr-24,,,,,,,,,,,
INV-93955,Check,1-May-24,,,,,,,,,,,
INV-86071,Wire Transfer,23-Apr-24,,,,,,,,,,,
INV-59166,Wire Transfer,22-Apr-24,,,,,,,,,,,
INV-57800,Check,12-Apr-24,,,,,,,,,,,
INV-48420,Wire Transfer,9-Apr-24,,,,,,,,,,,
INV-66147,ACH Transfer,26-Apr-24,,,,,,,,,,,
INV-48562,ACH Transfer,5-May-24,,,,,,,,,,,
INV-67595,Wire Transfer,13-Apr-24,,,,,,,,,,,
INV-25976,ACH Transfer,2-May-24,,,,,,,,,,,
INV-43129,Check,8-Apr-24,,,,,,,,,,,
INV-83223,Credit Card,9-Apr-24,,,,,,,,,,,
INV-98386,Credit Card,28-Apr-24,,,,,,,,,,,
INV-14528,Wire Transfer,15-Apr-24,,,,,,,,,,,
INV-59358,Credit Card,13-Apr-24,,,,,,,,,,,
INV-93228,Check,11-Apr-24,,,,,,,,,,,
INV-99138,ACH Transfer,27-Apr-24,,,,,,,,,,,
INV-35124,Credit Card,23-Apr-24,,,,,,,,,,,
INV-13095,Credit Card,3-May-24,,,,,,,,,,,
INV-26827,ACH Transfer,4-May-24,,,,,,,,,,,
INV-40274,Credit Card,4-May-24,,,,,,,,,,,
INV-72915,Wire Transfer,17-Apr-24,,,,,,,,,,,
INV-99968,ACH Transfer,13-Apr-24,,,,,,,,,,,
INV-88648,ACH Transfer,11-Apr-24,,,,,,,,,,,
INV-65394,Credit Card,22-Apr-24,,,,,,,,,,,
INV-58976,Credit Card,14-Apr-24,,,,,,,,,,,
INV-45636,Check,1-May-24,,,,,,,,,,,
INV-39823,ACH Transfer,7-Apr-24,,,,,,,,,,,
INV-90033,ACH Transfer,20-Apr-24,,,,,,,,,,,
INV-71297,Credit Card,1-May-24,,,,,,,,,,,
INV-22971,Check,9-Apr-24,,,,,,,,,,,
INV-22313,Wire Transfer,22-Apr-24,,,,,,,,,,,
INV-71097,ACH Transfer,27-Apr-24,,,,,,,,,,,
INV-77932,Wire Transfer,14-Apr-24,,,,,,,,,,,
INV-43108,Credit Card,12-Apr-24,,,,,,,,,,,
INV-78166,Check,7-Apr-24,,,,,,,,,,,
INV-13142,Wire Transfer,19-Apr-24,,,,,,,,,,,
INV-92914,Credit Card,23-Apr-24,,,,,,,,,,,
INV-83282,Credit Card,25-Apr-24,,,,,,,,,,,
INV-28139,Check,9-Apr-24,,,,,,,,,,,
INV-74602,ACH Transfer,16-Apr-24,,,,,,,,,,,
INV-81697,Credit Card,2-May-24,,,,,,,,,,,
INV-47758,Credit Card,2-May-24,,,,,,,,,,,
INV-29547,Check,20-Apr-24,,,,,,,,,,,
INV-73669,Check,26-Apr-24,,,,,,,,,,,
INV-97776,Check,9-Apr-24,,,,,,,,,,,
INV-47650,Credit Card,23-Apr-24,,,,,,,,,,,
INV-40273,Wire Transfer,21-Apr-24,,,,,,,,,,,
INV-91581,Wire Transfer,22-Apr-24,,,,,,,,,,,
INV-26280,Credit Card,28-Apr-24,,,,,,,,,,,
INV-34712,Check,17-Apr-24,,,,,,,,,,,
INV-60308,Check,8-Apr-24,,,,,,,,,,,
INV-41265,Credit Card,30-Apr-24,,,,,,,,,,,
INV-71656,ACH Transfer,1-May-24,,,,,,,,,,,
INV-68347,Credit Card,24-Apr-24,,,,,,,,,,,
INV-36944,Wire Transfer,29-Apr-24,,,,,,,,,,,
INV-93134,Check,29-Apr-24,,,,,,,,,,,
INV-35811,Credit Card,11-Apr-24,,,,,,,,,,,
INV-30308,ACH Transfer,22-Apr-24,,,,,,,,,,,
INV-35501,ACH Transfer,15-Apr-24,,,,,,,,,,,
INV-21756,ACH Transfer,15-Apr-24,,,,,,,,,,,
INV-71906,Wire Transfer,11-Apr-24,,,,,,,,,,,
INV-91067,Credit Card,3-May-24,,,,,,,,,,,
INV-85944,ACH Transfer,10-Apr-24,,,,,,,,,,,
INV-50555,Wire Transfer,22-Apr-24,,,,,,,,,,,
INV-99426,Wire Transfer,14-Apr-24,,,,,,,,,,,
INV-26800,Check,10-Apr-24,,,,,,,,,,,
INV-63509,ACH Transfer,23-Apr-24,,,,,,,,,,,
INV-75961,Check,21-Apr-24,,,,,,,,,,,
INV-84321,Credit Card,13-Apr-24,,,,,,,,,,,
INV-65260,Check,28-Apr-24,,,,,,,,,,,
INV-82269,ACH Transfer,17-Apr-24,,,,,,,,,,,
INV-58712,Wire Transfer,12-Apr-24,,,,,,,,,,,
INV-39876,Wire Transfer,16-Apr-24,,,,,,,,,,,
INV-82275,Wire Transfer,29-Apr-24,,,,,,,,,,,
INV-21227,Credit Card,23-Apr-24,,,,,,,,,,,
INV-27175,Credit Card,7-Apr-24,,,,,,,,,,,
INV-26815,Wire Transfer,28-Apr-24,,,,,,,,,,,
INV-12434,Credit Card,8-Apr-24,,,,,,,,,,,
INV-89812,Check,15-Apr-24,,,,,,,,,,,
INV-50514,Credit Card,9-Apr-24,,,,,,,,,,,
INV-89695,Wire Transfer,28-Apr-24,,,,,,,,,,,
INV-99972,Credit Card,14-Apr-24,,,,,,,,,,,
INV-57762,ACH Transfer,3-May-24,,,,,,,,,,,
INV-13778,Check,18-Apr-24,,,,,,,,,,,
INV-52590,ACH Transfer,30-Apr-24,,,,,,,,,,,
INV-28914,ACH Transfer,16-Apr-24,,,,,,,,,,,
INV-58486,Credit Card,14-Apr-24,,,,,,,,,,,
INV-92511,Credit Card,10-Apr-24,,,,,,,,,,,
INV-39124,Credit Card,30-Apr-24,,,,,,,,,,,
INV-42826,Wire Transfer,10-Apr-24,,,,,,,,,,,
INV-42135,ACH Transfer,30-Apr-24,,,,,,,,,,,
INV-36947,ACH Transfer,28-Apr-24,,,,,,,,,,,
INV-91502,Credit Card,24-Apr-24,,,,,,,,,,,
INV-76900,ACH Transfer,9-Apr-24,,,,,,,,,,,
INV-91436,Credit Card,3-May-24,,,,,,,,,,,
INV-51550,ACH Transfer,2-May-24,,,,,,,,,,,
INV-51331,Credit Card,17-Apr-24,,,,,,,,,,,
INV-35841,ACH Transfer,1-May-24,,,,,,,,,,,
INV-49872,Check,30-Apr-24,,,,,,,,,,,
INV-70068,ACH Transfer,28-Apr-24,,,,,,,,,,,
INV-43142,Wire Transfer,22-Apr-24,,,,,,,,,,,
INV-31591,Credit Card,19-Apr-24,,,,,,,,,,,
INV-14728,Wire Transfer,19-Apr-24,,,,,,,,,,,
INV-83372,Wire Transfer,4-May-24,,,,,,,,,,,
INV-57222,Credit Card,22-Apr-24,,,,,,,,,,,
INV-94055,Check,24-Apr-24,,,,,,,,,,,
INV-85077,Credit Card,15-Apr-24,,,,,,,,,,,
INV-47352,Credit Card,12-Apr-24,,,,,,,,,,,
INV-37841,Credit Card,23-Apr-24,,,,,,,,,,,
INV-79097,Credit Card,12-Apr-24,,,,,,,,,,,
INV-31831,Credit Card,23-Apr-24,,,,,,,,,,,
INV-59874,ACH Transfer,29-Apr-24,,,,,,,,,,,
INV-13291,ACH Transfer,29-Apr-24,,,,,,,,,,,
INV-30126,Wire Transfer,2-May-24,,,,,,,,,,,
INV-73835,Wire Transfer,22-Apr-24,,,,,,,,,,,
INV-64651,Wire Transfer,29-Apr-24,,,,,,,,,,,
INV-18485,Wire Transfer,11-Apr-24,,,,,,,,,,,
INV-72291,Credit Card,28-Apr-24,,,,,,,,,,,
INV-74647,Check,23-Apr-24,,,,,,,,,,,
INV-44544,Credit Card,6-May-24,,,,,,,,,,,
INV-21870,Wire Transfer,14-Apr-24,,,,,,,,,,,
INV-57092,Check,8-Apr-24,,,,,,,,,,,
INV-39668,Check,4-May-24,,,,,,,,,,,
INV-52380,Wire Transfer,7-Apr-24,,,,,,,,,,,
INV-56195,Check,22-Apr-24,,,,,,,,,,,
INV-18943,Credit Card,10-Apr-24,,,,,,,,,,,
INV-40121,Wire Transfer,30-Apr-24,,,,,,,,,,,
INV-43822,Wire Transfer,9-Apr-24,,,,,,,,,,,
INV-23501,Wire Transfer,29-Apr-24,,,,,,,,,,,
INV-43113,ACH Transfer,13-Apr-24,,,,,,,,,,,
INV-10654,ACH Transfer,29-Apr-24,,,,,,,,,,,
INV-26597,ACH Transfer,15-Apr-24,,,,,,,,,,,
INV-37634,ACH Transfer,9-Apr-24,,,,,,,,,,,
INV-33775,ACH Transfer,19-Apr-24,,,,,,,,,,,
INV-23749,Credit Card,17-Apr-24,,,,,,,,,,,
INV-57809,Credit Card,8-Apr-24,,,,,,,,,,,
INV-45797,Check,16-Apr-24,,,,,,,,,,,
INV-95321,ACH Transfer,21-Apr-24,,,,,,,,,,,
INV-78723,ACH Transfer,27-Apr-24,,,,,,,,,,,
INV-65455,Wire Transfer,3-May-24,,,,,,,,,,,
INV-25883,Wire Transfer,24-Apr-24,,,,,,,,,,,
INV-58987,Credit Card,15-Apr-24,,,,,,,,,,,
INV-43812,ACH Transfer,18-Apr-24,,,,,,,,,,,
INV-96331,Wire Transfer,14-Apr-24,,,,,,,,,,,
INV-46129,Wire Transfer,14-Apr-24,,,,,,,,,,,
INV-85008,Check,17-Apr-24,,,,,,,,,,,
INV-55206,Credit Card,7-Apr-24,,,,,,,,,,,
INV-93888,Credit Card,3-May-24,,,,,,,,,,,
INV-62099,Check,18-Apr-24,,,,,,,,,,,
INV-18781,Wire Transfer,26-Apr-24,,,,,,,,,,,
INV-80154,Credit Card,16-Apr-24,,,,,,,,,,,
INV-67599,Check,6-May-24,,,,,,,,,,,
INV-81321,ACH Transfer,25-Apr-24,,,,,,,,,,,
INV-55065,Check,8-Apr-24,,,,,,,,,,,
INV-91481,ACH Transfer,10-Apr-24,,,,,,,,,,,
INV-22357,Check,4-May-24,,,,,,,,,,,
INV-64099,Credit Card,2-May-24,,,,,,,,,,,
INV-94781,ACH Transfer,30-Apr-24,,,,,,,,,,,
INV-23640,ACH Transfer,22-Apr-24,,,,,,,,,,,
INV-85352,Check,28-Apr-24,,,,,,,,,,,
INV-34687,Wire Transfer,20-Apr-24,,,,,,,,,,,
INV-55034,Credit Card,19-Apr-24,,,,,,,,,,,
INV-38405,Check,20-Apr-24,,,,,,,,,,,
INV-69616,Check,15-Apr-24,,,,,,,,,,,
INV-75636,Check,2-May-24,,,,,,,,,,,
INV-71529,Wire Transfer,14-Apr-24,,,,,,,,,,,
INV-20051,Wire Transfer,8-Apr-24,,,,,,,,,,,
INV-47964,Check,12-Apr-24,,,,,,,,,,,
INV-76168,Credit Card,13-Apr-24,,,,,,,,,,,
INV-69438,Credit Card,18-Apr-24,,,,,,,,,,,
INV-38540,Wire Transfer,1-May-24,,,,,,,,,,,
INV-64716,Credit Card,5-May-24,,,,,,,,,,,
INV-27552,Check,2-May-24,,,,,,,,,,,
INV-58016,Credit Card,20-Apr-24,,,,,,,,,,,
INV-72226,Credit Card,13-Apr-24,,,,,,,,,,,
INV-18282,ACH Transfer,24-Apr-24,,,,,,,,,,,
INV-62772,Wire Transfer,22-Apr-24,,,,,,,,,,,
INV-72464,ACH Transfer,1-May-24,,,,,,,,,,,
INV-55796,Wire Transfer,11-Apr-24,,,,,,,,,,,
INV-87115,ACH Transfer,20-Apr-24,,,,,,,,,,,
INV-72850,Credit Card,21-Apr-24,,,,,,,,,,,
INV-96299,Check,8-Apr-24,,,,,,,,,,,
INV-31732,Check,27-Apr-24,,,,,,,,,,,
INV-15903,Check,11-Apr-24,,,,,,,,,,,
INV-48739,Credit Card,2-May-24,,,,,,,,,,,
INV-55211,Credit Card,4-May-24,,,,,,,,,,,
INV-13962,Credit Card,30-Apr-24,,,,,,,,,,,
INV-79118,Check,20-Apr-24,,,,,,,,,,,
INV-92075,Credit Card,18-Apr-24,,,,,,,,,,,
INV-75039,Check,2-May-24,,,,,,,,,,,
INV-94837,ACH Transfer,14-Apr-24,,,,,,,,,,,
INV-82060,Wire Transfer,20-Apr-24,,,,,,,,,,,
INV-49225,Check,29-Apr-24,,,,,,,,,,,
INV-88195,ACH Transfer,14-Apr-24,,,,,,,,,,,
INV-53777,Check,26-Apr-24,,,,,,,,,,,
INV-58433,ACH Transfer,10-Apr-24,,,,,,,,,,,
INV-44510,ACH Transfer,10-Apr-24,,,,,,,,,,,
INV-98240,Credit Card,1-May-24,,,,,,,,,,,
INV-56835,Credit Card,1-May-24,,,,,,,,,,,
INV-87928,Check,1-May-24,,,,,,,,,,,
INV-51921,Check,10-Apr-24,,,,,,,,,,,
INV-53331,ACH Transfer,23-Apr-24,,,,,,,,,,,
INV-81814,Credit Card,3-May-24,,,,,,,,,,,
INV-77325,Check,17-Apr-24,,,,,,,,,,,
INV-66768,Credit Card,19-Apr-24,,,,,,,,,,,
INV-29480,Credit Card,8-Apr-24,,,,,,,,,,,
INV-54556,Wire Transfer,23-Apr-24,,,,,,,,,,,
INV-57641,Credit Card,24-Apr-24,,,,,,,,,,,
INV-68215,Credit Card,23-Apr-24,,,,,,,,,,,
INV-21051,Credit Card,8-Apr-24,,,,,,,,,,,
INV-77529,ACH Transfer,3-May-24,,,,,,,,,,,
INV-63483,Check,7-Apr-24,,,,,,,,,,,
INV-79249,ACH Transfer,2-May-24,,,,,,,,,,,
INV-88796,ACH Transfer,5-May-24,,,,,,,,,,,
INV-13938,Check,20-Apr-24,,,,,,,,,,,
INV-75009,ACH Transfer,7-Apr-24,,,,,,,,,,,
INV-88859,Check,26-Apr-24,,,,,,,,,,,
INV-70648,ACH Transfer,11-Apr-24,,,,,,,,,,,
INV-84726,Check,1-May-24,,,,,,,,,,,
INV-92774,Credit Card,9-Apr-24,,,,,,,,,,,
INV-26513,Credit Card,12-Apr-24,,,,,,,,,,,
INV-84428,Credit Card,30-Apr-24,,,,,,,,,,,
INV-43290,Check,30-Apr-24,,,,,,,,,,,
INV-28850,ACH Transfer,19-Apr-24,,,,,,,,,,,
INV-27419,Wire Transfer,6-May-24,,,,,,,,,,,
INV-57858,Wire Transfer,24-Apr-24,,,,,,,,,,,
INV-25810,ACH Transfer,15-Apr-24,,,,,,,,,,,
INV-33688,Credit Card,8-Apr-24,,,,,,,,,,,
INV-44461,ACH Transfer,28-Apr-24,,,,,,,,,,,
INV-12655,ACH Transfer,28-Apr-24,,,,,,,,,,,
INV-22637,Wire Transfer,6-May-24,,,,,,,,,,,
INV-82875,Wire Transfer,5-May-24,,,,,,,,,,,
INV-75998,Credit Card,11-Apr-24,,,,,,,,,,,
INV-19196,Credit Card,14-Apr-24,,,,,,,,,,,
INV-44961,Wire Transfer,27-Apr-24,,,,,,,,,,,
INV-91082,Credit Card,8-Apr-24,,,,,,,,,,,
INV-79007,Check,4-May-24,,,,,,,,,,,
INV-19336,ACH Transfer,17-Apr-24,,,,,,,,,,,
INV-18790,Check,4-May-24,,,,,,,,,,,
INV-47221,Credit Card,18-Apr-24,,,,,,,,,,,
INV-93184,ACH Transfer,14-Apr-24,,,,,,,,,,,
INV-38254,Credit Card,24-Apr-24,,,,,,,,,,,
INV-53845,ACH Transfer,3-May-24,,,,,,,,,,,
INV-77412,Credit Card,12-Apr-24,,,,,,,,,,,
INV-27043,Wire Transfer,17-Apr-24,,,,,,,,,,,
INV-21468,Credit Card,30-Apr-24,,,,,,,,,,,
INV-15751,ACH Transfer,6-May-24,,,,,,,,,,,
INV-29850,ACH Transfer,15-Apr-24,,,,,,,,,,,
INV-55138,Wire Transfer,9-Apr-24,,,,,,,,,,,
INV-34509,Check,3-May-24,,,,,,,,,,,
INV-92218,ACH Transfer,1-May-24,,,,,,,,,,,
INV-49575,Wire Transfer,27-Apr-24,,,,,,,,,,,
INV-46049,Credit Card,5-May-24,,,,,,,,,,,
INV-24388,Wire Transfer,4-May-24,,,,,,,,,,,
INV-81699,Check,17-Apr-24,,,,,,,,,,,
INV-91647,ACH Transfer,11-Apr-24,,,,,,,,,,,
INV-12325,Credit Card,9-Apr-24,,,,,,,,,,,
INV-59066,Check,6-May-24,,,,,,,,,,,
INV-11308,Check,13-Apr-24,,,,,,,,,,,
INV-60196,Check,1-May-24,,,,,,,,,,,
INV-10800,Wire Transfer,11-Apr-24,,,,,,,,,,,
INV-62511,Wire Transfer,12-Apr-24,,,,,,,,,,,
INV-84526,Wire Transfer,9-Apr-24,,,,,,,,,,,
INV-37754,Credit Card,4-May-24,,,,,,,,,,,
INV-10179,Check,17-Apr-24,,,,,,,,,,,
INV-20963,Credit Card,11-Apr-24,,,,,,,,,,,
INV-50679,Check,5-May-24,,,,,,,,,,,
INV-94830,Wire Transfer,11-Apr-24,,,,,,,,,,,
INV-22556,ACH Transfer,30-Apr-24,,,,,,,,,,,
INV-62718,Credit Card,29-Apr-24,,,,,,,,,,,
INV-85237,Wire Transfer,27-Apr-24,,,,,,,,,,,
INV-34328,Check,27-Apr-24,,,,,,,,,,,
INV-46022,ACH Transfer,24-Apr-24,,,,,,,,,,,
INV-21812,ACH Transfer,18-Apr-24,,,,,,,,,,,
INV-24395,Credit Card,20-Apr-24,,,,,,,,,,,
INV-21507,Credit Card,13-Apr-24,,,,,,,,,,,
INV-62068,Wire Transfer,25-Apr-24,,,,,,,,,,,
INV-25208,ACH Transfer,15-Apr-24,,,,,,,,,,,
INV-43556,Wire Transfer,2-May-24,,,,,,,,,,,
INV-48314,Credit Card,19-Apr-24,,,,,,,,,,,
INV-28272,Credit Card,1-May-24,,,,,,,,,,,
INV-86289,Wire Transfer,24-Apr-24,,,,,,,,,,,
INV-40449,Credit Card,24-Apr-24,,,,,,,,,,,
INV-60981,Credit Card,9-Apr-24,,,,,,,,,,,
INV-46468,Wire Transfer,29-Apr-24,,,,,,,,,,,
INV-69798,ACH Transfer,12-Apr-24,,,,,,,,,,,
INV-96908,Check,2-May-24,,,,,,,,,,,
INV-55516,Credit Card,15-Apr-24,,,,,,,,,,,
INV-60410,Wire Transfer,2-May-24,,,,,,,,,,,
INV-97313,Wire Transfer,5-May-24,,,,,,,,,,,
INV-60517,Wire Transfer,28-Apr-24,,,,,,,,,,,
INV-88930,ACH Transfer,9-Apr-24,,,,,,,,,,,
INV-68283,Credit Card,27-Apr-24,,,,,,,,,,,
INV-82506,ACH Transfer,25-Apr-24,,,,,,,,,,,
INV-49704,Wire Transfer,25-Apr-24,,,,,,,,,,,
INV-69862,Credit Card,2-May-24,,,,,,,,,,,
INV-79374,Check,24-Apr-24,,,,,,,,,,,
INV-33460,Check,11-Apr-24,,,,,,,,,,,
INV-59051,Credit Card,2-May-24,,,,,,,,,,,
INV-81363,Check,23-Apr-24,,,,,,,,,,,
INV-53408,ACH Transfer,13-Apr-24,,,,,,,,,,,
INV-81619,ACH Transfer,4-May-24,,,,,,,,,,,
INV-70326,Wire Transfer,22-Apr-24,,,,,,,,,,,
INV-18191,Credit Card,25-Apr-24,,,,,,,,,,,
INV-91147,Wire Transfer,4-May-24,,,,,,,,,,,
INV-75370,Check,28-Apr-24,,,,,,,,,,,
INV-15842,Wire Transfer,18-Apr-24,,,,,,,,,,,
INV-59179,Credit Card,29-Apr-24,,,,,,,,,,,
INV-27675,ACH Transfer,30-Apr-24,,,,,,,,,,,
INV-34215,Wire Transfer,9-Apr-24,,,,,,,,,,,
INV-55901,ACH Transfer,25-Apr-24,,,,,,,,,,,
INV-49064,Wire Transfer,3-May-24,,,,,,,,,,,
INV-77317,Credit Card,19-Apr-24,,,,,,,,,,,
INV-48591,ACH Transfer,5-May-24,,,,,,,,,,,
INV-81757,Wire Transfer,2-May-24,,,,,,,,,,,
INV-41830,Wire Transfer,6-May-24,,,,,,,,,,,
INV-59056,Credit Card,14-Apr-24,,,,,,,,,,,
INV-75050,ACH Transfer,2-May-24,,,,,,,,,,,
INV-63392,Credit Card,19-Apr-24,,,,,,,,,,,
INV-68245,Check,3-May-24,,,,,,,,,,,
INV-37993,Credit Card,18-Apr-24,,,,,,,,,,,
INV-84572,Credit Card,7-Apr-24,,,,,,,,,,,
INV-72780,Check,14-Apr-24,,,,,,,,,,,
INV-22647,Check,12-Apr-24,,,,,,,,,,,
INV-17995,ACH Transfer,12-Apr-24,,,,,,,,,,,
INV-71948,Credit Card,29-Apr-24,,,,,,,,,,,
INV-60933,ACH Transfer,12-Apr-24,,,,,,,,,,,
INV-83682,Check,5-May-24,,,,,,,,,,,
INV-54455,Wire Transfer,8-Apr-24,,,,,,,,,,,
INV-13030,Check,25-Apr-24,,,,,,,,,,,
INV-86889,Credit Card,10-Apr-24,,,,,,,,,,,
INV-73148,Wire Transfer,27-Apr-24,,,,,,,,,,,
INV-21700,Check,25-Apr-24,,,,,,,,,,,
INV-17253,ACH Transfer,11-Apr-24,,,,,,,,,,,
INV-75138,Credit Card,14-Apr-24,,,,,,,,,,,
INV-47415,Credit Card,4-May-24,,,,,,,,,,,
INV-90088,Credit Card,6-May-24,,,,,,,,,,,
INV-65871,ACH Transfer,18-Apr-24,,,,,,,,,,,
INV-72043,Credit Card,21-Apr-24,,,,,,,,,,,
INV-90017,Wire Transfer,1-May-24,,,,,,,,,,,
INV-85574,Credit Card,21-Apr-24,,,,,,,,,,,
INV-17053,Wire Transfer,28-Apr-24,,,,,,,,,,,
INV-41582,Wire Transfer,10-Apr-24,,,,,,,,,,,
INV-63471,Check,22-Apr-24,,,,,,,,,,,
INV-38461,Check,3-May-24,,,,,,,,,,,
INV-23625,ACH Transfer,6-May-24,,,,,,,,,,,
INV-97173,ACH Transfer,5-May-24,,,,,,,,,,,
INV-90296,Check,14-Apr-24,,,,,,,,,,,
INV-22388,Wire Transfer,5-May-24,,,,,,,,,,,
INV-19398,Credit Card,8-Apr-24,,,,,,,,,,,
INV-94006,Credit Card,30-Apr-24,,,,,,,,,,,
INV-28121,ACH Transfer,17-Apr-24,,,,,,,,,,,
INV-33777,Credit Card,6-May-24,,,,,,,,,,,
INV-64725,ACH Transfer,21-Apr-24,,,,,,,,,,,
INV-65977,Wire Transfer,29-Apr-24,,,,,,,,,,,
INV-88200,Check,19-Apr-24,,,,,,,,,,,
INV-38460,Wire Transfer,1-May-24,,,,,,,,,,,
INV-68941,Wire Transfer,10-Apr-24,,,,,,,,,,,
INV-84434,Credit Card,19-Apr-24,,,,,,,,,,,
INV-55368,Wire Transfer,1-May-24,,,,,,,,,,,
INV-19317,Credit Card,25-Apr-24,,,,,,,,,,,
INV-50030,Check,10-Apr-24,,,,,,,,,,,
INV-26711,Credit Card,21-Apr-24,,,,,,,,,,,
INV-16668,Credit Card,1-May-24,,,,,,,,,,,
INV-36835,Credit Card,20-Apr-24,,,,,,,,,,,
INV-55114,Check,4-May-24,,,,,,,,,,,
INV-78876,Wire Transfer,19-Apr-24,,,,,,,,,,,
INV-47187,ACH Transfer,21-Apr-24,,,,,,,,,,,
INV-15800,Credit Card,12-Apr-24,,,,,,,,,,,
INV-78850,Credit Card,19-Apr-24,,,,,,,,,,,
INV-70677,ACH Transfer,19-Apr-24,,,,,,,,,,,
INV-66704,ACH Transfer,28-Apr-24,,,,,,,,,,,
INV-74573,Wire Transfer,12-Apr-24,,,,,,,,,,,
INV-10909,Credit Card,16-Apr-24,,,,,,,,,,,
INV-94732,Check,30-Apr-24,,,,,,,,,,,
INV-85415,Credit Card,25-Apr-24,,,,,,,,,,,
INV-88547,ACH Transfer,16-Apr-24,,,,,,,,,,,
INV-90162,Check,11-Apr-24,,,,,,,,,,,
INV-16278,Credit Card,9-Apr-24,,,,,,,,,,,
INV-20463,ACH Transfer,13-Apr-24,,,,,,,,,,,
INV-19062,Wire Transfer,21-Apr-24,,,,,,,,,,,
INV-52029,ACH Transfer,4-May-24,,,,,,,,,,,
INV-30639,Check,19-Apr-24,,,,,,,,,,,
INV-94769,Wire Transfer,12-Apr-24,,,,,,,,,,,
INV-89092,ACH Transfer,23-Apr-24,,,,,,,,,,,
INV-53660,Credit Card,27-Apr-24,,,,,,,,,,,
INV-30846,ACH Transfer,24-Apr-24,,,,,,,,,,,
INV-24058,Credit Card,24-Apr-24,,,,,,,,,,,
INV-52045,Credit Card,15-Apr-24,,,,,,,,,,,
INV-52252,Check,30-Apr-24,,,,,,,,,,,
INV-82979,Wire Transfer,28-Apr-24,,,,,,,,,,,
INV-82894,Check,8-Apr-24,,,,,,,,,,,
INV-72957,Credit Card,1-May-24,,,,,,,,,,,
INV-89254,Wire Transfer,2-May-24,,,,,,,,,,,
INV-13726,ACH Transfer,11-Apr-24,,,,,,,,,,,
INV-65500,Credit Card,29-Apr-24,,,,,,,,,,,
INV-29223,Wire Transfer,22-Apr-24,,,,,,,,,,,
INV-74962,ACH Transfer,28-Apr-24,,,,,,,,,,,
INV-50252,ACH Transfer,11-Apr-24,,,,,,,,,,,
INV-41158,Credit Card,26-Apr-24,,,,,,,,,,,
INV-37606,Check,28-Apr-24,,,,,,,,,,,
INV-27136,Wire Transfer,1-May-24,,,,,,,,,,,
INV-16426,ACH Transfer,23-Apr-24,,,,,,,,,,,
INV-22393,Wire Transfer,24-Apr-24,,,,,,,,,,,
INV-31138,Wire Transfer,7-Apr-24,,,,,,,,,,,
INV-33824,Check,3-May-24,,,,,,,,,,,
INV-14843,Wire Transfer,20-Apr-24,,,,,,,,,,,
INV-70611,Credit Card,16-Apr-24,,,,,,,,,,,
INV-46869,Wire Transfer,15-Apr-24,,,,,,,,,,,
INV-32935,ACH Transfer,29-Apr-24,,,,,,,,,,,
INV-66527,ACH Transfer,1-May-24,,,,,,,,,,,
INV-18422,Check,29-Apr-24,,,,,,,,,,,
INV-53152,Wire Transfer,18-Apr-24,,,,,,,,,,,
INV-57699,ACH Transfer,13-Apr-24,,,,,,,,,,,
INV-27537,Wire Transfer,28-Apr-24,,,,,,,,,,,
INV-12639,Credit Card,14-Apr-24,,,,,,,,,,,
INV-78247,Credit Card,27-Apr-24,,,,,,,,,,,
INV-38745,Check,15-Apr-24,,,,,,,,,,,
INV-52066,Wire Transfer,9-Apr-24,,,,,,,,,,,
INV-32136,ACH Transfer,6-May-24,,,,,,,,,,,
INV-85267,ACH Transfer,27-Apr-24,,,,,,,,,,,
INV-42239,ACH Transfer,23-Apr-24,,,,,,,,,,,
INV-48967,ACH Transfer,24-Apr-24,,,,,,,,,,,
INV-26851,Wire Transfer,30-Apr-24,,,,,,,,,,,
INV-96957,Check,21-Apr-24,,,,,,,,,,,
INV-77903,Wire Transfer,3-May-24,,,,,,,,,,,
INV-70993,ACH Transfer,23-Apr-24,,,,,,,,,,,
INV-65729,Credit Card,7-Apr-24,,,,,,,,,,,
INV-91227,Wire Transfer,16-Apr-24,,,,,,,,,,,
INV-83309,ACH Transfer,15-Apr-24,,,,,,,,,,,
INV-67161,Check,29-Apr-24,,,,,,,,,,,
INV-77204,Check,4-May-24,,,,,,,,,,,
INV-73286,Wire Transfer,5-May-24,,,,,,,,,,,
INV-66700,Credit Card,29-Apr-24,,,,,,,,,,,
INV-22500,Wire Transfer,29-Apr-24,,,,,,,,,,,
INV-11335,Credit Card,28-Apr-24,,,,,,,,,,,
INV-97288,Credit Card,5-May-24,,,,,,,,,,,
INV-17998,Wire Transfer,30-Apr-24,,,,,,,,,,,
INV-55562,Wire Transfer,24-Apr-24,,,,,,,,,,,
INV-45315,ACH Transfer,15-Apr-24,,,,,,,,,,,
INV-73331,Wire Transfer,16-Apr-24,,,,,,,,,,,
INV-12432,Check,10-Apr-24,,,,,,,,,,,
INV-63808,ACH Transfer,1-May-24,,,,,,,,,,,
INV-51927,Check,4-May-24,,,,,,,,,,,
INV-90925,Credit Card,30-Apr-24,,,,,,,,,,,
INV-93233,ACH Transfer,18-Apr-24,,,,,,,,,,,
INV-69006,Check,1-May-24,,,,,,,,,,,
INV-48148,Wire Transfer,5-May-24,,,,,,,,,,,
INV-50579,Wire Transfer,18-Apr-24,,,,,,,,,,,
INV-12263,ACH Transfer,6-May-24,,,,,,,,,,,
INV-18934,Credit Card,13-Apr-24,,,,,,,,,,,
INV-93731,Check,12-Apr-24,,,,,,,,,,,
INV-72399,Credit Card,12-Apr-24,,,,,,,,,,,
INV-33453,Credit Card,23-Apr-24,,,,,,,,,,,
INV-75386,Wire Transfer,25-Apr-24,,,,,,,,,,,
INV-67098,Credit Card,19-Apr-24,,,,,,,,,,,
INV-95771,Wire Transfer,18-Apr-24,,,,,,,,,,,
INV-49850,ACH Transfer,12-Apr-24,,,,,,,,,,,
INV-86531,Wire Transfer,2-May-24,,,,,,,,,,,
INV-84588,Credit Card,29-Apr-24,,,,,,,,,,,
INV-83951,Wire Transfer,24-Apr-24,,,,,,,,,,,
INV-29216,ACH Transfer,4-May-24,,,,,,,,,,,
INV-31012,ACH Transfer,24-Apr-24,,,,,,,,,,,
INV-27490,Credit Card,15-Apr-24,,,,,,,,,,,
INV-72065,Check,1-May-24,,,,,,,,,,,
INV-53074,Check,14-Apr-24,,,,,,,,,,,
INV-51762,Check,15-Apr-24,,,,,,,,,,,
INV-60758,ACH Transfer,12-Apr-24,,,,,,,,,,,
INV-84558,Credit Card,23-Apr-24,,,,,,,,,,,
INV-23257,ACH Transfer,15-Apr-24,,,,,,,,,,,
INV-72905,ACH Transfer,14-Apr-24,,,,,,,,,,,
INV-86439,Wire Transfer,30-Apr-24,,,,,,,,,,,
INV-26145,Credit Card,27-Apr-24,,,,,,,,,,,
INV-43121,Check,27-Apr-24,,,,,,,,,,,
INV-61989,Check,19-Apr-24,,,,,,,,,,,
INV-99382,Wire Transfer,20-Apr-24,,,,,,,,,,,
INV-84314,Credit Card,28-Apr-24,,,,,,,,,,,
INV-82744,Wire Transfer,14-Apr-24,,,,,,,,,,,
INV-35174,Wire Transfer,27-Apr-24,,,,,,,,,,,
INV-71851,Check,15-Apr-24,,,,,,,,,,,
INV-26341,ACH Transfer,27-Apr-24,,,,,,,,,,,
INV-84180,ACH Transfer,16-Apr-24,,,,,,,,,,,
INV-58756,Credit Card,20-Apr-24,,,,,,,,,,,
INV-89523,Wire Transfer,28-Apr-24,,,,,,,,,,,
INV-40496,Wire Transfer,24-Apr-24,,,,,,,,,,,
INV-22857,Check,23-Apr-24,,,,,,,,,,,
INV-45052,Wire Transfer,17-Apr-24,,,,,,,,,,,
INV-22052,ACH Transfer,7-Apr-24,,,,,,,,,,,
INV-39780,Check,14-Apr-24,,,,,,,,,,,
INV-66247,Credit Card,11-Apr-24,,,,,,,,,,,
INV-29455,Check,8-Apr-24,,,,,,,,,,,
INV-88530,ACH Transfer,2-May-24,,,,,,,,,,,
INV-56469,ACH Transfer,28-Apr-24,,,,,,,,,,,
INV-26402,ACH Transfer,5-May-24,,,,,,,,,,,
INV-13926,Credit Card,21-Apr-24,,,,,,,,,,,
INV-68240,Credit Card,20-Apr-24,,,,,,,,,,,
INV-21916,Wire Transfer,2-May-24,,,,,,,,,,,
INV-26615,Wire Transfer,17-Apr-24,,,,,,,,,,,
INV-76418,Check,12-Apr-24,,,,,,,,,,,
INV-14065,Wire Transfer,26-Apr-24,,,,,,,,,,,
INV-94964,ACH Transfer,19-Apr-24,,,,,,,,,,,
INV-57102,Wire Transfer,23-Apr-24,,,,,,,,,,,
INV-77200,Credit Card,19-Apr-24,,,,,,,,,,,
INV-24655,Credit Card,3-May-24,,,,,,,,,,,
INV-69669,Credit Card,7-Apr-24,,,,,,,,,,,
INV-66549,Credit Card,20-Apr-24,,,,,,,,,,,
INV-30722,ACH Transfer,30-Apr-24,,,,,,,,,,,
INV-96201,Credit Card,23-Apr-24,,,,,,,,,,,
INV-75226,Check,6-May-24,,,,,,,,,,,
INV-58011,Credit Card,4-May-24,,,,,,,,,,,
INV-71217,ACH Transfer,23-Apr-24,,,,,,,,,,,
INV-46575,ACH Transfer,8-Apr-24,,,,,,,,,,,
INV-58330,Check,8-Apr-24,,,,,,,,,,,
INV-78790,Wire Transfer,22-Apr-24,,,,,,,,,,,
INV-33736,ACH Transfer,22-Apr-24,,,,,,,,,,,
INV-45466,Check,4-May-24,,,,,,,,,,,
INV-68623,Credit Card,30-Apr-24,,,,,,,,,,,
INV-43865,Wire Transfer,5-May-24,,,,,,,,,,,
INV-53366,Credit Card,23-Apr-24,,,,,,,,,,,
INV-86983,Check,14-Apr-24,,,,,,,,,,,
INV-32933,ACH Transfer,9-Apr-24,,,,,,,,,,,
INV-50647,Credit Card,28-Apr-24,,,,,,,,,,,
INV-83561,Check,15-Apr-24,,,,,,,,,,,
INV-23239,Wire Transfer,20-Apr-24,,,,,,,,,,,
INV-45945,Credit Card,29-Apr-24,,,,,,,,,,,
INV-42742,Check,2-May-24,,,,,,,,,,,
INV-17451,Wire Transfer,14-Apr-24,,,,,,,,,,,
INV-26363,Check,11-Apr-24,,,,,,,,,,,
INV-73798,Credit Card,23-Apr-24,,,,,,,,,,,
INV-37243,Wire Transfer,15-Apr-24,,,,,,,,,,,
INV-49414,ACH Transfer,7-Apr-24,,,,,,,,,,,
INV-15640,Credit Card,5-May-24,,,,,,,,,,,
INV-30872,Check,28-Apr-24,,,,,,,,,,,
INV-11220,Check,23-Apr-24,,,,,,,,,,,
INV-22612,Wire Transfer,11-Apr-24,,,,,,,,,,,
INV-80381,ACH Transfer,11-Apr-24,,,,,,,,,,,
INV-56322,Wire Transfer,13-Apr-24,,,,,,,,,,,
INV-97368,Credit Card,26-Apr-24,,,,,,,,,,,
INV-90052,ACH Transfer,10-Apr-24,,,,,,,,,,,
INV-19531,Wire Transfer,30-Apr-24,,,,,,,,,,,
INV-63631,Wire Transfer,3-May-24,,,,,,,,,,,
INV-28086,Check,10-Apr-24,,,,,,,,,,,
INV-66682,Wire Transfer,5-May-24,,,,,,,,,,,
INV-14103,Credit Card,21-Apr-24,,,,,,,,,,,
INV-86385,Check,6-May-24,,,,,,,,,,,
INV-97042,Credit Card,30-Apr-24,,,,,,,,,,,
INV-13045,Credit Card,14-Apr-24,,,,,,,,,,,
INV-54860,Wire Transfer,22-Apr-24,,,,,,,,,,,
INV-22775,Wire Transfer,26-Apr-24,,,,,,,,,,,
INV-64864,ACH Transfer,20-Apr-24,,,,,,,,,,,
INV-16237,ACH Transfer,2-May-24,,,,,,,,,,,
INV-57151,Wire Transfer,23-Apr-24,,,,,,,,,,,
INV-63620,Wire Transfer,5-May-24,,,,,,,,,,,
INV-34323,Wire Transfer,16-Apr-24,,,,,,,,,,,
INV-35234,Check,2-May-24,,,,,,,,,,,
INV-37307,ACH Transfer,7-Apr-24,,,,,,,,,,,
INV-19007,Wire Transfer,20-Apr-24,,,,,,,,,,,
INV-55411,Credit Card,9-Apr-24,,,,,,,,,,,
INV-87792,Check,17-Apr-24,,,,,,,,,,,
INV-14214,Check,14-Apr-24,,,,,,,,,,,
INV-87552,Credit Card,18-Apr-24,,,,,,,,,,,
INV-13814,Credit Card,28-Apr-24,,,,,,,,,,,
INV-51470,Wire Transfer,20-Apr-24,,,,,,,,,,,
INV-28965,Check,11-Apr-24,,,,,,,,,,,
INV-72813,Credit Card,24-Apr-24,,,,,,,,,,,
INV-46149,Credit Card,10-Apr-24,,,,,,,,,,,
INV-20650,ACH Transfer,8-Apr-24,,,,,,,,,,,
INV-89783,Credit Card,5-May-24,,,,,,,,,,,
INV-62186,Check,16-Apr-24,,,,,,,,,,,
INV-98367,ACH Transfer,16-Apr-24,,,,,,,,,,,
INV-23798,ACH Transfer,19-Apr-24,,,,,,,,,,,
INV-17524,ACH Transfer,26-Apr-24,,,,,,,,,,,
INV-99183,Check,30-Apr-24,,,,,,,,,,,
INV-38143,Wire Transfer,3-May-24,,,,,,,,,,,
INV-90047,Credit Card,1-May-24,,,,,,,,,,,
INV-62218,Credit Card,25-Apr-24,,,,,,,,,,,
INV-26571,ACH Transfer,25-Apr-24,,,,,,,,,,,
INV-26102,ACH Transfer,11-Apr-24,,,,,,,,,,,
INV-63773,Wire Transfer,20-Apr-24,,,,,,,,,,,
INV-15542,Credit Card,8-Apr-24,,,,,,,,,,,
INV-91399,Wire Transfer,18-Apr-24,,,,,,,,,,,
INV-59233,ACH Transfer,27-Apr-24,,,,,,,,,,,
INV-93833,ACH Transfer,1-May-24,,,,,,,,,,,
INV-71012,Check,5-May-24,,,,,,,,,,,
INV-98671,Check,22-Apr-24,,,,,,,,,,,
INV-52078,Wire Transfer,23-Apr-24,,,,,,,,,,,
INV-44878,Wire Transfer,9-Apr-24,,,,,,,,,,,
INV-45133,Credit Card,22-Apr-24,,,,,,,,,,,
INV-74206,Wire Transfer,8-Apr-24,,,,,,,,,,,
INV-33477,Wire Transfer,3-May-24,,,,,,,,,,,
INV-88527,Wire Transfer,22-Apr-24,,,,,,,,,,,
INV-63708,Wire Transfer,30-Apr-24,,,,,,,,,,,
INV-17005,ACH Transfer,23-Apr-24,,,,,,,,,,,
INV-53500,Check,2-May-24,,,,,,,,,,,
INV-90823,Wire Transfer,23-Apr-24,,,,,,,,,,,
INV-54290,Credit Card,22-Apr-24,,,,,,,,,,,
INV-78793,Credit Card,28-Apr-24,,,,,,,,,,,
INV-75757,Credit Card,21-Apr-24,,,,,,,,,,,
INV-15125,ACH Transfer,19-Apr-24,,,,,,,,,,,
INV-90351,Wire Transfer,15-Apr-24,,,,,,,,,,,
INV-88781,Wire Transfer,1-May-24,,,,,,,,,,,
INV-78058,ACH Transfer,25-Apr-24,,,,,,,,,,,
INV-22574,Wire Transfer,1-May-24,,,,,,,,,,,
INV-34029,Wire Transfer,10-Apr-24,,,,,,,,,,,
INV-22125,ACH Transfer,8-Apr-24,,,,,,,,,,,
INV-30187,Check,12-Apr-24,,,,,,,,,,,
INV-17898,ACH Transfer,13-Apr-24,,,,,,,,,,,
INV-25839,Wire Transfer,5-May-24,,,,,,,,,,,
INV-50956,Check,2-May-24,,,,,,,,,,,
INV-31876,Check,28-Apr-24,,,,,,,,,,,
INV-39800,Wire Transfer,28-Apr-24,,,,,,,,,,,
INV-24396,Credit Card,30-Apr-24,,,,,,,,,,,
INV-85445,ACH Transfer,10-Apr-24,,,,,,,,,,,
INV-54951,Wire Transfer,16-Apr-24,,,,,,,,,,,
INV-28388,Credit Card,8-Apr-24,,,,,,,,,,,
INV-34212,Check,20-Apr-24,,,,,,,,,,,
INV-39502,Credit Card,16-Apr-24,,,,,,,,,,,
INV-20516,Check,18-Apr-24,,,,,,,,,,,
INV-60730,Check,6-May-24,,,,,,,,,,,
INV-20157,Check,2-May-24,,,,,,,,,,,
INV-76233,ACH Transfer,12-Apr-24,,,,,,,,,,,
INV-95105,Credit Card,11-Apr-24,,,,,,,,,,,
INV-93637,Wire Transfer,11-Apr-24,,,,,,,,,,,
INV-30426,Check,12-Apr-24,,,,,,,,,,,
INV-71344,Wire Transfer,5-May-24,,,,,,,,,,,
INV-71942,ACH Transfer,29-Apr-24,,,,,,,,,,,
INV-64167,ACH Transfer,4-May-24,,,,,,,,,,,
INV-77462,Check,8-Apr-24,,,,,,,,,,,
INV-74091,Credit Card,30-Apr-24,,,,,,,,,,,
INV-18039,Check,4-May-24,,,,,,,,,,,
INV-69616,Check,29-Apr-24,,,,,,,,,,,
INV-96541,Check,15-Apr-24,,,,,,,,,,,
INV-83147,Credit Card,16-Apr-24,,,,,,,,,,,
INV-55603,ACH Transfer,4-May-24,,,,,,,,,,,
INV-15749,Check,1-May-24,,,,,,,,,,,
INV-14248,Check,3-May-24,,,,,,,,,,,
INV-30108,ACH Transfer,27-Apr-24,,,,,,,,,,,
INV-95441,ACH Transfer,7-Apr-24,,,,,,,,,,,
INV-66133,Wire Transfer,18-Apr-24,,,,,,,,,,,
INV-96015,Credit Card,26-Apr-24,,,,,,,,,,,
INV-98543,Wire Transfer,25-Apr-24,,,,,,,,,,,
INV-57466,Check,17-Apr-24,,,,,,,,,,,
INV-71970,Wire Transfer,22-Apr-24,,,,,,,,,,,
INV-14999,Wire Transfer,20-Apr-24,,,,,,,,,,,
INV-72616,ACH Transfer,12-Apr-24,,,,,,,,,,,
INV-78831,Credit Card,22-Apr-24,,,,,,,,,,,
INV-73347,Check,24-Apr-24,,,,,,,,,,,
INV-77741,Check,1-May-24,,,,,,,,,,,
INV-52380,Credit Card,2-May-24,,,,,,,,,,,
INV-38011,ACH Transfer,30-Apr-24,,,,,,,,,,,
INV-77508,Credit Card,9-Apr-24,,,,,,,,,,,
INV-97513,Credit Card,5-May-24,,,,,,,,,,,
INV-66439,ACH Transfer,14-Apr-24,,,,,,,,,,,
INV-29025,ACH Transfer,14-Apr-24,,,,,,,,,,,
INV-95923,Credit Card,10-Apr-24,,,,,,,,,,,
INV-71811,Credit Card,6-May-24,,,,,,,,,,,
INV-36201,Credit Card,13-Apr-24,,,,,,,,,,,
INV-40816,Wire Transfer,26-Apr-24,,,,,,,,,,,
INV-83341,Credit Card,15-Apr-24,,,,,,,,,,,
INV-40830,Wire Transfer,18-Apr-24,,,,,,,,,,,
INV-41392,Credit Card,4-May-24,,,,,,,,,,,
INV-70596,Check,14-Apr-24,,,,,,,,,,,
INV-42270,Credit Card,21-Apr-24,,,,,,,,,,,
INV-87374,Credit Card,26-Apr-24,,,,,,,,,,,
INV-27906,Check,8-Apr-24,,,,,,,,,,,
INV-47392,ACH Transfer,30-Apr-24,,,,,,,,,,,
INV-49139,Credit Card,3-May-24,,,,,,,,,,,
INV-92149,ACH Transfer,16-Apr-24,,,,,,,,,,,
INV-20707,Check,15-Apr-24,,,,,,,,,,,
INV-28025,ACH Transfer,29-Apr-24,,,,,,,,,,,
INV-50035,Wire Transfer,1-May-24,,,,,,,,,,,
INV-41415,ACH Transfer,1-May-24,,,,,,,,,,,
INV-27699,Check,24-Apr-24,,,,,,,,,,,
INV-74843,Check,20-Apr-24,,,,,,,,,,,
INV-55967,Check,18-Apr-24,,,,,,,,,,,
INV-61447,Wire Transfer,13-Apr-24,,,,,,,,,,,
INV-50722,Wire Transfer,18-Apr-24,,,,,,,,,,,
INV-10893,Wire Transfer,12-Apr-24,,,,,,,,,,,
INV-98706,Credit Card,9-Apr-24,,,,,,,,,,,
INV-47820,Credit Card,30-Apr-24,,,,,,,,,,,
INV-42551,Wire Transfer,13-Apr-24,,,,,,,,,,,
INV-24875,Credit Card,5-May-24,,,,,,,,,,,
INV-64981,Wire Transfer,21-Apr-24,,,,,,,,,,,
INV-42219,Check,21-Apr-24,,,,,,,,,,,
INV-67827,ACH Transfer,15-Apr-24,,,,,,,,,,,
INV-15860,Check,1-May-24,,,,,,,,,,,
INV-52680,ACH Transfer,18-Apr-24,,,,,,,,,,,
INV-29038,Credit Card,2-May-24,,,,,,,,,,,
INV-11736,Wire Transfer,4-May-24,,,,,,,,,,,
INV-56141,Wire Transfer,5-May-24,,,,,,,,,,,
INV-11203,Check,16-Apr-24,,,,,,,,,,,
INV-32990,Wire Transfer,10-Apr-24,,,,,,,,,,,
INV-11841,Wire Transfer,11-Apr-24,,,,,,,,,,,
INV-88984,Credit Card,10-Apr-24,,,,,,,,,,,
INV-53006,ACH Transfer,14-Apr-24,,,,,,,,,,,
INV-30153,Credit Card,13-Apr-24,,,,,,,,,,,
INV-20845,ACH Transfer,7-Apr-24,,,,,,,,,,,
INV-13085,ACH Transfer,22-Apr-24,,,,,,,,,,,
INV-21463,Wire Transfer,11-Apr-24,,,,,,,,,,,
INV-26486,Wire Transfer,23-Apr-24,,,,,,,,,,,
INV-27367,Wire Transfer,17-Apr-24,,,,,,,,,,,
INV-78125,Credit Card,1-May-24,,,,,,,,,,,
INV-70247,ACH Transfer,10-Apr-24,,,,,,,,,,,
INV-71048,Wire Transfer,3-May-24,,,,,,,,,,,
INV-88852,ACH Transfer,9-Apr-24,,,,,,,,,,,
INV-34964,Credit Card,5-May-24,,,,,,,,,,,
INV-77768,Check,5-May-24,,,,,,,,,,,
INV-43144,Wire Transfer,9-Apr-24,,,,,,,,,,,
INV-60876,ACH Transfer,29-Apr-24,,,,,,,,,,,
INV-32008,ACH Transfer,4-May-24,,,,,,,,,,,
INV-19247,ACH Transfer,15-Apr-24,,,,,,,,,,,
INV-44604,ACH Transfer,18-Apr-24,,,,,,,,,,,
INV-57607,ACH Transfer,11-Apr-24,,,,,,,,,,,
INV-12864,Credit Card,30-Apr-24,,,,,,,,,,,
INV-65611,Credit Card,26-Apr-24,,,,,,,,,,,
INV-53490,ACH Transfer,30-Apr-24,,,,,,,,,,,
INV-58324,Check,7-Apr-24,,,,,,,,,,,
INV-74080,Check,20-Apr-24,,,,,,,,,,,
INV-94297,Check,5-May-24,,,,,,,,,,,
INV-28712,Wire Transfer,20-Apr-24,,,,,,,,,,,
INV-82010,Wire Transfer,17-Apr-24,,,,,,,,,,,
INV-23927,Check,6-May-24,,,,,,,,,,,
INV-35290,Wire Transfer,30-Apr-24,,,,,,,,,,,
INV-44187,Credit Card,5-May-24,,,,,,,,,,,
INV-28041,Check,30-Apr-24,,,,,,,,,,,
INV-10937,Wire Transfer,22-Apr-24,,,,,,,,,,,
INV-87178,Credit Card,29-Apr-24,,,,,,,,,,,
INV-43721,ACH Transfer,14-Apr-24,,,,,,,,,,,
INV-93103,Credit Card,3-May-24,,,,,,,,,,,
INV-42741,Check,19-Apr-24,,,,,,,,,,,
INV-95705,Credit Card,23-Apr-24,,,,,,,,,,,
INV-88374,Credit Card,16-Apr-24,,,,,,,,,,,
INV-58898,Wire Transfer,23-Apr-24,,,,,,,,,,,
INV-25862,ACH Transfer,20-Apr-24,,,,,,,,,,,
INV-31117,Wire Transfer,9-Apr-24,,,,,,,,,,,
INV-99863,Credit Card,4-May-24,,,,,,,,,,,
INV-12220,Check,9-Apr-24,,,,,,,,,,,
INV-45531,Credit Card,16-Apr-24,,,,,,,,,,,
INV-68113,Credit Card,29-Apr-24,,,,,,,,,,,
INV-73557,ACH Transfer,12-Apr-24,,,,,,,,,,,
INV-97163,Check,9-Apr-24,,,,,,,,,,,
INV-90245,Wire Transfer,8-Apr-24,,,,,,,,,,,
INV-52688,Check,15-Apr-24,,,,,,,,,,,
INV-82523,Check,19-Apr-24,,,,,,,,,,,
INV-46144,ACH Transfer,7-Apr-24,,,,,,,,,,,
INV-33068,Wire Transfer,8-Apr-24,,,,,,,,,,,
INV-42355,Credit Card,26-Apr-24,,,,,,,,,,,
INV-76299,Credit Card,16-Apr-24,,,,,,,,,,,
INV-77969,ACH Transfer,4-May-24,,,,,,,,,,,
INV-93329,Wire Transfer,26-Apr-24,,,,,,,,,,,
INV-45546,Wire Transfer,18-Apr-24,,,,,,,,,,,
INV-31118,Check,6-May-24,,,,,,,,,,,
INV-39990,Credit Card,3-May-24,,,,,,,,,,,
INV-97908,Credit Card,12-Apr-24,,,,,,,,,,,
INV-79894,Check,23-Apr-24,,,,,,,,,,,
INV-83064,Wire Transfer,21-Apr-24,,,,,,,,,,,
INV-89601,Wire Transfer,8-Apr-24,,,,,,,,,,,
INV-20605,ACH Transfer,14-Apr-24,,,,,,,,,,,
INV-59162,Check,20-Apr-24,,,,,,,,,,,
INV-83760,Check,13-Apr-24,,,,,,,,,,,
INV-38796,ACH Transfer,18-Apr-24,,,,,,,,,,,
INV-97281,ACH Transfer,20-Apr-24,,,,,,,,,,,
INV-20735,Credit Card,12-Apr-24,,,,,,,,,,,
INV-23511,ACH Transfer,7-Apr-24,,,,,,,,,,,
INV-33591,ACH Transfer,10-Apr-24,,,,,,,,,,,
INV-50149,Check,20-Apr-24,,,,,,,,,,,
INV-92383,ACH Transfer,17-Apr-24,,,,,,,,,,,
INV-82948,Check,1-May-24,,,,,,,,,,,
INV-93881,Check,26-Apr-24,,,,,,,,,,,
INV-33945,Credit Card,28-Apr-24,,,,,,,,,,,
INV-69390,Check,3-May-24,,,,,,,,,,,
INV-33857,Wire Transfer,18-Apr-24,,,,,,,,,,,
INV-79369,ACH Transfer,14-Apr-24,,,,,,,,,,,
INV-86993,ACH Transfer,8-Apr-24,,,,,,,,,,,
INV-37393,Credit Card,14-Apr-24,,,,,,,,,,,
INV-53707,Credit Card,24-Apr-24,,,,,,,,,,,
INV-98585,ACH Transfer,24-Apr-24,,,,,,,,,,,
INV-31086,Check,1-May-24,,,,,,,,,,,
INV-13615,Wire Transfer,28-Apr-24,,,,,,,,,,,
INV-27938,Wire Transfer,16-Apr-24,,,,,,,,,,,
INV-10243,Credit Card,25-Apr-24,,,,,,,,,,,
INV-57888,Wire Transfer,26-Apr-24,,,,,,,,,,,
INV-26745,ACH Transfer,11-Apr-24,,,,,,,,,,,
INV-21367,Credit Card,20-Apr-24,,,,,,,,,,,
INV-93270,Check,4-May-24,,,,,,,,,,,
INV-98283,Wire Transfer,28-Apr-24,,,,,,,,,,,
INV-52528,Credit Card,30-Apr-24,,,,,,,,,,,
INV-26623,Check,16-Apr-24,,,,,,,,,,,
INV-52017,Wire Transfer,20-Apr-24,,,,,,,,,,,
INV-30120,Wire Transfer,6-May-24,,,,,,,,,,,
INV-53952,Check,19-Apr-24,,,,,,,,,,,
INV-37835,Wire Transfer,28-Apr-24,,,,,,,,,,,
INV-56735,Credit Card,16-Apr-24,,,,,,,,,,,
INV-80623,Check,5-May-24,,,,,,,,,,,
INV-33657,ACH Transfer,10-Apr-24,,,,,,,,,,,
INV-79140,ACH Transfer,12-Apr-24,,,,,,,,,,,
INV-97346,Wire Transfer,22-Apr-24,,,,,,,,,,,
INV-70175,Credit Card,6-May-24,,,,,,,,,,,
INV-55536,Check,27-Apr-24,,,,,,,,,,,
INV-27401,Credit Card,2-May-24,,,,,,,,,,,
INV-97476,Wire Transfer,17-Apr-24,,,,,,,,,,,
INV-34145,Wire Transfer,30-Apr-24,,,,,,,,,,,
INV-40572,ACH Transfer,8-Apr-24,,,,,,,,,,,
INV-31275,Wire Transfer,21-Apr-24,,,,,,,,,,,
INV-38739,ACH Transfer,27-Apr-24,,,,,,,,,,,
INV-16530,Check,26-Apr-24,,,,,,,,,,,
INV-81603,Credit Card,10-Apr-24,,,,,,,,,,,
INV-19347,Wire Transfer,20-Apr-24,,,,,,,,,,,
INV-97656,Credit Card,18-Apr-24,,,,,,,,,,,
INV-23180,Credit Card,18-Apr-24,,,,,,,,,,,
INV-79654,ACH Transfer,3-May-24,,,,,,,,,,,
INV-63353,ACH Transfer,20-Apr-24,,,,,,,,,,,
INV-94043,Credit Card,14-Apr-24,,,,,,,,,,,
INV-95062,ACH Transfer,23-Apr-24,,,,,,,,,,,
INV-92987,Check,27-Apr-24,,,,,,,,,,,
INV-28496,ACH Transfer,2-May-24,,,,,,,,,,,
INV-87067,Check,1-May-24,,,,,,,,,,,
INV-42132,Credit Card,18-Apr-24,,,,,,,,,,,
INV-13279,Wire Transfer,12-Apr-24,,,,,,,,,,,
INV-31311,ACH Transfer,16-Apr-24,,,,,,,,,,,
INV-49817,Check,14-Apr-24,,,,,,,,,,,
INV-97256,Credit Card,10-Apr-24,,,,,,,,,,,
INV-34417,ACH Transfer,16-Apr-24,,,,,,,,,,,
INV-38700,ACH Transfer,30-Apr-24,,,,,,,,,,,
INV-68209,ACH Transfer,19-Apr-24,,,,,,,,,,,
INV-81640,Check,5-May-24,,,,,,,,,,,
INV-51508,Check,28-Apr-24,,,,,,,,,,,
INV-65615,ACH Transfer,7-Apr-24,,,,,,,,,,,
INV-59516,Credit Card,16-Apr-24,,,,,,,,,,,
INV-21247,Credit Card,10-Apr-24,,,,,,,,,,,
INV-62107,Wire Transfer,11-Apr-24,,,,,,,,,,,
INV-49177,ACH Transfer,23-Apr-24,,,,,,,,,,,
INV-78016,Credit Card,11-Apr-24,,,,,,,,,,,
INV-59256,Wire Transfer,26-Apr-24,,,,,,,,,,,
INV-63702,Wire Transfer,6-May-24,,,,,,,,,,,
INV-14946,Check,20-Apr-24,,,,,,,,,,,
INV-34817,Credit Card,22-Apr-24,,,,,,,,,,,
INV-58589,Credit Card,21-Apr-24,,,,,,,,,,,
INV-49339,Credit Card,18-Apr-24,,,,,,,,,,,
INV-19455,Credit Card,22-Apr-24,,,,,,,,,,,
INV-62709,Check,24-Apr-24,,,,,,,,,,,
INV-97966,Wire Transfer,26-Apr-24,,,,,,,,,,,
INV-35568,Credit Card,2-May-24,,,,,,,,,,,
INV-42637,Credit Card,18-Apr-24,,,,,,,,,,,
INV-52882,Check,3-May-24,,,,,,,,,,,
INV-83768,Wire Transfer,26-Apr-24,,,,,,,,,,,
INV-10028,Wire Transfer,4-May-24,,,,,,,,,,,
INV-48288,Credit Card,24-Apr-24,,,,,,,,,,,
INV-86660,Check,13-Apr-24,,,,,,,,,,,
INV-64981,Credit Card,27-Apr-24,,,,,,,,,,,
INV-55040,Check,20-Apr-24,,,,,,,,,,,
INV-66672,Credit Card,18-Apr-24,,,,,,,,,,,
INV-45264,Wire Transfer,30-Apr-24,,,,,,,,,,,
INV-92973,Check,10-Apr-24,,,,,,,,,,,
INV-43696,Wire Transfer,21-Apr-24,,,,,,,,,,,
INV-30460,Check,2-May-24,,,,,,,,,,,
INV-47466,Wire Transfer,12-Apr-24,,,,,,,,,,,
INV-94941,Wire Transfer,27-Apr-24,,,,,,,,,,,
INV-19523,ACH Transfer,17-Apr-24,,,,,,,,,,,
INV-75635,Wire Transfer,8-Apr-24,,,,,,,,,,,
INV-70361,Wire Transfer,26-Apr-24,,,,,,,,,,,
INV-60442,Credit Card,14-Apr-24,,,,,,,,,,,
INV-48192,Check,25-Apr-24,,,,,,,,,,,
INV-39896,Check,23-Apr-24,,,,,,,,,,,
INV-93474,Wire Transfer,11-Apr-24,,,,,,,,,,,
INV-25648,Wire Transfer,27-Apr-24,,,,,,,,,,,
INV-39494,ACH Transfer,16-Apr-24,,,,,,,,,,,
INV-13249,Credit Card,30-Apr-24,,,,,,,,,,,
INV-91367,ACH Transfer,25-Apr-24,,,,,,,,,,,
INV-12871,ACH Transfer,13-Apr-24,,,,,,,,,,,
INV-25850,Credit Card,25-Apr-24,,,,,,,,,,,
INV-11572,Wire Transfer,28-Apr-24,,,,,,,,,,,
INV-29709,Credit Card,28-Apr-24,,,,,,,,,,,
INV-96304,Check,6-May-24,,,,,,,,,,,
INV-13224,Wire Transfer,24-Apr-24,,,,,,,,,,,
INV-47587,ACH Transfer,22-Apr-24,,,,,,,,,,,
INV-66538,ACH Transfer,22-Apr-24,,,,,,,,,,,
INV-85194,Check,4-May-24,,,,,,,,,,,
INV-25682,Wire Transfer,28-Apr-24,,,,,,,,,,,
INV-52050,Check,18-Apr-24,,,,,,,,,,,
INV-48271,Credit Card,13-Apr-24,,,,,,,,,,,
INV-39319,ACH Transfer,12-Apr-24,,,,,,,,,,,
INV-21355,ACH Transfer,14-Apr-24,,,,,,,,,,,
INV-77303,ACH Transfer,24-Apr-24,,,,,,,,,,,
INV-48398,Wire Transfer,2-May-24,,,,,,,,,,,
INV-26118,Check,23-Apr-24,,,,,,,,,,,
INV-43936,Check,8-Apr-24,,,,,,,,,,,
INV-40780,Wire Transfer,17-Apr-24,,,,,,,,,,,
INV-63322,Wire Transfer,11-Apr-24,,,,,,,,,,,
INV-64414,Credit Card,27-Apr-24,,,,,,,,,,,
INV-23767,Wire Transfer,18-Apr-24,,,,,,,,,,,
INV-26644,Wire Transfer,23-Apr-24,,,,,,,,,,,
INV-25515,Check,8-Apr-24,,,,,,,,,,,
INV-99115,ACH Transfer,19-Apr-24,,,,,,,,,,,
INV-37953,Credit Card,4-May-24,,,,,,,,,,,
INV-30249,Wire Transfer,7-Apr-24,,,,,,,,,,,
INV-95777,Wire Transfer,20-Apr-24,,,,,,,,,,,
INV-55211,ACH Transfer,6-May-24,,,,,,,,,,,
INV-70269,Wire Transfer,17-Apr-24,,,,,,,,,,,
INV-75350,Wire Transfer,25-Apr-24,,,,,,,,,,,
INV-72668,Check,8-Apr-24,,,,,,,,,,,
INV-50591,Check,5-May-24,,,,,,,,,,,
INV-75055,Check,28-Apr-24,,,,,,,,,,,
INV-93452,Check,22-Apr-24,,,,,,,,,,,
INV-92584,ACH Transfer,11-Apr-24,,,,,,,,,,,
INV-51803,Check,19-Apr-24,,,,,,,,,,,
INV-36210,ACH Transfer,9-Apr-24,,,,,,,,,,,
INV-96599,Wire Transfer,4-May-24,,,,,,,,,,,
INV-87099,Credit Card,2-May-24,,,,,,,,,,,
INV-52187,Check,25-Apr-24,,,,,,,,,,,
INV-96897,ACH Transfer,11-Apr-24,,,,,,,,,,,
INV-29620,Check,29-Apr-24,,,,,,,,,,,
INV-47252,ACH Transfer,20-Apr-24,,,,,,,,,,,
INV-33254,Wire Transfer,22-Apr-24,,,,,,,,,,,
INV-40952,Wire Transfer,24-Apr-24,,,,,,,,,,,
INV-26143,Credit Card,18-Apr-24,,,,,,,,,,,
INV-73370,Credit Card,21-Apr-24,,,,,,,,,,,
INV-54830,Wire Transfer,4-May-24,,,,,,,,,,,
INV-10361,Check,29-Apr-24,,,,,,,,,,,
INV-38528,Check,10-Apr-24,,,,,,,,,,,
INV-35982,Credit Card,24-Apr-24,,,,,,,,,,,
INV-79810,Credit Card,14-Apr-24,,,,,,,,,,,
INV-47495,Credit Card,24-Apr-24,,,,,,,,,,,
INV-92049,Wire Transfer,24-Apr-24,,,,,,,,,,,
INV-27868,Credit Card,30-Apr-24,,,,,,,,,,,
INV-16051,ACH Transfer,24-Apr-24,,,,,,,,,,,
INV-36106,Credit Card,18-Apr-24,,,,,,,,,,,
INV-39312,Credit Card,24-Apr-24,,,,,,,,,,,
INV-54581,Credit Card,18-Apr-24,,,,,,,,,,,
INV-81426,Credit Card,17-Apr-24,,,,,,,,,,,
INV-12901,Check,15-Apr-24,,,,,,,,,,,
INV-89721,Check,2-May-24,,,,,,,,,,,
INV-74889,Check,9-Apr-24,,,,,,,,,,,
INV-89474,Credit Card,5-May-24,,,,,,,,,,,
INV-20327,Wire Transfer,21-Apr-24,,,,,,,,,,,
INV-45604,Credit Card,2-May-24,,,,,,,,,,,
INV-65410,Check,27-Apr-24,,,,,,,,,,,
INV-40903,Wire Transfer,4-May-24,,,,,,,,,,,
INV-77612,Check,3-May-24,,,,,,,,,,,
INV-18694,Credit Card,7-Apr-24,,,,,,,,,,,
INV-84563,Check,28-Apr-24,,,,,,,,,,,
INV-55081,Check,30-Apr-24,,,,,,,,,,,
INV-69916,Check,17-Apr-24,,,,,,,,,,,
INV-71684,Credit Card,25-Apr-24,,,,,,,,,,,
INV-46203,Wire Transfer,21-Apr-24,,,,,,,,,,,
INV-47026,Check,22-Apr-24,,,,,,,,,,,
INV-74300,ACH Transfer,15-Apr-24,,,,,,,,,,,
INV-68858,Wire Transfer,28-Apr-24,,,,,,,,,,,
INV-70163,Credit Card,17-Apr-24,,,,,,,,,,,
INV-93067,Wire Transfer,13-Apr-24,,,,,,,,,,,
INV-19934,Wire Transfer,20-Apr-24,,,,,,,,,,,
INV-56333,Check,26-Apr-24,,,,,,,,,,,
INV-84222,Credit Card,27-Apr-24,,,,,,,,,,,
INV-55209,Check,22-Apr-24,,,,,,,,,,,
INV-97680,Wire Transfer,6-May-24,,,,,,,,,,,
INV-48861,Wire Transfer,5-May-24,,,,,,,,,,,
INV-82249,Credit Card,25-Apr-24,,,,,,,,,,,
INV-54228,Credit Card,5-May-24,,,,,,,,,,,
INV-34705,Check,1-May-24,,,,,,,,,,,
INV-54857,ACH Transfer,17-Apr-24,,,,,,,,,,,
INV-16046,Check,3-May-24,,,,,,,,,,,
INV-26775,Credit Card,8-Apr-24,,,,,,,,,,,
INV-64679,ACH Transfer,12-Apr-24,,,,,,,,,,,
INV-95994,ACH Transfer,14-Apr-24,,,,,,,,,,,
INV-22174,ACH Transfer,26-Apr-24,,,,,,,,,,,
INV-24623,Wire Transfer,24-Apr-24,,,,,,,,,,,
INV-89374,Credit Card,10-Apr-24,,,,,,,,,,,
INV-92101,ACH Transfer,22-Apr-24,,,,,,,,,,,
INV-24377,ACH Transfer,5-May-24,,,,,,,,,,,
INV-35875,ACH Transfer,22-Apr-24,,,,,,,,,,,
INV-27555,Credit Card,1-May-24,,,,,,,,,,,
INV-26544,Wire Transfer,11-Apr-24,,,,,,,,,,,
INV-25079,Credit Card,17-Apr-24,,,,,,,,,,,
INV-53222,Credit Card,21-Apr-24,,,,,,,,,,,
INV-99263,Check,22-Apr-24,,,,,,,,,,,
INV-54869,ACH Transfer,3-May-24,,,,,,,,,,,
INV-66248,Credit Card,15-Apr-24,,,,,,,,,,,
INV-16383,Wire Transfer,23-Apr-24,,,,,,,,,,,
INV-62546,Wire Transfer,21-Apr-24,,,,,,,,,,,
INV-65259,ACH Transfer,20-Apr-24,,,,,,,,,,,
INV-83392,Credit Card,27-Apr-24,,,,,,,,,,,
INV-58179,Check,8-Apr-24,,,,,,,,,,,
INV-64575,Wire Transfer,15-Apr-24,,,,,,,,,,,
INV-70033,Check,28-Apr-24,,,,,,,,,,,
INV-85486,Wire Transfer,20-Apr-24,,,,,,,,,,,
INV-55471,ACH Transfer,8-Apr-24,,,,,,,,,,,
INV-28167,ACH Transfer,11-Apr-24,,,,,,,,,,,
INV-34373,ACH Transfer,25-Apr-24,,,,,,,,,,,
INV-13746,Credit Card,24-Apr-24,,,,,,,,,,,
INV-49554,Check,19-Apr-24,,,,,,,,,,,
INV-54569,Wire Transfer,27-Apr-24,,,,,,,,,,,
INV-32747,Credit Card,3-May-24,,,,,,,,,,,
INV-49493,Check,11-Apr-24,,,,,,,,,,,
INV-63367,Check,10-Apr-24,,,,,,,,,,,
INV-59531,ACH Transfer,22-Apr-24,,,,,,,,,,,
INV-17745,Check,15-Apr-24,,,,,,,,,,,
INV-23280,Credit Card,29-Apr-24,,,,,,,,,,,
INV-88953,Wire Transfer,19-Apr-24,,,,,,,,,,,
INV-42171,ACH Transfer,14-Apr-24,,,,,,,,,,,
INV-40364,Check,20-Apr-24,,,,,,,,,,,
INV-34736,Credit Card,2-May-24,,,,,,,,,,,
INV-59569,Credit Card,12-Apr-24,,,,,,,,,,,
INV-23017,Credit Card,7-Apr-24,,,,,,,,,,,
INV-87863,Credit Card,21-Apr-24,,,,,,,,,,,
INV-18218,Check,12-Apr-24,,,,,,,,,,,
INV-33289,Check,12-Apr-24,,,,,,,,,,,
INV-68111,Wire Transfer,6-May-24,,,,,,,,,,,
INV-94362,ACH Transfer,14-Apr-24,,,,,,,,,,,
INV-46864,Wire Transfer,17-Apr-24,,,,,,,,,,,
INV-86435,ACH Transfer,14-Apr-24,,,,,,,,,,,
INV-22727,ACH Transfer,7-Apr-24,,,,,,,,,,,
INV-61166,Credit Card,20-Apr-24,,,,,,,,,,,
INV-65621,ACH Transfer,24-Apr-24,,,,,,,,,,,
INV-84274,Wire Transfer,22-Apr-24,,,,,,,,,,,
INV-73678,Credit Card,16-Apr-24,,,,,,,,,,,
INV-56459,Check,24-Apr-24,,,,,,,,,,,
INV-76396,Credit Card,20-Apr-24,,,,,,,,,,,
INV-72335,Check,25-Apr-24,,,,,,,,,,,
INV-54211,Wire Transfer,30-Apr-24,,,,,,,,,,,
INV-44517,Check,5-May-24,,,,,,,,,,,
INV-86080,ACH Transfer,26-Apr-24,,,,,,,,,,,
INV-97359,ACH Transfer,2-May-24,,,,,,,,,,,
INV-93792,ACH Transfer,3-May-24,,,,,,,,,,,
INV-94164,Wire Transfer,4-May-24,,,,,,,,,,,
INV-64789,Credit Card,5-May-24,,,,,,,,,,,
INV-53102,ACH Transfer,20-Apr-24,,,,,,,,,,,
INV-55972,Wire Transfer,28-Apr-24,,,,,,,,,,,
INV-31639,Wire Transfer,14-Apr-24,,,,,,,,,,,
INV-77214,Wire Transfer,23-Apr-24,,,,,,,,,,,
INV-41325,Check,6-May-24,,,,,,,,,,,
INV-26084,Check,24-Apr-24,,,,,,,,,,,
INV-51030,Wire Transfer,12-Apr-24,,,,,,,,,,,
INV-63116,Check,15-Apr-24,,,,,,,,,,,
INV-59851,Wire Transfer,29-Apr-24,,,,,,,,,,,
INV-12641,Check,29-Apr-24,,,,,,,,,,,
INV-73515,Wire Transfer,3-May-24,,,,,,,,,,,
INV-64071,ACH Transfer,21-Apr-24,,,,,,,,,,,
INV-75716,Wire Transfer,5-May-24,,,,,,,,,,,
INV-76538,Check,30-Apr-24,,,,,,,,,,,
INV-40285,Credit Card,1-May-24,,,,,,,,,,,
INV-53817,Check,1-May-24,,,,,,,,,,,
INV-76630,Credit Card,21-Apr-24,,,,,,,,,,,
INV-18410,Check,4-May-24,,,,,,,,,,,
INV-24991,Credit Card,24-Apr-24,,,,,,,,,,,
INV-82518,ACH Transfer,18-Apr-24,,,,,,,,,,,
INV-53903,Credit Card,18-Apr-24,,,,,,,,,,,
INV-42262,Check,23-Apr-24,,,,,,,,,,,
INV-32863,ACH Transfer,27-Apr-24,,,,,,,,,,,
INV-37170,Credit Card,15-Apr-24,,,,,,,,,,,
INV-60774,Wire Transfer,26-Apr-24,,,,,,,,,,,
INV-26081,Check,13-Apr-24,,,,,,,,,,,
INV-11798,Check,1-May-24,,,,,,,,,,,
INV-96643,Wire Transfer,12-Apr-24,,,,,,,,,,,
INV-14334,Wire Transfer,19-Apr-24,,,,,,,,,,,
INV-91848,Wire Transfer,21-Apr-24,,,,,,,,,,,
INV-71320,Check,17-Apr-24,,,,,,,,,,,
INV-18260,Check,1-May-24,,,,,,,,,,,
INV-90766,Check,29-Apr-24,,,,,,,,,,,
INV-74568,Check,14-Apr-24,,,,,,,,,,,
INV-80079,ACH Transfer,15-Apr-24,,,,,,,,,,,
INV-24858,Credit Card,25-Apr-24,,,,,,,,,,,
INV-26221,ACH Transfer,30-Apr-24,,,,,,,,,,,
INV-22448,ACH Transfer,30-Apr-24,,,,,,,,,,,
INV-96193,Wire Transfer,30-Apr-24,,,,,,,,,,,
INV-59521,ACH Transfer,13-Apr-24,,,,,,,,,,,
INV-62470,Wire Transfer,28-Apr-24,,,,,,,,,,,
INV-30483,Wire Transfer,17-Apr-24,,,,,,,,,,,
INV-16857,ACH Transfer,14-Apr-24,,,,,,,,,,,
INV-34061,Check,27-Apr-24,,,,,,,,,,,
INV-49422,ACH Transfer,15-Apr-24,,,,,,,,,,,
INV-44008,Credit Card,13-Apr-24,,,,,,,,,,,
INV-75356,Wire Transfer,27-Apr-24,,,,,,,,,,,
INV-27304,Check,5-May-24,,,,,,,,,,,
INV-86752,Wire Transfer,15-Apr-24,,,,,,,,,,,
INV-61581,Wire Transfer,15-Apr-24,,,,,,,,,,,
INV-19369,Wire Transfer,25-Apr-24,,,,,,,,,,,
INV-92015,Check,15-Apr-24,,,,,,,,,,,
INV-87890,Check,26-Apr-24,,,,,,,,,,,
INV-91585,Wire Transfer,7-Apr-24,,,,,,,,,,,
INV-69013,Wire Transfer,2-May-24,,,,,,,,,,,
INV-88753,Check,19-Apr-24,,,,,,,,,,,
INV-81587,Check,16-Apr-24,,,,,,,,,,,
INV-24401,Check,12-Apr-24,,,,,,,,,,,
INV-16077,Credit Card,11-Apr-24,,,,,,,,,,,
INV-34872,ACH Transfer,7-Apr-24,,,,,,,,,,,
INV-90532,Credit Card,30-Apr-24,,,,,,,,,,,
INV-69806,ACH Transfer,30-Apr-24,,,,,,,,,,,
INV-84240,Check,20-Apr-24,,,,,,,,,,,
INV-19246,Credit Card,1-May-24,,,,,,,,,,,
INV-42915,ACH Transfer,27-Apr-24,,,,,,,,,,,
INV-11161,Check,28-Apr-24,,,,,,,,,,,
INV-73916,Wire Transfer,8-Apr-24,,,,,,,,,,,
INV-94579,Wire Transfer,5-May-24,,,,,,,,,,,
INV-24415,Credit Card,18-Apr-24,,,,,,,,,,,
INV-19625,ACH Transfer,2-May-24,,,,,,,,,,,
INV-57448,Check,2-May-24,,,,,,,,,,,
INV-54153,ACH Transfer,1-May-24,,,,,,,,,,,
INV-77876,ACH Transfer,21-Apr-24,,,,,,,,,,,
INV-15402,ACH Transfer,24-Apr-24,,,,,,,,,,,
INV-18515,Credit Card,9-Apr-24,,,,,,,,,,,
INV-24173,Check,3-May-24,,,,,,,,,,,
INV-24299,Credit Card,16-Apr-24,,,,,,,,,,,
INV-34668,Wire Transfer,3-May-24,,,,,,,,,,,
INV-14127,Wire Transfer,16-Apr-24,,,,,,,,,,,
INV-59260,Wire Transfer,9-Apr-24,,,,,,,,,,,
INV-64845,Check,20-Apr-24,,,,,,,,,,,
INV-79894,ACH Transfer,2-May-24,,,,,,,,,,,
INV-16185,Wire Transfer,30-Apr-24,,,,,,,,,,,
INV-73556,Wire Transfer,30-Apr-24,,,,,,,,,,,
INV-94324,Check,12-Apr-24,,,,,,,,,,,
INV-44509,ACH Transfer,30-Apr-24,,,,,,,,,,,
INV-25281,Wire Transfer,7-Apr-24,,,,,,,,,,,
INV-34405,Credit Card,1-May-24,,,,,,,,,,,
INV-49782,Credit Card,30-Apr-24,,,,,,,,,,,
INV-34517,Check,6-May-24,,,,,,,,,,,
INV-10321,ACH Transfer,12-Apr-24,,,,,,,,,,,
INV-12473,Wire Transfer,29-Apr-24,,,,,,,,,,,
INV-70124,ACH Transfer,29-Apr-24,,,,,,,,,,,
INV-92221,Check,5-May-24,,,,,,,,,,,
INV-73676,Credit Card,19-Apr-24,,,,,,,,,,,
INV-35770,Credit Card,7-Apr-24,,,,,,,,,,,
INV-22853,Wire Transfer,18-Apr-24,,,,,,,,,,,
INV-71538,Wire Transfer,16-Apr-24,,,,,,,,,,,
INV-44417,Check,22-Apr-24,,,,,,,,,,,
INV-17090,Credit Card,11-Apr-24,,,,,,,,,,,
INV-24248,ACH Transfer,17-Apr-24,,,,,,,,,,,
INV-76687,Credit Card,17-Apr-24,,,,,,,,,,,
INV-55656,Wire Transfer,9-Apr-24,,,,,,,,,,,
INV-26425,Check,20-Apr-24,,,,,,,,,,,
INV-39775,Wire Transfer,12-Apr-24,,,,,,,,,,,
INV-26786,Credit Card,11-Apr-24,,,,,,,,,,,
INV-81939,Check,4-May-24,,,,,,,,,,,
INV-99230,Check,6-May-24,,,,,,,,,,,
INV-39097,Check,26-Apr-24,,,,,,,,,,,
INV-30807,Wire Transfer,8-Apr-24,,,,,,,,,,,
INV-83782,Wire Transfer,3-May-24,,,,,,,,,,,
INV-27757,ACH Transfer,6-May-24,,,,,,,,,,,
INV-55832,Wire Transfer,9-Apr-24,,,,,,,,,,,
INV-61273,ACH Transfer,15-Apr-24,,,,,,,,,,,
INV-51143,Wire Transfer,25-Apr-24,,,,,,,,,,,
INV-68915,Credit Card,27-Apr-24,,,,,,,,,,,
INV-45424,Credit Card,2-May-24,,,,,,,,,,,
INV-32485,Check,20-Apr-24,,,,,,,,,,,
INV-35487,Check,17-Apr-24,,,,,,,,,,,
INV-51621,ACH Transfer,3-May-24,,,,,,,,,,,
INV-58104,Check,12-Apr-24,,,,,,,,,,,
INV-16338,ACH Transfer,3-May-24,,,,,,,,,,,
INV-43108,Check,21-Apr-24,,,,,,,,,,,
INV-70132,ACH Transfer,20-Apr-24,,,,,,,,,,,
INV-88629,Credit Card,26-Apr-24,,,,,,,,,,,
INV-25533,ACH Transfer,19-Apr-24,,,,,,,,,,,
INV-88628,Wire Transfer,3-May-24,,,,,,,,,,,
INV-64927,Check,18-Apr-24,,,,,,,,,,,
INV-55295,Wire Transfer,24-Apr-24,,,,,,,,,,,
INV-82613,Wire Transfer,28-Apr-24,,,,,,,,,,,
INV-79614,Wire Transfer,13-Apr-24,,,,,,,,,,,
INV-98628,Check,26-Apr-24,,,,,,,,,,,
INV-88307,ACH Transfer,15-Apr-24,,,,,,,,,,,
INV-19927,Check,10-Apr-24,,,,,,,,,,,
INV-48733,ACH Transfer,1-May-24,,,,,,,,,,,
INV-53737,Check,21-Apr-24,,,,,,,,,,,
INV-45914,ACH Transfer,4-May-24,,,,,,,,,,,
INV-91401,Wire Transfer,18-Apr-24,,,,,,,,,,,
INV-66613,ACH Transfer,10-Apr-24,,,,,,,,,,,
INV-99596,Check,6-May-24,,,,,,,,,,,
INV-62329,Wire Transfer,11-Apr-24,,,,,,,,,,,
INV-79617,Credit Card,14-Apr-24,,,,,,,,,,,
INV-96997,Check,5-May-24,,,,,,,,,,,
INV-42129,Check,2-May-24,,,,,,,,,,,
INV-11360,Credit Card,20-Apr-24,,,,,,,,,,,
INV-54366,Wire Transfer,28-Apr-24,,,,,,,,,,,
INV-57829,Wire Transfer,6-May-24,,,,,,,,,,,
INV-61962,Check,24-Apr-24,,,,,,,,,,,
INV-40425,Wire Transfer,29-Apr-24,,,,,,,,,,,
INV-54079,ACH Transfer,27-Apr-24,,,,,,,,,,,
INV-57504,Credit Card,6-May-24,,,,,,,,,,,
INV-54800,ACH Transfer,25-Apr-24,,,,,,,,,,,
INV-61592,Wire Transfer,24-Apr-24,,,,,,,,,,,
INV-17223,ACH Transfer,1-May-24,,,,,,,,,,,
INV-34145,ACH Transfer,20-Apr-24,,,,,,,,,,,
INV-43371,Check,2-May-24,,,,,,,,,,,
INV-19435,Credit Card,6-May-24,,,,,,,,,,,
INV-82858,ACH Transfer,30-Apr-24,,,,,,,,,,,
INV-82958,Credit Card,4-May-24,,,,,,,,,,,
INV-78794,Check,28-Apr-24,,,,,,,,,,,
INV-14126,Check,18-Apr-24,,,,,,,,,,,
INV-19474,Credit Card,18-Apr-24,,,,,,,,,,,
INV-63367,Credit Card,11-Apr-24,,,,,,,,,,,
INV-98749,Wire Transfer,1-May-24,,,,,,,,,,,
INV-88762,ACH Transfer,2-May-24,,,,,,,,,,,
INV-83330,Credit Card,22-Apr-24,,,,,,,,,,,
INV-53389,Wire Transfer,13-Apr-24,,,,,,,,,,,
INV-86445,Wire Transfer,4-May-24,,,,,,,,,,,
INV-58119,Check,28-Apr-24,,,,,,,,,,,
INV-91264,Wire Transfer,7-Apr-24,,,,,,,,,,,
INV-38848,Credit Card,5-May-24,,,,,,,,,,,
INV-71441,ACH Transfer,2-May-24,,,,,,,,,,,
INV-50248,Credit Card,20-Apr-24,,,,,,,,,,,
INV-75356,ACH Transfer,14-Apr-24,,,,,,,,,,,
INV-20542,ACH Transfer,26-Apr-24,,,,,,,,,,,
INV-55881,Check,12-Apr-24,,,,,,,,,,,
INV-82575,ACH Transfer,30-Apr-24,,,,,,,,,,,
INV-51080,ACH Transfer,17-Apr-24,,,,,,,,,,,
INV-85582,ACH Transfer,24-Apr-24,,,,,,,,,,,
INV-99177,Check,27-Apr-24,,,,,,,,,,,
INV-95837,Check,1-May-24,,,,,,,,,,,
INV-65546,Credit Card,14-Apr-24,,,,,,,,,,,
INV-47072,Credit Card,28-Apr-24,,,,,,,,,,,
INV-95475,Wire Transfer,18-Apr-24,,,,,,,,,,,
INV-11820,ACH Transfer,6-May-24,,,,,,,,,,,
INV-34699,Check,4-May-24,,,,,,,,,,,
INV-13665,Wire Transfer,18-Apr-24,,,,,,,,,,,
INV-12329,Wire Transfer,13-Apr-24,,,,,,,,,,,
INV-61124,ACH Transfer,27-Apr-24,,,,,,,,,,,
INV-55777,ACH Transfer,6-May-24,,,,,,,,,,,
INV-69260,Check,14-Apr-24,,,,,,,,,,,
INV-16376,Wire Transfer,4-May-24,,,,,,,,,,,
INV-25401,ACH Transfer,7-Apr-24,,,,,,,,,,,
INV-41584,Credit Card,29-Apr-24,,,,,,,,,,,
INV-97393,ACH Transfer,26-Apr-24,,,,,,,,,,,
INV-71287,Wire Transfer,24-Apr-24,,,,,,,,,,,
INV-86580,ACH Transfer,3-May-24,,,,,,,,,,,
INV-44094,Check,20-Apr-24,,,,,,,,,,,
INV-71402,Wire Transfer,26-Apr-24,,,,,,,,,,,
INV-54128,ACH Transfer,16-Apr-24,,,,,,,,,,,
INV-10061,Wire Transfer,21-Apr-24,,,,,,,,,,,
INV-75319,ACH Transfer,2-May-24,,,,,,,,,,,
INV-29669,ACH Transfer,26-Apr-24,,,,,,,,,,,
INV-26564,ACH Transfer,7-Apr-24,,,,,,,,,,,
INV-51449,ACH Transfer,9-Apr-24,,,,,,,,,,,
INV-98349,ACH Transfer,9-Apr-24,,,,,,,,,,,
INV-74313,Credit Card,12-Apr-24,,,,,,,,,,,
INV-37619,Wire Transfer,11-Apr-24,,,,,,,,,,,
INV-72458,Wire Transfer,19-Apr-24,,,,,,,,,,,
INV-87955,Wire Transfer,11-Apr-24,,,,,,,,,,,
INV-92298,Wire Transfer,26-Apr-24,,,,,,,,,,,
INV-25926,ACH Transfer,10-Apr-24,,,,,,,,,,,
INV-43239,Wire Transfer,19-Apr-24,,,,,,,,,,,
INV-18088,Wire Transfer,19-Apr-24,,,,,,,,,,,
INV-87923,Check,5-May-24,,,,,,,,,,,
INV-30496,ACH Transfer,28-Apr-24,,,,,,,,,,,
INV-65197,Credit Card,13-Apr-24,,,,,,,,,,,
INV-58885,Check,6-May-24,,,,,,,,,,,
INV-99652,Wire Transfer,26-Apr-24,,,,,,,,,,,
INV-68857,Check,24-Apr-24,,,,,,,,,,,
INV-57257,Credit Card,18-Apr-24,,,,,,,,,,,
INV-22404,Wire Transfer,25-Apr-24,,,,,,,,,,,
INV-92674,Check,23-Apr-24,,,,,,,,,,,
INV-91650,Wire Transfer,21-Apr-24,,,,,,,,,,,
INV-82020,Credit Card,2-May-24,,,,,,,,,,,
INV-39733,Credit Card,23-Apr-24,,,,,,,,,,,
INV-19739,ACH Transfer,26-Apr-24,,,,,,,,,,,
INV-76254,Check,1-May-24,,,,,,,,,,,
INV-30372,Credit Card,20-Apr-24,,,,,,,,,,,
INV-77382,ACH Transfer,22-Apr-24,,,,,,,,,,,
INV-83057,Credit Card,3-May-24,,,,,,,,,,,
INV-26722,Check,22-Apr-24,,,,,,,,,,,
INV-47031,Check,8-Apr-24,,,,,,,,,,,
INV-13397,Check,8-Apr-24,,,,,,,,,,,
INV-62404,Wire Transfer,14-Apr-24,,,,,,,,,,,
INV-67098,Wire Transfer,22-Apr-24,,,,,,,,,,,
INV-10656,Credit Card,29-Apr-24,,,,,,,,,,,
INV-93724,ACH Transfer,1-May-24,,,,,,,,,,,
INV-91848,ACH Transfer,22-Apr-24,,,,,,,,,,,
INV-21022,Credit Card,18-Apr-24,,,,,,,,,,,
INV-48906,ACH Transfer,11-Apr-24,,,,,,,,,,,
INV-39151,Check,7-Apr-24,,,,,,,,,,,
INV-83805,Check,15-Apr-24,,,,,,,,,,,
INV-29275,Wire Transfer,30-Apr-24,,,,,,,,,,,
INV-50051,Check,25-Apr-24,,,,,,,,,,,
INV-85810,Credit Card,18-Apr-24,,,,,,,,,,,
INV-86818,Wire Transfer,18-Apr-24,,,,,,,,,,,
INV-62218,Wire Transfer,22-Apr-24,,,,,,,,,,,
INV-30421,Wire Transfer,13-Apr-24,,,,,,,,,,,
INV-47940,Check,24-Apr-24,,,,,,,,,,,
INV-26592,ACH Transfer,1-May-24,,,,,,,,,,,
INV-42130,ACH Transfer,18-Apr-24,,,,,,,,,,,
INV-75897,Credit Card,6-May-24,,,,,,,,,,,
INV-36442,Credit Card,10-Apr-24,,,,,,,,,,,
INV-74207,Check,11-Apr-24,,,,,,,,,,,
INV-65517,Credit Card,17-Apr-24,,,,,,,,,,,
INV-56064,Credit Card,28-Apr-24,,,,,,,,,,,
INV-99129,Wire Transfer,1-May-24,,,,,,,,,,,
INV-30118,Wire Transfer,29-Apr-24,,,,,,,,,,,
INV-87941,Check,1-May-24,,,,,,,,,,,
INV-66296,ACH Transfer,24-Apr-24,,,,,,,,,,,
INV-27649,Check,13-Apr-24,,,,,,,,,,,
INV-21122,Credit Card,21-Apr-24,,,,,,,,,,,
INV-36158,ACH Transfer,12-Apr-24,,,,,,,,,,,
INV-11912,Wire Transfer,11-Apr-24,,,,,,,,,,,
INV-51261,Credit Card,16-Apr-24,,,,,,,,,,,
INV-36109,ACH Transfer,14-Apr-24,,,,,,,,,,,
INV-54990,Credit Card,26-Apr-24,,,,,,,,,,,
INV-18586,Check,4-May-24,,,,,,,,,,,
INV-13667,ACH Transfer,23-Apr-24,,,,,,,,,,,
INV-37213,Credit Card,13-Apr-24,,,,,,,,,,,
INV-71788,Credit Card,17-Apr-24,,,,,,,,,,,
INV-74697,Check,14-Apr-24,,,,,,,,,,,
INV-42949,Wire Transfer,14-Apr-24,,,,,,,,,,,
INV-83859,ACH Transfer,3-May-24,,,,,,,,,,,
INV-70935,Wire Transfer,28-Apr-24,,,,,,,,,,,
INV-47165,Check,18-Apr-24,,,,,,,,,,,
INV-65751,ACH Transfer,25-Apr-24,,,,,,,,,,,
INV-56559,Check,29-Apr-24,,,,,,,,,,,
INV-25085,Credit Card,3-May-24,,,,,,,,,,,
INV-40287,ACH Transfer,15-Apr-24,,,,,,,,,,,
INV-62021,Check,15-Apr-24,,,,,,,,,,,
INV-90817,ACH Transfer,30-Apr-24,,,,,,,,,,,
INV-36582,ACH Transfer,2-May-24,,,,,,,,,,,
INV-12707,Check,12-Apr-24,,,,,,,,,,,
INV-87598,ACH Transfer,17-Apr-24,,,,,,,,,,,
INV-14479,Wire Transfer,15-Apr-24,,,,,,,,,,,
INV-72237,ACH Transfer,7-Apr-24,,,,,,,,,,,
INV-77627,Check,24-Apr-24,,,,,,,,,,,
INV-93109,Check,8-Apr-24,,,,,,,,,,,
INV-63101,Check,26-Apr-24,,,,,,,,,,,
INV-86479,Check,4-May-24,,,,,,,,,,,
INV-65386,ACH Transfer,23-Apr-24,,,,,,,,,,,
INV-44451,Credit Card,4-May-24,,,,,,,,,,,
INV-66214,Check,2-May-24,,,,,,,,,,,
INV-18789,ACH Transfer,8-Apr-24,,,,,,,,,,,
INV-93286,Wire Transfer,12-Apr-24,,,,,,,,,,,
INV-14752,Wire Transfer,24-Apr-24,,,,,,,,,,,
INV-29843,Wire Transfer,30-Apr-24,,,,,,,,,,,
INV-99729,Wire Transfer,24-Apr-24,,,,,,,,,,,
INV-74355,Wire Transfer,9-Apr-24,,,,,,,,,,,
INV-82332,Credit Card,21-Apr-24,,,,,,,,,,,
INV-71672,Check,2-May-24,,,,,,,,,,,
INV-15347,Check,22-Apr-24,,,,,,,,,,,
INV-25437,ACH Transfer,1-May-24,,,,,,,,,,,
INV-89806,Wire Transfer,18-Apr-24,,,,,,,,,,,
INV-65171,Credit Card,7-Apr-24,,,,,,,,,,,
INV-15507,Credit Card,13-Apr-24,,,,,,,,,,,
INV-89706,Wire Transfer,7-Apr-24,,,,,,,,,,,
INV-43165,Credit Card,11-Apr-24,,,,,,,,,,,
INV-55729,ACH Transfer,9-Apr-24,,,,,,,,,,,
INV-50804,Wire Transfer,25-Apr-24,,,,,,,,,,,
INV-24488,Check,29-Apr-24,,,,,,,,,,,
INV-45292,Wire Transfer,3-May-24,,,,,,,,,,,
INV-14036,ACH Transfer,26-Apr-24,,,,,,,,,,,
INV-77692,Check,18-Apr-24,,,,,,,,,,,
INV-44026,Wire Transfer,26-Apr-24,,,,,,,,,,,
INV-59018,Wire Transfer,14-Apr-24,,,,,,,,,,,
INV-94049,Check,2-May-24,,,,,,,,,,,
INV-98810,Wire Transfer,4-May-24,,,,,,,,,,,
INV-66897,ACH Transfer,12-Apr-24,,,,,,,,,,,
INV-48609,ACH Transfer,17-Apr-24,,,,,,,,,,,
INV-89142,Check,14-Apr-24,,,,,,,,,,,
INV-76827,ACH Transfer,8-Apr-24,,,,,,,,,,,
INV-65426,Check,4-May-24,,,,,,,,,,,
INV-19868,Check,5-May-24,,,,,,,,,,,
INV-51781,Credit Card,27-Apr-24,,,,,,,,,,,
INV-15015,ACH Transfer,7-Apr-24,,,,,,,,,,,
INV-50011,Wire Transfer,9-Apr-24,,,,,,,,,,,
INV-43516,Credit Card,9-Apr-24,,,,,,,,,,,
INV-20578,ACH Transfer,22-Apr-24,,,,,,,,,,,
INV-21153,ACH Transfer,6-May-24,,,,,,,,,,,
INV-43523,ACH Transfer,7-Apr-24,,,,,,,,,,,
INV-72891,ACH Transfer,15-Apr-24,,,,,,,,,,,
INV-66487,Credit Card,16-Apr-24,,,,,,,,,,,
INV-70344,Credit Card,8-Apr-24,,,,,,,,,,,
INV-21443,Wire Transfer,26-Apr-24,,,,,,,,,,,
INV-73260,Credit Card,20-Apr-24,,,,,,,,,,,
INV-50106,Credit Card,10-Apr-24,,,,,,,,,,,
INV-33592,Wire Transfer,17-Apr-24,,,,,,,,,,,
INV-94195,Credit Card,27-Apr-24,,,,,,,,,,,
INV-30214,Check,3-May-24,,,,,,,,,,,
INV-79230,Check,28-Apr-24,,,,,,,,,,,
INV-31120,Check,20-Apr-24,,,,,,,,,,,
INV-32245,Credit Card,17-Apr-24,,,,,,,,,,,
INV-72907,ACH Transfer,25-Apr-24,,,,,,,,,,,
INV-67735,Credit Card,20-Apr-24,,,,,,,,,,,
INV-88118,Credit Card,24-Apr-24,,,,,,,,,,,
INV-64153,Wire Transfer,6-May-24,,,,,,,,,,,
INV-37125,Wire Transfer,30-Apr-24,,,,,,,,,,,
INV-57294,Credit Card,30-Apr-24,,,,,,,,,,,
INV-53228,ACH Transfer,3-May-24,,,,,,,,,,,
INV-57681,ACH Transfer,22-Apr-24,,,,,,,,,,,
INV-45447,Check,28-Apr-24,,,,,,,,,,,
INV-43012,Credit Card,27-Apr-24,,,,,,,,,,,
INV-23224,ACH Transfer,27-Apr-24,,,,,,,,,,,
INV-37608,Check,1-May-24,,,,,,,,,,,
INV-97382,Credit Card,26-Apr-24,,,,,,,,,,,
INV-42411,Credit Card,30-Apr-24,,,,,,,,,,,
INV-48767,Credit Card,7-Apr-24,,,,,,,,,,,
INV-99678,Wire Transfer,27-Apr-24,,,,,,,,,,,
INV-62308,Wire Transfer,26-Apr-24,,,,,,,,,,,
INV-85712,Wire Transfer,1-May-24,,,,,,,,,,,
INV-41854,ACH Transfer,21-Apr-24,,,,,,,,,,,
INV-97923,Check,25-Apr-24,,,,,,,,,,,
INV-39801,Wire Transfer,23-Apr-24,,,,,,,,,,,
INV-23242,Check,6-May-24,,,,,,,,,,,
INV-33756,Wire Transfer,24-Apr-24,,,,,,,,,,,
INV-10108,Credit Card,30-Apr-24,,,,,,,,,,,
INV-26688,Wire Transfer,20-Apr-24,,,,,,,,,,,
INV-97547,Wire Transfer,29-Apr-24,,,,,,,,,,,
INV-78433,Credit Card,14-Apr-24,,,,,,,,,,,
INV-78638,ACH Transfer,18-Apr-24,,,,,,,,,,,
INV-68217,Wire Transfer,7-Apr-24,,,,,,,,,,,
INV-30071,Check,3-May-24,,,,,,,,,,,
INV-98368,ACH Transfer,22-Apr-24,,,,,,,,,,,
INV-65033,Check,4-May-24,,,,,,,,,,,
INV-69078,ACH Transfer,12-Apr-24,,,,,,,,,,,
INV-60409,Wire Transfer,12-Apr-24,,,,,,,,,,,
INV-73678,Check,26-Apr-24,,,,,,,,,,,
INV-62934,Wire Transfer,18-Apr-24,,,,,,,,,,,
INV-51788,Credit Card,23-Apr-24,,,,,,,,,,,
INV-29860,Wire Transfer,6-May-24,,,,,,,,,,,
INV-88921,Check,4-May-24,,,,,,,,,,,
INV-90040,Credit Card,9-Apr-24,,,,,,,,,,,
INV-47367,ACH Transfer,6-May-24,,,,,,,,,,,
INV-35509,Wire Transfer,30-Apr-24,,,,,,,,,,,
INV-13677,Check,22-Apr-24,,,,,,,,,,,
INV-80484,Check,12-Apr-24,,,,,,,,,,,
INV-34580,Credit Card,12-Apr-24,,,,,,,,,,,
INV-13137,Check,20-Apr-24,,,,,,,,,,,
INV-26100,ACH Transfer,16-Apr-24,,,,,,,,,,,
INV-73856,Check,12-Apr-24,,,,,,,,,,,
INV-30616,Credit Card,26-Apr-24,,,,,,,,,,,
INV-93172,ACH Transfer,19-Apr-24,,,,,,,,,,,
INV-66390,ACH Transfer,3-May-24,,,,,,,,,,,
INV-84012,Check,3-May-24,,,,,,,,,,,
INV-51315,Check,19-Apr-24,,,,,,,,,,,
INV-50853,Check,25-Apr-24,,,,,,,,,,,
INV-58276,Check,27-Apr-24,,,,,,,,,,,
INV-84569,Check,2-May-24,,,,,,,,,,,
INV-44546,ACH Transfer,2-May-24,,,,,,,,,,,
INV-23965,Credit Card,30-Apr-24,,,,,,,,,,,
INV-33336,Credit Card,29-Apr-24,,,,,,,,,,,
INV-20011,Check,22-Apr-24,,,,,,,,,,,
INV-23877,Wire Transfer,8-Apr-24,,,,,,,,,,,
INV-44061,Wire Transfer,1-May-24,,,,,,,,,,,
INV-74865,ACH Transfer,30-Apr-24,,,,,,,,,,,
INV-41850,ACH Transfer,14-Apr-24,,,,,,,,,,,
INV-25300,ACH Transfer,12-Apr-24,,,,,,,,,,,
INV-38817,Credit Card,18-Apr-24,,,,,,,,,,,
INV-89358,ACH Transfer,30-Apr-24,,,,,,,,,,,
INV-18682,Wire Transfer,3-May-24,,,,,,,,,,,
INV-37409,ACH Transfer,13-Apr-24,,,,,,,,,,,
INV-51054,ACH Transfer,15-Apr-24,,,,,,,,,,,
INV-55449,Credit Card,14-Apr-24,,,,,,,,,,,
INV-49466,ACH Transfer,14-Apr-24,,,,,,,,,,,
INV-10687,Wire Transfer,14-Apr-24,,,,,,,,,,,
INV-83109,Wire Transfer,14-Apr-24,,,,,,,,,,,
INV-12554,Credit Card,1-May-24,,,,,,,,,,,
INV-33216,Credit Card,20-Apr-24,,,,,,,,,,,
INV-39066,Wire Transfer,3-May-24,,,,,,,,,,,
INV-75090,Wire Transfer,7-Apr-24,,,,,,,,,,,
INV-40874,Credit Card,23-Apr-24,,,,,,,,,,,
INV-98238,Check,7-Apr-24,,,,,,,,,,,
INV-97014,ACH Transfer,19-Apr-24,,,,,,,,,,,
INV-98156,Wire Transfer,15-Apr-24,,,,,,,,,,,
INV-42613,Credit Card,16-Apr-24,,,,,,,,,,,
INV-72789,Wire Transfer,13-Apr-24,,,,,,,,,,,
INV-79834,Check,3-May-24,,,,,,,,,,,
INV-47237,Credit Card,6-May-24,,,,,,,,,,,
INV-48280,ACH Transfer,17-Apr-24,,,,,,,,,,,
INV-71330,Credit Card,3-May-24,,,,,,,,,,,
INV-65453,ACH Transfer,19-Apr-24,,,,,,,,,,,
INV-68535,Credit Card,7-Apr-24,,,,,,,,,,,
INV-23318,Credit Card,6-May-24,,,,,,,,,,,
INV-97063,Wire Transfer,9-Apr-24,,,,,,,,,,,
INV-50909,ACH Transfer,4-May-24,,,,,,,,,,,
INV-12640,Check,13-Apr-24,,,,,,,,,,,
INV-16354,Check,30-Apr-24,,,,,,,,,,,
INV-92285,Wire Transfer,26-Apr-24,,,,,,,,,,,
INV-96288,Credit Card,2-May-24,,,,,,,,,,,
INV-36371,ACH Transfer,18-Apr-24,,,,,,,,,,,
INV-50028,Wire Transfer,10-Apr-24,,,,,,,,,,,
INV-47458,Check,16-Apr-24,,,,,,,,,,,
INV-23282,ACH Transfer,23-Apr-24,,,,,,,,,,,
INV-33620,Credit Card,26-Apr-24,,,,,,,,,,,
INV-57350,Check,10-Apr-24,,,,,,,,,,,
INV-26288,ACH Transfer,29-Apr-24,,,,,,,,,,,
INV-90128,ACH Transfer,24-Apr-24,,,,,,,,,,,
INV-37159,ACH Transfer,20-Apr-24,,,,,,,,,,,
INV-51585,ACH Transfer,9-Apr-24,,,,,,,,,,,
INV-88785,Credit Card,28-Apr-24,,,,,,,,,,,
INV-54123,Check,27-Apr-24,,,,,,,,,,,
INV-96809,Check,20-Apr-24,,,,,,,,,,,
INV-25661,ACH Transfer,27-Apr-24,,,,,,,,,,,
INV-37243,Check,7-Apr-24,,,,,,,,,,,
INV-94062,Credit Card,6-May-24,,,,,,,,,,,
INV-85385,Wire Transfer,1-May-24,,,,,,,,,,,
INV-28905,ACH Transfer,6-May-24,,,,,,,,,,,
INV-93014,Check,27-Apr-24,,,,,,,,,,,
INV-25680,Credit Card,30-Apr-24,,,,,,,,,,,
INV-91836,Check,8-Apr-24,,,,,,,,,,,
INV-79540,Wire Transfer,15-Apr-24,,,,,,,,,,,
INV-29572,Check,17-Apr-24,,,,,,,,,,,
INV-61484,Check,30-Apr-24,,,,,,,,,,,
INV-59517,Check,12-Apr-24,,,,,,,,,,,
INV-33314,Wire Transfer,16-Apr-24,,,,,,,,,,,
INV-16078,Check,29-Apr-24,,,,,,,,,,,
INV-44103,Credit Card,11-Apr-24,,,,,,,,,,,
INV-40607,ACH Transfer,24-Apr-24,,,,,,,,,,,
INV-61259,ACH Transfer,4-May-24,,,,,,,,,,,
INV-86096,Wire Transfer,13-Apr-24,,,,,,,,,,,
INV-63966,Credit Card,25-Apr-24,,,,,,,,,,,
INV-13041,ACH Transfer,1-May-24,,,,,,,,,,,
INV-58806,Check,18-Apr-24,,,,,,,,,,,
INV-74580,ACH Transfer,7-Apr-24,,,,,,,,,,,
INV-66579,Check,9-Apr-24,,,,,,,,,,,
INV-93286,Wire Transfer,2-May-24,,,,,,,,,,,
INV-36488,Credit Card,11-Apr-24,,,,,,,,,,,
INV-84308,Check,14-Apr-24,,,,,,,,,,,
INV-47252,ACH Transfer,13-Apr-24,,,,,,,,,,,
INV-60311,Credit Card,21-Apr-24,,,,,,,,,,,
INV-43821,Check,20-Apr-24,,,,,,,,,,,
INV-49812,Check,27-Apr-24,,,,,,,,,,,
INV-37386,Wire Transfer,17-Apr-24,,,,,,,,,,,
INV-37382,Credit Card,14-Apr-24,,,,,,,,,,,
INV-73030,Credit Card,13-Apr-24,,,,,,,,,,,
INV-24999,Credit Card,17-Apr-24,,,,,,,,,,,
INV-19187,Wire Transfer,22-Apr-24,,,,,,,,,,,
INV-28622,Check,18-Apr-24,,,,,,,,,,,
INV-76470,ACH Transfer,29-Apr-24,,,,,,,,,,,
INV-91660,Credit Card,16-Apr-24,,,,,,,,,,,
INV-40526,Wire Transfer,1-May-24,,,,,,,,,,,
INV-48447,Check,13-Apr-24,,,,,,,,,,,
INV-81107,ACH Transfer,15-Apr-24,,,,,,,,,,,
INV-48444,Wire Transfer,17-Apr-24,,,,,,,,,,,
INV-71722,Check,9-Apr-24,,,,,,,,,,,
INV-15397,Credit Card,22-Apr-24,,,,,,,,,,,
INV-18207,Wire Transfer,6-May-24,,,,,,,,,,,
INV-59614,Check,22-Apr-24,,,,,,,,,,,
INV-59807,Credit Card,19-Apr-24,,,,,,,,,,,
INV-91603,Check,24-Apr-24,,,,,,,,,,,
INV-92174,ACH Transfer,29-Apr-24,,,,,,,,,,,
INV-22164,ACH Transfer,27-Apr-24,,,,,,,,,,,
INV-33837,Check,4-May-24,,,,,,,,,,,
INV-22461,Wire Transfer,22-Apr-24,,,,,,,,,,,
INV-30248,Wire Transfer,24-Apr-24,,,,,,,,,,,
INV-26272,Check,15-Apr-24,,,,,,,,,,,
INV-88713,Credit Card,19-Apr-24,,,,,,,,,,,
INV-99849,Check,27-Apr-24,,,,,,,,,,,
INV-90103,Credit Card,10-Apr-24,,,,,,,,,,,
INV-79524,Wire Transfer,12-Apr-24,,,,,,,,,,,
INV-84732,Credit Card,2-May-24,,,,,,,,,,,
INV-96405,Check,15-Apr-24,,,,,,,,,,,
INV-38284,Wire Transfer,8-Apr-24,,,,,,,,,,,
INV-87197,Wire Transfer,13-Apr-24,,,,,,,,,,,
INV-21362,Wire Transfer,18-Apr-24,,,,,,,,,,,
INV-90862,ACH Transfer,8-Apr-24,,,,,,,,,,,
INV-12401,Wire Transfer,1-May-24,,,,,,,,,,,
INV-30972,Check,26-Apr-24,,,,,,,,,,,
INV-76144,Wire Transfer,17-Apr-24,,,,,,,,,,,
INV-69794,ACH Transfer,16-Apr-24,,,,,,,,,,,
INV-54876,Wire Transfer,11-Apr-24,,,,,,,,,,,
INV-48793,ACH Transfer,6-May-24,,,,,,,,,,,
INV-39312,Wire Transfer,5-May-24,,,,,,,,,,,
INV-47844,Credit Card,4-May-24,,,,,,,,,,,
INV-49008,Wire Transfer,24-Apr-24,,,,,,,,,,,
INV-13498,Check,10-Apr-24,,,,,,,,,,,
INV-85581,Check,27-Apr-24,,,,,,,,,,,
INV-42646,Credit Card,4-May-24,,,,,,,,,,,
INV-68891,Credit Card,23-Apr-24,,,,,,,,,,,
INV-17244,Wire Transfer,26-Apr-24,,,,,,,,,,,
INV-60989,Wire Transfer,14-Apr-24,,,,,,,,,,,
INV-36895,Wire Transfer,5-May-24,,,,,,,,,,,
INV-42056,Credit Card,10-Apr-24,,,,,,,,,,,
INV-85900,ACH Transfer,12-Apr-24,,,,,,,,,,,
INV-20978,ACH Transfer,26-Apr-24,,,,,,,,,,,
INV-71260,Check,10-Apr-24,,,,,,,,,,,
INV-94133,ACH Transfer,10-Apr-24,,,,,,,,,,,
INV-86861,Credit Card,15-Apr-24,,,,,,,,,,,
INV-55397,Check,2-May-24,,,,,,,,,,,
INV-34161,Credit Card,28-Apr-24,,,,,,,,,,,
INV-83876,Check,13-Apr-24,,,,,,,,,,,
INV-40899,Check,7-Apr-24,,,,,,,,,,,
INV-73199,Credit Card,7-Apr-24,,,,,,,,,,,
INV-98106,Credit Card,8-Apr-24,,,,,,,,,,,
INV-40571,Check,22-Apr-24,,,,,,,,,,,
INV-29483,Wire Transfer,1-May-24,,,,,,,,,,,
INV-94582,Wire Transfer,27-Apr-24,,,,,,,,,,,
INV-80327,ACH Transfer,6-May-24,,,,,,,,,,,
INV-51335,Check,24-Apr-24,,,,,,,,,,,
INV-65829,Check,14-Apr-24,,,,,,,,,,,
INV-90526,ACH Transfer,13-Apr-24,,,,,,,,,,,
INV-75779,ACH Transfer,30-Apr-24,,,,,,,,,,,
INV-50726,Wire Transfer,18-Apr-24,,,,,,,,,,,
INV-16457,ACH Transfer,8-Apr-24,,,,,,,,,,,
INV-78945,Wire Transfer,16-Apr-24,,,,,,,,,,,
INV-45279,Check,6-May-24,,,,,,,,,,,
INV-50573,ACH Transfer,18-Apr-24,,,,,,,,,,,
INV-82108,Credit Card,9-Apr-24,,,,,,,,,,,
INV-38736,ACH Transfer,1-May-24,,,,,,,,,,,
INV-32422,Wire Transfer,25-Apr-24,,,,,,,,,,,
INV-29709,Wire Transfer,1-May-24,,,,,,,,,,,
INV-74607,Check,27-Apr-24,,,,,,,,,,,
INV-55058,ACH Transfer,15-Apr-24,,,,,,,,,,,
INV-92164,ACH Transfer,18-Apr-24,,,,,,,,,,,
INV-64892,ACH Transfer,18-Apr-24,,,,,,,,,,,
INV-10782,ACH Transfer,26-Apr-24,,,,,,,,,,,
INV-99161,Credit Card,4-May-24,,,,,,,,,,,
INV-89132,Credit Card,8-Apr-24,,,,,,,,,,,
INV-35155,ACH Transfer,22-Apr-24,,,,,,,,,,,
INV-54609,Credit Card,14-Apr-24,,,,,,,,,,,
INV-93579,ACH Transfer,3-May-24,,,,,,,,,,,
INV-10721,Wire Transfer,1-May-24,,,,,,,,,,,
INV-55788,Wire Transfer,30-Apr-24,,,,,,,,,,,
INV-18698,Wire Transfer,23-Apr-24,,,,,,,,,,,
INV-86397,Check,16-Apr-24,,,,,,,,,,,
INV-91336,Check,8-Apr-24,,,,,,,,,,,
INV-83239,Wire Transfer,12-Apr-24,,,,,,,,,,,
INV-76396,Wire Transfer,22-Apr-24,,,,,,,,,,,
INV-21956,ACH Transfer,15-Apr-24,,,,,,,,,,,
INV-65783,ACH Transfer,27-Apr-24,,,,,,,,,,,
INV-53394,Credit Card,18-Apr-24,,,,,,,,,,,
INV-98773,Check,15-Apr-24,,,,,,,,,,,
INV-32323,Credit Card,17-Apr-24,,,,,,,,,,,
INV-80804,ACH Transfer,19-Apr-24,,,,,,,,,,,
INV-42625,Check,29-Apr-24,,,,,,,,,,,
INV-28948,Check,9-Apr-24,,,,,,,,,,,
INV-43136,Check,28-Apr-24,,,,,,,,,,,
INV-19679,ACH Transfer,3-May-24,,,,,,,,,,,
INV-50291,Check,22-Apr-24,,,,,,,,,,,
INV-11793,Check,1-May-24,,,,,,,,,,,
INV-50255,Check,2-May-24,,,,,,,,,,,
INV-51022,Credit Card,24-Apr-24,,,,,,,,,,,
INV-70572,Credit Card,22-Apr-24,,,,,,,,,,,
INV-58390,ACH Transfer,7-Apr-24,,,,,,,,,,,
INV-21088,Wire Transfer,30-Apr-24,,,,,,,,,,,
INV-83024,Credit Card,25-Apr-24,,,,,,,,,,,
INV-37302,Check,9-Apr-24,,,,,,,,,,,
INV-34529,Check,30-Apr-24,,,,,,,,,,,
INV-79706,Wire Transfer,20-Apr-24,,,,,,,,,,,
INV-19086,Credit Card,18-Apr-24,,,,,,,,,,,
INV-27620,Wire Transfer,22-Apr-24,,,,,,,,,,,
INV-63813,Wire Transfer,2-May-24,,,,,,,,,,,
INV-94459,ACH Transfer,1-May-24,,,,,,,,,,,
INV-89153,Credit Card,11-Apr-24,,,,,,,,,,,
INV-89699,ACH Transfer,30-Apr-24,,,,,,,,,,,
INV-47856,Wire Transfer,24-Apr-24,,,,,,,,,,,
INV-69387,Wire Transfer,5-May-24,,,,,,,,,,,
INV-74347,Credit Card,15-Apr-24,,,,,,,,,,,
INV-55101,ACH Transfer,22-Apr-24,,,,,,,,,,,
INV-26596,ACH Transfer,14-Apr-24,,,,,,,,,,,
INV-58758,ACH Transfer,19-Apr-24,,,,,,,,,,,
INV-37830,Wire Transfer,14-Apr-24,,,,,,,,,,,
INV-93106,Check,21-Apr-24,,,,,,,,,,,
INV-83551,Credit Card,25-Apr-24,,,,,,,,,,,
INV-80203,Wire Transfer,23-Apr-24,,,,,,,,,,,
INV-21846,Credit Card,17-Apr-24,,,,,,,,,,,
INV-30081,Wire Transfer,6-May-24,,,,,,,,,,,
INV-60700,Credit Card,14-Apr-24,,,,,,,,,,,
INV-44883,Check,15-Apr-24,,,,,,,,,,,
INV-41719,Wire Transfer,7-Apr-24,,,,,,,,,,,
INV-98168,Credit Card,21-Apr-24,,,,,,,,,,,
INV-29159,Wire Transfer,20-Apr-24,,,,,,,,,,,
INV-52764,Wire Transfer,16-Apr-24,,,,,,,,,,,
INV-73532,Wire Transfer,3-May-24,,,,,,,,,,,
INV-32930,ACH Transfer,1-May-24,,,,,,,,,,,
INV-32001,Credit Card,29-Apr-24,,,,,,,,,,,
INV-24925,Check,24-Apr-24,,,,,,,,,,,
INV-12334,Credit Card,3-May-24,,,,,,,,,,,
INV-19958,ACH Transfer,29-Apr-24,,,,,,,,,,,
INV-90983,Check,23-Apr-24,,,,,,,,,,,
INV-86006,Wire Transfer,15-Apr-24,,,,,,,,,,,
INV-99634,ACH Transfer,18-Apr-24,,,,,,,,,,,
INV-60035,Wire Transfer,26-Apr-24,,,,,,,,,,,
INV-29919,ACH Transfer,21-Apr-24,,,,,,,,,,,
INV-16293,Credit Card,24-Apr-24,,,,,,,,,,,
INV-23559,Wire Transfer,29-Apr-24,,,,,,,,,,,
INV-66471,Wire Transfer,19-Apr-24,,,,,,,,,,,
INV-79299,ACH Transfer,7-Apr-24,,,,,,,,,,,
INV-89803,Wire Transfer,29-Apr-24,,,,,,,,,,,
INV-31495,ACH Transfer,12-Apr-24,,,,,,,,,,,
INV-18444,Check,3-May-24,,,,,,,,,,,
INV-41485,Check,13-Apr-24,,,,,,,,,,,
INV-25880,Credit Card,9-Apr-24,,,,,,,,,,,
INV-29147,Credit Card,15-Apr-24,,,,,,,,,,,
INV-77585,Check,16-Apr-24,,,,,,,,,,,
INV-22008,Wire Transfer,2-May-24,,,,,,,,,,,
INV-54182,ACH Transfer,10-Apr-24,,,,,,,,,,,
INV-44726,Check,24-Apr-24,,,,,,,,,,,
INV-46199,Wire Transfer,3-May-24,,,,,,,,,,,
INV-26785,Check,5-May-24,,,,,,,,,,,
INV-72806,ACH Transfer,15-Apr-24,,,,,,,,,,,
INV-86198,Wire Transfer,3-May-24,,,,,,,,,,,
INV-37135,ACH Transfer,10-Apr-24,,,,,,,,,,,
INV-81833,ACH Transfer,23-Apr-24,,,,,,,,,,,
INV-18251,Check,30-Apr-24,,,,,,,,,,,
INV-33769,Credit Card,29-Apr-24,,,,,,,,,,,
INV-99080,Check,2-May-24,,,,,,,,,,,
INV-83314,Wire Transfer,4-May-24,,,,,,,,,,,
INV-99776,ACH Transfer,24-Apr-24,,,,,,,,,,,
INV-92251,Check,26-Apr-24,,,,,,,,,,,
INV-41937,Check,7-Apr-24,,,,,,,,,,,
INV-26647,ACH Transfer,5-May-24,,,,,,,,,,,
INV-74679,Check,19-Apr-24,,,,,,,,,,,
INV-39959,Check,7-Apr-24,,,,,,,,,,,
INV-61467,Wire Transfer,7-Apr-24,,,,,,,,,,,
INV-52719,Credit Card,18-Apr-24,,,,,,,,,,,
INV-68213,Credit Card,30-Apr-24,,,,,,,,,,,
INV-51090,Wire Transfer,28-Apr-24,,,,,,,,,,,
INV-68532,ACH Transfer,26-Apr-24,,,,,,,,,,,
INV-91060,Check,2-May-24,,,,,,,,,,,
INV-64608,Credit Card,5-May-24,,,,,,,,,,,
INV-61158,Credit Card,8-Apr-24,,,,,,,,,,,
INV-25906,Wire Transfer,9-Apr-24,,,,,,,,,,,
INV-40463,ACH Transfer,23-Apr-24,,,,,,,,,,,
INV-75101,Wire Transfer,3-May-24,,,,,,,,,,,
INV-72197,Wire Transfer,12-Apr-24,,,,,,,,,,,
INV-68994,Wire Transfer,22-Apr-24,,,,,,,,,,,
INV-30912,Check,4-May-24,,,,,,,,,,,
INV-46810,Credit Card,4-May-24,,,,,,,,,,,
INV-22400,Check,13-Apr-24,,,,,,,,,,,
INV-13098,ACH Transfer,30-Apr-24,,,,,,,,,,,
INV-93989,Credit Card,12-Apr-24,,,,,,,,,,,
INV-75449,ACH Transfer,1-May-24,,,,,,,,,,,
INV-20238,Credit Card,15-Apr-24,,,,,,,,,,,
INV-95095,ACH Transfer,1-May-24,,,,,,,,,,,
INV-67577,Wire Transfer,18-Apr-24,,,,,,,,,,,
INV-58646,Check,29-Apr-24,,,,,,,,,,,
INV-60547,Credit Card,3-May-24,,,,,,,,,,,
INV-82888,Credit Card,26-Apr-24,,,,,,,,,,,
INV-74463,Check,4-May-24,,,,,,,,,,,
INV-62569,ACH Transfer,4-May-24,,,,,,,,,,,
INV-76998,Check,12-Apr-24,,,,,,,,,,,
INV-38220,ACH Transfer,3-May-24,,,,,,,,,,,
INV-45629,Check,27-Apr-24,,,,,,,,,,,
INV-27302,Wire Transfer,1-May-24,,,,,,,,,,,
INV-25601,Wire Transfer,6-May-24,,,,,,,,,,,
INV-19351,Check,9-Apr-24,,,,,,,,,,,
INV-10467,Wire Transfer,4-May-24,,,,,,,,,,,
INV-81645,ACH Transfer,25-Apr-24,,,,,,,,,,,
INV-77124,Wire Transfer,19-Apr-24,,,,,,,,,,,
INV-80183,Credit Card,8-Apr-24,,,,,,,,,,,
INV-41504,ACH Transfer,23-Apr-24,,,,,,,,,,,
INV-71672,Wire Transfer,25-Apr-24,,,,,,,,,,,
INV-22245,Check,22-Apr-24,,,,,,,,,,,
INV-45526,Check,2-May-24,,,,,,,,,,,
INV-33101,Check,22-Apr-24,,,,,,,,,,,
INV-34848,Wire Transfer,14-Apr-24,,,,,,,,,,,
INV-76350,ACH Transfer,9-Apr-24,,,,,,,,,,,
INV-72295,Check,2-May-24,,,,,,,,,,,
INV-83151,Check,24-Apr-24,,,,,,,,,,,
INV-84244,ACH Transfer,18-Apr-24,,,,,,,,,,,
INV-16716,ACH Transfer,19-Apr-24,,,,,,,,,,,
INV-84496,Check,4-May-24,,,,,,,,,,,
INV-63742,Credit Card,15-Apr-24,,,,,,,,,,,
INV-60379,ACH Transfer,29-Apr-24,,,,,,,,,,,
INV-92141,Wire Transfer,18-Apr-24,,,,,,,,,,,
INV-46765,Wire Transfer,9-Apr-24,,,,,,,,,,,
INV-71385,Check,22-Apr-24,,,,,,,,,,,
INV-49114,Check,29-Apr-24,,,,,,,,,,,
INV-59052,ACH Transfer,14-Apr-24,,,,,,,,,,,
INV-98412,ACH Transfer,16-Apr-24,,,,,,,,,,,
INV-69639,Wire Transfer,17-Apr-24,,,,,,,,,,,
INV-52560,Wire Transfer,13-Apr-24,,,,,,,,,,,
INV-23224,ACH Transfer,17-Apr-24,,,,,,,,,,,
INV-47071,Check,6-May-24,,,,,,,,,,,
INV-98214,Credit Card,21-Apr-24,,,,,,,,,,,
INV-89208,Credit Card,25-Apr-24,,,,,,,,,,,
INV-32014,Check,24-Apr-24,,,,,,,,,,,
INV-28204,ACH Transfer,27-Apr-24,,,,,,,,,,,
INV-19100,ACH Transfer,22-Apr-24,,,,,,,,,,,
INV-39845,Wire Transfer,9-Apr-24,,,,,,,,,,,
INV-35181,Wire Transfer,9-Apr-24,,,,,,,,,,,
INV-19836,Credit Card,9-Apr-24,,,,,,,,,,,
INV-29638,Check,12-Apr-24,,,,,,,,,,,
INV-46574,Wire Transfer,20-Apr-24,,,,,,,,,,,
INV-50181,Check,5-May-24,,,,,,,,,,,
INV-33389,Credit Card,30-Apr-24,,,,,,,,,,,
INV-89608,Wire Transfer,29-Apr-24,,,,,,,,,,,
INV-51328,Check,2-May-24,,,,,,,,,,,
INV-10397,ACH Transfer,29-Apr-24,,,,,,,,,,,
INV-88729,Credit Card,29-Apr-24,,,,,,,,,,,
INV-37320,Credit Card,2-May-24,,,,,,,,,,,
INV-70296,Wire Transfer,11-Apr-24,,,,,,,,,,,
INV-78010,Check,9-Apr-24,,,,,,,,,,,
INV-11483,ACH Transfer,5-May-24,,,,,,,,,,,
INV-55808,Check,21-Apr-24,,,,,,,,,,,
INV-47407,Wire Transfer,27-Apr-24,,,,,,,,,,,
INV-87636,Wire Transfer,19-Apr-24,,,,,,,,,,,
INV-10949,Wire Transfer,15-Apr-24,,,,,,,,,,,
INV-74336,Credit Card,3-May-24,,,,,,,,,,,
INV-80821,Credit Card,18-Apr-24,,,,,,,,,,,
INV-98690,Wire Transfer,13-Apr-24,,,,,,,,,,,
INV-12850,Credit Card,21-Apr-24,,,,,,,,,,,
INV-93086,Credit Card,8-Apr-24,,,,,,,,,,,
INV-91342,Credit Card,23-Apr-24,,,,,,,,,,,
INV-11938,Check,24-Apr-24,,,,,,,,,,,
INV-57738,Check,6-May-24,,,,,,,,,,,
INV-66608,Credit Card,30-Apr-24,,,,,,,,,,,
INV-19043,Wire Transfer,4-May-24,,,,,,,,,,,
INV-89803,Check,5-May-24,,,,,,,,,,,
INV-99612,ACH Transfer,14-Apr-24,,,,,,,,,,,
INV-86165,Wire Transfer,10-Apr-24,,,,,,,,,,,
INV-49316,Check,24-Apr-24,,,,,,,,,,,
INV-88187,ACH Transfer,13-Apr-24,,,,,,,,,,,
INV-18589,Credit Card,19-Apr-24,,,,,,,,,,,
INV-69119,Credit Card,27-Apr-24,,,,,,,,,,,
INV-61609,Credit Card,21-Apr-24,,,,,,,,,,,
INV-66730,Check,7-Apr-24,,,,,,,,,,,
INV-11375,Check,5-May-24,,,,,,,,,,,
INV-59824,Check,12-Apr-24,,,,,,,,,,,
INV-17179,Wire Transfer,4-May-24,,,,,,,,,,,
INV-31963,Credit Card,6-May-24,,,,,,,,,,,
INV-87845,Wire Transfer,9-Apr-24,,,,,,,,,,,
INV-12573,Check,1-May-24,,,,,,,,,,,
INV-77106,Credit Card,21-Apr-24,,,,,,,,,,,
INV-79989,Wire Transfer,8-Apr-24,,,,,,,,,,,
INV-22325,Wire Transfer,10-Apr-24,,,,,,,,,,,
INV-47958,Wire Transfer,13-Apr-24,,,,,,,,,,,
INV-90659,Credit Card,1-May-24,,,,,,,,,,,
INV-67858,Credit Card,13-Apr-24,,,,,,,,,,,
INV-92390,ACH Transfer,14-Apr-24,,,,,,,,,,,
INV-14403,ACH Transfer,7-Apr-24,,,,,,,,,,,
INV-65307,ACH Transfer,24-Apr-24,,,,,,,,,,,
INV-88056,Credit Card,11-Apr-24,,,,,,,,,,,
INV-95478,ACH Transfer,28-Apr-24,,,,,,,,,,,
INV-74596,ACH Transfer,9-Apr-24,,,,,,,,,,,
INV-92943,Wire Transfer,10-Apr-24,,,,,,,,,,,
INV-57221,Credit Card,3-May-24,,,,,,,,,,,
INV-97608,Wire Transfer,7-Apr-24,,,,,,,,,,,
INV-72174,Check,18-Apr-24,,,,,,,,,,,
INV-36995,Check,7-Apr-24,,,,,,,,,,,
INV-62338,Check,28-Apr-24,,,,,,,,,,,
INV-58293,Wire Transfer,26-Apr-24,,,,,,,,,,,
INV-12841,ACH Transfer,15-Apr-24,,,,,,,,,,,
INV-13250,Wire Transfer,22-Apr-24,,,,,,,,,,,
INV-74131,Check,15-Apr-24,,,,,,,,,,,
INV-26299,Check,26-Apr-24,,,,,,,,,,,
INV-30264,Check,30-Apr-24,,,,,,,,,,,
INV-46670,ACH Transfer,25-Apr-24,,,,,,,,,,,
INV-16527,Check,25-Apr-24,,,,,,,,,,,
INV-37080,ACH Transfer,17-Apr-24,,,,,,,,,,,
INV-30510,ACH Transfer,17-Apr-24,,,,,,,,,,,
INV-48276,Check,6-May-24,,,,,,,,,,,
INV-70016,Wire Transfer,1-May-24,,,,,,,,,,,
INV-43199,Wire Transfer,21-Apr-24,,,,,,,,,,,
INV-96810,Check,25-Apr-24,,,,,,,,,,,
INV-56104,ACH Transfer,23-Apr-24,,,,,,,,,,,
INV-42681,Check,8-Apr-24,,,,,,,,,,,
INV-21177,Wire Transfer,6-May-24,,,,,,,,,,,
INV-35048,Check,6-May-24,,,,,,,,,,,
INV-62477,Wire Transfer,12-Apr-24,,,,,,,,,,,
INV-10346,Credit Card,26-Apr-24,,,,,,,,,,,
INV-28079,ACH Transfer,18-Apr-24,,,,,,,,,,,
INV-20356,Wire Transfer,13-Apr-24,,,,,,,,,,,
INV-83683,Wire Transfer,24-Apr-24,,,,,,,,,,,
INV-20458,Credit Card,17-Apr-24,,,,,,,,,,,
INV-54177,ACH Transfer,29-Apr-24,,,,,,,,,,,
INV-46954,Check,15-Apr-24,,,,,,,,,,,
INV-96173,Wire Transfer,20-Apr-24,,,,,,,,,,,
INV-50851,Check,1-May-24,,,,,,,,,,,
INV-77303,Check,16-Apr-24,,,,,,,,,,,
INV-93808,Check,6-May-24,,,,,,,,,,,
INV-96476,Check,25-Apr-24,,,,,,,,,,,
INV-95365,ACH Transfer,8-Apr-24,,,,,,,,,,,
INV-79570,Check,8-Apr-24,,,,,,,,,,,
INV-64471,ACH Transfer,6-May-24,,,,,,,,,,,
INV-76352,Check,18-Apr-24,,,,,,,,,,,
INV-19172,Wire Transfer,4-May-24,,,,,,,,,,,
INV-98594,ACH Transfer,29-Apr-24,,,,,,,,,,,
INV-86578,ACH Transfer,2-May-24,,,,,,,,,,,
INV-83198,ACH Transfer,15-Apr-24,,,,,,,,,,,
INV-29565,Credit Card,20-Apr-24,,,,,,,,,,,
INV-12731,Wire Transfer,9-Apr-24,,,,,,,,,,,
INV-70870,Credit Card,2-May-24,,,,,,,,,,,
INV-90209,Wire Transfer,1-May-24,,,,,,,,,,,
INV-78781,Check,19-Apr-24,,,,,,,,,,,
INV-70198,ACH Transfer,21-Apr-24,,,,,,,,,,,
INV-55931,ACH Transfer,4-May-24,,,,,,,,,,,
INV-15943,Wire Transfer,26-Apr-24,,,,,,,,,,,
INV-27718,Check,2-May-24,,,,,,,,,,,
INV-91226,Wire Transfer,5-May-24,,,,,,,,,,,
INV-95825,Check,11-Apr-24,,,,,,,,,,,
INV-73979,ACH Transfer,15-Apr-24,,,,,,,,,,,
INV-73837,Check,22-Apr-24,,,,,,,,,,,
INV-52707,ACH Transfer,30-Apr-24,,,,,,,,,,,
INV-84923,Check,18-Apr-24,,,,,,,,,,,
INV-74553,Check,2-May-24,,,,,,,,,,,
INV-65865,Check,22-Apr-24,,,,,,,,,,,
INV-31558,Credit Card,13-Apr-24,,,,,,,,,,,
INV-78237,Credit Card,12-Apr-24,,,,,,,,,,,
INV-24521,Check,8-Apr-24,,,,,,,,,,,
INV-93957,Credit Card,28-Apr-24,,,,,,,,,,,
INV-10607,Check,4-May-24,,,,,,,,,,,
INV-96875,Wire Transfer,6-May-24,,,,,,,,,,,
INV-23629,Check,6-May-24,,,,,,,,,,,
INV-71374,ACH Transfer,24-Apr-24,,,,,,,,,,,
INV-36438,ACH Transfer,7-Apr-24,,,,,,,,,,,
INV-20782,ACH Transfer,3-May-24,,,,,,,,,,,
INV-20912,Check,26-Apr-24,,,,,,,,,,,
INV-86928,ACH Transfer,12-Apr-24,,,,,,,,,,,
INV-47243,Check,25-Apr-24,,,,,,,,,,,
INV-37138,Wire Transfer,9-Apr-24,,,,,,,,,,,
INV-45206,ACH Transfer,28-Apr-24,,,,,,,,,,,
INV-56343,ACH Transfer,26-Apr-24,,,,,,,,,,,
INV-76890,Wire Transfer,8-Apr-24,,,,,,,,,,,
INV-33061,Check,28-Apr-24,,,,,,,,,,,
INV-69586,Check,10-Apr-24,,,,,,,,,,,
INV-86384,ACH Transfer,12-Apr-24,,,,,,,,,,,
INV-42308,ACH Transfer,13-Apr-24,,,,,,,,,,,
INV-98887,Credit Card,19-Apr-24,,,,,,,,,,,
INV-77643,Credit Card,24-Apr-24,,,,,,,,,,,
INV-93269,ACH Transfer,29-Apr-24,,,,,,,,,,,
INV-14116,ACH Transfer,17-Apr-24,,,,,,,,,,,
INV-43369,Credit Card,3-May-24,,,,,,,,,,,
INV-53288,Credit Card,14-Apr-24,,,,,,,,,,,
INV-66710,Check,20-Apr-24,,,,,,,,,,,
INV-33143,Wire Transfer,8-Apr-24,,,,,,,,,,,
INV-60307,Check,28-Apr-24,,,,,,,,,,,
INV-75237,ACH Transfer,20-Apr-24,,,,,,,,,,,
INV-98785,ACH Transfer,28-Apr-24,,,,,,,,,,,
INV-73560,Credit Card,9-Apr-24,,,,,,,,,,,
INV-10302,ACH Transfer,4-May-24,,,,,,,,,,,
INV-89448,Check,8-Apr-24,,,,,,,,,,,
INV-29375,Wire Transfer,17-Apr-24,,,,,,,,,,,
INV-12689,ACH Transfer,13-Apr-24,,,,,,,,,,,
INV-86003,Credit Card,4-May-24,,,,,,,,,,,
INV-94245,Credit Card,11-Apr-24,,,,,,,,,,,
INV-83698,Check,25-Apr-24,,,,,,,,,,,
INV-92217,Wire Transfer,2-May-24,,,,,,,,,,,
INV-30942,Credit Card,5-May-24,,,,,,,,,,,
INV-61509,Wire Transfer,11-Apr-24,,,,,,,,,,,
INV-84047,Check,21-Apr-24,,,,,,,,,,,
INV-29168,Wire Transfer,5-May-24,,,,,,,,,,,
INV-48334,Check,19-Apr-24,,,,,,,,,,,
INV-36891,Check,21-Apr-24,,,,,,,,,,,
INV-45791,Wire Transfer,14-Apr-24,,,,,,,,,,,
INV-58797,ACH Transfer,30-Apr-24,,,,,,,,,,,
INV-81791,Check,16-Apr-24,,,,,,,,,,,
INV-94694,Check,20-Apr-24,,,,,,,,,,,
INV-59293,ACH Transfer,27-Apr-24,,,,,,,,,,,
INV-78423,ACH Transfer,12-Apr-24,,,,,,,,,,,
INV-96874,ACH Transfer,2-May-24,,,,,,,,,,,
INV-34241,Wire Transfer,10-Apr-24,,,,,,,,,,,
INV-89264,ACH Transfer,4-May-24,,,,,,,,,,,
INV-35110,Wire Transfer,20-Apr-24,,,,,,,,,,,
INV-23733,Credit Card,2-May-24,,,,,,,,,,,
INV-18657,ACH Transfer,17-Apr-24,,,,,,,,,,,
INV-57210,Credit Card,17-Apr-24,,,,,,,,,,,
INV-70153,Credit Card,18-Apr-24,,,,,,,,,,,
INV-87505,ACH Transfer,10-Apr-24,,,,,,,,,,,
INV-47850,Wire Transfer,27-Apr-24,,,,,,,,,,,
INV-23618,ACH Transfer,9-Apr-24,,,,,,,,,,,
INV-22602,Wire Transfer,1-May-24,,,,,,,,,,,
INV-75309,ACH Transfer,7-Apr-24,,,,,,,,,,,
INV-15340,Wire Transfer,9-Apr-24,,,,,,,,,,,
INV-83314,Check,7-Apr-24,,,,,,,,,,,
INV-37317,Credit Card,20-Apr-24,,,,,,,,,,,
INV-80573,Credit Card,9-Apr-24,,,,,,,,,,,
INV-56393,ACH Transfer,29-Apr-24,,,,,,,,,,,
INV-90627,ACH Transfer,19-Apr-24,,,,,,,,,,,
INV-70515,Credit Card,30-Apr-24,,,,,,,,,,,
INV-83663,Check,10-Apr-24,,,,,,,,,,,
INV-74026,Check,26-Apr-24,,,,,,,,,,,
INV-58044,Credit Card,30-Apr-24,,,,,,,,,,,
INV-32093,ACH Transfer,29-Apr-24,,,,,,,,,,,
INV-75162,Wire Transfer,25-Apr-24,,,,,,,,,,,
INV-17260,Wire Transfer,4-May-24,,,,,,,,,,,
INV-80738,Check,12-Apr-24,,,,,,,,,,,
INV-93513,Wire Transfer,6-May-24,,,,,,,,,,,
INV-33238,ACH Transfer,6-May-24,,,,,,,,,,,
INV-55418,Credit Card,7-Apr-24,,,,,,,,,,,
INV-35303,Wire Transfer,9-Apr-24,,,,,,,,,,,
INV-45282,ACH Transfer,28-Apr-24,,,,,,,,,,,
INV-84777,Check,4-May-24,,,,,,,,,,,
INV-37479,Check,13-Apr-24,,,,,,,,,,,
INV-54322,Credit Card,25-Apr-24,,,,,,,,,,,
INV-35669,ACH Transfer,12-Apr-24,,,,,,,,,,,
INV-34118,ACH Transfer,9-Apr-24,,,,,,,,,,,
INV-76274,Wire Transfer,1-May-24,,,,,,,,,,,
INV-94429,ACH Transfer,4-May-24,,,,,,,,,,,
INV-67905,ACH Transfer,25-Apr-24,,,,,,,,,,,
INV-35120,ACH Transfer,11-Apr-24,,,,,,,,,,,
INV-37336,Wire Transfer,23-Apr-24,,,,,,,,,,,
INV-93641,Wire Transfer,14-Apr-24,,,,,,,,,,,
INV-28917,Wire Transfer,17-Apr-24,,,,,,,,,,,
INV-23963,ACH Transfer,4-May-24,,,,,,,,,,,
INV-92205,ACH Transfer,7-Apr-24,,,,,,,,,,,
INV-17958,Check,21-Apr-24,,,,,,,,,,,
INV-52097,ACH Transfer,12-Apr-24,,,,,,,,,,,
INV-44746,Check,18-Apr-24,,,,,,,,,,,
INV-90609,Credit Card,30-Apr-24,,,,,,,,,,,
INV-14011,Check,12-Apr-24,,,,,,,,,,,
INV-81318,Credit Card,9-Apr-24,,,,,,,,,,,
INV-44897,ACH Transfer,9-Apr-24,,,,,,,,,,,
INV-25789,Wire Transfer,7-Apr-24,,,,,,,,,,,
INV-75560,Check,30-Apr-24,,,,,,,,,,,
INV-73801,Check,20-Apr-24,,,,,,,,,,,
INV-37090,Credit Card,15-Apr-24,,,,,,,,,,,
INV-83630,Wire Transfer,5-May-24,,,,,,,,,,,
INV-71068,Wire Transfer,15-Apr-24,,,,,,,,,,,
INV-81310,Check,17-Apr-24,,,,,,,,,,,
INV-16012,ACH Transfer,2-May-24,,,,,,,,,,,
INV-13045,Credit Card,27-Apr-24,,,,,,,,,,,
INV-37632,Check,6-May-24,,,,,,,,,,,
INV-88181,Check,12-Apr-24,,,,,,,,,,,
INV-73268,Wire Transfer,1-May-24,,,,,,,,,,,
INV-72074,Credit Card,18-Apr-24,,,,,,,,,,,
INV-65309,Check,2-May-24,,,,,,,,,,,
INV-95599,Wire Transfer,4-May-24,,,,,,,,,,,
INV-39973,Wire Transfer,29-Apr-24,,,,,,,,,,,
INV-74133,Credit Card,16-Apr-24,,,,,,,,,,,
INV-47022,Wire Transfer,30-Apr-24,,,,,,,,,,,
INV-41003,Wire Transfer,28-Apr-24,,,,,,,,,,,
INV-14204,Credit Card,14-Apr-24,,,,,,,,,,,
INV-66412,ACH Transfer,29-Apr-24,,,,,,,,,,,
INV-22160,ACH Transfer,27-Apr-24,,,,,,,,,,,
INV-99326,Credit Card,1-May-24,,,,,,,,,,,
INV-29852,ACH Transfer,20-Apr-24,,,,,,,,,,,
INV-71659,Wire Transfer,23-Apr-24,,,,,,,,,,,
INV-78244,Check,6-May-24,,,,,,,,,,,
INV-83408,ACH Transfer,19-Apr-24,,,,,,,,,,,
INV-39731,Credit Card,12-Apr-24,,,,,,,,,,,
INV-43055,Wire Transfer,27-Apr-24,,,,,,,,,,,
INV-27169,Credit Card,17-Apr-24,,,,,,,,,,,
INV-39201,Wire Transfer,14-Apr-24,,,,,,,,,,,
INV-81414,Credit Card,26-Apr-24,,,,,,,,,,,
INV-46003,Wire Transfer,11-Apr-24,,,,,,,,,,,
INV-54985,Credit Card,19-Apr-24,,,,,,,,,,,
INV-77973,Credit Card,18-Apr-24,,,,,,,,,,,
INV-14600,ACH Transfer,5-May-24,,,,,,,,,,,
INV-14566,Wire Transfer,12-Apr-24,,,,,,,,,,,
INV-61352,Wire Transfer,8-Apr-24,,,,,,,,,,,
INV-55419,Credit Card,4-May-24,,,,,,,,,,,
INV-42884,Credit Card,15-Apr-24,,,,,,,,,,,
INV-38360,Credit Card,11-Apr-24,,,,,,,,,,,
INV-63817,ACH Transfer,28-Apr-24,,,,,,,,,,,
INV-65710,Wire Transfer,11-Apr-24,,,,,,,,,,,
INV-82219,Wire Transfer,30-Apr-24,,,,,,,,,,,
INV-35967,ACH Transfer,28-Apr-24,,,,,,,,,,,
INV-16911,Wire Transfer,23-Apr-24,,,,,,,,,,,
INV-35668,ACH Transfer,28-Apr-24,,,,,,,,,,,
INV-70047,ACH Transfer,19-Apr-24,,,,,,,,,,,
INV-56340,Wire Transfer,12-Apr-24,,,,,,,,,,,
INV-10338,Check,3-May-24,,,,,,,,,,,
INV-80664,Check,11-Apr-24,,,,,,,,,,,
INV-60568,Check,19-Apr-24,,,,,,,,,,,
INV-76002,Wire Transfer,16-Apr-24,,,,,,,,,,,
INV-90614,Check,2-May-24,,,,,,,,,,,
INV-78611,Credit Card,21-Apr-24,,,,,,,,,,,
INV-79149,Wire Transfer,11-Apr-24,,,,,,,,,,,
INV-23762,Wire Transfer,8-Apr-24,,,,,,,,,,,
INV-38689,ACH Transfer,11-Apr-24,,,,,,,,,,,
INV-10152,Credit Card,12-Apr-24,,,,,,,,,,,
INV-78034,Check,30-Apr-24,,,,,,,,,,,
INV-96076,ACH Transfer,14-Apr-24,,,,,,,,,,,
INV-27800,Credit Card,7-Apr-24,,,,,,,,,,,
INV-89027,Wire Transfer,1-May-24,,,,,,,,,,,
INV-58714,Credit Card,19-Apr-24,,,,,,,,,,,
INV-33684,ACH Transfer,28-Apr-24,,,,,,,,,,,
INV-32040,Credit Card,17-Apr-24,,,,,,,,,,,
INV-89835,ACH Transfer,14-Apr-24,,,,,,,,,,,
INV-41699,ACH Transfer,9-Apr-24,,,,,,,,,,,
INV-17706,Check,24-Apr-24,,,,,,,,,,,
INV-99279,Check,16-Apr-24,,,,,,,,,,,
INV-53050,ACH Transfer,10-Apr-24,,,,,,,,,,,
INV-64150,ACH Transfer,3-May-24,,,,,,,,,,,
INV-93796,ACH Transfer,11-Apr-24,,,,,,,,,,,
INV-80795,ACH Transfer,25-Apr-24,,,,,,,,,,,
INV-98332,Check,16-Apr-24,,,,,,,,,,,
INV-99132,Check,21-Apr-24,,,,,,,,,,,
INV-18535,ACH Transfer,21-Apr-24,,,,,,,,,,,
INV-71485,ACH Transfer,11-Apr-24,,,,,,,,,,,
INV-38191,ACH Transfer,11-Apr-24,,,,,,,,,,,
INV-85005,Wire Transfer,21-Apr-24,,,,,,,,,,,
INV-72548,Check,5-May-24,,,,,,,,,,,
INV-58875,ACH Transfer,16-Apr-24,,,,,,,,,,,
INV-95927,ACH Transfer,16-Apr-24,,,,,,,,,,,
INV-62640,Credit Card,3-May-24,,,,,,,,,,,
INV-54376,Credit Card,30-Apr-24,,,,,,,,,,,
INV-84348,Wire Transfer,21-Apr-24,,,,,,,,,,,
INV-30598,Check,2-May-24,,,,,,,,,,,
INV-21484,Check,7-Apr-24,,,,,,,,,,,
INV-89518,Credit Card,24-Apr-24,,,,,,,,,,,
INV-79474,ACH Transfer,19-Apr-24,,,,,,,,,,,
INV-27145,Wire Transfer,7-Apr-24,,,,,,,,,,,
INV-44510,Credit Card,19-Apr-24,,,,,,,,,,,
INV-71420,Credit Card,20-Apr-24,,,,,,,,,,,
INV-42666,Wire Transfer,17-Apr-24,,,,,,,,,,,
INV-28732,Check,19-Apr-24,,,,,,,,,,,
INV-11963,Wire Transfer,29-Apr-24,,,,,,,,,,,
INV-78068,Credit Card,13-Apr-24,,,,,,,,,,,
INV-97373,ACH Transfer,15-Apr-24,,,,,,,,,,,
INV-46102,Check,6-May-24,,,,,,,,,,,
INV-64056,Check,4-May-24,,,,,,,,,,,
INV-51660,Wire Transfer,19-Apr-24,,,,,,,,,,,
INV-74275,Check,1-May-24,,,,,,,,,,,
INV-59065,Credit Card,14-Apr-24,,,,,,,,,,,
INV-91436,Wire Transfer,9-Apr-24,,,,,,,,,,,
INV-96422,ACH Transfer,14-Apr-24,,,,,,,,,,,
INV-49945,Check,30-Apr-24,,,,,,,,,,,
INV-84049,ACH Transfer,3-May-24,,,,,,,,,,,
INV-18322,ACH Transfer,11-Apr-24,,,,,,,,,,,
INV-97605,ACH Transfer,9-Apr-24,,,,,,,,,,,
INV-36011,ACH Transfer,19-Apr-24,,,,,,,,,,,
INV-21841,Check,19-Apr-24,,,,,,,,,,,
INV-21627,ACH Transfer,26-Apr-24,,,,,,,,,,,
INV-56942,Check,18-Apr-24,,,,,,,,,,,
INV-68823,Credit Card,21-Apr-24,,,,,,,,,,,
INV-42247,Wire Transfer,22-Apr-24,,,,,,,,,,,
INV-47566,Check,25-Apr-24,,,,,,,,,,,
INV-10089,Wire Transfer,18-Apr-24,,,,,,,,,,,
INV-80907,Wire Transfer,16-Apr-24,,,,,,,,,,,
INV-76001,ACH Transfer,15-Apr-24,,,,,,,,,,,
INV-61491,Credit Card,26-Apr-24,,,,,,,,,,,
INV-57114,Credit Card,24-Apr-24,,,,,,,,,,,
INV-68455,Wire Transfer,9-Apr-24,,,,,,,,,,,
INV-81663,Wire Transfer,21-Apr-24,,,,,,,,,,,
INV-23652,Check,27-Apr-24,,,,,,,,,,,
INV-41951,Check,8-Apr-24,,,,,,,,,,,
INV-32652,Wire Transfer,27-Apr-24,,,,,,,,,,,
INV-13971,ACH Transfer,25-Apr-24,,,,,,,,,,,
INV-56222,Check,21-Apr-24,,,,,,,,,,,
INV-94974,Check,25-Apr-24,,,,,,,,,,,
INV-15213,ACH Transfer,10-Apr-24,,,,,,,,,,,
INV-95290,ACH Transfer,30-Apr-24,,,,,,,,,,,
INV-41427,ACH Transfer,23-Apr-24,,,,,,,,,,,
INV-34931,Wire Transfer,7-Apr-24,,,,,,,,,,,
INV-98030,Credit Card,6-May-24,,,,,,,,,,,
INV-84366,ACH Transfer,18-Apr-24,,,,,,,,,,,
INV-15798,Check,21-Apr-24,,,,,,,,,,,
INV-66108,Wire Transfer,28-Apr-24,,,,,,,,,,,
INV-61744,ACH Transfer,14-Apr-24,,,,,,,,,,,
INV-96994,ACH Transfer,4-May-24,,,,,,,,,,,
INV-42831,Credit Card,17-Apr-24,,,,,,,,,,,
INV-66454,Check,28-Apr-24,,,,,,,,,,,
INV-29318,Wire Transfer,26-Apr-24,,,,,,,,,,,
INV-81845,Credit Card,12-Apr-24,,,,,,,,,,,
INV-23671,ACH Transfer,22-Apr-24,,,,,,,,,,,
INV-85643,ACH Transfer,21-Apr-24,,,,,,,,,,,
INV-39174,Check,14-Apr-24,,,,,,,,,,,
INV-78601,Credit Card,19-Apr-24,,,,,,,,,,,
INV-48440,Credit Card,16-Apr-24,,,,,,,,,,,
INV-55163,Wire Transfer,29-Apr-24,,,,,,,,,,,
INV-47548,Check,15-Apr-24,,,,,,,,,,,
INV-54416,Wire Transfer,26-Apr-24,,,,,,,,,,,
INV-52555,Check,8-Apr-24,,,,,,,,,,,
INV-12590,Check,26-Apr-24,,,,,,,,,,,
INV-66869,Check,20-Apr-24,,,,,,,,,,,
INV-95037,Wire Transfer,10-Apr-24,,,,,,,,,,,
INV-33952,Check,12-Apr-24,,,,,,,,,,,
INV-73778,ACH Transfer,9-Apr-24,,,,,,,,,,,
INV-12437,Wire Transfer,22-Apr-24,,,,,,,,,,,
INV-76127,Credit Card,4-May-24,,,,,,,,,,,
INV-72352,Check,30-Apr-24,,,,,,,,,,,
INV-51599,Check,24-Apr-24,,,,,,,,,,,
INV-33659,Check,12-Apr-24,,,,,,,,,,,
INV-56208,ACH Transfer,4-May-24,,,,,,,,,,,
INV-74996,ACH Transfer,19-Apr-24,,,,,,,,,,,
INV-82601,Check,18-Apr-24,,,,,,,,,,,
INV-28976,Credit Card,28-Apr-24,,,,,,,,,,,
INV-52280,Check,27-Apr-24,,,,,,,,,,,
INV-71349,Check,19-Apr-24,,,,,,,,,,,
INV-87858,Check,9-Apr-24,,,,,,,,,,,
INV-53083,ACH Transfer,28-Apr-24,,,,,,,,,,,
INV-14552,Wire Transfer,2-May-24,,,,,,,,,,,
INV-41349,Credit Card,29-Apr-24,,,,,,,,,,,
INV-78620,Wire Transfer,30-Apr-24,,,,,,,,,,,
INV-18002,Credit Card,25-Apr-24,,,,,,,,,,,
INV-50559,Wire Transfer,12-Apr-24,,,,,,,,,,,
INV-37321,Wire Transfer,25-Apr-24,,,,,,,,,,,
INV-69032,Credit Card,14-Apr-24,,,,,,,,,,,
INV-44190,Credit Card,14-Apr-24,,,,,,,,,,,
INV-68038,ACH Transfer,11-Apr-24,,,,,,,,,,,
INV-58926,Wire Transfer,25-Apr-24,,,,,,,,,,,
INV-18896,ACH Transfer,15-Apr-24,,,,,,,,,,,
INV-23353,Wire Transfer,2-May-24,,,,,,,,,,,
INV-65254,ACH Transfer,9-Apr-24,,,,,,,,,,,
INV-28795,ACH Transfer,22-Apr-24,,,,,,,,,,,
INV-95262,Credit Card,12-Apr-24,,,,,,,,,,,
INV-19134,Wire Transfer,4-May-24,,,,,,,,,,,
INV-44822,ACH Transfer,11-Apr-24,,,,,,,,,,,
INV-19538,Wire Transfer,27-Apr-24,,,,,,,,,,,
INV-84676,Credit Card,19-Apr-24,,,,,,,,,,,
INV-40324,ACH Transfer,28-Apr-24,,,,,,,,,,,
INV-83403,Check,3-May-24,,,,,,,,,,,
INV-83461,Credit Card,28-Apr-24,,,,,,,,,,,
INV-98621,ACH Transfer,8-Apr-24,,,,,,,,,,,
INV-42639,Credit Card,2-May-24,,,,,,,,,,,
INV-62929,ACH Transfer,9-Apr-24,,,,,,,,,,,
INV-75214,Check,16-Apr-24,,,,,,,,,,,
INV-97328,Check,14-Apr-24,,,,,,,,,,,
INV-61316,Check,23-Apr-24,,,,,,,,,,,
INV-55442,Wire Transfer,1-May-24,,,,,,,,,,,
INV-11773,Credit Card,28-Apr-24,,,,,,,,,,,
INV-95932,ACH Transfer,17-Apr-24,,,,,,,,,,,
INV-63873,ACH Transfer,6-May-24,,,,,,,,,,,
INV-60468,ACH Transfer,26-Apr-24,,,,,,,,,,,
INV-19987,Credit Card,15-Apr-24,,,,,,,,,,,
INV-14899,Credit Card,10-Apr-24,,,,,,,,,,,
INV-88922,Credit Card,15-Apr-24,,,,,,,,,,,
INV-53920,ACH Transfer,22-Apr-24,,,,,,,,,,,
INV-41473,Wire Transfer,23-Apr-24,,,,,,,,,,,
INV-27508,ACH Transfer,10-Apr-24,,,,,,,,,,,
INV-20878,Check,5-May-24,,,,,,,,,,,
INV-29434,Check,25-Apr-24,,,,,,,,,,,
INV-49373,Check,24-Apr-24,,,,,,,,,,,
INV-46407,Check,15-Apr-24,,,,,,,,,,,
INV-90758,Wire Transfer,19-Apr-24,,,,,,,,,,,
INV-89411,Wire Transfer,8-Apr-24,,,,,,,,,,,
INV-71253,Check,10-Apr-24,,,,,,,,,,,
INV-32726,Credit Card,6-May-24,,,,,,,,,,,
INV-35253,Credit Card,19-Apr-24,,,,,,,,,,,
INV-41062,ACH Transfer,19-Apr-24,,,,,,,,,,,
INV-90009,Wire Transfer,10-Apr-24,,,,,,,,,,,
INV-92604,Wire Transfer,18-Apr-24,,,,,,,,,,,
INV-45505,Check,26-Apr-24,,,,,,,,,,,
INV-31214,Check,21-Apr-24,,,,,,,,,,,
INV-28235,ACH Transfer,6-May-24,,,,,,,,,,,
INV-50429,Check,8-Apr-24,,,,,,,,,,,
INV-55884,Check,24-Apr-24,,,,,,,,,,,
INV-30917,Credit Card,29-Apr-24,,,,,,,,,,,
INV-92429,Wire Transfer,11-Apr-24,,,,,,,,,,,
INV-35884,Check,2-May-24,,,,,,,,,,,
INV-99828,Wire Transfer,25-Apr-24,,,,,,,,,,,
INV-84203,Check,13-Apr-24,,,,,,,,,,,
INV-44744,Wire Transfer,20-Apr-24,,,,,,,,,,,
INV-40996,Credit Card,29-Apr-24,,,,,,,,,,,
INV-97535,Check,28-Apr-24,,,,,,,,,,,
INV-47112,Wire Transfer,19-Apr-24,,,,,,,,,,,
INV-84001,Check,6-May-24,,,,,,,,,,,
INV-73855,Credit Card,19-Apr-24,,,,,,,,,,,
INV-72607,Wire Transfer,9-Apr-24,,,,,,,,,,,
INV-61164,ACH Transfer,18-Apr-24,,,,,,,,,,,
INV-75899,Wire Transfer,19-Apr-24,,,,,,,,,,,
INV-61269,Check,6-May-24,,,,,,,,,,,
INV-72034,Wire Transfer,4-May-24,,,,,,,,,,,
INV-84826,Wire Transfer,16-Apr-24,,,,,,,,,,,
INV-14245,Credit Card,15-Apr-24,,,,,,,,,,,
INV-63276,ACH Transfer,13-Apr-24,,,,,,,,,,,
INV-49267,Check,20-Apr-24,,,,,,,,,,,
INV-21829,Credit Card,28-Apr-24,,,,,,,,,,,
INV-63189,ACH Transfer,26-Apr-24,,,,,,,,,,,
INV-68476,Credit Card,25-Apr-24,,,,,,,,,,,
INV-90457,Check,26-Apr-24,,,,,,,,,,,
INV-93260,Credit Card,11-Apr-24,,,,,,,,,,,
INV-27455,ACH Transfer,6-May-24,,,,,,,,,,,
INV-46450,Check,16-Apr-24,,,,,,,,,,,
INV-59978,ACH Transfer,30-Apr-24,,,,,,,,,,,
INV-87798,Credit Card,22-Apr-24,,,,,,,,,,,
INV-81672,Check,11-Apr-24,,,,,,,,,,,
INV-21662,Check,30-Apr-24,,,,,,,,,,,
INV-93442,ACH Transfer,28-Apr-24,,,,,,,,,,,
INV-11247,Check,29-Apr-24,,,,,,,,,,,
INV-51919,Credit Card,22-Apr-24,,,,,,,,,,,
INV-27575,ACH Transfer,21-Apr-24,,,,,,,,,,,
INV-84373,Wire Transfer,12-Apr-24,,,,,,,,,,,
INV-24608,ACH Transfer,24-Apr-24,,,,,,,,,,,
INV-64407,ACH Transfer,2-May-24,,,,,,,,,,,
INV-68116,Check,27-Apr-24,,,,,,,,,,,
INV-63851,Credit Card,1-May-24,,,,,,,,,,,
INV-87663,ACH Transfer,19-Apr-24,,,,,,,,,,,
INV-62957,Credit Card,29-Apr-24,,,,,,,,,,,
INV-25841,Wire Transfer,8-Apr-24,,,,,,,,,,,
INV-38941,Check,12-Apr-24,,,,,,,,,,,
INV-11571,ACH Transfer,23-Apr-24,,,,,,,,,,,
INV-98333,Check,21-Apr-24,,,,,,,,,,,
INV-67819,Wire Transfer,5-May-24,,,,,,,,,,,
INV-49217,Wire Transfer,5-May-24,,,,,,,,,,,
INV-98017,Wire Transfer,10-Apr-24,,,,,,,,,,,
INV-31552,Wire Transfer,7-Apr-24,,,,,,,,,,,
INV-77297,Check,30-Apr-24,,,,,,,,,,,
INV-12807,Credit Card,18-Apr-24,,,,,,,,,,,
INV-70717,Wire Transfer,17-Apr-24,,,,,,,,,,,
INV-78154,Check,21-Apr-24,,,,,,,,,,,
INV-74987,Credit Card,25-Apr-24,,,,,,,,,,,
INV-71648,Credit Card,29-Apr-24,,,,,,,,,,,
INV-22091,Credit Card,4-May-24,,,,,,,,,,,
INV-42603,Credit Card,6-May-24,,,,,,,,,,,
INV-94241,ACH Transfer,16-Apr-24,,,,,,,,,,,
INV-18709,Credit Card,24-Apr-24,,,,,,,,,,,
INV-16597,ACH Transfer,14-Apr-24,,,,,,,,,,,
INV-16359,Credit Card,22-Apr-24,,,,,,,,,,,
INV-65735,Credit Card,14-Apr-24,,,,,,,,,,,
INV-58552,ACH Transfer,12-Apr-24,,,,,,,,,,,
INV-85037,Credit Card,2-May-24,,,,,,,,,,,
INV-43035,Credit Card,24-Apr-24,,,,,,,,,,,
INV-46764,Check,15-Apr-24,,,,,,,,,,,
INV-13523,Check,18-Apr-24,,,,,,,,,,,
INV-65224,Credit Card,5-May-24,,,,,,,,,,,
INV-36726,Credit Card,7-Apr-24,,,,,,,,,,,
INV-11401,Credit Card,2-May-24,,,,,,,,,,,
INV-39468,Check,24-Apr-24,,,,,,,,,,,
INV-88929,Wire Transfer,28-Apr-24,,,,,,,,,,,
INV-92910,Check,25-Apr-24,,,,,,,,,,,
INV-37583,Credit Card,15-Apr-24,,,,,,,,,,,
INV-70766,Credit Card,4-May-24,,,,,,,,,,,
INV-86763,ACH Transfer,4-May-24,,,,,,,,,,,
INV-20840,Check,28-Apr-24,,,,,,,,,,,
INV-89597,ACH Transfer,10-Apr-24,,,,,,,,,,,
INV-96633,ACH Transfer,30-Apr-24,,,,,,,,,,,
INV-11486,Check,9-Apr-24,,,,,,,,,,,
INV-35113,ACH Transfer,1-May-24,,,,,,,,,,,
INV-37966,Credit Card,29-Apr-24,,,,,,,,,,,
INV-57126,Credit Card,25-Apr-24,,,,,,,,,,,
INV-90785,Check,21-Apr-24,,,,,,,,,,,
INV-19784,Check,22-Apr-24,,,,,,,,,,,
INV-26800,Wire Transfer,10-Apr-24,,,,,,,,,,,
INV-25898,ACH Transfer,4-May-24,,,,,,,,,,,
INV-27787,Check,6-May-24,,,,,,,,,,,
INV-37085,Wire Transfer,14-Apr-24,,,,,,,,,,,
INV-98102,Credit Card,17-Apr-24,,,,,,,,,,,
INV-40526,Credit Card,6-May-24,,,,,,,,,,,
INV-89387,ACH Transfer,28-Apr-24,,,,,,,,,,,
INV-59821,Wire Transfer,30-Apr-24,,,,,,,,,,,
INV-19016,Credit Card,26-Apr-24,,,,,,,,,,,
INV-16143,ACH Transfer,10-Apr-24,,,,,,,,,,,
INV-22928,Check,13-Apr-24,,,,,,,,,,,
INV-55198,Credit Card,10-Apr-24,,,,,,,,,,,
INV-65613,Wire Transfer,25-Apr-24,,,,,,,,,,,
INV-76698,Credit Card,18-Apr-24,,,,,,,,,,,
INV-53525,Credit Card,21-Apr-24,,,,,,,,,,,
INV-62100,Credit Card,2-May-24,,,,,,,,,,,
INV-42007,Check,21-Apr-24,,,,,,,,,,,
INV-66158,Wire Transfer,13-Apr-24,,,,,,,,,,,
INV-38820,Wire Transfer,17-Apr-24,,,,,,,,,,,
INV-94386,ACH Transfer,7-Apr-24,,,,,,,,,,,
INV-87214,Credit Card,23-Apr-24,,,,,,,,,,,
INV-25431,Wire Transfer,24-Apr-24,,,,,,,,,,,
INV-46361,Check,4-May-24,,,,,,,,,,,
INV-98084,ACH Transfer,27-Apr-24,,,,,,,,,,,
INV-84065,ACH Transfer,15-Apr-24,,,,,,,,,,,
INV-27572,Credit Card,6-May-24,,,,,,,,,,,
INV-37155,Check,27-Apr-24,,,,,,,,,,,
INV-60534,Credit Card,4-May-24,,,,,,,,,,,
INV-76920,ACH Transfer,29-Apr-24,,,,,,,,,,,
INV-64140,ACH Transfer,8-Apr-24,,,,,,,,,,,
INV-27824,Check,19-Apr-24,,,,,,,,,,,
INV-70506,Wire Transfer,9-Apr-24,,,,,,,,,,,
INV-98658,Check,18-Apr-24,,,,,,,,,,,
INV-64041,Wire Transfer,19-Apr-24,,,,,,,,,,,
INV-36922,Check,19-Apr-24,,,,,,,,,,,
INV-54253,Wire Transfer,11-Apr-24,,,,,,,,,,,
INV-84684,Check,30-Apr-24,,,,,,,,,,,
INV-40589,Credit Card,13-Apr-24,,,,,,,,,,,
INV-10944,Check,30-Apr-24,,,,,,,,,,,
INV-69637,Wire Transfer,13-Apr-24,,,,,,,,,,,
INV-21650,Credit Card,9-Apr-24,,,,,,,,,,,
INV-36052,Credit Card,13-Apr-24,,,,,,,,,,,
INV-30412,ACH Transfer,20-Apr-24,,,,,,,,,,,
INV-66908,ACH Transfer,1-May-24,,,,,,,,,,,
INV-38601,ACH Transfer,29-Apr-24,,,,,,,,,,,
INV-59107,Credit Card,6-May-24,,,,,,,,,,,
INV-40475,Check,9-Apr-24,,,,,,,,,,,
INV-62645,Check,13-Apr-24,,,,,,,,,,,
INV-38367,ACH Transfer,30-Apr-24,,,,,,,,,,,
INV-50514,ACH Transfer,13-Apr-24,,,,,,,,,,,
INV-88386,Wire Transfer,6-May-24,,,,,,,,,,,
INV-90466,Wire Transfer,28-Apr-24,,,,,,,,,,,
INV-60954,Check,30-Apr-24,,,,,,,,,,,
INV-14690,Credit Card,3-May-24,,,,,,,,,,,
INV-37130,Wire Transfer,21-Apr-24,,,,,,,,,,,
INV-15886,Check,26-Apr-24,,,,,,,,,,,
INV-72155,Check,21-Apr-24,,,,,,,,,,,
INV-86587,ACH Transfer,3-May-24,,,,,,,,,,,
INV-17875,Wire Transfer,23-Apr-24,,,,,,,,,,,
INV-51108,Check,22-Apr-24,,,,,,,,,,,
INV-13847,ACH Transfer,14-Apr-24,,,,,,,,,,,
INV-21849,ACH Transfer,19-Apr-24,,,,,,,,,,,
INV-20057,Wire Transfer,16-Apr-24,,,,,,,,,,,
INV-65523,Check,6-May-24,,,,,,,,,,,
INV-24690,Credit Card,29-Apr-24,,,,,,,,,,,
INV-35378,Check,24-Apr-24,,,,,,,,,,,
INV-13951,Credit Card,7-Apr-24,,,,,,,,,,,
INV-52146,Check,27-Apr-24,,,,,,,,,,,
INV-18108,Wire Transfer,7-Apr-24,,,,,,,,,,,
INV-23515,Check,10-Apr-24,,,,,,,,,,,
INV-60200,Check,10-Apr-24,,,,,,,,,,,
INV-17247,Wire Transfer,5-May-24,,,,,,,,,,,
INV-33368,Check,4-May-24,,,,,,,,,,,
INV-63928,Check,14-Apr-24,,,,,,,,,,,
INV-86313,Credit Card,14-Apr-24,,,,,,,,,,,
INV-72833,Check,30-Apr-24,,,,,,,,,,,
INV-88484,ACH Transfer,17-Apr-24,,,,,,,,,,,
INV-80428,Check,10-Apr-24,,,,,,,,,,,
INV-92018,Credit Card,11-Apr-24,,,,,,,,,,,
INV-77628,Check,23-Apr-24,,,,,,,,,,,
INV-34356,ACH Transfer,24-Apr-24,,,,,,,,,,,
INV-43859,ACH Transfer,16-Apr-24,,,,,,,,,,,
INV-74183,Wire Transfer,21-Apr-24,,,,,,,,,,,
INV-70242,ACH Transfer,15-Apr-24,,,,,,,,,,,
INV-60296,ACH Transfer,18-Apr-24,,,,,,,,,,,
INV-18513,Credit Card,5-May-24,,,,,,,,,,,
INV-84416,Wire Transfer,8-Apr-24,,,,,,,,,,,
INV-53806,Wire Transfer,8-Apr-24,,,,,,,,,,,
INV-91803,ACH Transfer,27-Apr-24,,,,,,,,,,,
INV-45333,ACH Transfer,30-Apr-24,,,,,,,,,,,
INV-90792,Credit Card,13-Apr-24,,,,,,,,,,,
INV-10311,ACH Transfer,14-Apr-24,,,,,,,,,,,
INV-15597,ACH Transfer,4-May-24,,,,,,,,,,,
INV-20714,Credit Card,7-Apr-24,,,,,,,,,,,
INV-98190,Check,30-Apr-24,,,,,,,,,,,
INV-13544,Wire Transfer,28-Apr-24,,,,,,,,,,,
INV-25388,Wire Transfer,6-May-24,,,,,,,,,,,
INV-89605,ACH Transfer,4-May-24,,,,,,,,,,,
INV-80643,ACH Transfer,29-Apr-24,,,,,,,,,,,
INV-41403,Wire Transfer,19-Apr-24,,,,,,,,,,,
INV-37843,ACH Transfer,6-May-24,,,,,,,,,,,
INV-53592,ACH Transfer,10-Apr-24,,,,,,,,,,,
INV-20796,Check,11-Apr-24,,,,,,,,,,,
INV-37356,ACH Transfer,3-May-24,,,,,,,,,,,
INV-26076,ACH Transfer,15-Apr-24,,,,,,,,,,,
INV-32012,ACH Transfer,6-May-24,,,,,,,,,,,
INV-61464,Check,18-Apr-24,,,,,,,,,,,
INV-10940,ACH Transfer,9-Apr-24,,,,,,,,,,,
INV-59656,Credit Card,7-Apr-24,,,,,,,,,,,
INV-67324,ACH Transfer,4-May-24,,,,,,,,,,,
INV-90420,Check,5-May-24,,,,,,,,,,,
INV-40193,ACH Transfer,19-Apr-24,,,,,,,,,,,
INV-62117,Wire Transfer,2-May-24,,,,,,,,,,,
INV-73755,ACH Transfer,1-May-24,,,,,,,,,,,
INV-81508,Credit Card,18-Apr-24,,,,,,,,,,,
INV-70776,Credit Card,24-Apr-24,,,,,,,,,,,
INV-69556,Credit Card,2-May-24,,,,,,,,,,,
INV-11878,ACH Transfer,24-Apr-24,,,,,,,,,,,
INV-67720,ACH Transfer,28-Apr-24,,,,,,,,,,,
INV-44432,Wire Transfer,27-Apr-24,,,,,,,,,,,
INV-32572,Credit Card,24-Apr-24,,,,,,,,,,,
INV-47292,Check,22-Apr-24,,,,,,,,,,,
INV-48066,Wire Transfer,26-Apr-24,,,,,,,,,,,
INV-32356,Check,7-Apr-24,,,,,,,,,,,
INV-38829,ACH Transfer,3-May-24,,,,,,,,,,,
INV-86376,Wire Transfer,6-May-24,,,,,,,,,,,
INV-36929,Check,3-May-24,,,,,,,,,,,
INV-31888,Check,18-Apr-24,,,,,,,,,,,
INV-16257,Credit Card,30-Apr-24,,,,,,,,,,,
INV-38276,ACH Transfer,28-Apr-24,,,,,,,,,,,
INV-84194,ACH Transfer,17-Apr-24,,,,,,,,,,,
INV-27696,Credit Card,17-Apr-24,,,,,,,,,,,
INV-50223,Check,23-Apr-24,,,,,,,,,,,
INV-77160,Wire Transfer,16-Apr-24,,,,,,,,,,,
INV-17424,Wire Transfer,6-May-24,,,,,,,,,,,
INV-51194,Credit Card,2-May-24,,,,,,,,,,,
INV-79266,Check,23-Apr-24,,,,,,,,,,,
INV-76253,Check,15-Apr-24,,,,,,,,,,,
INV-92140,Credit Card,16-Apr-24,,,,,,,,,,,
INV-82881,Wire Transfer,23-Apr-24,,,,,,,,,,,
INV-65533,Check,16-Apr-24,,,,,,,,,,,
INV-68633,Wire Transfer,17-Apr-24,,,,,,,,,,,
INV-60452,Check,29-Apr-24,,,,,,,,,,,
INV-67316,Credit Card,25-Apr-24,,,,,,,,,,,
INV-53469,ACH Transfer,12-Apr-24,,,,,,,,,,,
INV-85124,Credit Card,24-Apr-24,,,,,,,,,,,
INV-86981,ACH Transfer,15-Apr-24,,,,,,,,,,,
INV-29225,Check,21-Apr-24,,,,,,,,,,,
INV-39182,Wire Transfer,25-Apr-24,,,,,,,,,,,
INV-32809,ACH Transfer,18-Apr-24,,,,,,,,,,,
INV-85200,Wire Transfer,23-Apr-24,,,,,,,,,,,
INV-16321,ACH Transfer,7-Apr-24,,,,,,,,,,,
INV-95242,Wire Transfer,20-Apr-24,,,,,,,,,,,
INV-45554,ACH Transfer,14-Apr-24,,,,,,,,,,,
INV-61895,Credit Card,7-Apr-24,,,,,,,,,,,
INV-29331,ACH Transfer,28-Apr-24,,,,,,,,,,,
INV-29501,Wire Transfer,12-Apr-24,,,,,,,,,,,
INV-45478,Check,4-May-24,,,,,,,,,,,
INV-89776,ACH Transfer,22-Apr-24,,,,,,,,,,,
INV-66782,Wire Transfer,10-Apr-24,,,,,,,,,,,
INV-43592,Check,27-Apr-24,,,,,,,,,,,
INV-27023,ACH Transfer,7-Apr-24,,,,,,,,,,,
INV-35680,ACH Transfer,15-Apr-24,,,,,,,,,,,
INV-95459,Check,27-Apr-24,,,,,,,,,,,
INV-98316,Credit Card,18-Apr-24,,,,,,,,,,,
INV-74605,Credit Card,1-May-24,,,,,,,,,,,
INV-38447,ACH Transfer,11-Apr-24,,,,,,,,,,,
INV-23572,Credit Card,17-Apr-24,,,,,,,,,,,
INV-63481,ACH Transfer,15-Apr-24,,,,,,,,,,,
INV-55762,Credit Card,24-Apr-24,,,,,,,,,,,
INV-22414,Wire Transfer,14-Apr-24,,,,,,,,,,,
INV-22312,Check,16-Apr-24,,,,,,,,,,,
INV-62567,ACH Transfer,17-Apr-24,,,,,,,,,,,
INV-71564,Wire Transfer,4-May-24,,,,,,,,,,,
INV-59975,Wire Transfer,26-Apr-24,,,,,,,,,,,
INV-54961,Check,30-Apr-24,,,,,,,,,,,
INV-61807,Wire Transfer,20-Apr-24,,,,,,,,,,,
INV-68312,Credit Card,1-May-24,,,,,,,,,,,
INV-45413,Credit Card,21-Apr-24,,,,,,,,,,,
INV-52953,Check,27-Apr-24,,,,,,,,,,,
INV-87373,Wire Transfer,23-Apr-24,,,,,,,,,,,
INV-53505,Wire Transfer,10-Apr-24,,,,,,,,,,,
INV-71231,ACH Transfer,27-Apr-24,,,,,,,,,,,
INV-34276,Credit Card,7-Apr-24,,,,,,,,,,,
INV-95735,Credit Card,8-Apr-24,,,,,,,,,,,
INV-84203,Credit Card,2-May-24,,,,,,,,,,,
INV-96740,Wire Transfer,15-Apr-24,,,,,,,,,,,
INV-46822,Check,6-May-24,,,,,,,,,,,
INV-57935,ACH Transfer,22-Apr-24,,,,,,,,,,,
INV-72877,Check,22-Apr-24,,,,,,,,,,,
INV-64480,Check,8-Apr-24,,,,,,,,,,,
INV-85630,ACH Transfer,9-Apr-24,,,,,,,,,,,
INV-94575,Wire Transfer,13-Apr-24,,,,,,,,,,,
INV-22286,Credit Card,21-Apr-24,,,,,,,,,,,
INV-46459,Wire Transfer,16-Apr-24,,,,,,,,,,,
INV-23028,Credit Card,26-Apr-24,,,,,,,,,,,
INV-55766,Check,12-Apr-24,,,,,,,,,,,
INV-18297,Credit Card,12-Apr-24,,,,,,,,,,,
INV-60787,Wire Transfer,17-Apr-24,,,,,,,,,,,
INV-60279,ACH Transfer,23-Apr-24,,,,,,,,,,,
INV-94662,ACH Transfer,2-May-24,,,,,,,,,,,
INV-87144,Credit Card,13-Apr-24,,,,,,,,,,,
INV-27801,Wire Transfer,25-Apr-24,,,,,,,,,,,
INV-10941,Wire Transfer,4-May-24,,,,,,,,,,,
INV-72307,Credit Card,10-Apr-24,,,,,,,,,,,
INV-74809,Credit Card,18-Apr-24,,,,,,,,,,,
INV-45451,Check,30-Apr-24,,,,,,,,,,,
INV-49956,Check,21-Apr-24,,,,,,,,,,,
INV-80993,ACH Transfer,18-Apr-24,,,,,,,,,,,
INV-48173,Credit Card,10-Apr-24,,,,,,,,,,,
INV-54293,Credit Card,12-Apr-24,,,,,,,,,,,
INV-52960,Check,3-May-24,,,,,,,,,,,
INV-19727,ACH Transfer,7-Apr-24,,,,,,,,,,,
INV-19351,Credit Card,18-Apr-24,,,,,,,,,,,
INV-83417,Credit Card,11-Apr-24,,,,,,,,,,,
INV-48893,Wire Transfer,21-Apr-24,,,,,,,,,,,
INV-39776,ACH Transfer,11-Apr-24,,,,,,,,,,,
INV-50854,Wire Transfer,4-May-24,,,,,,,,,,,
INV-96194,Check,16-Apr-24,,,,,,,,,,,
INV-83928,Check,6-May-24,,,,,,,,,,,
INV-72094,Credit Card,5-May-24,,,,,,,,,,,
INV-99132,Credit Card,8-Apr-24,,,,,,,,,,,
INV-66493,Check,17-Apr-24,,,,,,,,,,,
INV-73276,Check,16-Apr-24,,,,,,,,,,,
INV-40096,Wire Transfer,28-Apr-24,,,,,,,,,,,
INV-13704,Check,13-Apr-24,,,,,,,,,,,
INV-19950,Check,2-May-24,,,,,,,,,,,
INV-32118,ACH Transfer,22-Apr-24,,,,,,,,,,,
INV-54883,ACH Transfer,10-Apr-24,,,,,,,,,,,
INV-73802,ACH Transfer,6-May-24,,,,,,,,,,,
INV-42801,ACH Transfer,29-Apr-24,,,,,,,,,,,
INV-82623,ACH Transfer,15-Apr-24,,,,,,,,,,,
INV-31526,Wire Transfer,24-Apr-24,,,,,,,,,,,
INV-14078,Check,30-Apr-24,,,,,,,,,,,
INV-37914,Check,8-Apr-24,,,,,,,,,,,
INV-38383,Wire Transfer,11-Apr-24,,,,,,,,,,,
INV-42082,Wire Transfer,29-Apr-24,,,,,,,,,,,
INV-70055,ACH Transfer,14-Apr-24,,,,,,,,,,,
INV-67497,Credit Card,21-Apr-24,,,,,,,,,,,
INV-36622,Credit Card,13-Apr-24,,,,,,,,,,,
INV-28279,ACH Transfer,24-Apr-24,,,,,,,,,,,
INV-25962,Credit Card,4-May-24,,,,,,,,,,,
INV-83105,ACH Transfer,21-Apr-24,,,,,,,,,,,
INV-60254,ACH Transfer,5-May-24,,,,,,,,,,,
INV-44749,Wire Transfer,21-Apr-24,,,,,,,,,,,
INV-44517,Wire Transfer,7-Apr-24,,,,,,,,,,,
INV-30107,Wire Transfer,8-Apr-24,,,,,,,,,,,
INV-39743,ACH Transfer,11-Apr-24,,,,,,,,,,,
INV-55374,Check,4-May-24,,,,,,,,,,,
INV-66419,Wire Transfer,3-May-24,,,,,,,,,,,
INV-24734,Check,24-Apr-24,,,,,,,,,,,
INV-70482,Wire Transfer,14-Apr-24,,,,,,,,,,,
INV-89591,ACH Transfer,17-Apr-24,,,,,,,,,,,
INV-67563,Credit Card,29-Apr-24,,,,,,,,,,,
INV-44897,Check,2-May-24,,,,,,,,,,,
INV-81766,Check,11-Apr-24,,,,,,,,,,,
INV-78239,Check,9-Apr-24,,,,,,,,,,,
INV-61934,Check,22-Apr-24,,,,,,,,,,,
INV-52105,Wire Transfer,29-Apr-24,,,,,,,,,,,
INV-40672,ACH Transfer,24-Apr-24,,,,,,,,,,,
INV-87827,Check,27-Apr-24,,,,,,,,,,,
INV-15842,Wire Transfer,12-Apr-24,,,,,,,,,,,
INV-99545,Check,17-Apr-24,,,,,,,,,,,
INV-59136,ACH Transfer,8-Apr-24,,,,,,,,,,,
INV-74027,Credit Card,27-Apr-24,,,,,,,,,,,
INV-31064,Wire Transfer,12-Apr-24,,,,,,,,,,,
INV-67192,Check,27-Apr-24,,,,,,,,,,,
INV-13711,Check,30-Apr-24,,,,,,,,,,,
INV-98228,Check,21-Apr-24,,,,,,,,,,,
INV-23666,Credit Card,21-Apr-24,,,,,,,,,,,
INV-69132,Check,22-Apr-24,,,,,,,,,,,
INV-93044,Credit Card,1-May-24,,,,,,,,,,,
INV-60837,Credit Card,10-Apr-24,,,,,,,,,,,
INV-55401,Wire Transfer,14-Apr-24,,,,,,,,,,,
INV-98637,ACH Transfer,29-Apr-24,,,,,,,,,,,
INV-25425,Check,9-Apr-24,,,,,,,,,,,
INV-78095,Check,12-Apr-24,,,,,,,,,,,
INV-16984,Credit Card,28-Apr-24,,,,,,,,,,,
INV-91947,Credit Card,6-May-24,,,,,,,,,,,
INV-94187,Check,22-Apr-24,,,,,,,,,,,
INV-12883,ACH Transfer,6-May-24,,,,,,,,,,,
INV-80393,Wire Transfer,16-Apr-24,,,,,,,,,,,
INV-93570,Credit Card,28-Apr-24,,,,,,,,,,,
INV-69430,ACH Transfer,25-Apr-24,,,,,,,,,,,
INV-51916,Check,4-May-24,,,,,,,,,,,
INV-27794,ACH Transfer,14-Apr-24,,,,,,,,,,,
INV-87667,ACH Transfer,4-May-24,,,,,,,,,,,
INV-24900,ACH Transfer,29-Apr-24,,,,,,,,,,,
INV-92579,ACH Transfer,1-May-24,,,,,,,,,,,
INV-73727,Check,3-May-24,,,,,,,,,,,
INV-87297,Check,21-Apr-24,,,,,,,,,,,
INV-19321,Check,19-Apr-24,,,,,,,,,,,
INV-45361,Credit Card,15-Apr-24,,,,,,,,,,,
INV-32407,ACH Transfer,28-Apr-24,,,,,,,,,,,
INV-94850,Credit Card,16-Apr-24,,,,,,,,,,,
INV-15585,Credit Card,19-Apr-24,,,,,,,,,,,
INV-11609,ACH Transfer,17-Apr-24,,,,,,,,,,,
INV-55759,ACH Transfer,11-Apr-24,,,,,,,,,,,
INV-51122,Check,9-Apr-24,,,,,,,,,,,
INV-11750,ACH Transfer,14-Apr-24,,,,,,,,,,,
INV-44857,Wire Transfer,1-May-24,,,,,,,,,,,
INV-33345,Wire Transfer,9-Apr-24,,,,,,,,,,,
INV-99019,Wire Transfer,8-Apr-24,,,,,,,,,,,
INV-71401,Check,27-Apr-24,,,,,,,,,,,
INV-77058,Credit Card,6-May-24,,,,,,,,,,,
INV-61059,Credit Card,25-Apr-24,,,,,,,,,,,
INV-67099,Credit Card,9-Apr-24,,,,,,,,,,,
INV-89039,Credit Card,14-Apr-24,,,,,,,,,,,
INV-26492,Wire Transfer,16-Apr-24,,,,,,,,,,,
INV-95958,Check,17-Apr-24,,,,,,,,,,,
INV-89398,ACH Transfer,28-Apr-24,,,,,,,,,,,
INV-84562,ACH Transfer,29-Apr-24,,,,,,,,,,,
INV-85797,Credit Card,16-Apr-24,,,,,,,,,,,
INV-32123,ACH Transfer,2-May-24,,,,,,,,,,,
INV-45180,Credit Card,3-May-24,,,,,,,,,,,
INV-22798,Credit Card,18-Apr-24,,,,,,,,,,,
INV-85127,Wire Transfer,20-Apr-24,,,,,,,,,,,
INV-79596,ACH Transfer,23-Apr-24,,,,,,,,,,,
INV-26270,Credit Card,27-Apr-24,,,,,,,,,,,
INV-74671,Wire Transfer,10-Apr-24,,,,,,,,,,,
INV-11002,Check,4-May-24,,,,,,,,,,,
INV-58538,ACH Transfer,26-Apr-24,,,,,,,,,,,
INV-46038,ACH Transfer,19-Apr-24,,,,,,,,,,,
INV-62727,ACH Transfer,25-Apr-24,,,,,,,,,,,
INV-97258,Wire Transfer,14-Apr-24,,,,,,,,,,,
INV-52815,Check,6-May-24,,,,,,,,,,,
INV-97451,Wire Transfer,18-Apr-24,,,,,,,,,,,
INV-54221,Credit Card,10-Apr-24,,,,,,,,,,,
INV-21460,Wire Transfer,9-Apr-24,,,,,,,,,,,
INV-38877,Credit Card,5-May-24,,,,,,,,,,,
INV-56890,Credit Card,19-Apr-24,,,,,,,,,,,
INV-16718,ACH Transfer,23-Apr-24,,,,,,,,,,,
INV-89055,Credit Card,23-Apr-24,,,,,,,,,,,
INV-66477,Check,6-May-24,,,,,,,,,,,
INV-42805,Wire Transfer,26-Apr-24,,,,,,,,,,,
INV-62442,Credit Card,28-Apr-24,,,,,,,,,,,
INV-55430,ACH Transfer,22-Apr-24,,,,,,,,,,,
INV-31758,Credit Card,29-Apr-24,,,,,,,,,,,
INV-19796,Check,26-Apr-24,,,,,,,,,,,
INV-52878,Wire Transfer,18-Apr-24,,,,,,,,,,,
INV-17895,Wire Transfer,1-May-24,,,,,,,,,,,
INV-34476,Credit Card,24-Apr-24,,,,,,,,,,,
INV-15907,Wire Transfer,30-Apr-24,,,,,,,,,,,
INV-46053,Check,17-Apr-24,,,,,,,,,,,
INV-60370,Wire Transfer,10-Apr-24,,,,,,,,,,,
INV-72130,Wire Transfer,2-May-24,,,,,,,,,,,
INV-48674,ACH Transfer,17-Apr-24,,,,,,,,,,,
INV-28915,ACH Transfer,2-May-24,,,,,,,,,,,
INV-49265,Check,28-Apr-24,,,,,,,,,,,
INV-70145,ACH Transfer,28-Apr-24,,,,,,,,,,,
INV-86897,ACH Transfer,20-Apr-24,,,,,,,,,,,
INV-93225,Wire Transfer,6-May-24,,,,,,,,,,,
INV-78223,Wire Transfer,14-Apr-24,,,,,,,,,,,
INV-19268,ACH Transfer,6-May-24,,,,,,,,,,,
INV-94353,Credit Card,6-May-24,,,,,,,,,,,
INV-87283,ACH Transfer,22-Apr-24,,,,,,,,,,,
INV-43916,Wire Transfer,27-Apr-24,,,,,,,,,,,
INV-42987,Check,9-Apr-24,,,,,,,,,,,
INV-29952,ACH Transfer,16-Apr-24,,,,,,,,,,,
INV-73434,Check,6-May-24,,,,,,,,,,,
INV-73371,Wire Transfer,3-May-24,,,,,,,,,,,
INV-56921,Check,18-Apr-24,,,,,,,,,,,
INV-33035,ACH Transfer,13-Apr-24,,,,,,,,,,,
INV-59656,Check,25-Apr-24,,,,,,,,,,,
INV-63866,Credit Card,19-Apr-24,,,,,,,,,,,
INV-80403,Credit Card,21-Apr-24,,,,,,,,,,,
INV-74417,Wire Transfer,10-Apr-24,,,,,,,,,,,
INV-88275,Wire Transfer,22-Apr-24,,,,,,,,,,,
INV-99792,Credit Card,3-May-24,,,,,,,,,,,
INV-57625,Check,12-Apr-24,,,,,,,,,,,
INV-57972,Check,18-Apr-24,,,,,,,,,,,
INV-79791,Credit Card,23-Apr-24,,,,,,,,,,,
INV-71103,ACH Transfer,29-Apr-24,,,,,,,,,,,
INV-30505,Wire Transfer,20-Apr-24,,,,,,,,,,,
INV-60782,ACH Transfer,24-Apr-24,,,,,,,,,,,
INV-66493,ACH Transfer,13-Apr-24,,,,,,,,,,,
INV-63939,Credit Card,21-Apr-24,,,,,,,,,,,
INV-27276,Check,23-Apr-24,,,,,,,,,,,
INV-11556,Credit Card,7-Apr-24,,,,,,,,,,,
INV-61007,Check,11-Apr-24,,,,,,,,,,,
INV-71293,Check,19-Apr-24,,,,,,,,,,,
INV-62031,Check,8-Apr-24,,,,,,,,,,,
INV-75766,Wire Transfer,22-Apr-24,,,,,,,,,,,
INV-55324,Credit Card,7-Apr-24,,,,,,,,,,,
INV-91922,ACH Transfer,22-Apr-24,,,,,,,,,,,
INV-96903,Credit Card,21-Apr-24,,,,,,,,,,,
INV-83966,ACH Transfer,12-Apr-24,,,,,,,,,,,
INV-58230,Wire Transfer,28-Apr-24,,,,,,,,,,,
INV-67508,Check,23-Apr-24,,,,,,,,,,,
INV-25452,ACH Transfer,17-Apr-24,,,,,,,,,,,
INV-57029,Credit Card,1-May-24,,,,,,,,,,,
INV-53067,Credit Card,10-Apr-24,,,,,,,,,,,
INV-53295,ACH Transfer,27-Apr-24,,,,,,,,,,,
INV-34432,Credit Card,28-Apr-24,,,,,,,,,,,
INV-10498,Credit Card,5-May-24,,,,,,,,,,,
INV-95850,Credit Card,29-Apr-24,,,,,,,,,,,
INV-13306,ACH Transfer,25-Apr-24,,,,,,,,,,,
INV-20123,ACH Transfer,3-May-24,,,,,,,,,,,
INV-50649,Check,25-Apr-24,,,,,,,,,,,
INV-72577,Check,7-Apr-24,,,,,,,,,,,
INV-28794,ACH Transfer,30-Apr-24,,,,,,,,,,,
INV-43945,Credit Card,27-Apr-24,,,,,,,,,,,
INV-35078,Check,9-Apr-24,,,,,,,,,,,
INV-61729,Check,29-Apr-24,,,,,,,,,,,
INV-50248,Check,5-May-24,,,,,,,,,,,
INV-34046,Credit Card,9-Apr-24,,,,,,,,,,,
INV-90549,ACH Transfer,11-Apr-24,,,,,,,,,,,
INV-71452,Check,27-Apr-24,,,,,,,,,,,
INV-66419,Check,26-Apr-24,,,,,,,,,,,
INV-53705,Wire Transfer,15-Apr-24,,,,,,,,,,,
INV-24831,Wire Transfer,22-Apr-24,,,,,,,,,,,
INV-57918,ACH Transfer,21-Apr-24,,,,,,,,,,,
INV-25901,Wire Transfer,12-Apr-24,,,,,,,,,,,
INV-85868,ACH Transfer,8-Apr-24,,,,,,,,,,,
INV-22436,Check,3-May-24,,,,,,,,,,,
INV-90906,Check,6-May-24,,,,,,,,,,,
INV-60837,Credit Card,26-Apr-24,,,,,,,,,,,
INV-29014,Credit Card,9-Apr-24,,,,,,,,,,,
INV-59322,Wire Transfer,8-Apr-24,,,,,,,,,,,
INV-54871,Credit Card,2-May-24,,,,,,,,,,,
INV-69111,Check,2-May-24,,,,,,,,,,,
INV-45910,Wire Transfer,24-Apr-24,,,,,,,,,,,
INV-42803,Check,14-Apr-24,,,,,,,,,,,
INV-42000,Check,6-May-24,,,,,,,,,,,
INV-10984,ACH Transfer,19-Apr-24,,,,,,,,,,,
INV-30502,Credit Card,8-Apr-24,,,,,,,,,,,
INV-77114,Check,16-Apr-24,,,,,,,,,,,
INV-30146,ACH Transfer,13-Apr-24,,,,,,,,,,,
INV-32115,Credit Card,14-Apr-24,,,,,,,,,,,
INV-51603,ACH Transfer,27-Apr-24,,,,,,,,,,,
INV-88505,ACH Transfer,23-Apr-24,,,,,,,,,,,
INV-36944,Credit Card,10-Apr-24,,,,,,,,,,,
INV-33324,ACH Transfer,30-Apr-24,,,,,,,,,,,
INV-44985,Credit Card,15-Apr-24,,,,,,,,,,,
INV-92096,ACH Transfer,6-May-24,,,,,,,,,,,
INV-20832,Credit Card,15-Apr-24,,,,,,,,,,,
INV-30911,Wire Transfer,26-Apr-24,,,,,,,,,,,
INV-59665,Credit Card,17-Apr-24,,,,,,,,,,,
INV-57353,Credit Card,17-Apr-24,,,,,,,,,,,
INV-82826,Check,23-Apr-24,,,,,,,,,,,
INV-57716,ACH Transfer,1-May-24,,,,,,,,,,,
INV-13951,Check,6-May-24,,,,,,,,,,,
INV-87826,Credit Card,15-Apr-24,,,,,,,,,,,
INV-57615,ACH Transfer,19-Apr-24,,,,,,,,,,,
INV-55049,Check,26-Apr-24,,,,,,,,,,,
INV-83171,Wire Transfer,26-Apr-24,,,,,,,,,,,
INV-92131,Credit Card,21-Apr-24,,,,,,,,,,,
INV-60817,ACH Transfer,15-Apr-24,,,,,,,,,,,
INV-20123,Check,28-Apr-24,,,,,,,,,,,
INV-82344,Check,22-Apr-24,,,,,,,,,,,
INV-48265,Credit Card,1-May-24,,,,,,,,,,,
INV-27836,Wire Transfer,4-May-24,,,,,,,,,,,
INV-86018,ACH Transfer,27-Apr-24,,,,,,,,,,,
INV-21596,ACH Transfer,9-Apr-24,,,,,,,,,,,
INV-91201,Wire Transfer,29-Apr-24,,,,,,,,,,,
INV-20272,ACH Transfer,18-Apr-24,,,,,,,,,,,
INV-97878,Credit Card,6-May-24,,,,,,,,,,,
INV-32440,ACH Transfer,9-Apr-24,,,,,,,,,,,
INV-41940,Credit Card,27-Apr-24,,,,,,,,,,,
INV-54967,Check,1-May-24,,,,,,,,,,,
INV-53528,Wire Transfer,10-Apr-24,,,,,,,,,,,
INV-60912,Credit Card,12-Apr-24,,,,,,,,,,,
INV-15339,ACH Transfer,24-Apr-24,,,,,,,,,,,
INV-42435,Wire Transfer,20-Apr-24,,,,,,,,,,,
INV-56097,Credit Card,26-Apr-24,,,,,,,,,,,
INV-82061,Check,9-Apr-24,,,,,,,,,,,
INV-94297,Credit Card,2-May-24,,,,,,,,,,,
INV-50220,ACH Transfer,13-Apr-24,,,,,,,,,,,
INV-85311,Credit Card,4-May-24,,,,,,,,,,,
INV-88795,Wire Transfer,30-Apr-24,,,,,,,,,,,
INV-26860,Check,15-Apr-24,,,,,,,,,,,
INV-72819,Credit Card,24-Apr-24,,,,,,,,,,,
INV-82429,ACH Transfer,6-May-24,,,,,,,,,,,
INV-73814,Credit Card,20-Apr-24,,,,,,,,,,,
INV-84077,ACH Transfer,25-Apr-24,,,,,,,,,,,
INV-87237,Wire Transfer,26-Apr-24,,,,,,,,,,,
INV-57186,Credit Card,20-Apr-24,,,,,,,,,,,
INV-42886,ACH Transfer,5-May-24,,,,,,,,,,,
INV-86306,Check,14-Apr-24,,,,,,,,,,,
INV-10483,Check,19-Apr-24,,,,,,,,,,,
INV-54995,ACH Transfer,7-Apr-24,,,,,,,,,,,
INV-73015,Credit Card,6-May-24,,,,,,,,,,,
INV-52434,Wire Transfer,19-Apr-24,,,,,,,,,,,
INV-60901,Wire Transfer,8-Apr-24,,,,,,,,,,,
INV-25832,ACH Transfer,8-Apr-24,,,,,,,,,,,
INV-11330,Wire Transfer,3-May-24,,,,,,,,,,,
INV-72934,Wire Transfer,18-Apr-24,,,,,,,,,,,
INV-62652,ACH Transfer,29-Apr-24,,,,,,,,,,,
INV-55084,ACH Transfer,18-Apr-24,,,,,,,,,,,
INV-11322,ACH Transfer,14-Apr-24,,,,,,,,,,,
INV-36768,Check,8-Apr-24,,,,,,,,,,,
INV-68290,Credit Card,2-May-24,,,,,,,,,,,
INV-20897,Credit Card,28-Apr-24,,,,,,,,,,,
INV-56131,Wire Transfer,15-Apr-24,,,,,,,,,,,
INV-37150,Check,16-Apr-24,,,,,,,,,,,
INV-62054,Check,1-May-24,,,,,,,,,,,
INV-42276,Credit Card,14-Apr-24,,,,,,,,,,,
INV-62891,Credit Card,26-Apr-24,,,,,,,,,,,
INV-26514,Credit Card,18-Apr-24,,,,,,,,,,,
INV-30518,Wire Transfer,8-Apr-24,,,,,,,,,,,
INV-66921,ACH Transfer,11-Apr-24,,,,,,,,,,,
INV-26786,ACH Transfer,14-Apr-24,,,,,,,,,,,
INV-35047,Check,9-Apr-24,,,,,,,,,,,
INV-47550,Check,7-Apr-24,,,,,,,,,,,
INV-91602,ACH Transfer,3-May-24,,,,,,,,,,,
INV-23433,Check,25-Apr-24,,,,,,,,,,,
INV-42464,ACH Transfer,10-Apr-24,,,,,,,,,,,
INV-17107,Wire Transfer,22-Apr-24,,,,,,,,,,,
INV-97771,ACH Transfer,6-May-24,,,,,,,,,,,
INV-26770,Credit Card,9-Apr-24,,,,,,,,,,,
INV-41430,Credit Card,3-May-24,,,,,,,,,,,
INV-11833,Check,11-Apr-24,,,,,,,,,,,
INV-17703,Check,18-Apr-24,,,,,,,,,,,
INV-31376,Wire Transfer,20-Apr-24,,,,,,,,,,,
INV-41640,Wire Transfer,23-Apr-24,,,,,,,,,,,
INV-91335,Credit Card,29-Apr-24,,,,,,,,,,,
INV-73208,Check,30-Apr-24,,,,,,,,,,,
INV-93556,Wire Transfer,18-Apr-24,,,,,,,,,,,
INV-94659,Credit Card,8-Apr-24,,,,,,,,,,,
INV-22433,Wire Transfer,6-May-24,,,,,,,,,,,
INV-33923,Credit Card,11-Apr-24,,,,,,,,,,,
INV-88532,Wire Transfer,3-May-24,,,,,,,,,,,
INV-98725,ACH Transfer,12-Apr-24,,,,,,,,,,,
INV-21074,Credit Card,27-Apr-24,,,,,,,,,,,
INV-33256,Credit Card,17-Apr-24,,,,,,,,,,,
INV-11673,Credit Card,21-Apr-24,,,,,,,,,,,
INV-35240,ACH Transfer,27-Apr-24,,,,,,,,,,,
INV-54266,ACH Transfer,5-May-24,,,,,,,,,,,
INV-71464,Credit Card,28-Apr-24,,,,,,,,,,,
INV-16306,Credit Card,25-Apr-24,,,,,,,,,,,
INV-33912,Credit Card,1-May-24,,,,,,,,,,,
INV-87458,ACH Transfer,29-Apr-24,,,,,,,,,,,
INV-27365,Credit Card,25-Apr-24,,,,,,,,,,,
INV-90069,Check,17-Apr-24,,,,,,,,,,,
INV-62860,Wire Transfer,24-Apr-24,,,,,,,,,,,
INV-74790,Credit Card,30-Apr-24,,,,,,,,,,,
INV-69720,Check,22-Apr-24,,,,,,,,,,,
INV-85540,Check,2-May-24,,,,,,,,,,,
INV-56238,Check,20-Apr-24,,,,,,,,,,,
INV-93849,Check,23-Apr-24,,,,,,,,,,,
INV-71969,Check,6-May-24,,,,,,,,,,,
INV-28506,Credit Card,25-Apr-24,,,,,,,,,,,
INV-87118,ACH Transfer,9-Apr-24,,,,,,,,,,,
INV-48726,Wire Transfer,16-Apr-24,,,,,,,,,,,
INV-25611,Credit Card,10-Apr-24,,,,,,,,,,,
INV-46075,Check,26-Apr-24,,,,,,,,,,,
INV-19527,Check,22-Apr-24,,,,,,,,,,,
INV-77395,ACH Transfer,11-Apr-24,,,,,,,,,,,
INV-69320,Check,15-Apr-24,,,,,,,,,,,
INV-59638,Check,29-Apr-24,,,,,,,,,,,
INV-54629,Check,5-May-24,,,,,,,,,,,
INV-74437,ACH Transfer,6-May-24,,,,,,,,,,,
INV-93803,Wire Transfer,9-Apr-24,,,,,,,,,,,
INV-45204,ACH Transfer,30-Apr-24,,,,,,,,,,,
INV-89564,Check,19-Apr-24,,,,,,,,,,,
INV-92794,Wire Transfer,7-Apr-24,,,,,,,,,,,
INV-26898,Check,29-Apr-24,,,,,,,,,,,
INV-23151,Credit Card,17-Apr-24,,,,,,,,,,,
INV-72519,Wire Transfer,2-May-24,,,,,,,,,,,
INV-68737,ACH Transfer,27-Apr-24,,,,,,,,,,,
INV-86069,Wire Transfer,18-Apr-24,,,,,,,,,,,
INV-63024,Wire Transfer,1-May-24,,,,,,,,,,,
INV-37586,Credit Card,27-Apr-24,,,,,,,,,,,
INV-95725,Wire Transfer,8-Apr-24,,,,,,,,,,,
INV-16609,ACH Transfer,14-Apr-24,,,,,,,,,,,
INV-68560,Wire Transfer,19-Apr-24,,,,,,,,,,,
INV-81775,Wire Transfer,4-May-24,,,,,,,,,,,
INV-44452,Wire Transfer,8-Apr-24,,,,,,,,,,,
INV-20773,Wire Transfer,25-Apr-24,,,,,,,,,,,
INV-59442,Wire Transfer,22-Apr-24,,,,,,,,,,,
INV-41578,Wire Transfer,13-Apr-24,,,,,,,,,,,
INV-12245,Credit Card,15-Apr-24,,,,,,,,,,,
INV-95477,ACH Transfer,6-May-24,,,,,,,,,,,
INV-57376,Wire Transfer,22-Apr-24,,,,,,,,,,,
INV-72383,Check,13-Apr-24,,,,,,,,,,,
INV-62269,Check,4-May-24,,,,,,,,,,,
INV-56848,Wire Transfer,3-May-24,,,,,,,,,,,
INV-56900,Wire Transfer,25-Apr-24,,,,,,,,,,,
INV-60189,Check,12-Apr-24,,,,,,,,,,,
INV-17177,Wire Transfer,5-May-24,,,,,,,,,,,
INV-63025,ACH Transfer,15-Apr-24,,,,,,,,,,,
INV-81836,Check,23-Apr-24,,,,,,,,,,,
INV-38456,Check,20-Apr-24,,,,,,,,,,,
INV-52784,Check,22-Apr-24,,,,,,,,,,,
INV-23445,ACH Transfer,8-Apr-24,,,,,,,,,,,
INV-19185,Check,11-Apr-24,,,,,,,,,,,
INV-18766,Check,20-Apr-24,,,,,,,,,,,
INV-47832,Wire Transfer,12-Apr-24,,,,,,,,,,,
INV-74064,Check,24-Apr-24,,,,,,,,,,,
INV-47184,ACH Transfer,3-May-24,,,,,,,,,,,
INV-52639,ACH Transfer,10-Apr-24,,,,,,,,,,,
INV-87658,Check,28-Apr-24,,,,,,,,,,,
INV-89473,Wire Transfer,7-Apr-24,,,,,,,,,,,
INV-26760,Check,4-May-24,,,,,,,,,,,
INV-73076,Credit Card,13-Apr-24,,,,,,,,,,,
INV-46253,Check,22-Apr-24,,,,,,,,,,,
INV-84416,Wire Transfer,28-Apr-24,,,,,,,,,,,
INV-57122,Wire Transfer,22-Apr-24,,,,,,,,,,,
INV-58971,ACH Transfer,1-May-24,,,,,,,,,,,
INV-25856,Credit Card,20-Apr-24,,,,,,,,,,,
INV-15321,Credit Card,12-Apr-24,,,,,,,,,,,
INV-85453,Check,12-Apr-24,,,,,,,,,,,
INV-35658,Credit Card,1-May-24,,,,,,,,,,,
INV-98561,Check,27-Apr-24,,,,,,,,,,,
INV-57647,Wire Transfer,8-Apr-24,,,,,,,,,,,
INV-71949,Wire Transfer,13-Apr-24,,,,,,,,,,,
INV-75015,Check,5-May-24,,,,,,,,,,,
INV-48000,Wire Transfer,15-Apr-24,,,,,,,,,,,
INV-47989,Wire Transfer,17-Apr-24,,,,,,,,,,,
INV-77687,ACH Transfer,9-Apr-24,,,,,,,,,,,
INV-80588,Check,27-Apr-24,,,,,,,,,,,
INV-14214,ACH Transfer,24-Apr-24,,,,,,,,,,,
INV-25913,Check,14-Apr-24,,,,,,,,,,,
INV-39431,Wire Transfer,9-Apr-24,,,,,,,,,,,
INV-84072,ACH Transfer,7-Apr-24,,,,,,,,,,,
INV-50491,Check,24-Apr-24,,,,,,,,,,,
INV-24198,Check,27-Apr-24,,,,,,,,,,,
INV-48769,Credit Card,10-Apr-24,,,,,,,,,,,
INV-78124,ACH Transfer,4-May-24,,,,,,,,,,,
INV-30399,Credit Card,15-Apr-24,,,,,,,,,,,
INV-21568,ACH Transfer,23-Apr-24,,,,,,,,,,,
INV-88095,Wire Transfer,8-Apr-24,,,,,,,,,,,
INV-51154,Credit Card,14-Apr-24,,,,,,,,,,,
INV-58140,ACH Transfer,8-Apr-24,,,,,,,,,,,
INV-64546,Wire Transfer,2-May-24,,,,,,,,,,,
INV-68558,Check,15-Apr-24,,,,,,,,,,,
INV-92325,Credit Card,22-Apr-24,,,,,,,,,,,
INV-28588,Credit Card,3-May-24,,,,,,,,,,,
INV-99584,Check,26-Apr-24,,,,,,,,,,,
INV-98842,ACH Transfer,24-Apr-24,,,,,,,,,,,
INV-67979,ACH Transfer,11-Apr-24,,,,,,,,,,,
INV-50581,ACH Transfer,17-Apr-24,,,,,,,,,,,
INV-80531,Check,6-May-24,,,,,,,,,,,
INV-30699,Wire Transfer,10-Apr-24,,,,,,,,,,,
INV-41136,Credit Card,25-Apr-24,,,,,,,,,,,
INV-37748,Check,17-Apr-24,,,,,,,,,,,
INV-63229,Wire Transfer,20-Apr-24,,,,,,,,,,,
INV-26400,ACH Transfer,4-May-24,,,,,,,,,,,
INV-48590,ACH Transfer,25-Apr-24,,,,,,,,,,,
INV-80858,Wire Transfer,22-Apr-24,,,,,,,,,,,
INV-14066,Wire Transfer,20-Apr-24,,,,,,,,,,,
INV-72147,Credit Card,24-Apr-24,,,,,,,,,,,
INV-86113,Wire Transfer,16-Apr-24,,,,,,,,,,,
INV-16342,Credit Card,7-Apr-24,,,,,,,,,,,
INV-52663,Check,21-Apr-24,,,,,,,,,,,
INV-26614,Wire Transfer,23-Apr-24,,,,,,,,,,,
INV-97588,Credit Card,20-Apr-24,,,,,,,,,,,
INV-44651,ACH Transfer,26-Apr-24,,,,,,,,,,,
INV-92578,Credit Card,12-Apr-24,,,,,,,,,,,
INV-28338,ACH Transfer,8-Apr-24,,,,,,,,,,,
INV-63467,Wire Transfer,6-May-24,,,,,,,,,,,
INV-29925,ACH Transfer,25-Apr-24,,,,,,,,,,,
INV-23708,Wire Transfer,21-Apr-24,,,,,,,,,,,
INV-73716,ACH Transfer,22-Apr-24,,,,,,,,,,,
INV-18495,ACH Transfer,7-Apr-24,,,,,,,,,,,
INV-37694,Check,2-May-24,,,,,,,,,,,
INV-79979,Credit Card,17-Apr-24,,,,,,,,,,,
INV-63314,Wire Transfer,10-Apr-24,,,,,,,,,,,
INV-37328,Wire Transfer,25-Apr-24,,,,,,,,,,,
INV-79827,ACH Transfer,8-Apr-24,,,,,,,,,,,
INV-77532,Credit Card,4-May-24,,,,,,,,,,,
INV-56553,Wire Transfer,13-Apr-24,,,,,,,,,,,
INV-13915,ACH Transfer,28-Apr-24,,,,,,,,,,,
INV-96511,Wire Transfer,28-Apr-24,,,,,,,,,,,
INV-19649,Wire Transfer,27-Apr-24,,,,,,,,,,,
INV-96444,ACH Transfer,20-Apr-24,,,,,,,,,,,
INV-30261,Credit Card,21-Apr-24,,,,,,,,,,,
INV-28059,Check,28-Apr-24,,,,,,,,,,,
INV-20729,Credit Card,8-Apr-24,,,,,,,,,,,
INV-65449,Check,3-May-24,,,,,,,,,,,
INV-67439,ACH Transfer,28-Apr-24,,,,,,,,,,,
INV-40742,Wire Transfer,25-Apr-24,,,,,,,,,,,
INV-99644,Credit Card,3-May-24,,,,,,,,,,,
INV-96361,Wire Transfer,2-May-24,,,,,,,,,,,
INV-27823,Credit Card,21-Apr-24,,,,,,,,,,,
INV-79534,Credit Card,7-Apr-24,,,,,,,,,,,
INV-35325,Check,12-Apr-24,,,,,,,,,,,
INV-91174,ACH Transfer,16-Apr-24,,,,,,,,,,,
INV-20280,Check,14-Apr-24,,,,,,,,,,,
INV-83643,Wire Transfer,30-Apr-24,,,,,,,,,,,
INV-62949,Wire Transfer,9-Apr-24,,,,,,,,,,,
INV-20330,Wire Transfer,12-Apr-24,,,,,,,,,,,
INV-96063,Credit Card,12-Apr-24,,,,,,,,,,,
INV-61081,Wire Transfer,15-Apr-24,,,,,,,,,,,
INV-34451,Wire Transfer,2-May-24,,,,,,,,,,,
INV-14551,Check,7-Apr-24,,,,,,,,,,,
INV-96964,Wire Transfer,21-Apr-24,,,,,,,,,,,
INV-59192,ACH Transfer,16-Apr-24,,,,,,,,,,,
INV-67205,Credit Card,9-Apr-24,,,,,,,,,,,
INV-76115,Check,5-May-24,,,,,,,,,,,
INV-43107,ACH Transfer,15-Apr-24,,,,,,,,,,,
INV-58200,Wire Transfer,9-Apr-24,,,,,,,,,,,
INV-15106,Wire Transfer,20-Apr-24,,,,,,,,,,,
INV-68658,Credit Card,17-Apr-24,,,,,,,,,,,
INV-61262,Wire Transfer,17-Apr-24,,,,,,,,,,,
INV-86875,Wire Transfer,5-May-24,,,,,,,,,,,
INV-90416,ACH Transfer,20-Apr-24,,,,,,,,,,,
INV-66497,Check,8-Apr-24,,,,,,,,,,,
INV-73279,Wire Transfer,14-Apr-24,,,,,,,,,,,
INV-78726,Check,6-May-24,,,,,,,,,,,
INV-74790,ACH Transfer,5-May-24,,,,,,,,,,,
INV-82405,Check,16-Apr-24,,,,,,,,,,,
INV-54109,Wire Transfer,24-Apr-24,,,,,,,,,,,
INV-39557,Credit Card,18-Apr-24,,,,,,,,,,,
INV-87937,Wire Transfer,2-May-24,,,,,,,,,,,
INV-63967,Wire Transfer,7-Apr-24,,,,,,,,,,,
INV-98598,Wire Transfer,14-Apr-24,,,,,,,,,,,
INV-66559,Credit Card,18-Apr-24,,,,,,,,,,,
INV-25897,Credit Card,12-Apr-24,,,,,,,,,,,
INV-57393,ACH Transfer,29-Apr-24,,,,,,,,,,,
INV-65299,Check,12-Apr-24,,,,,,,,,,,
INV-18353,Check,12-Apr-24,,,,,,,,,,,
INV-35466,ACH Transfer,2-May-24,,,,,,,,,,,
INV-25364,Credit Card,26-Apr-24,,,,,,,,,,,
INV-26450,ACH Transfer,25-Apr-24,,,,,,,,,,,
INV-68642,Credit Card,17-Apr-24,,,,,,,,,,,
INV-46687,ACH Transfer,20-Apr-24,,,,,,,,,,,
INV-72066,Check,28-Apr-24,,,,,,,,,,,
INV-49524,Wire Transfer,15-Apr-24,,,,,,,,,,,
INV-54111,Wire Transfer,1-May-24,,,,,,,,,,,
INV-74722,ACH Transfer,7-Apr-24,,,,,,,,,,,
INV-65331,ACH Transfer,12-Apr-24,,,,,,,,,,,
INV-93112,Credit Card,11-Apr-24,,,,,,,,,,,
INV-26779,ACH Transfer,2-May-24,,,,,,,,,,,
INV-51128,ACH Transfer,23-Apr-24,,,,,,,,,,,
INV-47799,Check,22-Apr-24,,,,,,,,,,,
INV-81725,Credit Card,8-Apr-24,,,,,,,,,,,
INV-60389,Check,28-Apr-24,,,,,,,,,,,
INV-13985,ACH Transfer,28-Apr-24,,,,,,,,,,,
INV-38991,Wire Transfer,17-Apr-24,,,,,,,,,,,
INV-78412,Credit Card,15-Apr-24,,,,,,,,,,,
INV-40618,Credit Card,22-Apr-24,,,,,,,,,,,
INV-74477,ACH Transfer,18-Apr-24,,,,,,,,,,,
INV-25692,Check,6-May-24,,,,,,,,,,,
INV-87652,Credit Card,13-Apr-24,,,,,,,,,,,
INV-61683,Wire Transfer,11-Apr-24,,,,,,,,,,,
INV-57280,Credit Card,23-Apr-24,,,,,,,,,,,
INV-59335,ACH Transfer,22-Apr-24,,,,,,,,,,,
INV-94721,Check,18-Apr-24,,,,,,,,,,,
INV-51805,Check,30-Apr-24,,,,,,,,,,,
INV-85670,Wire Transfer,25-Apr-24,,,,,,,,,,,
INV-42530,Check,21-Apr-24,,,,,,,,,,,
INV-25492,Check,6-May-24,,,,,,,,,,,
INV-83584,Wire Transfer,11-Apr-24,,,,,,,,,,,
INV-79187,ACH Transfer,26-Apr-24,,,,,,,,,,,
INV-80825,Credit Card,18-Apr-24,,,,,,,,,,,
INV-84508,Wire Transfer,29-Apr-24,,,,,,,,,,,
INV-17169,Check,21-Apr-24,,,,,,,,,,,
INV-16292,Credit Card,23-Apr-24,,,,,,,,,,,
INV-44786,Wire Transfer,13-Apr-24,,,,,,,,,,,
INV-34391,Wire Transfer,17-Apr-24,,,,,,,,,,,
INV-76524,ACH Transfer,6-May-24,,,,,,,,,,,
INV-95084,Wire Transfer,3-May-24,,,,,,,,,,,
INV-14125,Credit Card,13-Apr-24,,,,,,,,,,,
INV-50882,ACH Transfer,25-Apr-24,,,,,,,,,,,
INV-77031,ACH Transfer,22-Apr-24,,,,,,,,,,,
INV-68894,Check,23-Apr-24,,,,,,,,,,,
INV-78215,Wire Transfer,22-Apr-24,,,,,,,,,,,
INV-77676,Credit Card,11-Apr-24,,,,,,,,,,,
INV-97004,ACH Transfer,12-Apr-24,,,,,,,,,,,
INV-80038,Check,16-Apr-24,,,,,,,,,,,
INV-34450,Wire Transfer,28-Apr-24,,,,,,,,,,,
INV-46438,Wire Transfer,25-Apr-24,,,,,,,,,,,
INV-14281,Wire Transfer,23-Apr-24,,,,,,,,,,,
INV-12988,Credit Card,30-Apr-24,,,,,,,,,,,
INV-56470,Wire Transfer,16-Apr-24,,,,,,,,,,,
INV-92129,ACH Transfer,22-Apr-24,,,,,,,,,,,
INV-67320,Wire Transfer,6-May-24,,,,,,,,,,,
INV-58873,Check,5-May-24,,,,,,,,,,,
INV-68198,Credit Card,17-Apr-24,,,,,,,,,,,
INV-84153,Check,6-May-24,,,,,,,,,,,
INV-27452,Wire Transfer,13-Apr-24,,,,,,,,,,,
INV-75412,Check,17-Apr-24,,,,,,,,,,,
INV-70982,ACH Transfer,8-Apr-24,,,,,,,,,,,
INV-61431,ACH Transfer,27-Apr-24,,,,,,,,,,,
INV-56678,Check,21-Apr-24,,,,,,,,,,,
INV-50902,ACH Transfer,16-Apr-24,,,,,,,,,,,
INV-48420,ACH Transfer,7-Apr-24,,,,,,,,,,,
INV-93425,Wire Transfer,5-May-24,,,,,,,,,,,
INV-77620,Wire Transfer,6-May-24,,,,,,,,,,,
INV-32560,Check,12-Apr-24,,,,,,,,,,,
INV-13169,Wire Transfer,7-Apr-24,,,,,,,,,,,
INV-61674,Credit Card,30-Apr-24,,,,,,,,,,,
INV-52404,Check,15-Apr-24,,,,,,,,,,,
INV-92314,Credit Card,28-Apr-24,,,,,,,,,,,
INV-24751,ACH Transfer,16-Apr-24,,,,,,,,,,,
INV-93673,ACH Transfer,7-Apr-24,,,,,,,,,,,
INV-92274,Wire Transfer,7-Apr-24,,,,,,,,,,,
INV-20818,Wire Transfer,9-Apr-24,,,,,,,,,,,
INV-54235,ACH Transfer,3-May-24,,,,,,,,,,,
INV-92781,Wire Transfer,11-Apr-24,,,,,,,,,,,
INV-69227,Credit Card,23-Apr-24,,,,,,,,,,,
INV-36093,ACH Transfer,8-Apr-24,,,,,,,,,,,
INV-89138,Check,5-May-24,,,,,,,,,,,
INV-50218,Credit Card,11-Apr-24,,,,,,,,,,,
INV-81042,Wire Transfer,11-Apr-24,,,,,,,,,,,
INV-65665,Credit Card,23-Apr-24,,,,,,,,,,,
INV-78125,Check,2-May-24,,,,,,,,,,,
INV-48792,Wire Transfer,16-Apr-24,,,,,,,,,,,
INV-28904,Check,7-Apr-24,,,,,,,,,,,
INV-43810,Check,20-Apr-24,,,,,,,,,,,
INV-59836,Credit Card,18-Apr-24,,,,,,,,,,,
INV-21243,Wire Transfer,9-Apr-24,,,,,,,,,,,
INV-78088,Check,11-Apr-24,,,,,,,,,,,
INV-78048,Credit Card,13-Apr-24,,,,,,,,,,,
INV-10333,Check,15-Apr-24,,,,,,,,,,,
INV-88000,Credit Card,1-May-24,,,,,,,,,,,
INV-25004,ACH Transfer,29-Apr-24,,,,,,,,,,,
INV-78010,ACH Transfer,27-Apr-24,,,,,,,,,,,
INV-81087,ACH Transfer,2-May-24,,,,,,,,,,,
INV-32607,ACH Transfer,2-May-24,,,,,,,,,,,
INV-26551,Check,24-Apr-24,,,,,,,,,,,
INV-54305,Wire Transfer,23-Apr-24,,,,,,,,,,,
INV-10019,ACH Transfer,8-Apr-24,,,,,,,,,,,
INV-73398,Check,24-Apr-24,,,,,,,,,,,
INV-30898,ACH Transfer,17-Apr-24,,,,,,,,,,,
INV-95732,Wire Transfer,16-Apr-24,,,,,,,,,,,
INV-41536,ACH Transfer,4-May-24,,,,,,,,,,,
INV-40319,ACH Transfer,27-Apr-24,,,,,,,,,,,
INV-67796,Wire Transfer,2-May-24,,,,,,,,,,,
INV-67806,Wire Transfer,13-Apr-24,,,,,,,,,,,
INV-17761,ACH Transfer,21-Apr-24,,,,,,,,,,,
INV-44663,ACH Transfer,1-May-24,,,,,,,,,,,
INV-15974,Credit Card,30-Apr-24,,,,,,,,,,,
INV-19516,Wire Transfer,18-Apr-24,,,,,,,,,,,
INV-25991,ACH Transfer,28-Apr-24,,,,,,,,,,,
INV-46102,Check,1-May-24,,,,,,,,,,,
INV-44071,Wire Transfer,29-Apr-24,,,,,,,,,,,
INV-65307,Wire Transfer,21-Apr-24,,,,,,,,,,,
INV-67746,Wire Transfer,3-May-24,,,,,,,,,,,
INV-49423,Check,11-Apr-24,,,,,,,,,,,
INV-18503,ACH Transfer,14-Apr-24,,,,,,,,,,,
INV-29106,Check,29-Apr-24,,,,,,,,,,,
INV-41288,Credit Card,29-Apr-24,,,,,,,,,,,
INV-46422,Credit Card,26-Apr-24,,,,,,,,,,,
INV-50043,Wire Transfer,15-Apr-24,,,,,,,,,,,
INV-88161,ACH Transfer,14-Apr-24,,,,,,,,,,,
INV-13828,Check,17-Apr-24,,,,,,,,,,,
INV-80900,Check,11-Apr-24,,,,,,,,,,,
INV-36364,Check,25-Apr-24,,,,,,,,,,,
INV-61655,Credit Card,29-Apr-24,,,,,,,,,,,
INV-16897,Credit Card,14-Apr-24,,,,,,,,,,,
INV-54724,Credit Card,23-Apr-24,,,,,,,,,,,
INV-85215,ACH Transfer,1-May-24,,,,,,,,,,,
INV-90973,Credit Card,17-Apr-24,,,,,,,,,,,
INV-58123,Check,8-Apr-24,,,,,,,,,,,
INV-42639,ACH Transfer,3-May-24,,,,,,,,,,,
INV-48145,ACH Transfer,28-Apr-24,,,,,,,,,,,
INV-76281,Check,9-Apr-24,,,,,,,,,,,
INV-37443,ACH Transfer,30-Apr-24,,,,,,,,,,,
INV-25495,ACH Transfer,7-Apr-24,,,,,,,,,,,
INV-22350,ACH Transfer,24-Apr-24,,,,,,,,,,,
INV-84152,Wire Transfer,17-Apr-24,,,,,,,,,,,
INV-77354,Check,17-Apr-24,,,,,,,,,,,
INV-75217,ACH Transfer,24-Apr-24,,,,,,,,,,,
INV-38722,Wire Transfer,21-Apr-24,,,,,,,,,,,
INV-80749,Wire Transfer,3-May-24,,,,,,,,,,,
INV-32090,Check,5-May-24,,,,,,,,,,,
INV-13854,Check,9-Apr-24,,,,,,,,,,,
INV-49517,Credit Card,29-Apr-24,,,,,,,,,,,
INV-17595,Wire Transfer,23-Apr-24,,,,,,,,,,,
INV-57973,ACH Transfer,15-Apr-24,,,,,,,,,,,
INV-26171,Credit Card,25-Apr-24,,,,,,,,,,,
INV-36609,ACH Transfer,9-Apr-24,,,,,,,,,,,
INV-98787,Wire Transfer,14-Apr-24,,,,,,,,,,,
INV-39873,Credit Card,9-Apr-24,,,,,,,,,,,
INV-20816,ACH Transfer,26-Apr-24,,,,,,,,,,,
INV-39736,Check,13-Apr-24,,,,,,,,,,,
INV-37446,Check,7-Apr-24,,,,,,,,,,,
INV-60571,Credit Card,6-May-24,,,,,,,,,,,
INV-15270,Wire Transfer,20-Apr-24,,,,,,,,,,,
INV-31024,Wire Transfer,22-Apr-24,,,,,,,,,,,
INV-31509,Wire Transfer,10-Apr-24,,,,,,,,,,,
INV-69792,Credit Card,3-May-24,,,,,,,,,,,
INV-16309,ACH Transfer,14-Apr-24,,,,,,,,,,,
INV-76016,ACH Transfer,6-May-24,,,,,,,,,,,
INV-51505,Check,2-May-24,,,,,,,,,,,
INV-13527,Credit Card,2-May-24,,,,,,,,,,,
INV-83767,Check,22-Apr-24,,,,,,,,,,,
INV-73529,Wire Transfer,19-Apr-24,,,,,,,,,,,
INV-17656,Check,4-May-24,,,,,,,,,,,
INV-62867,Check,16-Apr-24,,,,,,,,,,,
INV-45196,Wire Transfer,17-Apr-24,,,,,,,,,,,
INV-27719,Credit Card,2-May-24,,,,,,,,,,,
INV-45351,Credit Card,14-Apr-24,,,,,,,,,,,
INV-90518,Credit Card,14-Apr-24,,,,,,,,,,,
INV-93701,Check,27-Apr-24,,,,,,,,,,,
INV-90037,Check,4-May-24,,,,,,,,,,,
INV-83947,Wire Transfer,21-Apr-24,,,,,,,,,,,
INV-93342,ACH Transfer,10-Apr-24,,,,,,,,,,,
INV-16972,Check,25-Apr-24,,,,,,,,,,,
INV-91388,Credit Card,28-Apr-24,,,,,,,,,,,
INV-33787,ACH Transfer,8-Apr-24,,,,,,,,,,,
INV-65292,Wire Transfer,19-Apr-24,,,,,,,,,,,
INV-62002,ACH Transfer,28-Apr-24,,,,,,,,,,,
INV-28443,Check,30-Apr-24,,,,,,,,,,,
INV-93403,Credit Card,14-Apr-24,,,,,,,,,,,
INV-94278,Check,4-May-24,,,,,,,,,,,
INV-31703,ACH Transfer,23-Apr-24,,,,,,,,,,,
INV-29674,Check,12-Apr-24,,,,,,,,,,,
INV-62131,Check,16-Apr-24,,,,,,,,,,,
INV-48645,ACH Transfer,23-Apr-24,,,,,,,,,,,
INV-19945,Wire Transfer,21-Apr-24,,,,,,,,,,,
INV-67589,Wire Transfer,14-Apr-24,,,,,,,,,,,
INV-91237,Wire Transfer,6-May-24,,,,,,,,,,,
INV-14093,Wire Transfer,24-Apr-24,,,,,,,,,,,
INV-19561,Credit Card,16-Apr-24,,,,,,,,,,,
INV-86715,Credit Card,10-Apr-24,,,,,,,,,,,
INV-97813,ACH Transfer,25-Apr-24,,,,,,,,,,,
INV-52704,Check,15-Apr-24,,,,,,,,,,,
INV-80265,Credit Card,27-Apr-24,,,,,,,,,,,
INV-99785,Wire Transfer,3-May-24,,,,,,,,,,,
INV-61025,Wire Transfer,10-Apr-24,,,,,,,,,,,
INV-35981,Credit Card,11-Apr-24,,,,,,,,,,,
INV-18300,Wire Transfer,20-Apr-24,,,,,,,,,,,
INV-62274,ACH Transfer,24-Apr-24,,,,,,,,,,,
INV-47772,ACH Transfer,14-Apr-24,,,,,,,,,,,
INV-20809,Credit Card,28-Apr-24,,,,,,,,,,,
INV-75491,Check,2-May-24,,,,,,,,,,,
INV-39566,Check,6-May-24,,,,,,,,,,,
INV-61609,ACH Transfer,27-Apr-24,,,,,,,,,,,
INV-97343,Wire Transfer,20-Apr-24,,,,,,,,,,,
INV-62262,ACH Transfer,21-Apr-24,,,,,,,,,,,
INV-29267,ACH Transfer,20-Apr-24,,,,,,,,,,,
INV-85534,Wire Transfer,24-Apr-24,,,,,,,,,,,
INV-47803,Check,16-Apr-24,,,,,,,,,,,
INV-38099,Wire Transfer,21-Apr-24,,,,,,,,,,,
INV-70128,Check,14-Apr-24,,,,,,,,,,,
INV-31233,Wire Transfer,11-Apr-24,,,,,,,,,,,
INV-84401,Check,1-May-24,,,,,,,,,,,
INV-95313,ACH Transfer,10-Apr-24,,,,,,,,,,,
INV-53999,Check,11-Apr-24,,,,,,,,,,,
INV-13231,Wire Transfer,9-Apr-24,,,,,,,,,,,
INV-16423,Credit Card,29-Apr-24,,,,,,,,,,,
INV-74248,ACH Transfer,13-Apr-24,,,,,,,,,,,
INV-19255,Check,19-Apr-24,,,,,,,,,,,
INV-74754,Credit Card,15-Apr-24,,,,,,,,,,,
INV-90670,Check,24-Apr-24,,,,,,,,,,,
INV-71581,Check,24-Apr-24,,,,,,,,,,,
INV-60740,ACH Transfer,30-Apr-24,,,,,,,,,,,
INV-77251,Credit Card,16-Apr-24,,,,,,,,,,,
INV-26142,Credit Card,28-Apr-24,,,,,,,,,,,
INV-43901,Check,23-Apr-24,,,,,,,,,,,
INV-67416,Wire Transfer,10-Apr-24,,,,,,,,,,,
INV-87723,Credit Card,25-Apr-24,,,,,,,,,,,
INV-80761,Check,20-Apr-24,,,,,,,,,,,
INV-95175,ACH Transfer,3-May-24,,,,,,,,,,,
INV-68720,Wire Transfer,19-Apr-24,,,,,,,,,,,
INV-63943,Check,16-Apr-24,,,,,,,,,,,
INV-75093,ACH Transfer,15-Apr-24,,,,,,,,,,,
INV-97511,ACH Transfer,22-Apr-24,,,,,,,,,,,
INV-15332,Check,1-May-24,,,,,,,,,,,
INV-47608,Wire Transfer,9-Apr-24,,,,,,,,,,,
INV-80870,Check,7-Apr-24,,,,,,,,,,,
INV-49038,ACH Transfer,18-Apr-24,,,,,,,,,,,
INV-70834,Credit Card,12-Apr-24,,,,,,,,,,,
INV-23140,Check,29-Apr-24,,,,,,,,,,,
INV-73158,Check,13-Apr-24,,,,,,,,,,,
INV-48741,ACH Transfer,13-Apr-24,,,,,,,,,,,
INV-49353,ACH Transfer,9-Apr-24,,,,,,,,,,,
INV-16490,ACH Transfer,9-Apr-24,,,,,,,,,,,
INV-87809,ACH Transfer,1-May-24,,,,,,,,,,,
INV-44268,ACH Transfer,15-Apr-24,,,,,,,,,,,
INV-37803,Check,26-Apr-24,,,,,,,,,,,
INV-83619,Check,7-Apr-24,,,,,,,,,,,
INV-49899,Check,16-Apr-24,,,,,,,,,,,
INV-37583,ACH Transfer,5-May-24,,,,,,,,,,,
INV-97732,Wire Transfer,22-Apr-24,,,,,,,,,,,
INV-42252,Credit Card,30-Apr-24,,,,,,,,,,,
INV-85128,Wire Transfer,6-May-24,,,,,,,,,,,
INV-38254,Check,3-May-24,,,,,,,,,,,
INV-57231,ACH Transfer,19-Apr-24,,,,,,,,,,,
INV-11893,Wire Transfer,6-May-24,,,,,,,,,,,
INV-45353,Check,13-Apr-24,,,,,,,,,,,
INV-83016,Credit Card,18-Apr-24,,,,,,,,,,,
INV-45614,ACH Transfer,29-Apr-24,,,,,,,,,,,
INV-31089,Credit Card,17-Apr-24,,,,,,,,,,,
INV-19963,Credit Card,18-Apr-24,,,,,,,,,,,
INV-24180,Wire Transfer,6-May-24,,,,,,,,,,,
INV-54162,Check,17-Apr-24,,,,,,,,,,,
INV-40044,Wire Transfer,2-May-24,,,,,,,,,,,
INV-14907,Check,16-Apr-24,,,,,,,,,,,
INV-10280,Credit Card,6-May-24,,,,,,,,,,,
INV-57008,ACH Transfer,26-Apr-24,,,,,,,,,,,
INV-69103,Credit Card,4-May-24,,,,,,,,,,,
INV-57116,Check,6-May-24,,,,,,,,,,,
INV-48268,Check,30-Apr-24,,,,,,,,,,,
INV-99736,Credit Card,10-Apr-24,,,,,,,,,,,
INV-62686,Credit Card,4-May-24,,,,,,,,,,,
INV-49147,Wire Transfer,1-May-24,,,,,,,,,,,
INV-73915,Credit Card,9-Apr-24,,,,,,,,,,,
INV-19087,Credit Card,6-May-24,,,,,,,,,,,
INV-61214,Credit Card,26-Apr-24,,,,,,,,,,,
INV-19967,ACH Transfer,19-Apr-24,,,,,,,,,,,
INV-16604,ACH Transfer,29-Apr-24,,,,,,,,,,,
INV-62433,Check,13-Apr-24,,,,,,,,,,,
INV-66044,Wire Transfer,5-May-24,,,,,,,,,,,
INV-69904,Wire Transfer,20-Apr-24,,,,,,,,,,,
INV-91994,Check,17-Apr-24,,,,,,,,,,,
INV-20076,Wire Transfer,11-Apr-24,,,,,,,,,,,
INV-69092,ACH Transfer,29-Apr-24,,,,,,,,,,,
INV-75242,Check,11-Apr-24,,,,,,,,,,,
INV-17143,Credit Card,20-Apr-24,,,,,,,,,,,
INV-20709,ACH Transfer,25-Apr-24,,,,,,,,,,,
INV-89054,Wire Transfer,9-Apr-24,,,,,,,,,,,
INV-51724,Wire Transfer,22-Apr-24,,,,,,,,,,,
INV-41406,Wire Transfer,3-May-24,,,,,,,,,,,
INV-78101,ACH Transfer,3-May-24,,,,,,,,,,,
INV-37880,ACH Transfer,20-Apr-24,,,,,,,,,,,
INV-73830,Wire Transfer,20-Apr-24,,,,,,,,,,,
INV-33455,Credit Card,17-Apr-24,,,,,,,,,,,
INV-94003,Credit Card,6-May-24,,,,,,,,,,,
INV-84126,Check,17-Apr-24,,,,,,,,,,,
INV-19985,ACH Transfer,29-Apr-24,,,,,,,,,,,
INV-17269,Credit Card,23-Apr-24,,,,,,,,,,,
INV-63736,ACH Transfer,8-Apr-24,,,,,,,,,,,
INV-32124,Wire Transfer,20-Apr-24,,,,,,,,,,,
INV-71593,ACH Transfer,5-May-24,,,,,,,,,,,
INV-83080,Credit Card,22-Apr-24,,,,,,,,,,,
INV-98920,Check,3-May-24,,,,,,,,,,,
INV-64805,Wire Transfer,10-Apr-24,,,,,,,,,,,
INV-51609,Wire Transfer,27-Apr-24,,,,,,,,,,,
INV-52346,Check,27-Apr-24,,,,,,,,,,,
INV-34047,ACH Transfer,8-Apr-24,,,,,,,,,,,
INV-97354,Wire Transfer,12-Apr-24,,,,,,,,,,,
INV-51275,ACH Transfer,20-Apr-24,,,,,,,,,,,
INV-55669,Wire Transfer,11-Apr-24,,,,,,,,,,,
INV-16584,Credit Card,20-Apr-24,,,,,,,,,,,
INV-39431,Check,28-Apr-24,,,,,,,,,,,
INV-29897,ACH Transfer,20-Apr-24,,,,,,,,,,,
INV-26675,ACH Transfer,23-Apr-24,,,,,,,,,,,
INV-63836,Wire Transfer,8-Apr-24,,,,,,,,,,,
INV-83846,Credit Card,4-May-24,,,,,,,,,,,
INV-26545,Check,11-Apr-24,,,,,,,,,,,
INV-87813,ACH Transfer,18-Apr-24,,,,,,,,,,,
INV-57603,ACH Transfer,4-May-24,,,,,,,,,,,
INV-14298,ACH Transfer,15-Apr-24,,,,,,,,,,,
INV-97518,Credit Card,29-Apr-24,,,,,,,,,,,
INV-97058,ACH Transfer,15-Apr-24,,,,,,,,,,,
INV-59554,Check,26-Apr-24,,,,,,,,,,,
INV-97475,Credit Card,18-Apr-24,,,,,,,,,,,
INV-43403,Check,15-Apr-24,,,,,,,,,,,
INV-43485,Check,6-May-24,,,,,,,,,,,
INV-56248,Wire Transfer,3-May-24,,,,,,,,,,,
INV-95466,ACH Transfer,27-Apr-24,,,,,,,,,,,
INV-53268,Credit Card,4-May-24,,,,,,,,,,,
INV-26481,Credit Card,3-May-24,,,,,,,,,,,
INV-86359,ACH Transfer,19-Apr-24,,,,,,,,,,,
INV-17017,Credit Card,11-Apr-24,,,,,,,,,,,
INV-74022,Check,27-Apr-24,,,,,,,,,,,
INV-41448,ACH Transfer,26-Apr-24,,,,,,,,,,,
INV-42048,ACH Transfer,9-Apr-24,,,,,,,,,,,
INV-96464,Check,9-Apr-24,,,,,,,,,,,
INV-33097,Credit Card,22-Apr-24,,,,,,,,,,,
INV-25377,Wire Transfer,7-Apr-24,,,,,,,,,,,
INV-13200,Credit Card,22-Apr-24,,,,,,,,,,,
INV-55200,Wire Transfer,26-Apr-24,,,,,,,,,,,
INV-62752,ACH Transfer,15-Apr-24,,,,,,,,,,,
INV-22620,Credit Card,3-May-24,,,,,,,,,,,
INV-34478,Check,13-Apr-24,,,,,,,,,,,
INV-80639,ACH Transfer,4-May-24,,,,,,,,,,,
INV-76442,Check,18-Apr-24,,,,,,,,,,,
INV-62055,Check,27-Apr-24,,,,,,,,,,,
INV-94943,ACH Transfer,13-Apr-24,,,,,,,,,,,
INV-97072,Credit Card,22-Apr-24,,,,,,,,,,,
INV-28117,Wire Transfer,30-Apr-24,,,,,,,,,,,
INV-55439,Credit Card,16-Apr-24,,,,,,,,,,,
INV-93891,Check,14-Apr-24,,,,,,,,,,,
INV-47897,Credit Card,4-May-24,,,,,,,,,,,
INV-13117,Check,24-Apr-24,,,,,,,,,,,
INV-75510,Wire Transfer,2-May-24,,,,,,,,,,,
INV-45489,Check,21-Apr-24,,,,,,,,,,,
INV-98108,Credit Card,12-Apr-24,,,,,,,,,,,
INV-89515,Check,20-Apr-24,,,,,,,,,,,
INV-75799,Wire Transfer,3-May-24,,,,,,,,,,,
INV-61683,Wire Transfer,9-Apr-24,,,,,,,,,,,
INV-85898,ACH Transfer,13-Apr-24,,,,,,,,,,,
INV-11892,Wire Transfer,21-Apr-24,,,,,,,,,,,
INV-66444,ACH Transfer,28-Apr-24,,,,,,,,,,,
INV-83166,ACH Transfer,1-May-24,,,,,,,,,,,
INV-55915,Wire Transfer,6-May-24,,,,,,,,,,,
INV-27931,ACH Transfer,19-Apr-24,,,,,,,,,,,
INV-90666,Wire Transfer,27-Apr-24,,,,,,,,,,,
INV-74502,Credit Card,12-Apr-24,,,,,,,,,,,
INV-52368,Credit Card,29-Apr-24,,,,,,,,,,,
INV-86051,ACH Transfer,6-May-24,,,,,,,,,,,
INV-60697,Wire Transfer,26-Apr-24,,,,,,,,,,,
INV-41443,Credit Card,22-Apr-24,,,,,,,,,,,
INV-28286,Check,26-Apr-24,,,,,,,,,,,
INV-35609,ACH Transfer,12-Apr-24,,,,,,,,,,,
INV-10059,Credit Card,27-Apr-24,,,,,,,,,,,
INV-78996,Check,10-Apr-24,,,,,,,,,,,
INV-24909,Credit Card,12-Apr-24,,,,,,,,,,,
INV-77278,Check,30-Apr-24,,,,,,,,,,,
INV-12116,Check,6-May-24,,,,,,,,,,,
INV-92862,Check,4-May-24,,,,,,,,,,,
INV-21801,ACH Transfer,13-Apr-24,,,,,,,,,,,
INV-91414,ACH Transfer,5-May-24,,,,,,,,,,,
INV-41803,Credit Card,26-Apr-24,,,,,,,,,,,
INV-92544,ACH Transfer,27-Apr-24,,,,,,,,,,,
INV-23443,ACH Transfer,23-Apr-24,,,,,,,,,,,
INV-33418,Credit Card,26-Apr-24,,,,,,,,,,,
INV-95168,ACH Transfer,7-Apr-24,,,,,,,,,,,
INV-52486,Wire Transfer,30-Apr-24,,,,,,,,,,,
INV-16048,Check,1-May-24,,,,,,,,,,,
INV-60479,Wire Transfer,26-Apr-24,,,,,,,,,,,
INV-90673,Wire Transfer,24-Apr-24,,,,,,,,,,,
INV-28983,Wire Transfer,8-Apr-24,,,,,,,,,,,
INV-25195,Credit Card,5-May-24,,,,,,,,,,,
INV-97344,Check,9-Apr-24,,,,,,,,,,,
INV-57709,Credit Card,11-Apr-24,,,,,,,,,,,
INV-73408,ACH Transfer,9-Apr-24,,,,,,,,,,,
INV-20392,Credit Card,16-Apr-24,,,,,,,,,,,
INV-38035,Credit Card,14-Apr-24,,,,,,,,,,,
INV-10179,ACH Transfer,27-Apr-24,,,,,,,,,,,
INV-66278,Check,29-Apr-24,,,,,,,,,,,
INV-76360,Credit Card,2-May-24,,,,,,,,,,,
INV-54558,Wire Transfer,12-Apr-24,,,,,,,,,,,
INV-45248,ACH Transfer,23-Apr-24,,,,,,,,,,,
INV-68186,Wire Transfer,24-Apr-24,,,,,,,,,,,
INV-89810,ACH Transfer,10-Apr-24,,,,,,,,,,,
INV-20921,ACH Transfer,13-Apr-24,,,,,,,,,,,
INV-35677,Credit Card,22-Apr-24,,,,,,,,,,,
INV-68574,ACH Transfer,23-Apr-24,,,,,,,,,,,
INV-78399,Credit Card,2-May-24,,,,,,,,,,,
INV-50735,Check,13-Apr-24,,,,,,,,,,,
INV-37692,ACH Transfer,25-Apr-24,,,,,,,,,,,
INV-96401,Check,30-Apr-24,,,,,,,,,,,
INV-22673,Credit Card,25-Apr-24,,,,,,,,,,,
INV-47191,Wire Transfer,29-Apr-24,,,,,,,,,,,
INV-11265,Wire Transfer,25-Apr-24,,,,,,,,,,,
INV-87224,Credit Card,28-Apr-24,,,,,,,,,,,
INV-93366,Wire Transfer,19-Apr-24,,,,,,,,,,,
INV-55122,Wire Transfer,13-Apr-24,,,,,,,,,,,
INV-18171,Check,24-Apr-24,,,,,,,,,,,
INV-55424,Wire Transfer,20-Apr-24,,,,,,,,,,,
INV-42005,Wire Transfer,7-Apr-24,,,,,,,,,,,
INV-29495,Check,3-May-24,,,,,,,,,,,
INV-10888,Check,14-Apr-24,,,,,,,,,,,
INV-58506,ACH Transfer,19-Apr-24,,,,,,,,,,,
INV-64820,ACH Transfer,2-May-24,,,,,,,,,,,
INV-82081,Wire Transfer,20-Apr-24,,,,,,,,,,,
INV-46272,Wire Transfer,4-May-24,,,,,,,,,,,
INV-23549,Credit Card,7-Apr-24,,,,,,,,,,,
INV-81847,Check,5-May-24,,,,,,,,,,,
INV-61650,ACH Transfer,26-Apr-24,,,,,,,,,,,
INV-60509,ACH Transfer,24-Apr-24,,,,,,,,,,,
INV-87409,ACH Transfer,12-Apr-24,,,,,,,,,,,
INV-57039,Wire Transfer,7-Apr-24,,,,,,,,,,,
INV-13559,Credit Card,13-Apr-24,,,,,,,,,,,
INV-74993,Check,16-Apr-24,,,,,,,,,,,
INV-92500,Wire Transfer,26-Apr-24,,,,,,,,,,,
INV-89981,ACH Transfer,5-May-24,,,,,,,,,,,
INV-32871,ACH Transfer,24-Apr-24,,,,,,,,,,,
INV-46118,Wire Transfer,16-Apr-24,,,,,,,,,,,
INV-83224,Wire Transfer,20-Apr-24,,,,,,,,,,,
INV-34129,Wire Transfer,26-Apr-24,,,,,,,,,,,
INV-16796,Check,19-Apr-24,,,,,,,,,,,
INV-41823,Check,28-Apr-24,,,,,,,,,,,
INV-50891,Wire Transfer,13-Apr-24,,,,,,,,,,,
INV-40388,Wire Transfer,28-Apr-24,,,,,,,,,,,
INV-71705,Wire Transfer,3-May-24,,,,,,,,,,,
INV-24725,Credit Card,24-Apr-24,,,,,,,,,,,
INV-11755,Credit Card,23-Apr-24,,,,,,,,,,,
INV-29660,Wire Transfer,25-Apr-24,,,,,,,,,,,
INV-48480,Credit Card,26-Apr-24,,,,,,,,,,,
INV-58778,Check,12-Apr-24,,,,,,,,,,,
INV-30169,Credit Card,14-Apr-24,,,,,,,,,,,
INV-85751,Check,10-Apr-24,,,,,,,,,,,
INV-68281,Credit Card,28-Apr-24,,,,,,,,,,,
INV-21349,Check,28-Apr-24,,,,,,,,,,,
INV-38259,Check,10-Apr-24,,,,,,,,,,,
INV-98867,ACH Transfer,13-Apr-24,,,,,,,,,,,
INV-38959,ACH Transfer,8-Apr-24,,,,,,,,,,,
INV-32962,Credit Card,26-Apr-24,,,,,,,,,,,
INV-90169,ACH Transfer,16-Apr-24,,,,,,,,,,,
INV-49247,Credit Card,10-Apr-24,,,,,,,,,,,
INV-32014,Check,13-Apr-24,,,,,,,,,,,
INV-74456,Check,6-May-24,,,,,,,,,,,
INV-95670,Credit Card,8-Apr-24,,,,,,,,,,,
INV-76030,Wire Transfer,12-Apr-24,,,,,,,,,,,
INV-55882,Check,6-May-24,,,,,,,,,,,
INV-58611,Credit Card,17-Apr-24,,,,,,,,,,,
INV-48581,Check,21-Apr-24,,,,,,,,,,,
INV-67345,Wire Transfer,7-Apr-24,,,,,,,,,,,
INV-81177,Check,1-May-24,,,,,,,,,,,
INV-31620,Wire Transfer,21-Apr-24,,,,,,,,,,,
INV-24241,Check,26-Apr-24,,,,,,,,,,,
INV-82244,ACH Transfer,13-Apr-24,,,,,,,,,,,
INV-53212,Credit Card,16-Apr-24,,,,,,,,,,,
INV-81883,ACH Transfer,11-Apr-24,,,,,,,,,,,
INV-43990,Check,2-May-24,,,,,,,,,,,
INV-91650,Credit Card,27-Apr-24,,,,,,,,,,,
INV-47344,Wire Transfer,5-May-24,,,,,,,,,,,
INV-34577,Credit Card,25-Apr-24,,,,,,,,,,,
INV-23773,Wire Transfer,19-Apr-24,,,,,,,,,,,
INV-49472,ACH Transfer,12-Apr-24,,,,,,,,,,,
INV-97222,Wire Transfer,17-Apr-24,,,,,,,,,,,
INV-32594,Credit Card,26-Apr-24,,,,,,,,,,,
INV-43730,Credit Card,13-Apr-24,,,,,,,,,,,
INV-20051,Wire Transfer,17-Apr-24,,,,,,,,,,,
INV-30146,Wire Transfer,13-Apr-24,,,,,,,,,,,
INV-25227,Wire Transfer,15-Apr-24,,,,,,,,,,,
INV-16497,Credit Card,4-May-24,,,,,,,,,,,
INV-15622,ACH Transfer,28-Apr-24,,,,,,,,,,,
INV-92706,ACH Transfer,3-May-24,,,,,,,,,,,
INV-89186,ACH Transfer,26-Apr-24,,,,,,,,,,,
INV-72591,Check,12-Apr-24,,,,,,,,,,,
INV-59291,Check,28-Apr-24,,,,,,,,,,,
INV-61936,Check,21-Apr-24,,,,,,,,,,,
INV-35924,Check,4-May-24,,,,,,,,,,,
INV-62052,Check,18-Apr-24,,,,,,,,,,,
INV-33075,Wire Transfer,10-Apr-24,,,,,,,,,,,
INV-32400,Wire Transfer,28-Apr-24,,,,,,,,,,,
INV-60281,Wire Transfer,27-Apr-24,,,,,,,,,,,
INV-66551,Credit Card,24-Apr-24,,,,,,,,,,,
INV-99627,Credit Card,11-Apr-24,,,,,,,,,,,
INV-31920,Wire Transfer,18-Apr-24,,,,,,,,,,,
INV-42817,ACH Transfer,22-Apr-24,,,,,,,,,,,
INV-87078,ACH Transfer,20-Apr-24,,,,,,,,,,,
INV-70980,Wire Transfer,26-Apr-24,,,,,,,,,,,
INV-66106,ACH Transfer,30-Apr-24,,,,,,,,,,,
INV-30851,ACH Transfer,2-May-24,,,,,,,,,,,
INV-76129,Credit Card,29-Apr-24,,,,,,,,,,,
INV-54813,ACH Transfer,7-Apr-24,,,,,,,,,,,
INV-84920,Wire Transfer,28-Apr-24,,,,,,,,,,,
INV-59414,Credit Card,28-Apr-24,,,,,,,,,,,
INV-61060,ACH Transfer,6-May-24,,,,,,,,,,,
INV-12845,Check,12-Apr-24,,,,,,,,,,,
INV-94393,Wire Transfer,28-Apr-24,,,,,,,,,,,
INV-31286,Check,21-Apr-24,,,,,,,,,,,
INV-63137,Wire Transfer,30-Apr-24,,,,,,,,,,,
INV-88551,Check,26-Apr-24,,,,,,,,,,,
INV-91200,Wire Transfer,29-Apr-24,,,,,,,,,,,
INV-85323,ACH Transfer,14-Apr-24,,,,,,,,,,,
INV-74522,ACH Transfer,18-Apr-24,,,,,,,,,,,
INV-41384,Credit Card,7-Apr-24,,,,,,,,,,,
INV-48517,ACH Transfer,29-Apr-24,,,,,,,,,,,
INV-78646,ACH Transfer,16-Apr-24,,,,,,,,,,,
INV-66706,Wire Transfer,3-May-24,,,,,,,,,,,
INV-62585,ACH Transfer,25-Apr-24,,,,,,,,,,,
INV-31493,Wire Transfer,15-Apr-24,,,,,,,,,,,
INV-45150,Credit Card,30-Apr-24,,,,,,,,,,,
INV-15520,Wire Transfer,20-Apr-24,,,,,,,,,,,
INV-69766,Check,17-Apr-24,,,,,,,,,,,
INV-50549,Credit Card,12-Apr-24,,,,,,,,,,,
INV-40368,Check,17-Apr-24,,,,,,,,,,,
INV-88708,Credit Card,12-Apr-24,,,,,,,,,,,
INV-13101,ACH Transfer,23-Apr-24,,,,,,,,,,,
INV-87634,Check,11-Apr-24,,,,,,,,,,,
INV-39087,Wire Transfer,15-Apr-24,,,,,,,,,,,
INV-13744,Credit Card,5-May-24,,,,,,,,,,,
INV-72651,Credit Card,15-Apr-24,,,,,,,,,,,
INV-50930,Wire Transfer,15-Apr-24,,,,,,,,,,,
INV-62487,Check,1-May-24,,,,,,,,,,,
INV-22385,Wire Transfer,23-Apr-24,,,,,,,,,,,
INV-13520,Check,14-Apr-24,,,,,,,,,,,
INV-15132,Credit Card,22-Apr-24,,,,,,,,,,,
INV-94687,Credit Card,17-Apr-24,,,,,,,,,,,
INV-98988,Wire Transfer,8-Apr-24,,,,,,,,,,,
INV-87452,Wire Transfer,22-Apr-24,,,,,,,,,,,
INV-27282,Check,29-Apr-24,,,,,,,,,,,
INV-89841,Check,30-Apr-24,,,,,,,,,,,
INV-92564,Wire Transfer,18-Apr-24,,,,,,,,,,,
INV-72242,ACH Transfer,14-Apr-24,,,,,,,,,,,
INV-47383,ACH Transfer,10-Apr-24,,,,,,,,,,,
INV-76544,Credit Card,9-Apr-24,,,,,,,,,,,
INV-73092,Check,24-Apr-24,,,,,,,,,,,
INV-96834,Check,5-May-24,,,,,,,,,,,
INV-42876,Check,7-Apr-24,,,,,,,,,,,
INV-29753,Wire Transfer,13-Apr-24,,,,,,,,,,,
INV-69901,Wire Transfer,17-Apr-24,,,,,,,,,,,
INV-14755,Wire Transfer,17-Apr-24,,,,,,,,,,,
INV-50167,ACH Transfer,25-Apr-24,,,,,,,,,,,
INV-85518,Wire Transfer,8-Apr-24,,,,,,,,,,,
INV-51275,ACH Transfer,2-May-24,,,,,,,,,,,
INV-41760,ACH Transfer,23-Apr-24,,,,,,,,,,,
INV-81010,ACH Transfer,26-Apr-24,,,,,,,,,,,
INV-75352,Wire Transfer,10-Apr-24,,,,,,,,,,,
INV-29702,ACH Transfer,4-May-24,,,,,,,,,,,
INV-92231,ACH Transfer,5-May-24,,,,,,,,,,,
INV-25071,Credit Card,25-Apr-24,,,,,,,,,,,
INV-73051,Wire Transfer,25-Apr-24,,,,,,,,,,,
INV-96283,Credit Card,3-May-24,,,,,,,,,,,
INV-24629,Check,30-Apr-24,,,,,,,,,,,
INV-74180,Wire Transfer,23-Apr-24,,,,,,,,,,,
INV-64507,Credit Card,25-Apr-24,,,,,,,,,,,
INV-66747,ACH Transfer,14-Apr-24,,,,,,,,,,,
INV-62919,Credit Card,12-Apr-24,,,,,,,,,,,
INV-29443,ACH Transfer,13-Apr-24,,,,,,,,,,,
INV-26755,ACH Transfer,15-Apr-24,,,,,,,,,,,
INV-11885,ACH Transfer,4-May-24,,,,,,,,,,,
INV-96745,ACH Transfer,1-May-24,,,,,,,,,,,
INV-42413,Check,16-Apr-24,,,,,,,,,,,
INV-38203,Check,19-Apr-24,,,,,,,,,,,
INV-33140,Credit Card,8-Apr-24,,,,,,,,,,,
INV-45512,Wire Transfer,16-Apr-24,,,,,,,,,,,
INV-62388,ACH Transfer,20-Apr-24,,,,,,,,,,,
INV-96385,Check,30-Apr-24,,,,,,,,,,,
INV-84034,Check,30-Apr-24,,,,,,,,,,,
INV-60762,Check,13-Apr-24,,,,,,,,,,,
INV-60531,Check,2-May-24,,,,,,,,,,,
INV-15421,Check,25-Apr-24,,,,,,,,,,,
INV-67632,Check,19-Apr-24,,,,,,,,,,,
INV-68292,ACH Transfer,25-Apr-24,,,,,,,,,,,
INV-19887,Wire Transfer,24-Apr-24,,,,,,,,,,,
INV-15971,ACH Transfer,4-May-24,,,,,,,,,,,
INV-13224,ACH Transfer,23-Apr-24,,,,,,,,,,,
INV-53499,Credit Card,28-Apr-24,,,,,,,,,,,
INV-23951,Credit Card,14-Apr-24,,,,,,,,,,,
INV-63426,Credit Card,10-Apr-24,,,,,,,,,,,
INV-97438,Check,27-Apr-24,,,,,,,,,,,
INV-13252,ACH Transfer,1-May-24,,,,,,,,,,,
INV-66142,Wire Transfer,16-Apr-24,,,,,,,,,,,
INV-41705,Wire Transfer,26-Apr-24,,,,,,,,,,,
INV-53964,Wire Transfer,12-Apr-24,,,,,,,,,,,
INV-60596,Wire Transfer,29-Apr-24,,,,,,,,,,,
INV-86586,ACH Transfer,6-May-24,,,,,,,,,,,
INV-86260,Check,19-Apr-24,,,,,,,,,,,
INV-41433,ACH Transfer,7-Apr-24,,,,,,,,,,,
INV-90343,Credit Card,14-Apr-24,,,,,,,,,,,
INV-98521,ACH Transfer,1-May-24,,,,,,,,,,,
INV-10174,Check,20-Apr-24,,,,,,,,,,,
INV-51534,ACH Transfer,17-Apr-24,,,,,,,,,,,
INV-50551,ACH Transfer,27-Apr-24,,,,,,,,,,,
INV-82488,Wire Transfer,11-Apr-24,,,,,,,,,,,
INV-46289,Check,24-Apr-24,,,,,,,,,,,
INV-77839,Credit Card,6-May-24,,,,,,,,,,,
INV-18481,Credit Card,4-May-24,,,,,,,,,,,
INV-15248,Wire Transfer,6-May-24,,,,,,,,,,,
INV-31901,Wire Transfer,19-Apr-24,,,,,,,,,,,
INV-74675,Wire Transfer,14-Apr-24,,,,,,,,,,,
INV-39195,Credit Card,28-Apr-24,,,,,,,,,,,
INV-64789,Check,6-May-24,,,,,,,,,,,
INV-57724,Check,1-May-24,,,,,,,,,,,
INV-76517,ACH Transfer,10-Apr-24,,,,,,,,,,,
INV-17583,Credit Card,22-Apr-24,,,,,,,,,,,
INV-35723,Wire Transfer,6-May-24,,,,,,,,,,,
INV-10420,Check,2-May-24,,,,,,,,,,,
INV-89891,ACH Transfer,15-Apr-24,,,,,,,,,,,
INV-84945,Check,9-Apr-24,,,,,,,,,,,
INV-69352,Wire Transfer,7-Apr-24,,,,,,,,,,,
INV-69874,Wire Transfer,28-Apr-24,,,,,,,,,,,
INV-95095,Check,15-Apr-24,,,,,,,,,,,
INV-44690,Credit Card,2-May-24,,,,,,,,,,,
INV-42129,Check,24-Apr-24,,,,,,,,,,,
INV-65934,Check,11-Apr-24,,,,,,,,,,,
INV-38240,Wire Transfer,18-Apr-24,,,,,,,,,,,
INV-75994,Credit Card,26-Apr-24,,,,,,,,,,,
INV-40091,ACH Transfer,24-Apr-24,,,,,,,,,,,
INV-75840,Check,8-Apr-24,,,,,,,,,,,
INV-91769,ACH Transfer,1-May-24,,,,,,,,,,,
INV-32299,Credit Card,29-Apr-24,,,,,,,,,,,
INV-86779,Credit Card,16-Apr-24,,,,,,,,,,,
INV-25168,Credit Card,14-Apr-24,,,,,,,,,,,
INV-95546,Wire Transfer,8-Apr-24,,,,,,,,,,,
INV-58411,Credit Card,6-May-24,,,,,,,,,,,
INV-68831,ACH Transfer,10-Apr-24,,,,,,,,,,,
INV-76135,Credit Card,23-Apr-24,,,,,,,,,,,
INV-66434,Check,9-Apr-24,,,,,,,,,,,
INV-47649,Credit Card,8-Apr-24,,,,,,,,,,,
INV-39468,Check,13-Apr-24,,,,,,,,,,,
INV-19750,Check,21-Apr-24,,,,,,,,,,,
INV-37608,Wire Transfer,27-Apr-24,,,,,,,,,,,
INV-38229,Credit Card,9-Apr-24,,,,,,,,,,,
INV-85385,Wire Transfer,30-Apr-24,,,,,,,,,,,
INV-82899,Credit Card,2-May-24,,,,,,,,,,,
INV-79375,Credit Card,13-Apr-24,,,,,,,,,,,
INV-72588,Check,11-Apr-24,,,,,,,,,,,
INV-75948,ACH Transfer,8-Apr-24,,,,,,,,,,,
INV-67147,Wire Transfer,12-Apr-24,,,,,,,,,,,
INV-55067,Credit Card,5-May-24,,,,,,,,,,,
INV-42145,Wire Transfer,2-May-24,,,,,,,,,,,
INV-94565,Check,24-Apr-24,,,,,,,,,,,
INV-32437,Credit Card,3-May-24,,,,,,,,,,,
INV-89429,Credit Card,4-May-24,,,,,,,,,,,
INV-74410,ACH Transfer,4-May-24,,,,,,,,,,,
INV-50376,ACH Transfer,12-Apr-24,,,,,,,,,,,
INV-66398,Check,26-Apr-24,,,,,,,,,,,
INV-86757,ACH Transfer,14-Apr-24,,,,,,,,,,,
INV-14781,Credit Card,30-Apr-24,,,,,,,,,,,
INV-52890,Check,9-Apr-24,,,,,,,,,,,
INV-45489,Credit Card,17-Apr-24,,,,,,,,,,,
INV-58520,Credit Card,3-May-24,,,,,,,,,,,
INV-67684,Credit Card,7-Apr-24,,,,,,,,,,,
INV-14996,Wire Transfer,25-Apr-24,,,,,,,,,,,
INV-81128,Credit Card,11-Apr-24,,,,,,,,,,,
INV-64784,Check,12-Apr-24,,,,,,,,,,,
INV-80449,Wire Transfer,2-May-24,,,,,,,,,,,
INV-34720,Credit Card,29-Apr-24,,,,,,,,,,,
INV-26560,ACH Transfer,19-Apr-24,,,,,,,,,,,
INV-40486,Check,16-Apr-24,,,,,,,,,,,
INV-24193,ACH Transfer,26-Apr-24,,,,,,,,,,,
INV-84997,Check,15-Apr-24,,,,,,,,,,,
INV-94586,Check,4-May-24,,,,,,,,,,,
INV-21087,Check,23-Apr-24,,,,,,,,,,,
INV-75964,Credit Card,28-Apr-24,,,,,,,,,,,
INV-62313,Check,26-Apr-24,,,,,,,,,,,
INV-43635,Credit Card,2-May-24,,,,,,,,,,,
INV-75285,Wire Transfer,29-Apr-24,,,,,,,,,,,
INV-75679,Credit Card,28-Apr-24,,,,,,,,,,,
INV-46975,ACH Transfer,21-Apr-24,,,,,,,,,,,
INV-70272,Wire Transfer,10-Apr-24,,,,,,,,,,,
INV-41144,Wire Transfer,6-May-24,,,,,,,,,,,
INV-67766,Wire Transfer,28-Apr-24,,,,,,,,,,,
INV-17424,Credit Card,8-Apr-24,,,,,,,,,,,
INV-40241,Wire Transfer,2-May-24,,,,,,,,,,,
INV-15621,Credit Card,8-Apr-24,,,,,,,,,,,
INV-51300,Wire Transfer,4-May-24,,,,,,,,,,,
INV-10447,Check,20-Apr-24,,,,,,,,,,,
INV-74954,Credit Card,22-Apr-24,,,,,,,,,,,
INV-87325,Wire Transfer,11-Apr-24,,,,,,,,,,,
INV-95183,Credit Card,28-Apr-24,,,,,,,,,,,
INV-66590,Credit Card,1-May-24,,,,,,,,,,,
INV-87015,ACH Transfer,11-Apr-24,,,,,,,,,,,
INV-89897,ACH Transfer,27-Apr-24,,,,,,,,,,,
INV-93495,Credit Card,25-Apr-24,,,,,,,,,,,
INV-69204,Wire Transfer,24-Apr-24,,,,,,,,,,,
INV-48957,Credit Card,2-May-24,,,,,,,,,,,
INV-40106,Wire Transfer,10-Apr-24,,,,,,,,,,,
INV-73933,Wire Transfer,29-Apr-24,,,,,,,,,,,
INV-85127,Credit Card,4-May-24,,,,,,,,,,,
INV-83855,ACH Transfer,23-Apr-24,,,,,,,,,,,
INV-64400,Wire Transfer,1-May-24,,,,,,,,,,,
INV-42168,Credit Card,4-May-24,,,,,,,,,,,
INV-98208,Credit Card,20-Apr-24,,,,,,,,,,,
INV-32505,Wire Transfer,11-Apr-24,,,,,,,,,,,
INV-33887,ACH Transfer,23-Apr-24,,,,,,,,,,,
INV-38187,Check,25-Apr-24,,,,,,,,,,,
INV-38338,Wire Transfer,30-Apr-24,,,,,,,,,,,
INV-79756,Credit Card,15-Apr-24,,,,,,,,,,,
INV-48050,Credit Card,26-Apr-24,,,,,,,,,,,
INV-19218,Credit Card,15-Apr-24,,,,,,,,,,,
INV-25340,ACH Transfer,15-Apr-24,,,,,,,,,,,
INV-84372,Check,30-Apr-24,,,,,,,,,,,
INV-69937,Check,17-Apr-24,,,,,,,,,,,
INV-11594,Credit Card,30-Apr-24,,,,,,,,,,,
INV-37250,Credit Card,27-Apr-24,,,,,,,,,,,
INV-64002,Check,11-Apr-24,,,,,,,,,,,
INV-73761,Credit Card,19-Apr-24,,,,,,,,,,,
INV-22036,Check,4-May-24,,,,,,,,,,,
INV-95911,Wire Transfer,10-Apr-24,,,,,,,,,,,
INV-78578,Wire Transfer,18-Apr-24,,,,,,,,,,,
INV-98825,Wire Transfer,12-Apr-24,,,,,,,,,,,
INV-64056,Check,7-Apr-24,,,,,,,,,,,
INV-29463,Credit Card,21-Apr-24,,,,,,,,,,,
INV-53014,Credit Card,10-Apr-24,,,,,,,,,,,
INV-10340,Wire Transfer,27-Apr-24,,,,,,,,,,,
INV-98230,ACH Transfer,4-May-24,,,,,,,,,,,
INV-44164,Wire Transfer,13-Apr-24,,,,,,,,,,,
INV-70918,Check,19-Apr-24,,,,,,,,,,,
INV-78393,Check,4-May-24,,,,,,,,,,,
INV-93692,ACH Transfer,6-May-24,,,,,,,,,,,
INV-22563,Check,12-Apr-24,,,,,,,,,,,
INV-44767,ACH Transfer,4-May-24,,,,,,,,,,,
INV-55732,ACH Transfer,10-Apr-24,,,,,,,,,,,
INV-20689,Credit Card,29-Apr-24,,,,,,,,,,,
INV-28115,ACH Transfer,7-Apr-24,,,,,,,,,,,
INV-16870,Credit Card,10-Apr-24,,,,,,,,,,,
INV-73655,Credit Card,5-May-24,,,,,,,,,,,
INV-89636,ACH Transfer,14-Apr-24,,,,,,,,,,,
INV-33394,Credit Card,29-Apr-24,,,,,,,,,,,
INV-72135,ACH Transfer,17-Apr-24,,,,,,,,,,,
INV-86213,ACH Transfer,24-Apr-24,,,,,,,,,,,
INV-71695,Check,5-May-24,,,,,,,,,,,
INV-13476,Check,5-May-24,,,,,,,,,,,
INV-34824,ACH Transfer,14-Apr-24,,,,,,,,,,,
INV-22583,ACH Transfer,14-Apr-24,,,,,,,,,,,
INV-78943,Credit Card,17-Apr-24,,,,,,,,,,,
INV-53154,Wire Transfer,16-Apr-24,,,,,,,,,,,
INV-68871,Credit Card,13-Apr-24,,,,,,,,,,,
INV-38210,Check,21-Apr-24,,,,,,,,,,,
INV-21535,Wire Transfer,17-Apr-24,,,,,,,,,,,
INV-79775,Check,6-May-24,,,,,,,,,,,
INV-94829,ACH Transfer,8-Apr-24,,,,,,,,,,,
INV-66015,Wire Transfer,29-Apr-24,,,,,,,,,,,
INV-94920,ACH Transfer,8-Apr-24,,,,,,,,,,,
INV-54324,ACH Transfer,17-Apr-24,,,,,,,,,,,
INV-24050,Check,2-May-24,,,,,,,,,,,
INV-20344,Credit Card,28-Apr-24,,,,,,,,,,,
INV-50661,ACH Transfer,21-Apr-24,,,,,,,,,,,
INV-76977,Credit Card,1-May-24,,,,,,,,,,,
INV-13260,Credit Card,8-Apr-24,,,,,,,,,,,
INV-83524,Check,16-Apr-24,,,,,,,,,,,
INV-87947,Check,9-Apr-24,,,,,,,,,,,
INV-91923,Credit Card,16-Apr-24,,,,,,,,,,,
INV-10585,Wire Transfer,23-Apr-24,,,,,,,,,,,
INV-11162,Credit Card,11-Apr-24,,,,,,,,,,,
INV-81696,Wire Transfer,14-Apr-24,,,,,,,,,,,
INV-53975,Wire Transfer,30-Apr-24,,,,,,,,,,,
INV-17044,Credit Card,5-May-24,,,,,,,,,,,
INV-26303,ACH Transfer,22-Apr-24,,,,,,,,,,,
INV-64968,Credit Card,23-Apr-24,,,,,,,,,,,
INV-61474,ACH Transfer,20-Apr-24,,,,,,,,,,,
INV-78422,Credit Card,12-Apr-24,,,,,,,,,,,
INV-12581,Credit Card,29-Apr-24,,,,,,,,,,,
INV-60991,Wire Transfer,8-Apr-24,,,,,,,,,,,
INV-34242,ACH Transfer,14-Apr-24,,,,,,,,,,,
INV-35024,Check,30-Apr-24,,,,,,,,,,,
INV-49490,ACH Transfer,1-May-24,,,,,,,,,,,
INV-28982,Check,10-Apr-24,,,,,,,,,,,
INV-48658,Credit Card,17-Apr-24,,,,,,,,,,,
INV-88946,ACH Transfer,8-Apr-24,,,,,,,,,,,
INV-51260,Wire Transfer,21-Apr-24,,,,,,,,,,,
INV-28630,ACH Transfer,25-Apr-24,,,,,,,,,,,
INV-81068,Credit Card,16-Apr-24,,,,,,,,,,,
INV-26565,Check,3-May-24,,,,,,,,,,,
INV-74943,Check,30-Apr-24,,,,,,,,,,,
INV-88002,Check,15-Apr-24,,,,,,,,,,,
INV-34870,ACH Transfer,27-Apr-24,,,,,,,,,,,
INV-50483,Check,20-Apr-24,,,,,,,,,,,
INV-86193,Check,16-Apr-24,,,,,,,,,,,
INV-73235,ACH Transfer,30-Apr-24,,,,,,,,,,,
INV-77452,Check,20-Apr-24,,,,,,,,,,,
INV-50859,ACH Transfer,2-May-24,,,,,,,,,,,
INV-18612,Check,27-Apr-24,,,,,,,,,,,
INV-17198,Credit Card,18-Apr-24,,,,,,,,,,,
INV-25993,ACH Transfer,8-Apr-24,,,,,,,,,,,
INV-87891,Credit Card,10-Apr-24,,,,,,,,,,,
INV-57662,Credit Card,20-Apr-24,,,,,,,,,,,
INV-36300,Credit Card,29-Apr-24,,,,,,,,,,,
INV-82081,Credit Card,25-Apr-24,,,,,,,,,,,
INV-90217,ACH Transfer,19-Apr-24,,,,,,,,,,,
INV-14755,Credit Card,25-Apr-24,,,,,,,,,,,
INV-34177,ACH Transfer,14-Apr-24,,,,,,,,,,,
INV-14584,Credit Card,4-May-24,,,,,,,,,,,
INV-69071,Wire Transfer,18-Apr-24,,,,,,,,,,,
INV-41330,Wire Transfer,8-Apr-24,,,,,,,,,,,
INV-59499,Check,23-Apr-24,,,,,,,,,,,
INV-72367,Credit Card,19-Apr-24,,,,,,,,,,,
INV-73576,Check,19-Apr-24,,,,,,,,,,,
INV-66138,ACH Transfer,17-Apr-24,,,,,,,,,,,
INV-39895,Credit Card,16-Apr-24,,,,,,,,,,,
INV-27002,Wire Transfer,28-Apr-24,,,,,,,,,,,
INV-61377,Credit Card,26-Apr-24,,,,,,,,,,,
INV-26249,Check,10-Apr-24,,,,,,,,,,,
INV-45150,Wire Transfer,27-Apr-24,,,,,,,,,,,
INV-61566,Credit Card,15-Apr-24,,,,,,,,,,,
INV-67698,Wire Transfer,24-Apr-24,,,,,,,,,,,
INV-34509,Credit Card,26-Apr-24,,,,,,,,,,,
INV-48383,Wire Transfer,23-Apr-24,,,,,,,,,,,
INV-23262,Check,13-Apr-24,,,,,,,,,,,
INV-86471,ACH Transfer,19-Apr-24,,,,,,,,,,,
INV-96788,Credit Card,4-May-24,,,,,,,,,,,
INV-49408,Wire Transfer,23-Apr-24,,,,,,,,,,,
INV-95473,Wire Transfer,5-May-24,,,,,,,,,,,
INV-92364,ACH Transfer,14-Apr-24,,,,,,,,,,,
INV-54887,Check,19-Apr-24,,,,,,,,,,,
INV-58408,Wire Transfer,17-Apr-24,,,,,,,,,,,
INV-63367,Credit Card,13-Apr-24,,,,,,,,,,,
INV-45107,Wire Transfer,14-Apr-24,,,,,,,,,,,
INV-24788,ACH Transfer,25-Apr-24,,,,,,,,,,,
INV-50501,Wire Transfer,11-Apr-24,,,,,,,,,,,
INV-87567,Wire Transfer,14-Apr-24,,,,,,,,,,,
INV-76622,Credit Card,14-Apr-24,,,,,,,,,,,
INV-83723,ACH Transfer,5-May-24,,,,,,,,,,,
INV-98623,Check,3-May-24,,,,,,,,,,,
INV-72342,Credit Card,11-Apr-24,,,,,,,,,,,
INV-98215,ACH Transfer,9-Apr-24,,,,,,,,,,,
INV-17369,Credit Card,25-Apr-24,,,,,,,,,,,
INV-61059,Wire Transfer,25-Apr-24,,,,,,,,,,,
INV-30851,Credit Card,23-Apr-24,,,,,,,,,,,
INV-62837,Credit Card,18-Apr-24,,,,,,,,,,,
INV-70434,Check,25-Apr-24,,,,,,,,,,,
INV-15258,Check,5-May-24,,,,,,,,,,,
INV-14296,Credit Card,9-Apr-24,,,,,,,,,,,
INV-51985,ACH Transfer,21-Apr-24,,,,,,,,,,,
INV-84230,Check,12-Apr-24,,,,,,,,,,,
INV-42690,ACH Transfer,28-Apr-24,,,,,,,,,,,
INV-90899,ACH Transfer,12-Apr-24,,,,,,,,,,,
INV-42975,Credit Card,2-May-24,,,,,,,,,,,
INV-61656,ACH Transfer,5-May-24,,,,,,,,,,,
INV-58742,ACH Transfer,28-Apr-24,,,,,,,,,,,
INV-45224,ACH Transfer,30-Apr-24,,,,,,,,,,,
INV-33383,Credit Card,11-Apr-24,,,,,,,,,,,
INV-91140,Wire Transfer,7-Apr-24,,,,,,,,,,,
INV-50000,Check,8-Apr-24,,,,,,,,,,,
INV-30504,Check,12-Apr-24,,,,,,,,,,,
INV-87543,ACH Transfer,20-Apr-24,,,,,,,,,,,
INV-13298,Check,13-Apr-24,,,,,,,,,,,
INV-77638,ACH Transfer,9-Apr-24,,,,,,,,,,,
INV-57406,Check,23-Apr-24,,,,,,,,,,,
INV-42542,ACH Transfer,19-Apr-24,,,,,,,,,,,
INV-36900,Check,26-Apr-24,,,,,,,,,,,
INV-98725,Check,24-Apr-24,,,,,,,,,,,
INV-31474,Wire Transfer,8-Apr-24,,,,,,,,,,,
INV-61520,Check,15-Apr-24,,,,,,,,,,,
INV-41277,Credit Card,17-Apr-24,,,,,,,,,,,
INV-38154,ACH Transfer,26-Apr-24,,,,,,,,,,,
INV-89030,Wire Transfer,2-May-24,,,,,,,,,,,
INV-79672,Check,17-Apr-24,,,,,,,,,,,
INV-72122,ACH Transfer,3-May-24,,,,,,,,,,,
INV-25951,Check,18-Apr-24,,,,,,,,,,,
INV-98324,ACH Transfer,3-May-24,,,,,,,,,,,
INV-20157,ACH Transfer,30-Apr-24,,,,,,,,,,,
INV-36472,Credit Card,8-Apr-24,,,,,,,,,,,
INV-63022,ACH Transfer,9-Apr-24,,,,,,,,,,,
INV-93537,Wire Transfer,12-Apr-24,,,,,,,,,,,
INV-94024,Check,7-Apr-24,,,,,,,,,,,
INV-43510,Credit Card,24-Apr-24,,,,,,,,,,,
INV-10066,Wire Transfer,13-Apr-24,,,,,,,,,,,
INV-68238,Credit Card,2-May-24,,,,,,,,,,,
INV-55871,Check,14-Apr-24,,,,,,,,,,,
INV-26522,ACH Transfer,19-Apr-24,,,,,,,,,,,
INV-87873,Wire Transfer,26-Apr-24,,,,,,,,,,,
INV-89984,ACH Transfer,13-Apr-24,,,,,,,,,,,
INV-54671,Wire Transfer,6-May-24,,,,,,,,,,,
INV-90737,Wire Transfer,12-Apr-24,,,,,,,,,,,
INV-15304,Wire Transfer,10-Apr-24,,,,,,,,,,,
INV-91008,Wire Transfer,13-Apr-24,,,,,,,,,,,
INV-64395,Check,24-Apr-24,,,,,,,,,,,
INV-72992,Wire Transfer,24-Apr-24,,,,,,,,,,,
INV-45790,Wire Transfer,28-Apr-24,,,,,,,,,,,
INV-85761,Wire Transfer,30-Apr-24,,,,,,,,,,,
INV-92369,Check,3-May-24,,,,,,,,,,,
INV-29594,Credit Card,19-Apr-24,,,,,,,,,,,
INV-71001,Credit Card,17-Apr-24,,,,,,,,,,,
INV-22986,Check,20-Apr-24,,,,,,,,,,,
INV-15708,Credit Card,7-Apr-24,,,,,,,,,,,
INV-85720,Check,29-Apr-24,,,,,,,,,,,
INV-12669,ACH Transfer,12-Apr-24,,,,,,,,,,,
INV-63992,Check,9-Apr-24,,,,,,,,,,,
INV-53933,Wire Transfer,13-Apr-24,,,,,,,,,,,
INV-19340,Wire Transfer,29-Apr-24,,,,,,,,,,,
INV-90837,Check,18-Apr-24,,,,,,,,,,,
INV-45736,ACH Transfer,8-Apr-24,,,,,,,,,,,
INV-45634,Check,15-Apr-24,,,,,,,,,,,
INV-84344,Wire Transfer,7-Apr-24,,,,,,,,,,,
INV-93558,Check,20-Apr-24,,,,,,,,,,,
INV-52186,Credit Card,15-Apr-24,,,,,,,,,,,
INV-44636,Wire Transfer,25-Apr-24,,,,,,,,,,,
INV-28898,Check,23-Apr-24,,,,,,,,,,,
INV-12970,Wire Transfer,25-Apr-24,,,,,,,,,,,
INV-32280,Check,1-May-24,,,,,,,,,,,
INV-75438,Wire Transfer,7-Apr-24,,,,,,,,,,,
INV-13441,Check,29-Apr-24,,,,,,,,,,,
INV-88240,Check,16-Apr-24,,,,,,,,,,,
INV-32122,ACH Transfer,10-Apr-24,,,,,,,,,,,
INV-61561,Credit Card,4-May-24,,,,,,,,,,,
INV-70938,Check,25-Apr-24,,,,,,,,,,,
INV-76678,ACH Transfer,25-Apr-24,,,,,,,,,,,
INV-59417,Check,21-Apr-24,,,,,,,,,,,
INV-22768,Wire Transfer,7-Apr-24,,,,,,,,,,,
INV-41710,ACH Transfer,19-Apr-24,,,,,,,,,,,
INV-43591,ACH Transfer,15-Apr-24,,,,,,,,,,,
INV-10145,ACH Transfer,27-Apr-24,,,,,,,,,,,
INV-87764,Check,23-Apr-24,,,,,,,,,,,
INV-98539,ACH Transfer,10-Apr-24,,,,,,,,,,,
INV-82962,Credit Card,12-Apr-24,,,,,,,,,,,
INV-24538,ACH Transfer,8-Apr-24,,,,,,,,,,,
INV-14385,ACH Transfer,18-Apr-24,,,,,,,,,,,
INV-48792,ACH Transfer,10-Apr-24,,,,,,,,,,,
INV-32449,Check,22-Apr-24,,,,,,,,,,,
INV-59356,Check,21-Apr-24,,,,,,,,,,,
INV-24403,Wire Transfer,5-May-24,,,,,,,,,,,
INV-30511,Check,13-Apr-24,,,,,,,,,,,
INV-20756,Check,18-Apr-24,,,,,,,,,,,
INV-78215,ACH Transfer,1-May-24,,,,,,,,,,,
INV-30816,ACH Transfer,21-Apr-24,,,,,,,,,,,
INV-24515,Check,19-Apr-24,,,,,,,,,,,
INV-31623,Credit Card,24-Apr-24,,,,,,,,,,,
INV-32918,Check,14-Apr-24,,,,,,,,,,,
INV-29290,Wire Transfer,5-May-24,,,,,,,,,,,
INV-79304,Credit Card,28-Apr-24,,,,,,,,,,,
INV-86763,Wire Transfer,28-Apr-24,,,,,,,,,,,
INV-52642,Wire Transfer,23-Apr-24,,,,,,,,,,,
INV-71276,Wire Transfer,26-Apr-24,,,,,,,,,,,
INV-67748,ACH Transfer,23-Apr-24,,,,,,,,,,,
INV-86446,Wire Transfer,27-Apr-24,,,,,,,,,,,
INV-73206,Wire Transfer,12-Apr-24,,,,,,,,,,,
INV-67828,Check,26-Apr-24,,,,,,,,,,,
INV-46315,Check,3-May-24,,,,,,,,,,,
INV-71575,Credit Card,11-Apr-24,,,,,,,,,,,
INV-97037,ACH Transfer,28-Apr-24,,,,,,,,,,,
INV-20132,ACH Transfer,11-Apr-24,,,,,,,,,,,
INV-24404,Check,21-Apr-24,,,,,,,,,,,
INV-93693,Credit Card,11-Apr-24,,,,,,,,,,,
INV-39939,Check,25-Apr-24,,,,,,,,,,,
INV-55428,Check,28-Apr-24,,,,,,,,,,,
INV-33175,Credit Card,8-Apr-24,,,,,,,,,,,
INV-81318,Credit Card,24-Apr-24,,,,,,,,,,,
INV-70840,ACH Transfer,20-Apr-24,,,,,,,,,,,
INV-48460,Credit Card,30-Apr-24,,,,,,,,,,,
INV-18480,ACH Transfer,30-Apr-24,,,,,,,,,,,
INV-29706,Check,6-May-24,,,,,,,,,,,
INV-40424,Credit Card,16-Apr-24,,,,,,,,,,,
INV-18507,Check,17-Apr-24,,,,,,,,,,,
INV-65048,Check,5-May-24,,,,,,,,,,,
INV-42855,Wire Transfer,21-Apr-24,,,,,,,,,,,
INV-27604,Wire Transfer,5-May-24,,,,,,,,,,,
INV-81252,Check,11-Apr-24,,,,,,,,,,,
INV-77845,Check,19-Apr-24,,,,,,,,,,,
INV-69406,Wire Transfer,21-Apr-24,,,,,,,,,,,
INV-25147,Check,26-Apr-24,,,,,,,,,,,
INV-48942,ACH Transfer,8-Apr-24,,,,,,,,,,,
INV-16376,Check,5-May-24,,,,,,,,,,,
INV-23922,ACH Transfer,20-Apr-24,,,,,,,,,,,
INV-46200,Check,22-Apr-24,,,,,,,,,,,
INV-80343,Wire Transfer,6-May-24,,,,,,,,,,,
INV-88405,ACH Transfer,21-Apr-24,,,,,,,,,,,
INV-44759,Check,6-May-24,,,,,,,,,,,
INV-87840,Check,9-Apr-24,,,,,,,,,,,
INV-88679,ACH Transfer,24-Apr-24,,,,,,,,,,,
INV-76882,Credit Card,11-Apr-24,,,,,,,,,,,
INV-93705,ACH Transfer,4-May-24,,,,,,,,,,,
INV-28404,ACH Transfer,4-May-24,,,,,,,,,,,
INV-88976,Credit Card,18-Apr-24,,,,,,,,,,,
INV-51071,Wire Transfer,8-Apr-24,,,,,,,,,,,
INV-24163,Wire Transfer,15-Apr-24,,,,,,,,,,,
INV-52578,ACH Transfer,11-Apr-24,,,,,,,,,,,
INV-81209,Check,1-May-24,,,,,,,,,,,
INV-55182,Wire Transfer,4-May-24,,,,,,,,,,,
INV-53634,Wire Transfer,4-May-24,,,,,,,,,,,
INV-86675,Check,19-Apr-24,,,,,,,,,,,
INV-19640,Credit Card,12-Apr-24,,,,,,,,,,,
INV-73470,Credit Card,24-Apr-24,,,,,,,,,,,
INV-61721,Wire Transfer,2-May-24,,,,,,,,,,,
INV-56299,Check,6-May-24,,,,,,,,,,,
INV-95423,Credit Card,10-Apr-24,,,,,,,,,,,
INV-41396,Check,17-Apr-24,,,,,,,,,,,
INV-64269,Credit Card,15-Apr-24,,,,,,,,,,,
INV-41698,Wire Transfer,4-May-24,,,,,,,,,,,
INV-63361,Wire Transfer,28-Apr-24,,,,,,,,,,,
INV-92931,Credit Card,3-May-24,,,,,,,,,,,
INV-12864,ACH Transfer,28-Apr-24,,,,,,,,,,,
INV-80091,Wire Transfer,26-Apr-24,,,,,,,,,,,
INV-55787,Credit Card,7-Apr-24,,,,,,,,,,,
INV-61093,Wire Transfer,15-Apr-24,,,,,,,,,,,
INV-88610,ACH Transfer,21-Apr-24,,,,,,,,,,,
INV-26982,Check,3-May-24,,,,,,,,,,,
INV-41017,Check,30-Apr-24,,,,,,,,,,,
INV-30288,ACH Transfer,23-Apr-24,,,,,,,,,,,
INV-96211,ACH Transfer,22-Apr-24,,,,,,,,,,,
INV-20570,ACH Transfer,17-Apr-24,,,,,,,,,,,
INV-47120,ACH Transfer,24-Apr-24,,,,,,,,,,,
INV-65833,ACH Transfer,1-May-24,,,,,,,,,,,
INV-66196,Wire Transfer,11-Apr-24,,,,,,,,,,,
INV-32371,Check,13-Apr-24,,,,,,,,,,,
INV-22790,ACH Transfer,13-Apr-24,,,,,,,,,,,
INV-67352,Wire Transfer,29-Apr-24,,,,,,,,,,,
INV-37515,ACH Transfer,16-Apr-24,,,,,,,,,,,
INV-79311,ACH Transfer,2-May-24,,,,,,,,,,,
INV-17184,Credit Card,22-Apr-24,,,,,,,,,,,
INV-56294,ACH Transfer,20-Apr-24,,,,,,,,,,,
INV-37550,Wire Transfer,14-Apr-24,,,,,,,,,,,
INV-49357,Wire Transfer,17-Apr-24,,,,,,,,,,,
INV-62543,ACH Transfer,22-Apr-24,,,,,,,,,,,
INV-39152,Credit Card,17-Apr-24,,,,,,,,,,,
INV-72371,Check,7-Apr-24,,,,,,,,,,,
INV-88828,Check,26-Apr-24,,,,,,,,,,,
INV-92209,Wire Transfer,28-Apr-24,,,,,,,,,,,
INV-73747,Check,1-May-24,,,,,,,,,,,
INV-53267,Check,15-Apr-24,,,,,,,,,,,
INV-80348,ACH Transfer,9-Apr-24,,,,,,,,,,,
INV-71080,Credit Card,16-Apr-24,,,,,,,,,,,
INV-15878,Check,3-May-24,,,,,,,,,,,
INV-54487,ACH Transfer,5-May-24,,,,,,,,,,,
INV-10399,ACH Transfer,30-Apr-24,,,,,,,,,,,
INV-15604,Check,6-May-24,,,,,,,,,,,
INV-57205,Check,25-Apr-24,,,,,,,,,,,
INV-55505,Credit Card,6-May-24,,,,,,,,,,,
INV-37353,Credit Card,16-Apr-24,,,,,,,,,,,
INV-34513,Check,29-Apr-24,,,,,,,,,,,
INV-27109,Check,17-Apr-24,,,,,,,,,,,
INV-11512,Wire Transfer,7-Apr-24,,,,,,,,,,,
INV-95958,Credit Card,28-Apr-24,,,,,,,,,,,
INV-54533,Wire Transfer,6-May-24,,,,,,,,,,,
INV-61658,ACH Transfer,13-Apr-24,,,,,,,,,,,
INV-73745,Wire Transfer,24-Apr-24,,,,,,,,,,,
INV-48279,ACH Transfer,11-Apr-24,,,,,,,,,,,
INV-94309,ACH Transfer,2-May-24,,,,,,,,,,,
INV-94685,Credit Card,2-May-24,,,,,,,,,,,
INV-65873,Wire Transfer,13-Apr-24,,,,,,,,,,,
INV-93479,ACH Transfer,7-Apr-24,,,,,,,,,,,
INV-91198,Check,7-Apr-24,,,,,,,,,,,
INV-45081,Wire Transfer,7-Apr-24,,,,,,,,,,,
INV-17991,ACH Transfer,26-Apr-24,,,,,,,,,,,
INV-37708,Wire Transfer,9-Apr-24,,,,,,,,,,,
INV-13093,Check,21-Apr-24,,,,,,,,,,,
INV-21188,ACH Transfer,14-Apr-24,,,,,,,,,,,
INV-14196,Check,1-May-24,,,,,,,,,,,
INV-90804,ACH Transfer,11-Apr-24,,,,,,,,,,,
INV-83701,Wire Transfer,15-Apr-24,,,,,,,,,,,
INV-31678,Check,2-May-24,,,,,,,,,,,
INV-72792,Credit Card,5-May-24,,,,,,,,,,,
INV-29834,Credit Card,4-May-24,,,,,,,,,,,
INV-19271,Wire Transfer,24-Apr-24,,,,,,,,,,,
INV-26857,Wire Transfer,5-May-24,,,,,,,,,,,
INV-39735,Check,1-May-24,,,,,,,,,,,
INV-13200,Credit Card,8-Apr-24,,,,,,,,,,,
INV-24016,ACH Transfer,5-May-24,,,,,,,,,,,
INV-72882,ACH Transfer,4-May-24,,,,,,,,,,,
INV-18642,Credit Card,1-May-24,,,,,,,,,,,
INV-13803,Check,22-Apr-24,,,,,,,,,,,
INV-10408,Check,24-Apr-24,,,,,,,,,,,
INV-23904,Check,27-Apr-24,,,,,,,,,,,
INV-79655,Check,2-May-24,,,,,,,,,,,
INV-36101,Wire Transfer,17-Apr-24,,,,,,,,,,,
INV-19368,ACH Transfer,9-Apr-24,,,,,,,,,,,
INV-11406,Credit Card,13-Apr-24,,,,,,,,,,,
INV-46581,Credit Card,29-Apr-24,,,,,,,,,,,
INV-72934,Wire Transfer,26-Apr-24,,,,,,,,,,,
INV-94215,Check,3-May-24,,,,,,,,,,,
INV-52402,Credit Card,11-Apr-24,,,,,,,,,,,
INV-51127,ACH Transfer,18-Apr-24,,,,,,,,,,,
INV-67349,Credit Card,5-May-24,,,,,,,,,,,
INV-15631,ACH Transfer,14-Apr-24,,,,,,,,,,,
INV-38716,Credit Card,22-Apr-24,,,,,,,,,,,
INV-63925,Credit Card,4-May-24,,,,,,,,,,,
INV-35913,ACH Transfer,26-Apr-24,,,,,,,,,,,
INV-51970,ACH Transfer,24-Apr-24,,,,,,,,,,,
INV-85252,ACH Transfer,29-Apr-24,,,,,,,,,,,
INV-29651,Credit Card,19-Apr-24,,,,,,,,,,,
INV-92024,Credit Card,17-Apr-24,,,,,,,,,,,
INV-43450,Check,1-May-24,,,,,,,,,,,
INV-58557,ACH Transfer,27-Apr-24,,,,,,,,,,,
INV-14231,Credit Card,23-Apr-24,,,,,,,,,,,
INV-91797,Wire Transfer,30-Apr-24,,,,,,,,,,,
INV-95342,Wire Transfer,10-Apr-24,,,,,,,,,,,
INV-58053,Credit Card,14-Apr-24,,,,,,,,,,,
INV-73733,Check,29-Apr-24,,,,,,,,,,,
INV-37840,Check,30-Apr-24,,,,,,,,,,,
INV-38114,ACH Transfer,7-Apr-24,,,,,,,,,,,
INV-16104,ACH Transfer,9-Apr-24,,,,,,,,,,,
INV-67681,Credit Card,12-Apr-24,,,,,,,,,,,
INV-36598,Wire Transfer,8-Apr-24,,,,,,,,,,,
INV-99709,ACH Transfer,4-May-24,,,,,,,,,,,
INV-58652,Wire Transfer,25-Apr-24,,,,,,,,,,,
INV-13508,ACH Transfer,30-Apr-24,,,,,,,,,,,
INV-45308,ACH Transfer,19-Apr-24,,,,,,,,,,,
INV-78292,Check,4-May-24,,,,,,,,,,,
INV-95569,Credit Card,22-Apr-24,,,,,,,,,,,
INV-21761,Credit Card,19-Apr-24,,,,,,,,,,,
INV-75356,Check,13-Apr-24,,,,,,,,,,,
INV-25197,Wire Transfer,5-May-24,,,,,,,,,,,
INV-98358,Check,12-Apr-24,,,,,,,,,,,
INV-35634,Wire Transfer,26-Apr-24,,,,,,,,,,,
INV-44298,ACH Transfer,10-Apr-24,,,,,,,,,,,
INV-99095,ACH Transfer,29-Apr-24,,,,,,,,,,,
INV-25963,Check,24-Apr-24,,,,,,,,,,,
INV-47828,Credit Card,21-Apr-24,,,,,,,,,,,
INV-24433,Credit Card,29-Apr-24,,,,,,,,,,,
INV-48504,Check,9-Apr-24,,,,,,,,,,,
INV-48298,ACH Transfer,5-May-24,,,,,,,,,,,
INV-54758,Check,1-May-24,,,,,,,,,,,
INV-20525,Check,6-May-24,,,,,,,,,,,
INV-78884,ACH Transfer,21-Apr-24,,,,,,,,,,,
INV-12925,ACH Transfer,29-Apr-24,,,,,,,,,,,
INV-52499,Credit Card,4-May-24,,,,,,,,,,,
INV-45073,Wire Transfer,24-Apr-24,,,,,,,,,,,
INV-43068,Wire Transfer,4-May-24,,,,,,,,,,,
INV-97394,Check,23-Apr-24,,,,,,,,,,,
INV-64182,ACH Transfer,17-Apr-24,,,,,,,,,,,
INV-49691,Check,26-Apr-24,,,,,,,,,,,
INV-59391,ACH Transfer,10-Apr-24,,,,,,,,,,,
INV-83576,Check,17-Apr-24,,,,,,,,,,,
INV-35363,Check,25-Apr-24,,,,,,,,,,,
INV-48120,Check,13-Apr-24,,,,,,,,,,,
INV-89590,Check,30-Apr-24,,,,,,,,,,,
INV-34833,Wire Transfer,24-Apr-24,,,,,,,,,,,
INV-32521,ACH Transfer,3-May-24,,,,,,,,,,,
INV-56828,Wire Transfer,5-May-24,,,,,,,,,,,
INV-45088,ACH Transfer,15-Apr-24,,,,,,,,,,,
INV-23542,Credit Card,11-Apr-24,,,,,,,,,,,
INV-78569,ACH Transfer,5-May-24,,,,,,,,,,,
INV-33359,Check,14-Apr-24,,,,,,,,,,,
INV-71796,Credit Card,2-May-24,,,,,,,,,,,
INV-47058,Check,22-Apr-24,,,,,,,,,,,
INV-37895,ACH Transfer,9-Apr-24,,,,,,,,,,,
INV-93464,ACH Transfer,15-Apr-24,,,,,,,,,,,
INV-19123,Check,22-Apr-24,,,,,,,,,,,
INV-79173,ACH Transfer,19-Apr-24,,,,,,,,,,,
INV-65318,Wire Transfer,6-May-24,,,,,,,,,,,
INV-82572,ACH Transfer,5-May-24,,,,,,,,,,,
INV-39014,ACH Transfer,25-Apr-24,,,,,,,,,,,
INV-90605,Check,22-Apr-24,,,,,,,,,,,
INV-27991,ACH Transfer,12-Apr-24,,,,,,,,,,,
INV-82689,Check,12-Apr-24,,,,,,,,,,,
INV-97297,Check,7-Apr-24,,,,,,,,,,,
INV-75372,Wire Transfer,9-Apr-24,,,,,,,,,,,
INV-24732,Credit Card,6-May-24,,,,,,,,,,,
INV-52405,ACH Transfer,11-Apr-24,,,,,,,,,,,
INV-54401,ACH Transfer,19-Apr-24,,,,,,,,,,,
INV-66722,Credit Card,2-May-24,,,,,,,,,,,
INV-34153,Check,22-Apr-24,,,,,,,,,,,
INV-49595,Check,4-May-24,,,,,,,,,,,
INV-88299,Check,15-Apr-24,,,,,,,,,,,
INV-99006,Credit Card,29-Apr-24,,,,,,,,,,,
INV-28405,Credit Card,8-Apr-24,,,,,,,,,,,
INV-99838,Check,15-Apr-24,,,,,,,,,,,
INV-41330,Wire Transfer,19-Apr-24,,,,,,,,,,,
INV-70554,Check,9-Apr-24,,,,,,,,,,,
INV-80611,Wire Transfer,22-Apr-24,,,,,,,,,,,
INV-34292,Wire Transfer,27-Apr-24,,,,,,,,,,,
INV-64624,Wire Transfer,17-Apr-24,,,,,,,,,,,
INV-78961,Wire Transfer,4-May-24,,,,,,,,,,,
INV-28064,ACH Transfer,19-Apr-24,,,,,,,,,,,
INV-51300,Check,6-May-24,,,,,,,,,,,
INV-82523,Check,2-May-24,,,,,,,,,,,
INV-48716,Wire Transfer,6-May-24,,,,,,,,,,,
INV-45053,Wire Transfer,3-May-24,,,,,,,,,,,
INV-52615,Credit Card,5-May-24,,,,,,,,,,,
INV-33323,Credit Card,3-May-24,,,,,,,,,,,
INV-84034,ACH Transfer,27-Apr-24,,,,,,,,,,,
INV-94869,Credit Card,9-Apr-24,,,,,,,,,,,
INV-95612,Credit Card,12-Apr-24,,,,,,,,,,,
INV-14263,Check,29-Apr-24,,,,,,,,,,,
INV-40301,Check,3-May-24,,,,,,,,,,,
INV-57505,Credit Card,26-Apr-24,,,,,,,,,,,
INV-79644,Check,18-Apr-24,,,,,,,,,,,
INV-22140,Credit Card,29-Apr-24,,,,,,,,,,,
INV-74366,Credit Card,30-Apr-24,,,,,,,,,,,
INV-76132,Credit Card,7-Apr-24,,,,,,,,,,,
INV-90479,ACH Transfer,24-Apr-24,,,,,,,,,,,
INV-34728,Wire Transfer,1-May-24,,,,,,,,,,,
INV-25726,Wire Transfer,12-Apr-24,,,,,,,,,,,
INV-92997,Credit Card,2-May-24,,,,,,,,,,,
INV-67830,Wire Transfer,13-Apr-24,,,,,,,,,,,
INV-24142,Credit Card,10-Apr-24,,,,,,,,,,,
INV-76987,Wire Transfer,17-Apr-24,,,,,,,,,,,
INV-96294,Credit Card,23-Apr-24,,,,,,,,,,,
INV-63540,Credit Card,14-Apr-24,,,,,,,,,,,
INV-49615,ACH Transfer,15-Apr-24,,,,,,,,,,,
INV-62152,ACH Transfer,19-Apr-24,,,,,,,,,,,
INV-95997,Check,6-May-24,,,,,,,,,,,
INV-39786,Wire Transfer,10-Apr-24,,,,,,,,,,,
INV-54341,ACH Transfer,25-Apr-24,,,,,,,,,,,
INV-12640,Check,10-Apr-24,,,,,,,,,,,
INV-73764,Check,6-May-24,,,,,,,,,,,
INV-50673,Check,2-May-24,,,,,,,,,,,
INV-52683,Credit Card,5-May-24,,,,,,,,,,,
INV-29410,Check,10-Apr-24,,,,,,,,,,,
INV-95038,Wire Transfer,1-May-24,,,,,,,,,,,
INV-18978,Check,7-Apr-24,,,,,,,,,,,
INV-37933,Wire Transfer,14-Apr-24,,,,,,,,,,,
INV-27941,Check,19-Apr-24,,,,,,,,,,,
INV-63420,Check,22-Apr-24,,,,,,,,,,,
INV-56960,Wire Transfer,26-Apr-24,,,,,,,,,,,
INV-35686,Check,2-May-24,,,,,,,,,,,
INV-97052,ACH Transfer,21-Apr-24,,,,,,,,,,,
INV-45369,Wire Transfer,29-Apr-24,,,,,,,,,,,
INV-57903,Check,1-May-24,,,,,,,,,,,
INV-37252,Check,10-Apr-24,,,,,,,,,,,
INV-20828,ACH Transfer,4-May-24,,,,,,,,,,,
INV-49610,Credit Card,11-Apr-24,,,,,,,,,,,
INV-76356,Wire Transfer,26-Apr-24,,,,,,,,,,,
INV-62474,Wire Transfer,22-Apr-24,,,,,,,,,,,
INV-99015,Credit Card,18-Apr-24,,,,,,,,,,,
INV-90469,Check,23-Apr-24,,,,,,,,,,,
INV-51797,Wire Transfer,22-Apr-24,,,,,,,,,,,
INV-81215,ACH Transfer,10-Apr-24,,,,,,,,,,,
INV-20535,Credit Card,6-May-24,,,,,,,,,,,
INV-63780,Credit Card,10-Apr-24,,,,,,,,,,,
INV-76489,ACH Transfer,21-Apr-24,,,,,,,,,,,
INV-54547,Wire Transfer,5-May-24,,,,,,,,,,,
INV-68796,Check,16-Apr-24,,,,,,,,,,,
INV-18328,Wire Transfer,5-May-24,,,,,,,,,,,
INV-20453,Credit Card,19-Apr-24,,,,,,,,,,,
INV-80116,Check,24-Apr-24,,,,,,,,,,,
INV-75783,Wire Transfer,13-Apr-24,,,,,,,,,,,
INV-51043,ACH Transfer,1-May-24,,,,,,,,,,,
INV-36557,Credit Card,7-Apr-24,,,,,,,,,,,
INV-10185,ACH Transfer,23-Apr-24,,,,,,,,,,,
INV-48004,ACH Transfer,14-Apr-24,,,,,,,,,,,
INV-19465,ACH Transfer,6-May-24,,,,,,,,,,,
INV-86573,Check,23-Apr-24,,,,,,,,,,,
INV-22239,ACH Transfer,12-Apr-24,,,,,,,,,,,
INV-97083,Wire Transfer,20-Apr-24,,,,,,,,,,,
INV-21458,Wire Transfer,16-Apr-24,,,,,,,,,,,
INV-41345,Check,19-Apr-24,,,,,,,,,,,
INV-55092,ACH Transfer,2-May-24,,,,,,,,,,,
INV-65685,Credit Card,17-Apr-24,,,,,,,,,,,
INV-77808,Check,17-Apr-24,,,,,,,,,,,
INV-33103,ACH Transfer,13-Apr-24,,,,,,,,,,,
INV-10400,Credit Card,9-Apr-24,,,,,,,,,,,
INV-87158,ACH Transfer,29-Apr-24,,,,,,,,,,,
INV-26613,Wire Transfer,11-Apr-24,,,,,,,,,,,
INV-78971,ACH Transfer,30-Apr-24,,,,,,,,,,,
INV-65058,Check,22-Apr-24,,,,,,,,,,,
INV-26197,Check,27-Apr-24,,,,,,,,,,,
INV-87945,Wire Transfer,13-Apr-24,,,,,,,,,,,
INV-38227,Check,30-Apr-24,,,,,,,,,,,
INV-54963,Check,10-Apr-24,,,,,,,,,,,
INV-60676,ACH Transfer,10-Apr-24,,,,,,,,,,,
INV-67961,Credit Card,16-Apr-24,,,,,,,,,,,
INV-66229,Check,12-Apr-24,,,,,,,,,,,
INV-10553,Check,8-Apr-24,,,,,,,,,,,
INV-75262,Check,20-Apr-24,,,,,,,,,,,
INV-19283,Wire Transfer,1-May-24,,,,,,,,,,,
INV-26469,Credit Card,25-Apr-24,,,,,,,,,,,
INV-69545,Credit Card,15-Apr-24,,,,,,,,,,,
INV-69371,Check,14-Apr-24,,,,,,,,,,,
INV-74252,Credit Card,4-May-24,,,,,,,,,,,
INV-17189,ACH Transfer,11-Apr-24,,,,,,,,,,,
INV-87968,Check,25-Apr-24,,,,,,,,,,,
INV-37763,Check,27-Apr-24,,,,,,,,,,,
INV-50689,Wire Transfer,19-Apr-24,,,,,,,,,,,
INV-99589,Credit Card,26-Apr-24,,,,,,,,,,,
INV-29319,Wire Transfer,21-Apr-24,,,,,,,,,,,
INV-18010,Check,13-Apr-24,,,,,,,,,,,
INV-60973,ACH Transfer,27-Apr-24,,,,,,,,,,,
INV-67313,Credit Card,4-May-24,,,,,,,,,,,
INV-94349,Check,23-Apr-24,,,,,,,,,,,
INV-96254,Credit Card,27-Apr-24,,,,,,,,,,,
INV-38450,Wire Transfer,15-Apr-24,,,,,,,,,,,
INV-70465,Check,26-Apr-24,,,,,,,,,,,
INV-56925,Wire Transfer,3-May-24,,,,,,,,,,,
INV-80994,Credit Card,15-Apr-24,,,,,,,,,,,
INV-35137,ACH Transfer,3-May-24,,,,,,,,,,,
INV-99042,ACH Transfer,29-Apr-24,,,,,,,,,,,
INV-88566,ACH Transfer,17-Apr-24,,,,,,,,,,,
INV-58685,ACH Transfer,16-Apr-24,,,,,,,,,,,
INV-45516,Check,18-Apr-24,,,,,,,,,,,
INV-77195,Credit Card,6-May-24,,,,,,,,,,,
INV-39244,Wire Transfer,5-May-24,,,,,,,,,,,
INV-38489,Wire Transfer,10-Apr-24,,,,,,,,,,,
INV-71715,Check,24-Apr-24,,,,,,,,,,,
INV-84459,ACH Transfer,20-Apr-24,,,,,,,,,,,
INV-99314,Wire Transfer,2-May-24,,,,,,,,,,,
INV-86712,Wire Transfer,10-Apr-24,,,,,,,,,,,
INV-49270,Wire Transfer,6-May-24,,,,,,,,,,,
INV-62598,Credit Card,17-Apr-24,,,,,,,,,,,
INV-44770,ACH Transfer,23-Apr-24,,,,,,,,,,,
INV-99481,Credit Card,10-Apr-24,,,,,,,,,,,
INV-82759,Wire Transfer,3-May-24,,,,,,,,,,,
INV-48865,ACH Transfer,28-Apr-24,,,,,,,,,,,
INV-27934,Check,12-Apr-24,,,,,,,,,,,
INV-32496,Check,16-Apr-24,,,,,,,,,,,
INV-87278,Check,13-Apr-24,,,,,,,,,,,
INV-37696,Wire Transfer,28-Apr-24,,,,,,,,,,,
INV-75342,Check,30-Apr-24,,,,,,,,,,,
INV-51342,Credit Card,10-Apr-24,,,,,,,,,,,
INV-76894,Credit Card,2-May-24,,,,,,,,,,,
INV-70220,Wire Transfer,25-Apr-24,,,,,,,,,,,
INV-59026,Check,17-Apr-24,,,,,,,,,,,
INV-52650,Credit Card,16-Apr-24,,,,,,,,,,,
INV-23803,Credit Card,5-May-24,,,,,,,,,,,
INV-85694,Wire Transfer,16-Apr-24,,,,,,,,,,,
INV-41658,Check,24-Apr-24,,,,,,,,,,,
INV-84086,Check,30-Apr-24,,,,,,,,,,,
INV-28821,Check,7-Apr-24,,,,,,,,,,,
INV-29988,Credit Card,3-May-24,,,,,,,,,,,
INV-50406,Wire Transfer,1-May-24,,,,,,,,,,,
INV-99220,Check,25-Apr-24,,,,,,,,,,,
INV-76465,Wire Transfer,29-Apr-24,,,,,,,,,,,
INV-66230,Wire Transfer,9-Apr-24,,,,,,,,,,,
INV-16770,Check,7-Apr-24,,,,,,,,,,,
INV-24261,Credit Card,24-Apr-24,,,,,,,,,,,
INV-56027,Credit Card,6-May-24,,,,,,,,,,,
INV-49954,ACH Transfer,15-Apr-24,,,,,,,,,,,
INV-19917,ACH Transfer,25-Apr-24,,,,,,,,,,,
INV-98845,ACH Transfer,4-May-24,,,,,,,,,,,
INV-49525,Check,26-Apr-24,,,,,,,,,,,
INV-38744,Credit Card,18-Apr-24,,,,,,,,,,,
INV-98459,Credit Card,16-Apr-24,,,,,,,,,,,
INV-29335,Credit Card,17-Apr-24,,,,,,,,,,,
INV-40149,Wire Transfer,21-Apr-24,,,,,,,,,,,
INV-50678,Check,15-Apr-24,,,,,,,,,,,
INV-63757,Credit Card,30-Apr-24,,,,,,,,,,,
INV-10507,Check,26-Apr-24,,,,,,,,,,,
INV-78711,Check,4-May-24,,,,,,,,,,,
INV-24288,Credit Card,3-May-24,,,,,,,,,,,
INV-89681,Check,22-Apr-24,,,,,,,,,,,
INV-36163,ACH Transfer,1-May-24,,,,,,,,,,,
INV-93298,Wire Transfer,2-May-24,,,,,,,,,,,
INV-61741,ACH Transfer,12-Apr-24,,,,,,,,,,,
INV-32108,ACH Transfer,13-Apr-24,,,,,,,,,,,
INV-92894,Credit Card,17-Apr-24,,,,,,,,,,,
INV-76370,Credit Card,30-Apr-24,,,,,,,,,,,
INV-50063,Credit Card,15-Apr-24,,,,,,,,,,,
INV-17896,Credit Card,5-May-24,,,,,,,,,,,
INV-46752,Credit Card,3-May-24,,,,,,,,,,,
INV-65628,ACH Transfer,15-Apr-24,,,,,,,,,,,
INV-54466,Wire Transfer,11-Apr-24,,,,,,,,,,,
INV-28288,Credit Card,9-Apr-24,,,,,,,,,,,
INV-42921,Wire Transfer,22-Apr-24,,,,,,,,,,,
INV-38136,ACH Transfer,9-Apr-24,,,,,,,,,,,
INV-89907,Check,19-Apr-24,,,,,,,,,,,
INV-70335,Wire Transfer,21-Apr-24,,,,,,,,,,,
INV-87324,Check,23-Apr-24,,,,,,,,,,,
INV-35709,Wire Transfer,5-May-24,,,,,,,,,,,
INV-13754,ACH Transfer,17-Apr-24,,,,,,,,,,,
INV-32789,ACH Transfer,24-Apr-24,,,,,,,,,,,
INV-60789,ACH Transfer,2-May-24,,,,,,,,,,,
INV-95985,Wire Transfer,24-Apr-24,,,,,,,,,,,
INV-66443,Credit Card,5-May-24,,,,,,,,,,,
INV-66277,Credit Card,5-May-24,,,,,,,,,,,
INV-56582,Wire Transfer,30-Apr-24,,,,,,,,,,,
INV-81044,ACH Transfer,29-Apr-24,,,,,,,,,,,
INV-62463,Wire Transfer,22-Apr-24,,,,,,,,,,,
INV-77841,Credit Card,21-Apr-24,,,,,,,,,,,
INV-49359,ACH Transfer,10-Apr-24,,,,,,,,,,,
INV-28846,Credit Card,16-Apr-24,,,,,,,,,,,
INV-43039,Wire Transfer,11-Apr-24,,,,,,,,,,,
INV-49141,Credit Card,12-Apr-24,,,,,,,,,,,
INV-59934,Check,19-Apr-24,,,,,,,,,,,
INV-43857,ACH Transfer,26-Apr-24,,,,,,,,,,,
INV-69410,Credit Card,17-Apr-24,,,,,,,,,,,
INV-84544,Check,18-Apr-24,,,,,,,,,,,
INV-51084,ACH Transfer,22-Apr-24,,,,,,,,,,,
INV-97430,ACH Transfer,17-Apr-24,,,,,,,,,,,
INV-50968,Credit Card,16-Apr-24,,,,,,,,,,,
INV-77788,Credit Card,4-May-24,,,,,,,,,,,
INV-66602,Check,28-Apr-24,,,,,,,,,,,
INV-47859,Wire Transfer,27-Apr-24,,,,,,,,,,,
INV-53541,Check,5-May-24,,,,,,,,,,,
INV-15484,Check,21-Apr-24,,,,,,,,,,,
INV-62133,Wire Transfer,6-May-24,,,,,,,,,,,
INV-21672,Check,10-Apr-24,,,,,,,,,,,
INV-44083,ACH Transfer,25-Apr-24,,,,,,,,,,,
INV-28019,Check,7-Apr-24,,,,,,,,,,,
INV-94195,Credit Card,16-Apr-24,,,,,,,,,,,
INV-86759,Check,26-Apr-24,,,,,,,,,,,
INV-26732,Wire Transfer,24-Apr-24,,,,,,,,,,,
INV-81636,Check,4-May-24,,,,,,,,,,,
INV-38735,Wire Transfer,9-Apr-24,,,,,,,,,,,
INV-26198,Check,17-Apr-24,,,,,,,,,,,
INV-78229,ACH Transfer,18-Apr-24,,,,,,,,,,,
INV-88160,Check,22-Apr-24,,,,,,,,,,,
INV-20161,Wire Transfer,15-Apr-24,,,,,,,,,,,
INV-14032,Credit Card,13-Apr-24,,,,,,,,,,,
INV-43429,Credit Card,2-May-24,,,,,,,,,,,
INV-10641,Credit Card,7-Apr-24,,,,,,,,,,,
INV-35651,Check,9-Apr-24,,,,,,,,,,,
INV-37996,Check,4-May-24,,,,,,,,,,,
INV-24358,Check,29-Apr-24,,,,,,,,,,,
INV-61589,Check,22-Apr-24,,,,,,,,,,,
INV-92360,Wire Transfer,16-Apr-24,,,,,,,,,,,
INV-38754,Credit Card,20-Apr-24,,,,,,,,,,,
INV-93773,Wire Transfer,6-May-24,,,,,,,,,,,
INV-97545,ACH Transfer,5-May-24,,,,,,,,,,,
INV-75008,ACH Transfer,10-Apr-24,,,,,,,,,,,
INV-87411,Check,3-May-24,,,,,,,,,,,
INV-16069,Wire Transfer,11-Apr-24,,,,,,,,,,,
INV-43475,Credit Card,4-May-24,,,,,,,,,,,
INV-18489,Credit Card,15-Apr-24,,,,,,,,,,,
INV-60042,Wire Transfer,24-Apr-24,,,,,,,,,,,
INV-33283,ACH Transfer,13-Apr-24,,,,,,,,,,,
INV-60958,ACH Transfer,15-Apr-24,,,,,,,,,,,
INV-11045,Credit Card,10-Apr-24,,,,,,,,,,,
INV-64729,Check,1-May-24,,,,,,,,,,,
INV-38266,Credit Card,13-Apr-24,,,,,,,,,,,
INV-35515,Wire Transfer,6-May-24,,,,,,,,,,,
INV-11079,Wire Transfer,9-Apr-24,,,,,,,,,,,
INV-95336,Wire Transfer,12-Apr-24,,,,,,,,,,,
INV-25955,Wire Transfer,21-Apr-24,,,,,,,,,,,
INV-14591,Credit Card,16-Apr-24,,,,,,,,,,,
INV-94862,Check,22-Apr-24,,,,,,,,,,,
INV-57842,ACH Transfer,10-Apr-24,,,,,,,,,,,
INV-16329,Wire Transfer,29-Apr-24,,,,,,,,,,,
INV-79119,Check,27-Apr-24,,,,,,,,,,,
INV-16814,ACH Transfer,5-May-24,,,,,,,,,,,
INV-74460,ACH Transfer,23-Apr-24,,,,,,,,,,,
INV-30202,Credit Card,22-Apr-24,,,,,,,,,,,
INV-75871,Wire Transfer,3-May-24,,,,,,,,,,,
INV-97812,ACH Transfer,26-Apr-24,,,,,,,,,,,
INV-68643,Wire Transfer,25-Apr-24,,,,,,,,,,,
INV-80387,ACH Transfer,9-Apr-24,,,,,,,,,,,
INV-10100,Credit Card,22-Apr-24,,,,,,,,,,,
INV-70303,Credit Card,10-Apr-24,,,,,,,,,,,
INV-93953,Credit Card,8-Apr-24,,,,,,,,,,,
INV-43511,Wire Transfer,1-May-24,,,,,,,,,,,
INV-94200,Check,24-Apr-24,,,,,,,,,,,
INV-34990,ACH Transfer,23-Apr-24,,,,,,,,,,,
INV-31867,Wire Transfer,1-May-24,,,,,,,,,,,
INV-73393,ACH Transfer,18-Apr-24,,,,,,,,,,,
INV-57504,ACH Transfer,2-May-24,,,,,,,,,,,
INV-24842,Check,30-Apr-24,,,,,,,,,,,
INV-90056,Credit Card,22-Apr-24,,,,,,,,,,,
INV-61569,Check,15-Apr-24,,,,,,,,,,,
INV-32479,Wire Transfer,30-Apr-24,,,,,,,,,,,
INV-33250,Credit Card,11-Apr-24,,,,,,,,,,,
INV-71473,Wire Transfer,18-Apr-24,,,,,,,,,,,
INV-26964,Wire Transfer,15-Apr-24,,,,,,,,,,,
INV-91629,Credit Card,1-May-24,,,,,,,,,,,
INV-43085,Wire Transfer,19-Apr-24,,,,,,,,,,,
INV-96038,ACH Transfer,1-May-24,,,,,,,,,,,
INV-68057,ACH Transfer,19-Apr-24,,,,,,,,,,,
INV-25413,Wire Transfer,10-Apr-24,,,,,,,,,,,
INV-52864,Credit Card,15-Apr-24,,,,,,,,,,,
INV-59079,ACH Transfer,24-Apr-24,,,,,,,,,,,
INV-84350,Wire Transfer,3-May-24,,,,,,,,,,,
INV-89127,Check,1-May-24,,,,,,,,,,,
INV-57268,Credit Card,20-Apr-24,,,,,,,,,,,
INV-12619,ACH Transfer,4-May-24,,,,,,,,,,,
INV-39414,Credit Card,22-Apr-24,,,,,,,,,,,
INV-64642,Check,24-Apr-24,,,,,,,,,,,
INV-72250,ACH Transfer,25-Apr-24,,,,,,,,,,,
INV-21771,Credit Card,28-Apr-24,,,,,,,,,,,
INV-52700,Wire Transfer,24-Apr-24,,,,,,,,,,,
INV-92495,Wire Transfer,28-Apr-24,,,,,,,,,,,
INV-19760,ACH Transfer,27-Apr-24,,,,,,,,,,,
INV-37475,Check,1-May-24,,,,,,,,,,,
INV-18019,Credit Card,2-May-24,,,,,,,,,,,
INV-83340,ACH Transfer,22-Apr-24,,,,,,,,,,,
INV-14783,Wire Transfer,21-Apr-24,,,,,,,,,,,
INV-95248,Credit Card,10-Apr-24,,,,,,,,,,,
INV-77216,ACH Transfer,26-Apr-24,,,,,,,,,,,
INV-70969,Wire Transfer,12-Apr-24,,,,,,,,,,,
INV-54736,Credit Card,25-Apr-24,,,,,,,,,,,
INV-14716,Credit Card,20-Apr-24,,,,,,,,,,,
INV-88169,ACH Transfer,2-May-24,,,,,,,,,,,
INV-58332,Check,20-Apr-24,,,,,,,,,,,
INV-39347,ACH Transfer,17-Apr-24,,,,,,,,,,,
INV-40170,ACH Transfer,7-Apr-24,,,,,,,,,,,
INV-23094,ACH Transfer,17-Apr-24,,,,,,,,,,,
INV-20807,Credit Card,14-Apr-24,,,,,,,,,,,
INV-84447,Check,20-Apr-24,,,,,,,,,,,
INV-52007,ACH Transfer,20-Apr-24,,,,,,,,,,,
INV-84692,ACH Transfer,13-Apr-24,,,,,,,,,,,
INV-17848,Wire Transfer,21-Apr-24,,,,,,,,,,,
INV-67698,Check,16-Apr-24,,,,,,,,,,,
INV-45197,Check,10-Apr-24,,,,,,,,,,,
INV-72665,ACH Transfer,29-Apr-24,,,,,,,,,,,
INV-10223,Credit Card,27-Apr-24,,,,,,,,,,,
INV-76308,Credit Card,4-May-24,,,,,,,,,,,
INV-98858,Credit Card,10-Apr-24,,,,,,,,,,,
INV-30170,Check,9-Apr-24,,,,,,,,,,,
INV-44424,Check,29-Apr-24,,,,,,,,,,,
INV-25599,ACH Transfer,30-Apr-24,,,,,,,,,,,
INV-53052,Credit Card,23-Apr-24,,,,,,,,,,,
INV-21698,Credit Card,5-May-24,,,,,,,,,,,
INV-13965,Wire Transfer,24-Apr-24,,,,,,,,,,,
INV-87763,Wire Transfer,12-Apr-24,,,,,,,,,,,
INV-96195,Check,1-May-24,,,,,,,,,,,
INV-71257,Credit Card,16-Apr-24,,,,,,,,,,,
INV-25819,Credit Card,19-Apr-24,,,,,,,,,,,
INV-25603,Credit Card,11-Apr-24,,,,,,,,,,,
INV-91978,Wire Transfer,1-May-24,,,,,,,,,,,
INV-55457,Credit Card,22-Apr-24,,,,,,,,,,,
INV-93187,Wire Transfer,30-Apr-24,,,,,,,,,,,
INV-15845,Check,25-Apr-24,,,,,,,,,,,
INV-33343,Wire Transfer,2-May-24,,,,,,,,,,,
INV-37400,Credit Card,22-Apr-24,,,,,,,,,,,
INV-83703,Wire Transfer,30-Apr-24,,,,,,,,,,,
INV-36380,Wire Transfer,25-Apr-24,,,,,,,,,,,
INV-79468,Wire Transfer,16-Apr-24,,,,,,,,,,,
INV-28616,ACH Transfer,29-Apr-24,,,,,,,,,,,
INV-77942,Wire Transfer,28-Apr-24,,,,,,,,,,,
INV-25434,ACH Transfer,7-Apr-24,,,,,,,,,,,
INV-99316,Wire Transfer,16-Apr-24,,,,,,,,,,,
INV-64300,ACH Transfer,3-May-24,,,,,,,,,,,
INV-39858,Credit Card,3-May-24,,,,,,,,,,,
INV-85547,Check,24-Apr-24,,,,,,,,,,,
INV-13906,Wire Transfer,8-Apr-24,,,,,,,,,,,
INV-20762,Credit Card,3-May-24,,,,,,,,,,,
INV-11494,Check,27-Apr-24,,,,,,,,,,,
INV-70770,Credit Card,22-Apr-24,,,,,,,,,,,
INV-78623,ACH Transfer,7-Apr-24,,,,,,,,,,,
INV-38038,Check,10-Apr-24,,,,,,,,,,,
INV-23237,Wire Transfer,29-Apr-24,,,,,,,,,,,
INV-91186,Check,19-Apr-24,,,,,,,,,,,
INV-89544,Wire Transfer,4-May-24,,,,,,,,,,,
INV-96449,Check,11-Apr-24,,,,,,,,,,,
INV-89664,ACH Transfer,2-May-24,,,,,,,,,,,
INV-19308,Wire Transfer,13-Apr-24,,,,,,,,,,,
INV-24737,ACH Transfer,2-May-24,,,,,,,,,,,
INV-71202,ACH Transfer,20-Apr-24,,,,,,,,,,,
INV-63262,Credit Card,3-May-24,,,,,,,,,,,
INV-48077,Credit Card,15-Apr-24,,,,,,,,,,,
INV-31694,ACH Transfer,16-Apr-24,,,,,,,,,,,
INV-72497,ACH Transfer,9-Apr-24,,,,,,,,,,,
INV-84606,Wire Transfer,18-Apr-24,,,,,,,,,,,
INV-27206,Credit Card,22-Apr-24,,,,,,,,,,,
INV-77056,Credit Card,13-Apr-24,,,,,,,,,,,
INV-97762,Wire Transfer,30-Apr-24,,,,,,,,,,,
INV-95187,ACH Transfer,22-Apr-24,,,,,,,,,,,
INV-11343,Wire Transfer,7-Apr-24,,,,,,,,,,,
INV-40545,Check,23-Apr-24,,,,,,,,,,,
INV-50134,Wire Transfer,26-Apr-24,,,,,,,,,,,
INV-86804,Check,17-Apr-24,,,,,,,,,,,
INV-27078,Check,19-Apr-24,,,,,,,,,,,
INV-59415,Wire Transfer,11-Apr-24,,,,,,,,,,,
INV-97069,Check,24-Apr-24,,,,,,,,,,,
INV-77897,Wire Transfer,19-Apr-24,,,,,,,,,,,
INV-68739,Wire Transfer,20-Apr-24,,,,,,,,,,,
INV-44762,ACH Transfer,13-Apr-24,,,,,,,,,,,
INV-74938,Wire Transfer,13-Apr-24,,,,,,,,,,,
INV-29142,ACH Transfer,8-Apr-24,,,,,,,,,,,
INV-31181,ACH Transfer,18-Apr-24,,,,,,,,,,,
INV-99135,ACH Transfer,19-Apr-24,,,,,,,,,,,
INV-28672,Credit Card,20-Apr-24,,,,,,,,,,,
INV-13695,Check,29-Apr-24,,,,,,,,,,,
INV-62463,Wire Transfer,28-Apr-24,,,,,,,,,,,
INV-28501,ACH Transfer,26-Apr-24,,,,,,,,,,,
INV-84029,Credit Card,6-May-24,,,,,,,,,,,
INV-41135,ACH Transfer,27-Apr-24,,,,,,,,,,,
INV-49414,Check,19-Apr-24,,,,,,,,,,,
INV-31920,ACH Transfer,11-Apr-24,,,,,,,,,,,
INV-74027,Wire Transfer,23-Apr-24,,,,,,,,,,,
INV-89084,Credit Card,18-Apr-24,,,,,,,,,,,
INV-16979,ACH Transfer,20-Apr-24,,,,,,,,,,,
INV-21260,Check,1-May-24,,,,,,,,,,,
INV-35991,Check,10-Apr-24,,,,,,,,,,,
INV-19920,ACH Transfer,22-Apr-24,,,,,,,,,,,
INV-44650,Credit Card,20-Apr-24,,,,,,,,,,,
INV-31235,Wire Transfer,30-Apr-24,,,,,,,,,,,
INV-97577,Wire Transfer,19-Apr-24,,,,,,,,,,,
INV-50658,Wire Transfer,10-Apr-24,,,,,,,,,,,
INV-11149,ACH Transfer,30-Apr-24,,,,,,,,,,,
INV-95282,Credit Card,11-Apr-24,,,,,,,,,,,
INV-66840,ACH Transfer,27-Apr-24,,,,,,,,,,,
INV-16704,ACH Transfer,4-May-24,,,,,,,,,,,
INV-81054,Check,17-Apr-24,,,,,,,,,,,
INV-37194,ACH Transfer,25-Apr-24,,,,,,,,,,,
INV-55325,Credit Card,10-Apr-24,,,,,,,,,,,
INV-50307,ACH Transfer,21-Apr-24,,,,,,,,,,,
INV-14332,Check,12-Apr-24,,,,,,,,,,,
INV-96351,Check,26-Apr-24,,,,,,,,,,,
INV-54233,Credit Card,15-Apr-24,,,,,,,,,,,
INV-46221,Check,20-Apr-24,,,,,,,,,,,
INV-14242,ACH Transfer,14-Apr-24,,,,,,,,,,,
INV-32705,Wire Transfer,26-Apr-24,,,,,,,,,,,
INV-37969,Credit Card,20-Apr-24,,,,,,,,,,,
INV-85311,Wire Transfer,30-Apr-24,,,,,,,,,,,
INV-86331,Wire Transfer,6-May-24,,,,,,,,,,,
INV-83781,Wire Transfer,22-Apr-24,,,,,,,,,,,
INV-61340,ACH Transfer,2-May-24,,,,,,,,,,,
INV-65836,Check,18-Apr-24,,,,,,,,,,,
INV-58602,Wire Transfer,3-May-24,,,,,,,,,,,
INV-32380,Credit Card,1-May-24,,,,,,,,,,,
INV-44766,Wire Transfer,5-May-24,,,,,,,,,,,
INV-53960,Check,21-Apr-24,,,,,,,,,,,
INV-49631,Credit Card,6-May-24,,,,,,,,,,,
INV-48375,Credit Card,25-Apr-24,,,,,,,,,,,
INV-88773,Credit Card,11-Apr-24,,,,,,,,,,,
INV-20181,Credit Card,21-Apr-24,,,,,,,,,,,
INV-21882,Wire Transfer,6-May-24,,,,,,,,,,,
INV-69748,ACH Transfer,7-Apr-24,,,,,,,,,,,
INV-90442,ACH Transfer,2-May-24,,,,,,,,,,,
INV-14939,Wire Transfer,29-Apr-24,,,,,,,,,,,
INV-41563,Credit Card,29-Apr-24,,,,,,,,,,,
INV-43227,Credit Card,24-Apr-24,,,,,,,,,,,
INV-26835,Check,22-Apr-24,,,,,,,,,,,
INV-94079,Credit Card,17-Apr-24,,,,,,,,,,,
INV-86390,Credit Card,15-Apr-24,,,,,,,,,,,
INV-58813,ACH Transfer,20-Apr-24,,,,,,,,,,,
INV-80408,Wire Transfer,27-Apr-24,,,,,,,,,,,
INV-77178,Wire Transfer,22-Apr-24,,,,,,,,,,,
INV-85247,ACH Transfer,30-Apr-24,,,,,,,,,,,
INV-15124,Check,18-Apr-24,,,,,,,,,,,
INV-99852,Check,20-Apr-24,,,,,,,,,,,
INV-85425,Check,13-Apr-24,,,,,,,,,,,
INV-72659,Wire Transfer,5-May-24,,,,,,,,,,,
INV-75962,ACH Transfer,4-May-24,,,,,,,,,,,
INV-82072,ACH Transfer,4-May-24,,,,,,,,,,,
INV-30094,Wire Transfer,25-Apr-24,,,,,,,,,,,
INV-53045,Credit Card,19-Apr-24,,,,,,,,,,,
INV-24186,Credit Card,26-Apr-24,,,,,,,,,,,
INV-59773,Check,28-Apr-24,,,,,,,,,,,
INV-90973,Credit Card,6-May-24,,,,,,,,,,,
INV-81361,Credit Card,29-Apr-24,,,,,,,,,,,
INV-69335,ACH Transfer,17-Apr-24,,,,,,,,,,,
INV-97911,Check,7-Apr-24,,,,,,,,,,,
INV-99314,Check,16-Apr-24,,,,,,,,,,,
INV-93509,Credit Card,2-May-24,,,,,,,,,,,
INV-97709,Credit Card,4-May-24,,,,,,,,,,,
INV-21125,ACH Transfer,22-Apr-24,,,,,,,,,,,
INV-80191,Credit Card,17-Apr-24,,,,,,,,,,,
INV-56899,Wire Transfer,2-May-24,,,,,,,,,,,
INV-25469,Credit Card,15-Apr-24,,,,,,,,,,,
INV-34698,Check,13-Apr-24,,,,,,,,,,,
INV-84690,ACH Transfer,26-Apr-24,,,,,,,,,,,
INV-55583,ACH Transfer,1-May-24,,,,,,,,,,,
INV-15653,Wire Transfer,10-Apr-24,,,,,,,,,,,
INV-67569,Check,15-Apr-24,,,,,,,,,,,
INV-87425,Credit Card,25-Apr-24,,,,,,,,,,,
INV-43302,Wire Transfer,5-May-24,,,,,,,,,,,
INV-79734,ACH Transfer,29-Apr-24,,,,,,,,,,,
INV-61769,Wire Transfer,18-Apr-24,,,,,,,,,,,
INV-96675,Credit Card,25-Apr-24,,,,,,,,,,,
INV-26436,Credit Card,28-Apr-24,,,,,,,,,,,
INV-48277,Credit Card,22-Apr-24,,,,,,,,,,,
INV-60428,Check,10-Apr-24,,,,,,,,,,,
INV-61436,Wire Transfer,2-May-24,,,,,,,,,,,
INV-56138,ACH Transfer,9-Apr-24,,,,,,,,,,,
INV-58431,Wire Transfer,14-Apr-24,,,,,,,,,,,
INV-76273,Wire Transfer,12-Apr-24,,,,,,,,,,,
INV-30664,Credit Card,3-May-24,,,,,,,,,,,
INV-53855,ACH Transfer,30-Apr-24,,,,,,,,,,,
INV-65451,ACH Transfer,12-Apr-24,,,,,,,,,,,
INV-62000,Check,5-May-24,,,,,,,,,,,
INV-87646,Check,26-Apr-24,,,,,,,,,,,
INV-69592,Credit Card,15-Apr-24,,,,,,,,,,,
INV-44473,Credit Card,22-Apr-24,,,,,,,,,,,
INV-30419,Credit Card,22-Apr-24,,,,,,,,,,,
INV-23121,Wire Transfer,4-May-24,,,,,,,,,,,
INV-12751,Check,9-Apr-24,,,,,,,,,,,
INV-56468,Wire Transfer,7-Apr-24,,,,,,,,,,,
INV-83847,Credit Card,9-Apr-24,,,,,,,,,,,
INV-33378,ACH Transfer,27-Apr-24,,,,,,,,,,,
INV-24978,Check,11-Apr-24,,,,,,,,,,,
INV-86583,ACH Transfer,26-Apr-24,,,,,,,,,,,
INV-59078,ACH Transfer,21-Apr-24,,,,,,,,,,,
INV-14156,Check,4-May-24,,,,,,,,,,,
INV-34632,Wire Transfer,21-Apr-24,,,,,,,,,,,
INV-49431,ACH Transfer,13-Apr-24,,,,,,,,,,,
INV-68739,Credit Card,17-Apr-24,,,,,,,,,,,
INV-46338,Check,9-Apr-24,,,,,,,,,,,
INV-52117,Credit Card,24-Apr-24,,,,,,,,,,,
INV-28339,Check,4-May-24,,,,,,,,,,,
INV-49607,Check,9-Apr-24,,,,,,,,,,,
INV-83571,Credit Card,7-Apr-24,,,,,,,,,,,
INV-76025,ACH Transfer,20-Apr-24,,,,,,,,,,,
INV-19463,ACH Transfer,22-Apr-24,,,,,,,,,,,
INV-94334,Credit Card,6-May-24,,,,,,,,,,,
INV-91961,ACH Transfer,24-Apr-24,,,,,,,,,,,
INV-56358,Wire Transfer,27-Apr-24,,,,,,,,,,,
INV-38221,Check,11-Apr-24,,,,,,,,,,,
INV-26596,Check,24-Apr-24,,,,,,,,,,,
INV-63577,Wire Transfer,10-Apr-24,,,,,,,,,,,
INV-51127,Credit Card,1-May-24,,,,,,,,,,,
INV-85200,Credit Card,15-Apr-24,,,,,,,,,,,
INV-68991,Wire Transfer,17-Apr-24,,,,,,,,,,,
INV-12384,Check,8-Apr-24,,,,,,,,,,,
INV-71902,Wire Transfer,3-May-24,,,,,,,,,,,
INV-76926,Check,15-Apr-24,,,,,,,,,,,
INV-74764,Check,30-Apr-24,,,,,,,,,,,
INV-99200,Check,12-Apr-24,,,,,,,,,,,
INV-32949,Wire Transfer,21-Apr-24,,,,,,,,,,,
INV-74322,ACH Transfer,30-Apr-24,,,,,,,,,,,
INV-97155,ACH Transfer,14-Apr-24,,,,,,,,,,,
INV-94260,Check,18-Apr-24,,,,,,,,,,,
INV-18209,Wire Transfer,4-May-24,,,,,,,,,,,
INV-38093,Wire Transfer,9-Apr-24,,,,,,,,,,,
INV-27692,ACH Transfer,11-Apr-24,,,,,,,,,,,
INV-18211,ACH Transfer,11-Apr-24,,,,,,,,,,,
INV-82417,Check,7-Apr-24,,,,,,,,,,,
INV-76216,ACH Transfer,7-Apr-24,,,,,,,,,,,
INV-37103,Check,20-Apr-24,,,,,,,,,,,
INV-20542,ACH Transfer,19-Apr-24,,,,,,,,,,,
INV-11579,Check,7-Apr-24,,,,,,,,,,,
INV-90059,Wire Transfer,18-Apr-24,,,,,,,,,,,
INV-55202,Credit Card,10-Apr-24,,,,,,,,,,,
INV-52040,Credit Card,7-Apr-24,,,,,,,,,,,
INV-89516,Wire Transfer,27-Apr-24,,,,,,,,,,,
INV-32585,Credit Card,16-Apr-24,,,,,,,,,,,
INV-55724,Check,2-May-24,,,,,,,,,,,
INV-39255,Check,13-Apr-24,,,,,,,,,,,
INV-78651,Check,4-May-24,,,,,,,,,,,
INV-60404,Wire Transfer,6-May-24,,,,,,,,,,,
INV-88935,ACH Transfer,28-Apr-24,,,,,,,,,,,
INV-30286,ACH Transfer,16-Apr-24,,,,,,,,,,,
INV-60519,ACH Transfer,30-Apr-24,,,,,,,,,,,
INV-66833,Wire Transfer,7-Apr-24,,,,,,,,,,,
INV-28433,Wire Transfer,4-May-24,,,,,,,,,,,
INV-57069,Check,14-Apr-24,,,,,,,,,,,
INV-27872,Credit Card,17-Apr-24,,,,,,,,,,,
INV-32236,Check,16-Apr-24,,,,,,,,,,,
INV-79469,ACH Transfer,27-Apr-24,,,,,,,,,,,
INV-39035,Check,10-Apr-24,,,,,,,,,,,
INV-95838,Wire Transfer,28-Apr-24,,,,,,,,,,,
INV-58718,Credit Card,16-Apr-24,,,,,,,,,,,
INV-81882,Credit Card,12-Apr-24,,,,,,,,,,,
INV-36148,Check,4-May-24,,,,,,,,,,,
INV-14641,Check,10-Apr-24,,,,,,,,,,,
INV-12875,Credit Card,8-Apr-24,,,,,,,,,,,
INV-91534,ACH Transfer,1-May-24,,,,,,,,,,,
INV-38973,ACH Transfer,25-Apr-24,,,,,,,,,,,
INV-91535,Credit Card,2-May-24,,,,,,,,,,,
INV-34337,ACH Transfer,6-May-24,,,,,,,,,,,
INV-27949,Wire Transfer,13-Apr-24,,,,,,,,,,,
INV-19663,ACH Transfer,25-Apr-24,,,,,,,,,,,
INV-81747,Credit Card,25-Apr-24,,,,,,,,,,,
INV-29030,Check,30-Apr-24,,,,,,,,,,,
INV-13760,Check,28-Apr-24,,,,,,,,,,,
INV-92022,ACH Transfer,28-Apr-24,,,,,,,,,,,
INV-12370,Credit Card,1-May-24,,,,,,,,,,,
INV-16680,Check,24-Apr-24,,,,,,,,,,,
INV-35500,Check,8-Apr-24,,,,,,,,,,,
INV-95857,Credit Card,21-Apr-24,,,,,,,,,,,
INV-16310,Check,30-Apr-24,,,,,,,,,,,
INV-68627,Credit Card,25-Apr-24,,,,,,,,,,,
INV-42139,Wire Transfer,4-May-24,,,,,,,,,,,
INV-49073,Check,30-Apr-24,,,,,,,,,,,
INV-30623,ACH Transfer,6-May-24,,,,,,,,,,,
INV-64929,ACH Transfer,16-Apr-24,,,,,,,,,,,
INV-71431,Wire Transfer,6-May-24,,,,,,,,,,,
INV-36155,Credit Card,22-Apr-24,,,,,,,,,,,
INV-77581,Check,30-Apr-24,,,,,,,,,,,
INV-87257,Credit Card,6-May-24,,,,,,,,,,,
INV-96549,Check,30-Apr-24,,,,,,,,,,,
INV-81022,ACH Transfer,23-Apr-24,,,,,,,,,,,
INV-79092,ACH Transfer,11-Apr-24,,,,,,,,,,,
INV-64083,ACH Transfer,18-Apr-24,,,,,,,,,,,
INV-51684,ACH Transfer,1-May-24,,,,,,,,,,,
INV-49781,Wire Transfer,4-May-24,,,,,,,,,,,
INV-59723,Check,5-May-24,,,,,,,,,,,
INV-31978,Credit Card,8-Apr-24,,,,,,,,,,,
INV-63195,Credit Card,20-Apr-24,,,,,,,,,,,
INV-19076,Wire Transfer,15-Apr-24,,,,,,,,,,,
INV-46080,ACH Transfer,28-Apr-24,,,,,,,,,,,
INV-11610,Credit Card,12-Apr-24,,,,,,,,,,,
INV-91539,Credit Card,27-Apr-24,,,,,,,,,,,
INV-38760,Wire Transfer,19-Apr-24,,,,,,,,,,,
INV-19617,Credit Card,19-Apr-24,,,,,,,,,,,
INV-32255,Credit Card,6-May-24,,,,,,,,,,,
INV-42573,Check,8-Apr-24,,,,,,,,,,,
INV-95209,ACH Transfer,13-Apr-24,,,,,,,,,,,
INV-46558,ACH Transfer,15-Apr-24,,,,,,,,,,,
INV-73180,Credit Card,23-Apr-24,,,,,,,,,,,
INV-78031,Check,8-Apr-24,,,,,,,,,,,
INV-75371,Check,26-Apr-24,,,,,,,,,,,
INV-22669,Check,23-Apr-24,,,,,,,,,,,
INV-33055,Check,20-Apr-24,,,,,,,,,,,
INV-34613,Check,2-May-24,,,,,,,,,,,
INV-59193,ACH Transfer,28-Apr-24,,,,,,,,,,,
INV-93348,ACH Transfer,20-Apr-24,,,,,,,,,,,
INV-30301,Check,4-May-24,,,,,,,,,,,
INV-49368,ACH Transfer,8-Apr-24,,,,,,,,,,,
INV-97147,Wire Transfer,17-Apr-24,,,,,,,,,,,
INV-80879,Wire Transfer,4-May-24,,,,,,,,,,,
INV-70816,Wire Transfer,26-Apr-24,,,,,,,,,,,
INV-33886,Check,26-Apr-24,,,,,,,,,,,
INV-57882,Check,13-Apr-24,,,,,,,,,,,
INV-85323,Check,30-Apr-24,,,,,,,,,,,
INV-59523,Credit Card,3-May-24,,,,,,,,,,,
INV-48028,ACH Transfer,24-Apr-24,,,,,,,,,,,
INV-43401,Credit Card,8-Apr-24,,,,,,,,,,,
INV-63460,Check,28-Apr-24,,,,,,,,,,,
INV-19885,Credit Card,25-Apr-24,,,,,,,,,,,
INV-31217,Wire Transfer,16-Apr-24,,,,,,,,,,,
INV-78959,ACH Transfer,16-Apr-24,,,,,,,,,,,
INV-41730,Check,4-May-24,,,,,,,,,,,
INV-39989,Credit Card,10-Apr-24,,,,,,,,,,,
INV-96461,ACH Transfer,7-Apr-24,,,,,,,,,,,
INV-75294,Credit Card,3-May-24,,,,,,,,,,,
INV-68054,Wire Transfer,27-Apr-24,,,,,,,,,,,
INV-40067,Wire Transfer,23-Apr-24,,,,,,,,,,,
INV-96987,Check,27-Apr-24,,,,,,,,,,,
INV-17799,Wire Transfer,22-Apr-24,,,,,,,,,,,
INV-68058,ACH Transfer,20-Apr-24,,,,,,,,,,,
INV-29584,Check,8-Apr-24,,,,,,,,,,,
INV-36996,Check,19-Apr-24,,,,,,,,,,,
INV-70789,Wire Transfer,15-Apr-24,,,,,,,,,,,
INV-10928,ACH Transfer,14-Apr-24,,,,,,,,,,,
INV-53660,ACH Transfer,13-Apr-24,,,,,,,,,,,
INV-28990,ACH Transfer,18-Apr-24,,,,,,,,,,,
INV-30576,Wire Transfer,25-Apr-24,,,,,,,,,,,
INV-73688,ACH Transfer,25-Apr-24,,,,,,,,,,,
INV-64408,Credit Card,30-Apr-24,,,,,,,,,,,
INV-63701,Check,10-Apr-24,,,,,,,,,,,
INV-92381,Wire Transfer,5-May-24,,,,,,,,,,,
INV-34434,ACH Transfer,3-May-24,,,,,,,,,,,
INV-26981,Wire Transfer,29-Apr-24,,,,,,,,,,,
INV-66853,Credit Card,27-Apr-24,,,,,,,,,,,
INV-44924,ACH Transfer,14-Apr-24,,,,,,,,,,,
INV-29870,Credit Card,8-Apr-24,,,,,,,,,,,
INV-24637,Wire Transfer,19-Apr-24,,,,,,,,,,,
INV-34883,Credit Card,23-Apr-24,,,,,,,,,,,
INV-17488,Check,24-Apr-24,,,,,,,,,,,
INV-55190,Check,28-Apr-24,,,,,,,,,,,
INV-31251,ACH Transfer,11-Apr-24,,,,,,,,,,,
INV-75052,ACH Transfer,28-Apr-24,,,,,,,,,,,
INV-51168,ACH Transfer,3-May-24,,,,,,,,,,,
INV-87300,Credit Card,2-May-24,,,,,,,,,,,
INV-90457,Wire Transfer,29-Apr-24,,,,,,,,,,,
INV-97460,Check,4-May-24,,,,,,,,,,,
INV-77476,Wire Transfer,11-Apr-24,,,,,,,,,,,
INV-32150,ACH Transfer,2-May-24,,,,,,,,,,,
INV-52049,Check,19-Apr-24,,,,,,,,,,,
INV-24203,Check,13-Apr-24,,,,,,,,,,,
INV-65235,Credit Card,21-Apr-24,,,,,,,,,,,
INV-67137,Wire Transfer,6-May-24,,,,,,,,,,,
INV-68080,Credit Card,26-Apr-24,,,,,,,,,,,
INV-58912,ACH Transfer,24-Apr-24,,,,,,,,,,,
INV-23369,Credit Card,16-Apr-24,,,,,,,,,,,
INV-96835,ACH Transfer,4-May-24,,,,,,,,,,,
INV-33659,Credit Card,23-Apr-24,,,,,,,,,,,
INV-58319,Wire Transfer,20-Apr-24,,,,,,,,,,,
INV-93010,Check,8-Apr-24,,,,,,,,,,,
INV-14498,Credit Card,18-Apr-24,,,,,,,,,,,
INV-57501,Credit Card,10-Apr-24,,,,,,,,,,,
INV-83590,Wire Transfer,1-May-24,,,,,,,,,,,
INV-70677,Check,15-Apr-24,,,,,,,,,,,
INV-29756,ACH Transfer,9-Apr-24,,,,,,,,,,,
INV-62430,ACH Transfer,24-Apr-24,,,,,,,,,,,
INV-42930,ACH Transfer,3-May-24,,,,,,,,,,,
INV-76143,Credit Card,21-Apr-24,,,,,,,,,,,
INV-89485,Wire Transfer,12-Apr-24,,,,,,,,,,,
INV-42319,Credit Card,27-Apr-24,,,,,,,,,,,
INV-17566,Credit Card,29-Apr-24,,,,,,,,,,,
INV-70818,ACH Transfer,15-Apr-24,,,,,,,,,,,
INV-94211,ACH Transfer,8-Apr-24,,,,,,,,,,,
INV-90674,ACH Transfer,17-Apr-24,,,,,,,,,,,
INV-33416,Wire Transfer,9-Apr-24,,,,,,,,,,,
INV-27110,Check,13-Apr-24,,,,,,,,,,,
INV-18027,Wire Transfer,21-Apr-24,,,,,,,,,,,
INV-41184,Credit Card,23-Apr-24,,,,,,,,,,,
INV-79698,Wire Transfer,5-May-24,,,,,,,,,,,
INV-65140,Credit Card,6-May-24,,,,,,,,,,,
INV-31465,ACH Transfer,6-May-24,,,,,,,,,,,
INV-48065,Wire Transfer,14-Apr-24,,,,,,,,,,,
INV-88612,ACH Transfer,21-Apr-24,,,,,,,,,,,
INV-73568,Check,28-Apr-24,,,,,,,,,,,
INV-94736,Check,1-May-24,,,,,,,,,,,
INV-72781,Check,20-Apr-24,,,,,,,,,,,
INV-38323,Credit Card,7-Apr-24,,,,,,,,,,,
INV-46216,Credit Card,17-Apr-24,,,,,,,,,,,
INV-59185,Wire Transfer,3-May-24,,,,,,,,,,,
INV-63390,Wire Transfer,2-May-24,,,,,,,,,,,
INV-80728,Check,1-May-24,,,,,,,,,,,
INV-75085,Credit Card,29-Apr-24,,,,,,,,,,,
INV-39408,Check,8-Apr-24,,,,,,,,,,,
INV-89916,Check,27-Apr-24,,,,,,,,,,,
INV-17824,Check,24-Apr-24,,,,,,,,,,,
INV-69449,ACH Transfer,18-Apr-24,,,,,,,,,,,
INV-28119,Credit Card,1-May-24,,,,,,,,,,,
INV-50076,Wire Transfer,12-Apr-24,,,,,,,,,,,
INV-77030,Credit Card,9-Apr-24,,,,,,,,,,,
INV-47700,Wire Transfer,7-Apr-24,,,,,,,,,,,
INV-77701,Check,16-Apr-24,,,,,,,,,,,
INV-41001,Check,30-Apr-24,,,,,,,,,,,
INV-95233,ACH Transfer,6-May-24,,,,,,,,,,,
INV-44344,ACH Transfer,2-May-24,,,,,,,,,,,
INV-26490,Check,10-Apr-24,,,,,,,,,,,
INV-23422,Check,19-Apr-24,,,,,,,,,,,
INV-21272,ACH Transfer,29-Apr-24,,,,,,,,,,,
INV-23814,ACH Transfer,17-Apr-24,,,,,,,,,,,
INV-48421,Check,11-Apr-24,,,,,,,,,,,
INV-71003,Wire Transfer,21-Apr-24,,,,,,,,,,,
INV-56754,Wire Transfer,6-May-24,,,,,,,,,,,
INV-86885,Wire Transfer,26-Apr-24,,,,,,,,,,,
INV-81737,Credit Card,5-May-24,,,,,,,,,,,
INV-43898,Wire Transfer,24-Apr-24,,,,,,,,,,,
INV-62847,Check,15-Apr-24,,,,,,,,,,,
INV-48364,Wire Transfer,5-May-24,,,,,,,,,,,
INV-21573,ACH Transfer,9-Apr-24,,,,,,,,,,,
INV-97067,Check,29-Apr-24,,,,,,,,,,,
INV-88909,Check,12-Apr-24,,,,,,,,,,,
INV-55965,ACH Transfer,15-Apr-24,,,,,,,,,,,
INV-38747,ACH Transfer,13-Apr-24,,,,,,,,,,,
INV-98196,Check,19-Apr-24,,,,,,,,,,,
INV-86376,Wire Transfer,15-Apr-24,,,,,,,,,,,
INV-89258,Credit Card,2-May-24,,,,,,,,,,,
INV-12616,ACH Transfer,8-Apr-24,,,,,,,,,,,
INV-48599,Check,17-Apr-24,,,,,,,,,,,
INV-37735,Wire Transfer,16-Apr-24,,,,,,,,,,,
INV-10126,Wire Transfer,3-May-24,,,,,,,,,,,
INV-85570,Check,8-Apr-24,,,,,,,,,,,
INV-52464,Check,25-Apr-24,,,,,,,,,,,
INV-74861,Check,25-Apr-24,,,,,,,,,,,
INV-84961,Wire Transfer,2-May-24,,,,,,,,,,,
INV-83600,Credit Card,25-Apr-24,,,,,,,,,,,
INV-17574,Wire Transfer,3-May-24,,,,,,,,,,,
INV-82244,Credit Card,5-May-24,,,,,,,,,,,
INV-21456,Check,12-Apr-24,,,,,,,,,,,
INV-97371,Credit Card,2-May-24,,,,,,,,,,,
INV-10613,Check,12-Apr-24,,,,,,,,,,,
INV-37796,Check,9-Apr-24,,,,,,,,,,,
INV-72890,Check,13-Apr-24,,,,,,,,,,,
INV-62039,Check,4-May-24,,,,,,,,,,,
INV-66946,Credit Card,1-May-24,,,,,,,,,,,
INV-80034,ACH Transfer,24-Apr-24,,,,,,,,,,,
INV-64098,ACH Transfer,8-Apr-24,,,,,,,,,,,
INV-78993,Check,29-Apr-24,,,,,,,,,,,
INV-53293,Check,13-Apr-24,,,,,,,,,,,
INV-11404,Check,3-May-24,,,,,,,,,,,
INV-68058,ACH Transfer,1-May-24,,,,,,,,,,,
INV-15130,Wire Transfer,10-Apr-24,,,,,,,,,,,
INV-98000,ACH Transfer,13-Apr-24,,,,,,,,,,,
INV-43818,Credit Card,13-Apr-24,,,,,,,,,,,
INV-31888,ACH Transfer,28-Apr-24,,,,,,,,,,,
INV-52305,Wire Transfer,9-Apr-24,,,,,,,,,,,
INV-63641,Credit Card,22-Apr-24,,,,,,,,,,,
INV-46944,Credit Card,13-Apr-24,,,,,,,,,,,
INV-68957,ACH Transfer,18-Apr-24,,,,,,,,,,,
INV-76925,ACH Transfer,2-May-24,,,,,,,,,,,
INV-38909,Check,27-Apr-24,,,,,,,,,,,
INV-63975,Check,15-Apr-24,,,,,,,,,,,
INV-77273,Check,20-Apr-24,,,,,,,,,,,
INV-67267,ACH Transfer,12-Apr-24,,,,,,,,,,,
INV-88636,Credit Card,19-Apr-24,,,,,,,,,,,
INV-70565,Credit Card,22-Apr-24,,,,,,,,,,,
INV-73682,Check,19-Apr-24,,,,,,,,,,,
INV-56388,Check,3-May-24,,,,,,,,,,,
INV-93743,Check,27-Apr-24,,,,,,,,,,,
INV-19136,Credit Card,18-Apr-24,,,,,,,,,,,
INV-45980,ACH Transfer,3-May-24,,,,,,,,,,,
INV-53374,ACH Transfer,15-Apr-24,,,,,,,,,,,
INV-98047,ACH Transfer,19-Apr-24,,,,,,,,,,,
INV-66747,Check,8-Apr-24,,,,,,,,,,,
INV-45890,Wire Transfer,18-Apr-24,,,,,,,,,,,
INV-21382,Wire Transfer,25-Apr-24,,,,,,,,,,,
INV-91637,Wire Transfer,13-Apr-24,,,,,,,,,,,
INV-88350,Check,24-Apr-24,,,,,,,,,,,
INV-56486,ACH Transfer,7-Apr-24,,,,,,,,,,,
INV-36750,Check,21-Apr-24,,,,,,,,,,,
INV-25520,Credit Card,20-Apr-24,,,,,,,,,,,
INV-30545,ACH Transfer,12-Apr-24,,,,,,,,,,,
INV-87478,ACH Transfer,12-Apr-24,,,,,,,,,,,
INV-75833,Credit Card,17-Apr-24,,,,,,,,,,,
INV-27292,Credit Card,28-Apr-24,,,,,,,,,,,
INV-89366,Credit Card,19-Apr-24,,,,,,,,,,,
INV-22465,ACH Transfer,23-Apr-24,,,,,,,,,,,
INV-47085,Check,21-Apr-24,,,,,,,,,,,
INV-83577,Wire Transfer,25-Apr-24,,,,,,,,,,,
INV-98820,Wire Transfer,14-Apr-24,,,,,,,,,,,
INV-79735,Check,3-May-24,,,,,,,,,,,
INV-77826,Check,29-Apr-24,,,,,,,,,,,
INV-19302,Wire Transfer,3-May-24,,,,,,,,,,,
INV-90094,ACH Transfer,22-Apr-24,,,,,,,,,,,
INV-85326,Check,6-May-24,,,,,,,,,,,
INV-66658,ACH Transfer,24-Apr-24,,,,,,,,,,,
INV-51529,Credit Card,6-May-24,,,,,,,,,,,
INV-83252,Wire Transfer,11-Apr-24,,,,,,,,,,,
INV-58456,Wire Transfer,10-Apr-24,,,,,,,,,,,
INV-67092,Check,7-Apr-24,,,,,,,,,,,
INV-73300,ACH Transfer,12-Apr-24,,,,,,,,,,,
INV-38333,ACH Transfer,2-May-24,,,,,,,,,,,
INV-38821,Check,6-May-24,,,,,,,,,,,
INV-81702,Credit Card,8-Apr-24,,,,,,,,,,,
INV-70364,Check,21-Apr-24,,,,,,,,,,,
INV-93018,Credit Card,29-Apr-24,,,,,,,,,,,
INV-59854,Check,9-Apr-24,,,,,,,,,,,
INV-26004,ACH Transfer,19-Apr-24,,,,,,,,,,,
INV-85026,ACH Transfer,19-Apr-24,,,,,,,,,,,
INV-81128,Check,29-Apr-24,,,,,,,,,,,
INV-25964,Wire Transfer,5-May-24,,,,,,,,,,,
INV-35578,Wire Transfer,7-Apr-24,,,,,,,,,,,
INV-28929,Wire Transfer,7-Apr-24,,,,,,,,,,,
INV-46195,Wire Transfer,20-Apr-24,,,,,,,,,,,
INV-75821,ACH Transfer,24-Apr-24,,,,,,,,,,,
INV-10640,Check,23-Apr-24,,,,,,,,,,,
INV-13274,Credit Card,10-Apr-24,,,,,,,,,,,
INV-94551,ACH Transfer,22-Apr-24,,,,,,,,,,,
INV-40703,Check,26-Apr-24,,,,,,,,,,,
INV-66777,Wire Transfer,13-Apr-24,,,,,,,,,,,
INV-79526,Credit Card,21-Apr-24,,,,,,,,,,,
INV-65459,Wire Transfer,17-Apr-24,,,,,,,,,,,
INV-40313,Check,2-May-24,,,,,,,,,,,
INV-45826,Credit Card,13-Apr-24,,,,,,,,,,,
INV-39464,Wire Transfer,29-Apr-24,,,,,,,,,,,
INV-63490,ACH Transfer,16-Apr-24,,,,,,,,,,,
INV-49037,Check,25-Apr-24,,,,,,,,,,,
INV-22565,Check,20-Apr-24,,,,,,,,,,,
INV-56270,Credit Card,13-Apr-24,,,,,,,,,,,
INV-35599,Wire Transfer,15-Apr-24,,,,,,,,,,,
INV-66294,ACH Transfer,14-Apr-24,,,,,,,,,,,
INV-67265,Credit Card,14-Apr-24,,,,,,,,,,,
INV-60020,Check,27-Apr-24,,,,,,,,,,,
INV-74765,ACH Transfer,28-Apr-24,,,,,,,,,,,
INV-20868,Wire Transfer,5-May-24,,,,,,,,,,,
INV-48452,Wire Transfer,26-Apr-24,,,,,,,,,,,
INV-48141,Credit Card,11-Apr-24,,,,,,,,,,,
INV-13511,ACH Transfer,12-Apr-24,,,,,,,,,,,
INV-72807,Check,11-Apr-24,,,,,,,,,,,
INV-94508,Check,5-May-24,,,,,,,,,,,
INV-16717,Wire Transfer,8-Apr-24,,,,,,,,,,,
INV-68661,Check,29-Apr-24,,,,,,,,,,,
INV-36924,Credit Card,1-May-24,,,,,,,,,,,
INV-21119,Credit Card,5-May-24,,,,,,,,,,,
INV-76606,Check,21-Apr-24,,,,,,,,,,,
INV-39570,Check,30-Apr-24,,,,,,,,,,,
INV-21296,Credit Card,21-Apr-24,,,,,,,,,,,
INV-93081,Wire Transfer,3-May-24,,,,,,,,,,,
INV-17892,ACH Transfer,7-Apr-24,,,,,,,,,,,
INV-24954,ACH Transfer,25-Apr-24,,,,,,,,,,,
INV-97098,Wire Transfer,5-May-24,,,,,,,,,,,
INV-74735,ACH Transfer,18-Apr-24,,,,,,,,,,,
INV-85738,Check,12-Apr-24,,,,,,,,,,,
INV-45154,Credit Card,29-Apr-24,,,,,,,,,,,
INV-57285,ACH Transfer,10-Apr-24,,,,,,,,,,,
INV-30762,ACH Transfer,4-May-24,,,,,,,,,,,
INV-49351,Wire Transfer,20-Apr-24,,,,,,,,,,,
INV-97991,Wire Transfer,4-May-24,,,,,,,,,,,
INV-59692,Check,12-Apr-24,,,,,,,,,,,
INV-37945,Check,11-Apr-24,,,,,,,,,,,
INV-87429,ACH Transfer,15-Apr-24,,,,,,,,,,,
INV-64335,Wire Transfer,20-Apr-24,,,,,,,,,,,
INV-15416,Check,10-Apr-24,,,,,,,,,,,
INV-16572,Check,2-May-24,,,,,,,,,,,
INV-29469,Check,11-Apr-24,,,,,,,,,,,
INV-56235,Credit Card,13-Apr-24,,,,,,,,,,,
INV-86517,Credit Card,26-Apr-24,,,,,,,,,,,
INV-85565,ACH Transfer,19-Apr-24,,,,,,,,,,,
INV-74491,ACH Transfer,7-Apr-24,,,,,,,,,,,
INV-27307,Check,16-Apr-24,,,,,,,,,,,
INV-41411,Check,20-Apr-24,,,,,,,,,,,
INV-72517,Check,1-May-24,,,,,,,,,,,
INV-86129,Wire Transfer,24-Apr-24,,,,,,,,,,,
INV-50465,Wire Transfer,25-Apr-24,,,,,,,,,,,
INV-55043,Wire Transfer,9-Apr-24,,,,,,,,,,,
INV-23716,ACH Transfer,20-Apr-24,,,,,,,,,,,
INV-14354,Check,18-Apr-24,,,,,,,,,,,
INV-77126,Credit Card,27-Apr-24,,,,,,,,,,,
INV-27825,Wire Transfer,13-Apr-24,,,,,,,,,,,
INV-34570,Check,22-Apr-24,,,,,,,,,,,
INV-71598,Credit Card,24-Apr-24,,,,,,,,,,,
INV-75341,Credit Card,8-Apr-24,,,,,,,,,,,
INV-15616,ACH Transfer,22-Apr-24,,,,,,,,,,,
INV-22452,Credit Card,15-Apr-24,,,,,,,,,,,
INV-71238,Wire Transfer,6-May-24,,,,,,,,,,,
INV-92178,Wire Transfer,11-Apr-24,,,,,,,,,,,
INV-79391,Wire Transfer,1-May-24,,,,,,,,,,,
INV-37442,Check,28-Apr-24,,,,,,,,,,,
INV-44960,Check,9-Apr-24,,,,,,,,,,,
INV-62370,Wire Transfer,28-Apr-24,,,,,,,,,,,
INV-75913,Check,27-Apr-24,,,,,,,,,,,
INV-18007,Check,16-Apr-24,,,,,,,,,,,
INV-71327,ACH Transfer,22-Apr-24,,,,,,,,,,,
INV-70469,Wire Transfer,23-Apr-24,,,,,,,,,,,
INV-95484,Credit Card,26-Apr-24,,,,,,,,,,,
INV-35981,Wire Transfer,5-May-24,,,,,,,,,,,
INV-51166,Credit Card,25-Apr-24,,,,,,,,,,,
INV-90705,Wire Transfer,2-May-24,,,,,,,,,,,
INV-40016,ACH Transfer,9-Apr-24,,,,,,,,,,,
INV-79653,Wire Transfer,22-Apr-24,,,,,,,,,,,
INV-26413,Credit Card,23-Apr-24,,,,,,,,,,,
INV-14797,Credit Card,14-Apr-24,,,,,,,,,,,
INV-26202,Check,10-Apr-24,,,,,,,,,,,
INV-31314,ACH Transfer,3-May-24,,,,,,,,,,,
INV-32742,Wire Transfer,13-Apr-24,,,,,,,,,,,
INV-46789,ACH Transfer,21-Apr-24,,,,,,,,,,,
INV-34138,Wire Transfer,10-Apr-24,,,,,,,,,,,
INV-27900,Wire Transfer,11-Apr-24,,,,,,,,,,,
INV-78464,Wire Transfer,3-May-24,,,,,,,,,,,
INV-78169,Check,8-Apr-24,,,,,,,,,,,
INV-78177,Check,24-Apr-24,,,,,,,,,,,
INV-88930,Credit Card,29-Apr-24,,,,,,,,,,,
INV-88157,ACH Transfer,24-Apr-24,,,,,,,,,,,
INV-33709,Credit Card,28-Apr-24,,,,,,,,,,,
INV-64156,Credit Card,22-Apr-24,,,,,,,,,,,
INV-13308,Credit Card,30-Apr-24,,,,,,,,,,,
INV-89069,Credit Card,7-Apr-24,,,,,,,,,,,
INV-84047,ACH Transfer,3-May-24,,,,,,,,,,,
INV-73789,Check,25-Apr-24,,,,,,,,,,,
INV-15718,ACH Transfer,1-May-24,,,,,,,,,,,
INV-92362,Wire Transfer,8-Apr-24,,,,,,,,,,,
INV-65050,Check,14-Apr-24,,,,,,,,,,,
INV-49100,Credit Card,12-Apr-24,,,,,,,,,,,
INV-69777,Wire Transfer,18-Apr-24,,,,,,,,,,,
INV-74757,ACH Transfer,5-May-24,,,,,,,,,,,
INV-50032,Credit Card,30-Apr-24,,,,,,,,,,,
INV-37635,Check,1-May-24,,,,,,,,,,,
INV-12335,Check,16-Apr-24,,,,,,,,,,,
INV-93760,ACH Transfer,5-May-24,,,,,,,,,,,
INV-23189,Credit Card,18-Apr-24,,,,,,,,,,,
INV-87208,Check,10-Apr-24,,,,,,,,,,,
INV-62315,ACH Transfer,12-Apr-24,,,,,,,,,,,
INV-10010,Check,8-Apr-24,,,,,,,,,,,
INV-20955,Wire Transfer,26-Apr-24,,,,,,,,,,,
INV-25720,Credit Card,19-Apr-24,,,,,,,,,,,
INV-23693,Wire Transfer,23-Apr-24,,,,,,,,,,,
INV-84517,Wire Transfer,21-Apr-24,,,,,,,,,,,
INV-93904,Credit Card,6-May-24,,,,,,,,,,,
INV-31425,Check,11-Apr-24,,,,,,,,,,,
INV-50563,Check,20-Apr-24,,,,,,,,,,,
INV-51086,Wire Transfer,10-Apr-24,,,,,,,,,,,
INV-28082,Check,4-May-24,,,,,,,,,,,
INV-21173,Check,21-Apr-24,,,,,,,,,,,
INV-50483,Credit Card,1-May-24,,,,,,,,,,,
INV-26182,ACH Transfer,23-Apr-24,,,,,,,,,,,
INV-48189,Wire Transfer,15-Apr-24,,,,,,,,,,,
INV-75495,ACH Transfer,16-Apr-24,,,,,,,,,,,
INV-63641,Check,23-Apr-24,,,,,,,,,,,
INV-25218,ACH Transfer,29-Apr-24,,,,,,,,,,,
INV-98039,Check,3-May-24,,,,,,,,,,,
INV-47006,ACH Transfer,9-Apr-24,,,,,,,,,,,
INV-92825,Wire Transfer,10-Apr-24,,,,,,,,,,,
INV-79737,Wire Transfer,19-Apr-24,,,,,,,,,,,
INV-53077,Wire Transfer,15-Apr-24,,,,,,,,,,,
INV-37924,Credit Card,22-Apr-24,,,,,,,,,,,
INV-35984,Credit Card,26-Apr-24,,,,,,,,,,,
INV-72091,ACH Transfer,4-May-24,,,,,,,,,,,
INV-65391,Check,2-May-24,,,,,,,,,,,
INV-12481,Check,29-Apr-24,,,,,,,,,,,
INV-46134,Credit Card,28-Apr-24,,,,,,,,,,,
INV-38730,Credit Card,20-Apr-24,,,,,,,,,,,
INV-43555,Wire Transfer,10-Apr-24,,,,,,,,,,,
INV-42537,Credit Card,27-Apr-24,,,,,,,,,,,
INV-95371,Wire Transfer,7-Apr-24,,,,,,,,,,,
INV-91487,Credit Card,24-Apr-24,,,,,,,,,,,
INV-83082,Credit Card,15-Apr-24,,,,,,,,,,,
INV-46055,Wire Transfer,21-Apr-24,,,,,,,,,,,
INV-16065,Wire Transfer,13-Apr-24,,,,,,,,,,,
INV-21143,Wire Transfer,14-Apr-24,,,,,,,,,,,
INV-65759,ACH Transfer,7-Apr-24,,,,,,,,,,,
INV-92532,Credit Card,20-Apr-24,,,,,,,,,,,
INV-48672,Credit Card,4-May-24,,,,,,,,,,,
INV-25689,Credit Card,1-May-24,,,,,,,,,,,
INV-80046,Wire Transfer,23-Apr-24,,,,,,,,,,,
INV-69778,Check,16-Apr-24,,,,,,,,,,,
INV-39543,ACH Transfer,9-Apr-24,,,,,,,,,,,
INV-90428,ACH Transfer,26-Apr-24,,,,,,,,,,,
INV-67932,Credit Card,25-Apr-24,,,,,,,,,,,
INV-91914,Wire Transfer,11-Apr-24,,,,,,,,,,,
INV-87515,ACH Transfer,6-May-24,,,,,,,,,,,
INV-31489,Check,4-May-24,,,,,,,,,,,
INV-18144,Check,10-Apr-24,,,,,,,,,,,
INV-82737,Check,4-May-24,,,,,,,,,,,
INV-78671,ACH Transfer,28-Apr-24,,,,,,,,,,,
INV-45793,Credit Card,23-Apr-24,,,,,,,,,,,
INV-62236,Credit Card,12-Apr-24,,,,,,,,,,,
INV-53311,Check,14-Apr-24,,,,,,,,,,,
INV-12603,Credit Card,1-May-24,,,,,,,,,,,
INV-30702,Credit Card,19-Apr-24,,,,,,,,,,,
INV-57017,ACH Transfer,5-May-24,,,,,,,,,,,
INV-56374,Credit Card,12-Apr-24,,,,,,,,,,,
INV-86755,ACH Transfer,2-May-24,,,,,,,,,,,
INV-97114,ACH Transfer,16-Apr-24,,,,,,,,,,,
INV-28316,Check,4-May-24,,,,,,,,,,,
INV-93289,Credit Card,18-Apr-24,,,,,,,,,,,
INV-17187,Wire Transfer,11-Apr-24,,,,,,,,,,,
INV-66085,ACH Transfer,8-Apr-24,,,,,,,,,,,
INV-31660,Wire Transfer,11-Apr-24,,,,,,,,,,,
INV-45051,ACH Transfer,12-Apr-24,,,,,,,,,,,
INV-57349,Credit Card,14-Apr-24,,,,,,,,,,,
INV-24121,Credit Card,16-Apr-24,,,,,,,,,,,
INV-21693,Credit Card,13-Apr-24,,,,,,,,,,,
INV-16752,ACH Transfer,26-Apr-24,,,,,,,,,,,
INV-70501,Check,7-Apr-24,,,,,,,,,,,
INV-78397,Check,18-Apr-24,,,,,,,,,,,
INV-78724,Wire Transfer,22-Apr-24,,,,,,,,,,,
INV-64712,Wire Transfer,10-Apr-24,,,,,,,,,,,
INV-84597,Wire Transfer,16-Apr-24,,,,,,,,,,,
INV-51785,Credit Card,10-Apr-24,,,,,,,,,,,
INV-65865,Wire Transfer,8-Apr-24,,,,,,,,,,,
INV-30663,Wire Transfer,14-Apr-24,,,,,,,,,,,
INV-30621,Check,26-Apr-24,,,,,,,,,,,
INV-36849,Wire Transfer,14-Apr-24,,,,,,,,,,,
INV-58949,Credit Card,18-Apr-24,,,,,,,,,,,
INV-82916,Check,15-Apr-24,,,,,,,,,,,
INV-49514,Credit Card,20-Apr-24,,,,,,,,,,,
INV-23768,Wire Transfer,25-Apr-24,,,,,,,,,,,
INV-95735,Check,17-Apr-24,,,,,,,,,,,
INV-81826,Credit Card,10-Apr-24,,,,,,,,,,,
INV-89863,Credit Card,6-May-24,,,,,,,,,,,
INV-66973,ACH Transfer,9-Apr-24,,,,,,,,,,,
INV-76411,Wire Transfer,19-Apr-24,,,,,,,,,,,
INV-23177,ACH Transfer,18-Apr-24,,,,,,,,,,,
INV-68975,Wire Transfer,16-Apr-24,,,,,,,,,,,
INV-57616,Credit Card,4-May-24,,,,,,,,,,,
INV-81406,Credit Card,22-Apr-24,,,,,,,,,,,
INV-52874,Credit Card,9-Apr-24,,,,,,,,,,,
INV-95223,Wire Transfer,7-Apr-24,,,,,,,,,,,
INV-90793,Credit Card,11-Apr-24,,,,,,,,,,,
INV-23814,Credit Card,29-Apr-24,,,,,,,,,,,
INV-11395,Credit Card,22-Apr-24,,,,,,,,,,,
INV-29210,Credit Card,28-Apr-24,,,,,,,,,,,
INV-35694,Credit Card,15-Apr-24,,,,,,,,,,,
INV-55009,ACH Transfer,13-Apr-24,,,,,,,,,,,
INV-36235,ACH Transfer,5-May-24,,,,,,,,,,,
INV-14345,Check,24-Apr-24,,,,,,,,,,,
INV-34359,ACH Transfer,8-Apr-24,,,,,,,,,,,
INV-17304,Credit Card,13-Apr-24,,,,,,,,,,,
INV-70568,Credit Card,20-Apr-24,,,,,,,,,,,
INV-20454,Credit Card,29-Apr-24,,,,,,,,,,,
INV-39671,Check,25-Apr-24,,,,,,,,,,,
INV-76628,Credit Card,14-Apr-24,,,,,,,,,,,
INV-41356,Wire Transfer,12-Apr-24,,,,,,,,,,,
INV-86289,Check,7-Apr-24,,,,,,,,,,,
INV-89580,Check,29-Apr-24,,,,,,,,,,,
INV-45953,Credit Card,2-May-24,,,,,,,,,,,
INV-48340,Credit Card,23-Apr-24,,,,,,,,,,,
INV-21470,Wire Transfer,14-Apr-24,,,,,,,,,,,
INV-58161,Wire Transfer,1-May-24,,,,,,,,,,,
INV-80710,Wire Transfer,4-May-24,,,,,,,,,,,
INV-82034,ACH Transfer,20-Apr-24,,,,,,,,,,,
INV-98614,Check,4-May-24,,,,,,,,,,,
INV-94949,Credit Card,14-Apr-24,,,,,,,,,,,
INV-90020,Wire Transfer,9-Apr-24,,,,,,,,,,,
INV-27099,ACH Transfer,6-May-24,,,,,,,,,,,
INV-61421,Check,2-May-24,,,,,,,,,,,
INV-46033,ACH Transfer,18-Apr-24,,,,,,,,,,,
INV-33595,Wire Transfer,10-Apr-24,,,,,,,,,,,
INV-17482,Wire Transfer,16-Apr-24,,,,,,,,,,,
INV-77740,Check,20-Apr-24,,,,,,,,,,,
INV-76877,Check,29-Apr-24,,,,,,,,,,,
INV-72723,ACH Transfer,17-Apr-24,,,,,,,,,,,
INV-59568,Credit Card,14-Apr-24,,,,,,,,,,,
INV-80383,Check,16-Apr-24,,,,,,,,,,,
INV-83909,ACH Transfer,10-Apr-24,,,,,,,,,,,
INV-90526,Wire Transfer,14-Apr-24,,,,,,,,,,,
INV-83967,Check,2-May-24,,,,,,,,,,,
INV-11456,Credit Card,13-Apr-24,,,,,,,,,,,
INV-66509,Wire Transfer,7-Apr-24,,,,,,,,,,,
INV-56877,Credit Card,20-Apr-24,,,,,,,,,,,
INV-27529,Wire Transfer,28-Apr-24,,,,,,,,,,,
INV-12433,ACH Transfer,24-Apr-24,,,,,,,,,,,
INV-98223,ACH Transfer,25-Apr-24,,,,,,,,,,,
INV-79470,ACH Transfer,10-Apr-24,,,,,,,,,,,
INV-33055,Check,9-Apr-24,,,,,,,,,,,
INV-45384,Check,3-May-24,,,,,,,,,,,
INV-56082,ACH Transfer,25-Apr-24,,,,,,,,,,,
INV-19115,ACH Transfer,22-Apr-24,,,,,,,,,,,
INV-82456,Wire Transfer,17-Apr-24,,,,,,,,,,,
INV-43529,Credit Card,30-Apr-24,,,,,,,,,,,
INV-18579,Wire Transfer,20-Apr-24,,,,,,,,,,,
INV-35589,Wire Transfer,23-Apr-24,,,,,,,,,,,
INV-32666,Wire Transfer,23-Apr-24,,,,,,,,,,,
INV-67143,ACH Transfer,7-Apr-24,,,,,,,,,,,
INV-47267,Check,28-Apr-24,,,,,,,,,,,
INV-32734,Credit Card,11-Apr-24,,,,,,,,,,,
INV-46409,Check,8-Apr-24,,,,,,,,,,,
INV-97997,ACH Transfer,2-May-24,,,,,,,,,,,
INV-44620,ACH Transfer,10-Apr-24,,,,,,,,,,,
INV-74350,Check,1-May-24,,,,,,,,,,,
INV-71681,ACH Transfer,30-Apr-24,,,,,,,,,,,
INV-83153,Wire Transfer,6-May-24,,,,,,,,,,,
INV-89439,ACH Transfer,17-Apr-24,,,,,,,,,,,
INV-47657,Wire Transfer,7-Apr-24,,,,,,,,,,,
INV-80469,Wire Transfer,9-Apr-24,,,,,,,,,,,
INV-59251,Credit Card,5-May-24,,,,,,,,,,,
INV-86392,Check,29-Apr-24,,,,,,,,,,,
INV-67732,ACH Transfer,20-Apr-24,,,,,,,,,,,
INV-92314,Credit Card,25-Apr-24,,,,,,,,,,,
INV-32331,ACH Transfer,4-May-24,,,,,,,,,,,
INV-16074,ACH Transfer,19-Apr-24,,,,,,,,,,,
INV-50567,Credit Card,16-Apr-24,,,,,,,,,,,
INV-27488,Check,2-May-24,,,,,,,,,,,
INV-17148,ACH Transfer,15-Apr-24,,,,,,,,,,,
INV-85244,ACH Transfer,28-Apr-24,,,,,,,,,,,
INV-40752,Check,15-Apr-24,,,,,,,,,,,
INV-81374,Check,5-May-24,,,,,,,,,,,
INV-21619,Check,29-Apr-24,,,,,,,,,,,
INV-41139,Check,18-Apr-24,,,,,,,,,,,
INV-10870,Wire Transfer,30-Apr-24,,,,,,,,,,,
INV-51984,Credit Card,25-Apr-24,,,,,,,,,,,
INV-48869,Check,27-Apr-24,,,,,,,,,,,
INV-11031,Credit Card,3-May-24,,,,,,,,,,,
INV-14080,Credit Card,5-May-24,,,,,,,,,,,
INV-35166,Check,27-Apr-24,,,,,,,,,,,
INV-45629,Wire Transfer,17-Apr-24,,,,,,,,,,,
INV-38140,Check,17-Apr-24,,,,,,,,,,,
INV-93283,ACH Transfer,11-Apr-24,,,,,,,,,,,
INV-30762,Wire Transfer,28-Apr-24,,,,,,,,,,,
INV-25676,Wire Transfer,5-May-24,,,,,,,,,,,
INV-55954,Credit Card,11-Apr-24,,,,,,,,,,,
INV-40482,Wire Transfer,12-Apr-24,,,,,,,,,,,
INV-79895,Check,16-Apr-24,,,,,,,,,,,
INV-85487,Check,15-Apr-24,,,,,,,,,,,
INV-29865,Check,8-Apr-24,,,,,,,,,,,
INV-91952,Check,30-Apr-24,,,,,,,,,,,
INV-61937,ACH Transfer,28-Apr-24,,,,,,,,,,,
INV-76375,ACH Transfer,22-Apr-24,,,,,,,,,,,
INV-87481,Check,3-May-24,,,,,,,,,,,
INV-92908,ACH Transfer,20-Apr-24,,,,,,,,,,,
INV-48901,Wire Transfer,22-Apr-24,,,,,,,,,,,
INV-55433,Credit Card,10-Apr-24,,,,,,,,,,,
INV-30582,Credit Card,10-Apr-24,,,,,,,,,,,
INV-26766,Credit Card,27-Apr-24,,,,,,,,,,,
INV-38332,ACH Transfer,16-Apr-24,,,,,,,,,,,
INV-15137,Check,2-May-24,,,,,,,,,,,
INV-19501,Wire Transfer,21-Apr-24,,,,,,,,,,,
INV-27666,Wire Transfer,16-Apr-24,,,,,,,,,,,
INV-37140,ACH Transfer,10-Apr-24,,,,,,,,,,,
INV-77073,Credit Card,18-Apr-24,,,,,,,,,,,
INV-90325,Credit Card,25-Apr-24,,,,,,,,,,,
INV-78307,ACH Transfer,21-Apr-24,,,,,,,,,,,
INV-83464,Wire Transfer,20-Apr-24,,,,,,,,,,,
INV-31583,Check,27-Apr-24,,,,,,,,,,,
INV-72470,Check,11-Apr-24,,,,,,,,,,,
INV-60564,ACH Transfer,1-May-24,,,,,,,,,,,
INV-48079,Check,10-Apr-24,,,,,,,,,,,
INV-38259,Credit Card,2-May-24,,,,,,,,,,,
INV-84732,Wire Transfer,7-Apr-24,,,,,,,,,,,
INV-24162,Wire Transfer,24-Apr-24,,,,,,,,,,,
INV-62048,Check,21-Apr-24,,,,,,,,,,,
INV-59396,ACH Transfer,12-Apr-24,,,,,,,,,,,
INV-31990,Wire Transfer,30-Apr-24,,,,,,,,,,,
INV-53520,Wire Transfer,5-May-24,,,,,,,,,,,
INV-41099,Wire Transfer,18-Apr-24,,,,,,,,,,,
INV-27732,ACH Transfer,23-Apr-24,,,,,,,,,,,
INV-75541,Credit Card,9-Apr-24,,,,,,,,,,,
INV-48639,Credit Card,4-May-24,,,,,,,,,,,
INV-76098,ACH Transfer,2-May-24,,,,,,,,,,,
INV-97062,Credit Card,14-Apr-24,,,,,,,,,,,
INV-61990,Wire Transfer,26-Apr-24,,,,,,,,,,,
INV-50849,Credit Card,14-Apr-24,,,,,,,,,,,
INV-69444,Wire Transfer,25-Apr-24,,,,,,,,,,,
INV-18380,Check,30-Apr-24,,,,,,,,,,,
INV-75055,Check,11-Apr-24,,,,,,,,,,,
INV-90647,Wire Transfer,16-Apr-24,,,,,,,,,,,
INV-97781,Wire Transfer,20-Apr-24,,,,,,,,,,,
INV-92044,ACH Transfer,18-Apr-24,,,,,,,,,,,
INV-17969,Check,22-Apr-24,,,,,,,,,,,
INV-91327,ACH Transfer,22-Apr-24,,,,,,,,,,,
INV-26201,Credit Card,29-Apr-24,,,,,,,,,,,
INV-97719,Credit Card,28-Apr-24,,,,,,,,,,,
INV-21680,Credit Card,4-May-24,,,,,,,,,,,
INV-71772,Check,14-Apr-24,,,,,,,,,,,
INV-20379,Wire Transfer,19-Apr-24,,,,,,,,,,,
INV-43922,Credit Card,15-Apr-24,,,,,,,,,,,
INV-54204,ACH Transfer,28-Apr-24,,,,,,,,,,,
INV-51251,Credit Card,12-Apr-24,,,,,,,,,,,
INV-48963,Credit Card,3-May-24,,,,,,,,,,,
INV-19188,ACH Transfer,29-Apr-24,,,,,,,,,,,
INV-97150,Wire Transfer,18-Apr-24,,,,,,,,,,,
INV-39966,Credit Card,26-Apr-24,,,,,,,,,,,
INV-73626,ACH Transfer,12-Apr-24,,,,,,,,,,,
INV-84741,Check,22-Apr-24,,,,,,,,,,,
INV-29764,Credit Card,3-May-24,,,,,,,,,,,
INV-89134,Check,25-Apr-24,,,,,,,,,,,
INV-47119,ACH Transfer,12-Apr-24,,,,,,,,,,,
INV-35832,Wire Transfer,11-Apr-24,,,,,,,,,,,
INV-99015,ACH Transfer,10-Apr-24,,,,,,,,,,,
INV-87763,Wire Transfer,6-May-24,,,,,,,,,,,
INV-10751,Credit Card,11-Apr-24,,,,,,,,,,,
INV-86083,Credit Card,1-May-24,,,,,,,,,,,
INV-48619,Check,4-May-24,,,,,,,,,,,
INV-82298,Wire Transfer,24-Apr-24,,,,,,,,,,,
INV-72182,Check,4-May-24,,,,,,,,,,,
INV-36387,Check,12-Apr-24,,,,,,,,,,,
INV-47956,Credit Card,1-May-24,,,,,,,,,,,
INV-11002,Credit Card,2-May-24,,,,,,,,,,,
INV-43014,Credit Card,16-Apr-24,,,,,,,,,,,
INV-17368,Wire Transfer,4-May-24,,,,,,,,,,,
INV-93916,Credit Card,9-Apr-24,,,,,,,,,,,
INV-80999,Credit Card,5-May-24,,,,,,,,,,,
INV-97285,Wire Transfer,23-Apr-24,,,,,,,,,,,
INV-56164,Check,6-May-24,,,,,,,,,,,
INV-97655,Wire Transfer,15-Apr-24,,,,,,,,,,,
INV-54230,ACH Transfer,21-Apr-24,,,,,,,,,,,
INV-42231,Check,13-Apr-24,,,,,,,,,,,
INV-40360,ACH Transfer,5-May-24,,,,,,,,,,,
INV-21841,Wire Transfer,24-Apr-24,,,,,,,,,,,
INV-78706,Wire Transfer,25-Apr-24,,,,,,,,,,,
INV-23654,Wire Transfer,29-Apr-24,,,,,,,,,,,
INV-70513,ACH Transfer,12-Apr-24,,,,,,,,,,,
INV-23352,Wire Transfer,4-May-24,,,,,,,,,,,
INV-63194,ACH Transfer,9-Apr-24,,,,,,,,,,,
INV-80594,Check,22-Apr-24,,,,,,,,,,,
INV-47538,Wire Transfer,17-Apr-24,,,,,,,,,,,
INV-52881,Wire Transfer,20-Apr-24,,,,,,,,,,,
INV-44100,ACH Transfer,24-Apr-24,,,,,,,,,,,
INV-75612,Check,18-Apr-24,,,,,,,,,,,
INV-92620,Check,4-May-24,,,,,,,,,,,
INV-82841,Check,13-Apr-24,,,,,,,,,,,
INV-29181,Check,27-Apr-24,,,,,,,,,,,
INV-20284,Wire Transfer,25-Apr-24,,,,,,,,,,,
INV-15767,Credit Card,17-Apr-24,,,,,,,,,,,
INV-46489,Wire Transfer,23-Apr-24,,,,,,,,,,,
INV-63181,Credit Card,1-May-24,,,,,,,,,,,
INV-27092,Credit Card,11-Apr-24,,,,,,,,,,,
INV-71004,Credit Card,30-Apr-24,,,,,,,,,,,
INV-39035,Wire Transfer,25-Apr-24,,,,,,,,,,,
INV-92240,ACH Transfer,27-Apr-24,,,,,,,,,,,
INV-87515,Credit Card,10-Apr-24,,,,,,,,,,,
INV-59475,ACH Transfer,17-Apr-24,,,,,,,,,,,
INV-75015,Credit Card,8-Apr-24,,,,,,,,,,,
INV-94280,Credit Card,20-Apr-24,,,,,,,,,,,
INV-18228,Credit Card,10-Apr-24,,,,,,,,,,,
INV-65809,Check,9-Apr-24,,,,,,,,,,,
INV-89460,ACH Transfer,10-Apr-24,,,,,,,,,,,
INV-50282,Wire Transfer,30-Apr-24,,,,,,,,,,,
INV-97589,Check,5-May-24,,,,,,,,,,,
INV-65394,Credit Card,21-Apr-24,,,,,,,,,,,
INV-67111,Credit Card,30-Apr-24,,,,,,,,,,,
INV-71962,ACH Transfer,20-Apr-24,,,,,,,,,,,
INV-88437,Credit Card,12-Apr-24,,,,,,,,,,,
INV-91635,Wire Transfer,12-Apr-24,,,,,,,,,,,
INV-63986,Credit Card,25-Apr-24,,,,,,,,,,,
INV-54397,Credit Card,5-May-24,,,,,,,,,,,
INV-40550,ACH Transfer,28-Apr-24,,,,,,,,,,,
INV-66855,Check,24-Apr-24,,,,,,,,,,,
INV-93269,Credit Card,18-Apr-24,,,,,,,,,,,
INV-76936,Wire Transfer,8-Apr-24,,,,,,,,,,,
INV-84995,Credit Card,26-Apr-24,,,,,,,,,,,
INV-24505,Check,26-Apr-24,,,,,,,,,,,
INV-32734,ACH Transfer,15-Apr-24,,,,,,,,,,,
INV-20420,Check,13-Apr-24,,,,,,,,,,,
INV-49547,Wire Transfer,28-Apr-24,,,,,,,,,,,
INV-84313,Credit Card,9-Apr-24,,,,,,,,,,,
INV-99500,Check,16-Apr-24,,,,,,,,,,,
INV-26827,Wire Transfer,7-Apr-24,,,,,,,,,,,
INV-86458,Credit Card,14-Apr-24,,,,,,,,,,,
INV-39898,Wire Transfer,20-Apr-24,,,,,,,,,,,
INV-24258,Credit Card,27-Apr-24,,,,,,,,,,,
INV-20925,ACH Transfer,10-Apr-24,,,,,,,,,,,
INV-74377,Wire Transfer,19-Apr-24,,,,,,,,,,,
INV-75705,Check,6-May-24,,,,,,,,,,,
INV-89080,ACH Transfer,16-Apr-24,,,,,,,,,,,
INV-31272,Credit Card,22-Apr-24,,,,,,,,,,,
INV-31952,Credit Card,11-Apr-24,,,,,,,,,,,
INV-55681,Wire Transfer,15-Apr-24,,,,,,,,,,,
INV-86283,Credit Card,25-Apr-24,,,,,,,,,,,
INV-77646,Credit Card,27-Apr-24,,,,,,,,,,,
INV-65427,Credit Card,14-Apr-24,,,,,,,,,,,
INV-87050,Wire Transfer,11-Apr-24,,,,,,,,,,,
INV-84503,Wire Transfer,18-Apr-24,,,,,,,,,,,
INV-94616,Check,3-May-24,,,,,,,,,,,
INV-44991,Credit Card,5-May-24,,,,,,,,,,,
INV-41402,ACH Transfer,11-Apr-24,,,,,,,,,,,
INV-38283,Wire Transfer,6-May-24,,,,,,,,,,,
INV-17240,Check,4-May-24,,,,,,,,,,,
INV-45300,ACH Transfer,6-May-24,,,,,,,,,,,
INV-73899,ACH Transfer,23-Apr-24,,,,,,,,,,,
INV-83760,ACH Transfer,21-Apr-24,,,,,,,,,,,
INV-48322,Check,1-May-24,,,,,,,,,,,
INV-74677,Credit Card,24-Apr-24,,,,,,,,,,,
INV-50758,ACH Transfer,5-May-24,,,,,,,,,,,
INV-78645,Wire Transfer,20-Apr-24,,,,,,,,,,,
INV-22403,Check,20-Apr-24,,,,,,,,,,,
INV-80712,Check,26-Apr-24,,,,,,,,,,,
INV-46763,Credit Card,9-Apr-24,,,,,,,,,,,
INV-63479,ACH Transfer,27-Apr-24,,,,,,,,,,,
INV-81208,Check,12-Apr-24,,,,,,,,,,,
INV-44841,Credit Card,27-Apr-24,,,,,,,,,,,
INV-92864,Wire Transfer,2-May-24,,,,,,,,,,,
INV-68617,Wire Transfer,3-May-24,,,,,,,,,,,
INV-59403,ACH Transfer,7-Apr-24,,,,,,,,,,,
INV-17887,Wire Transfer,5-May-24,,,,,,,,,,,
INV-91189,Check,18-Apr-24,,,,,,,,,,,
INV-35320,Check,25-Apr-24,,,,,,,,,,,
INV-47500,Credit Card,23-Apr-24,,,,,,,,,,,
INV-42986,Check,25-Apr-24,,,,,,,,,,,
INV-51101,ACH Transfer,6-May-24,,,,,,,,,,,
INV-29820,Credit Card,7-Apr-24,,,,,,,,,,,
INV-44620,ACH Transfer,25-Apr-24,,,,,,,,,,,
INV-35555,ACH Transfer,4-May-24,,,,,,,,,,,
INV-41602,Credit Card,1-May-24,,,,,,,,,,,
INV-86586,Check,23-Apr-24,,,,,,,,,,,
INV-31554,Wire Transfer,14-Apr-24,,,,,,,,,,,
INV-89503,Credit Card,28-Apr-24,,,,,,,,,,,
INV-14028,Credit Card,17-Apr-24,,,,,,,,,,,
INV-74946,Check,17-Apr-24,,,,,,,,,,,
INV-48320,Wire Transfer,15-Apr-24,,,,,,,,,,,
INV-30643,ACH Transfer,13-Apr-24,,,,,,,,,,,
INV-50885,Wire Transfer,28-Apr-24,,,,,,,,,,,
INV-72265,Wire Transfer,10-Apr-24,,,,,,,,,,,
INV-34494,Wire Transfer,28-Apr-24,,,,,,,,,,,
INV-67931,Credit Card,19-Apr-24,,,,,,,,,,,
INV-29953,Check,17-Apr-24,,,,,,,,,,,
INV-81280,Credit Card,19-Apr-24,,,,,,,,,,,
INV-66480,Credit Card,30-Apr-24,,,,,,,,,,,
INV-41183,Wire Transfer,16-Apr-24,,,,,,,,,,,
INV-52632,Check,27-Apr-24,,,,,,,,,,,
INV-59649,ACH Transfer,28-Apr-24,,,,,,,,,,,
INV-90122,Credit Card,3-May-24,,,,,,,,,,,
INV-34972,Check,29-Apr-24,,,,,,,,,,,
INV-51398,ACH Transfer,23-Apr-24,,,,,,,,,,,
INV-70561,ACH Transfer,27-Apr-24,,,,,,,,,,,
INV-82249,Wire Transfer,29-Apr-24,,,,,,,,,,,
INV-63563,Check,25-Apr-24,,,,,,,,,,,
INV-25484,Check,18-Apr-24,,,,,,,,,,,
INV-19660,Credit Card,28-Apr-24,,,,,,,,,,,
INV-12971,Credit Card,10-Apr-24,,,,,,,,,,,
INV-18285,Check,11-Apr-24,,,,,,,,,,,
INV-49610,Credit Card,5-May-24,,,,,,,,,,,
INV-19367,ACH Transfer,9-Apr-24,,,,,,,,,,,
INV-14073,Check,7-Apr-24,,,,,,,,,,,
INV-12553,Credit Card,2-May-24,,,,,,,,,,,
INV-46780,Credit Card,14-Apr-24,,,,,,,,,,,
INV-19524,Credit Card,27-Apr-24,,,,,,,,,,,
INV-60087,Check,2-May-24,,,,,,,,,,,
INV-65203,Wire Transfer,7-Apr-24,,,,,,,,,,,
INV-67644,ACH Transfer,28-Apr-24,,,,,,,,,,,
INV-10660,ACH Transfer,12-Apr-24,,,,,,,,,,,
INV-41723,Check,10-Apr-24,,,,,,,,,,,
INV-61815,Check,25-Apr-24,,,,,,,,,,,
INV-59710,ACH Transfer,24-Apr-24,,,,,,,,,,,
INV-98496,ACH Transfer,21-Apr-24,,,,,,,,,,,
INV-19847,Wire Transfer,5-May-24,,,,,,,,,,,
INV-55416,Wire Transfer,20-Apr-24,,,,,,,,,,,
INV-48127,Wire Transfer,29-Apr-24,,,,,,,,,,,
INV-67500,ACH Transfer,19-Apr-24,,,,,,,,,,,
INV-35491,Wire Transfer,3-May-24,,,,,,,,,,,
INV-80185,Wire Transfer,26-Apr-24,,,,,,,,,,,
INV-19850,ACH Transfer,18-Apr-24,,,,,,,,,,,
INV-68712,Check,13-Apr-24,,,,,,,,,,,
INV-20801,Credit Card,24-Apr-24,,,,,,,,,,,
INV-98299,Wire Transfer,13-Apr-24,,,,,,,,,,,
INV-61608,Wire Transfer,30-Apr-24,,,,,,,,,,,
INV-99586,Wire Transfer,23-Apr-24,,,,,,,,,,,
INV-28045,Credit Card,22-Apr-24,,,,,,,,,,,
INV-63085,Credit Card,23-Apr-24,,,,,,,,,,,
INV-37922,ACH Transfer,30-Apr-24,,,,,,,,,,,
INV-97812,Check,28-Apr-24,,,,,,,,,,,
INV-71022,Credit Card,11-Apr-24,,,,,,,,,,,
INV-60290,Wire Transfer,2-May-24,,,,,,,,,,,
INV-21616,Check,30-Apr-24,,,,,,,,,,,
INV-44762,Check,1-May-24,,,,,,,,,,,
INV-19750,Credit Card,6-May-24,,,,,,,,,,,
INV-66146,Credit Card,4-May-24,,,,,,,,,,,
INV-21258,Credit Card,6-May-24,,,,,,,,,,,
INV-30804,Wire Transfer,12-Apr-24,,,,,,,,,,,
INV-18192,Credit Card,5-May-24,,,,,,,,,,,
INV-74639,Credit Card,23-Apr-24,,,,,,,,,,,
INV-89249,Wire Transfer,13-Apr-24,,,,,,,,,,,
INV-55627,Check,25-Apr-24,,,,,,,,,,,
INV-68096,ACH Transfer,28-Apr-24,,,,,,,,,,,
INV-56563,Credit Card,21-Apr-24,,,,,,,,,,,
INV-11145,Wire Transfer,22-Apr-24,,,,,,,,,,,
INV-51979,Credit Card,10-Apr-24,,,,,,,,,,,
INV-77542,Check,26-Apr-24,,,,,,,,,,,
INV-31386,ACH Transfer,30-Apr-24,,,,,,,,,,,
INV-71206,ACH Transfer,8-Apr-24,,,,,,,,,,,
INV-45902,Wire Transfer,9-Apr-24,,,,,,,,,,,
INV-39001,ACH Transfer,30-Apr-24,,,,,,,,,,,
INV-28362,ACH Transfer,8-Apr-24,,,,,,,,,,,
INV-69617,Wire Transfer,13-Apr-24,,,,,,,,,,,
INV-98620,Wire Transfer,28-Apr-24,,,,,,,,,,,
INV-21948,Check,30-Apr-24,,,,,,,,,,,
INV-73081,ACH Transfer,24-Apr-24,,,,,,,,,,,
INV-84128,Credit Card,20-Apr-24,,,,,,,,,,,
INV-45878,Check,17-Apr-24,,,,,,,,,,,
INV-90528,ACH Transfer,30-Apr-24,,,,,,,,,,,
INV-20508,ACH Transfer,29-Apr-24,,,,,,,,,,,
INV-76817,Credit Card,4-May-24,,,,,,,,,,,
INV-59947,ACH Transfer,24-Apr-24,,,,,,,,,,,
INV-84294,ACH Transfer,30-Apr-24,,,,,,,,,,,
INV-56668,Wire Transfer,14-Apr-24,,,,,,,,,,,
INV-40299,Check,15-Apr-24,,,,,,,,,,,
INV-88333,Check,23-Apr-24,,,,,,,,,,,
INV-96022,ACH Transfer,22-Apr-24,,,,,,,,,,,
INV-10953,Wire Transfer,23-Apr-24,,,,,,,,,,,
INV-89036,Credit Card,14-Apr-24,,,,,,,,,,,
INV-97331,ACH Transfer,29-Apr-24,,,,,,,,,,,
INV-67558,ACH Transfer,24-Apr-24,,,,,,,,,,,
INV-82265,Credit Card,7-Apr-24,,,,,,,,,,,
INV-21454,Check,21-Apr-24,,,,,,,,,,,
INV-11568,Check,12-Apr-24,,,,,,,,,,,
INV-52008,Wire Transfer,4-May-24,,,,,,,,,,,
INV-30547,Wire Transfer,14-Apr-24,,,,,,,,,,,
INV-30933,Check,13-Apr-24,,,,,,,,,,,
INV-49886,ACH Transfer,23-Apr-24,,,,,,,,,,,
INV-28893,ACH Transfer,25-Apr-24,,,,,,,,,,,
INV-82314,Wire Transfer,17-Apr-24,,,,,,,,,,,
INV-63775,ACH Transfer,14-Apr-24,,,,,,,,,,,
INV-22756,Credit Card,19-Apr-24,,,,,,,,,,,
INV-95037,Credit Card,22-Apr-24,,,,,,,,,,,
INV-73947,Check,16-Apr-24,,,,,,,,,,,
INV-46462,Wire Transfer,2-May-24,,,,,,,,,,,
INV-94537,Credit Card,23-Apr-24,,,,,,,,,,,
INV-60197,Credit Card,24-Apr-24,,,,,,,,,,,
INV-35840,ACH Transfer,17-Apr-24,,,,,,,,,,,
INV-45054,Check,3-May-24,,,,,,,,,,,
INV-67705,Credit Card,13-Apr-24,,,,,,,,,,,
INV-58118,Credit Card,6-May-24,,,,,,,,,,,
INV-59743,ACH Transfer,15-Apr-24,,,,,,,,,,,
INV-76904,Wire Transfer,18-Apr-24,,,,,,,,,,,
INV-57625,ACH Transfer,26-Apr-24,,,,,,,,,,,
INV-11890,ACH Transfer,5-May-24,,,,,,,,,,,
INV-62468,Wire Transfer,26-Apr-24,,,,,,,,,,,
INV-28784,Wire Transfer,26-Apr-24,,,,,,,,,,,
INV-92840,Check,11-Apr-24,,,,,,,,,,,
INV-71937,ACH Transfer,20-Apr-24,,,,,,,,,,,
INV-83062,Credit Card,13-Apr-24,,,,,,,,,,,
INV-93689,Check,3-May-24,,,,,,,,,,,
INV-30147,Credit Card,8-Apr-24,,,,,,,,,,,
INV-70847,ACH Transfer,22-Apr-24,,,,,,,,,,,
INV-87269,Check,25-Apr-24,,,,,,,,,,,
INV-26843,Credit Card,8-Apr-24,,,,,,,,,,,
INV-96493,Wire Transfer,13-Apr-24,,,,,,,,,,,
INV-18342,Credit Card,11-Apr-24,,,,,,,,,,,
INV-73651,Check,19-Apr-24,,,,,,,,,,,
INV-72987,Check,2-May-24,,,,,,,,,,,
INV-85873,Wire Transfer,30-Apr-24,,,,,,,,,,,
INV-29047,Credit Card,18-Apr-24,,,,,,,,,,,
INV-69307,ACH Transfer,5-May-24,,,,,,,,,,,
INV-22151,Check,26-Apr-24,,,,,,,,,,,
INV-30829,Check,5-May-24,,,,,,,,,,,
INV-79749,Credit Card,19-Apr-24,,,,,,,,,,,
INV-67486,Wire Transfer,6-May-24,,,,,,,,,,,
INV-11545,ACH Transfer,2-May-24,,,,,,,,,,,
INV-58144,Credit Card,28-Apr-24,,,,,,,,,,,
INV-88503,Credit Card,5-May-24,,,,,,,,,,,
INV-80155,Wire Transfer,5-May-24,,,,,,,,,,,
INV-64325,Credit Card,14-Apr-24,,,,,,,,,,,
INV-56685,Wire Transfer,29-Apr-24,,,,,,,,,,,
INV-91037,Wire Transfer,18-Apr-24,,,,,,,,,,,
INV-44221,Check,28-Apr-24,,,,,,,,,,,
INV-57996,Credit Card,20-Apr-24,,,,,,,,,,,
INV-43906,Wire Transfer,4-May-24,,,,,,,,,,,
INV-31505,Wire Transfer,28-Apr-24,,,,,,,,,,,
INV-17100,Check,23-Apr-24,,,,,,,,,,,
INV-24197,Credit Card,19-Apr-24,,,,,,,,,,,
INV-42143,Wire Transfer,12-Apr-24,,,,,,,,,,,
INV-86651,Credit Card,9-Apr-24,,,,,,,,,,,
INV-69208,Wire Transfer,4-May-24,,,,,,,,,,,
INV-70491,Credit Card,27-Apr-24,,,,,,,,,,,
INV-73611,ACH Transfer,30-Apr-24,,,,,,,,,,,
INV-76212,Credit Card,2-May-24,,,,,,,,,,,
INV-20342,Wire Transfer,26-Apr-24,,,,,,,,,,,
INV-37093,ACH Transfer,13-Apr-24,,,,,,,,,,,
INV-77473,Wire Transfer,7-Apr-24,,,,,,,,,,,
INV-68947,ACH Transfer,23-Apr-24,,,,,,,,,,,
INV-56305,ACH Transfer,14-Apr-24,,,,,,,,,,,
INV-62592,Wire Transfer,27-Apr-24,,,,,,,,,,,
INV-93898,Credit Card,1-May-24,,,,,,,,,,,
INV-76476,Credit Card,10-Apr-24,,,,,,,,,,,
INV-58236,Check,5-May-24,,,,,,,,,,,
INV-60874,Credit Card,22-Apr-24,,,,,,,,,,,
INV-77650,Credit Card,11-Apr-24,,,,,,,,,,,
INV-60397,Credit Card,16-Apr-24,,,,,,,,,,,
INV-57031,ACH Transfer,1-May-24,,,,,,,,,,,
INV-45686,Wire Transfer,29-Apr-24,,,,,,,,,,,
INV-91176,Check,8-Apr-24,,,,,,,,,,,
INV-88025,ACH Transfer,2-May-24,,,,,,,,,,,
INV-58063,Check,21-Apr-24,,,,,,,,,,,
INV-67468,Wire Transfer,10-Apr-24,,,,,,,,,,,
INV-52361,Credit Card,6-May-24,,,,,,,,,,,
INV-49587,Wire Transfer,3-May-24,,,,,,,,,,,
INV-95908,Check,8-Apr-24,,,,,,,,,,,
INV-32825,ACH Transfer,14-Apr-24,,,,,,,,,,,
INV-24210,Credit Card,13-Apr-24,,,,,,,,,,,
INV-77949,Check,3-May-24,,,,,,,,,,,
INV-21865,Check,27-Apr-24,,,,,,,,,,,
INV-80902,ACH Transfer,23-Apr-24,,,,,,,,,,,
INV-75747,ACH Transfer,21-Apr-24,,,,,,,,,,,
INV-77460,Check,1-May-24,,,,,,,,,,,
INV-48187,Check,30-Apr-24,,,,,,,,,,,
INV-77855,Wire Transfer,14-Apr-24,,,,,,,,,,,
INV-24997,Credit Card,23-Apr-24,,,,,,,,,,,
INV-71814,ACH Transfer,16-Apr-24,,,,,,,,,,,
INV-60589,Credit Card,15-Apr-24,,,,,,,,,,,
INV-61341,Credit Card,21-Apr-24,,,,,,,,,,,
INV-21295,ACH Transfer,28-Apr-24,,,,,,,,,,,
INV-99932,ACH Transfer,8-Apr-24,,,,,,,,,,,
INV-15354,Check,30-Apr-24,,,,,,,,,,,
INV-67257,Credit Card,20-Apr-24,,,,,,,,,,,
INV-22958,Check,21-Apr-24,,,,,,,,,,,
INV-70452,Credit Card,13-Apr-24,,,,,,,,,,,
INV-20344,Wire Transfer,19-Apr-24,,,,,,,,,,,
INV-55591,Wire Transfer,25-Apr-24,,,,,,,,,,,
INV-14485,Check,15-Apr-24,,,,,,,,,,,
INV-60660,ACH Transfer,24-Apr-24,,,,,,,,,,,
INV-48661,Check,18-Apr-24,,,,,,,,,,,
INV-69779,Wire Transfer,27-Apr-24,,,,,,,,,,,
INV-36066,ACH Transfer,2-May-24,,,,,,,,,,,
INV-20978,ACH Transfer,20-Apr-24,,,,,,,,,,,
INV-31647,Credit Card,27-Apr-24,,,,,,,,,,,
INV-44944,Check,22-Apr-24,,,,,,,,,,,
INV-35660,Credit Card,30-Apr-24,,,,,,,,,,,
INV-57339,ACH Transfer,28-Apr-24,,,,,,,,,,,
INV-45941,Wire Transfer,21-Apr-24,,,,,,,,,,,
INV-60677,ACH Transfer,1-May-24,,,,,,,,,,,
INV-26709,Credit Card,22-Apr-24,,,,,,,,,,,
INV-36891,Wire Transfer,28-Apr-24,,,,,,,,,,,
INV-11159,Credit Card,21-Apr-24,,,,,,,,,,,
INV-54200,Credit Card,6-May-24,,,,,,,,,,,
INV-68534,ACH Transfer,26-Apr-24,,,,,,,,,,,
INV-90203,Check,9-Apr-24,,,,,,,,,,,
INV-82964,Wire Transfer,12-Apr-24,,,,,,,,,,,
INV-43535,Wire Transfer,16-Apr-24,,,,,,,,,,,
INV-31794,Credit Card,22-Apr-24,,,,,,,,,,,
INV-48710,Credit Card,10-Apr-24,,,,,,,,,,,
INV-41546,Check,28-Apr-24,,,,,,,,,,,
INV-97777,Wire Transfer,25-Apr-24,,,,,,,,,,,
INV-27761,Check,2-May-24,,,,,,,,,,,
INV-76685,Credit Card,27-Apr-24,,,,,,,,,,,
INV-17982,Credit Card,26-Apr-24,,,,,,,,,,,
INV-90744,Wire Transfer,25-Apr-24,,,,,,,,,,,
INV-74767,ACH Transfer,1-May-24,,,,,,,,,,,
INV-71112,ACH Transfer,17-Apr-24,,,,,,,,,,,
INV-35981,Wire Transfer,15-Apr-24,,,,,,,,,,,
INV-50007,Credit Card,25-Apr-24,,,,,,,,,,,
INV-37652,ACH Transfer,8-Apr-24,,,,,,,,,,,
INV-78437,Check,22-Apr-24,,,,,,,,,,,
INV-51994,Check,8-Apr-24,,,,,,,,,,,
INV-69544,Wire Transfer,4-May-24,,,,,,,,,,,
INV-97438,Check,6-May-24,,,,,,,,,,,
INV-48418,Credit Card,29-Apr-24,,,,,,,,,,,
INV-67543,ACH Transfer,23-Apr-24,,,,,,,,,,,
INV-12293,Check,15-Apr-24,,,,,,,,,,,
INV-33361,Credit Card,25-Apr-24,,,,,,,,,,,
INV-82509,Wire Transfer,13-Apr-24,,,,,,,,,,,
INV-42046,Wire Transfer,11-Apr-24,,,,,,,,,,,
INV-58169,Wire Transfer,8-Apr-24,,,,,,,,,,,
INV-40513,ACH Transfer,19-Apr-24,,,,,,,,,,,
INV-55833,Credit Card,3-May-24,,,,,,,,,,,
INV-95103,Wire Transfer,16-Apr-24,,,,,,,,,,,
INV-80947,Check,29-Apr-24,,,,,,,,,,,
INV-10148,Check,17-Apr-24,,,,,,,,,,,
INV-22987,Wire Transfer,1-May-24,,,,,,,,,,,
INV-96295,ACH Transfer,14-Apr-24,,,,,,,,,,,
INV-21763,ACH Transfer,7-Apr-24,,,,,,,,,,,
INV-39767,Wire Transfer,14-Apr-24,,,,,,,,,,,
INV-32220,Wire Transfer,27-Apr-24,,,,,,,,,,,
INV-33985,ACH Transfer,4-May-24,,,,,,,,,,,
INV-79355,Credit Card,25-Apr-24,,,,,,,,,,,
INV-20314,Wire Transfer,11-Apr-24,,,,,,,,,,,
INV-11837,Credit Card,24-Apr-24,,,,,,,,,,,
INV-87770,ACH Transfer,27-Apr-24,,,,,,,,,,,
INV-16601,Wire Transfer,24-Apr-24,,,,,,,,,,,
INV-78099,Credit Card,5-May-24,,,,,,,,,,,
INV-57470,Credit Card,23-Apr-24,,,,,,,,,,,
INV-57481,ACH Transfer,17-Apr-24,,,,,,,,,,,
INV-84314,ACH Transfer,19-Apr-24,,,,,,,,,,,
INV-24752,ACH Transfer,23-Apr-24,,,,,,,,,,,
INV-94284,ACH Transfer,15-Apr-24,,,,,,,,,,,
INV-62660,Check,28-Apr-24,,,,,,,,,,,
INV-42216,Check,6-May-24,,,,,,,,,,,
INV-34240,Check,30-Apr-24,,,,,,,,,,,
INV-99115,Credit Card,10-Apr-24,,,,,,,,,,,
INV-48772,Wire Transfer,5-May-24,,,,,,,,,,,
INV-92357,ACH Transfer,30-Apr-24,,,,,,,,,,,
INV-12675,ACH Transfer,10-Apr-24,,,,,,,,,,,
INV-32881,Check,1-May-24,,,,,,,,,,,
INV-43037,Wire Transfer,8-Apr-24,,,,,,,,,,,
INV-44371,Credit Card,1-May-24,,,,,,,,,,,
INV-85272,ACH Transfer,26-Apr-24,,,,,,,,,,,
INV-66127,Credit Card,9-Apr-24,,,,,,,,,,,
INV-39910,Check,25-Apr-24,,,,,,,,,,,
INV-16665,Check,13-Apr-24,,,,,,,,,,,
INV-54215,Credit Card,17-Apr-24,,,,,,,,,,,
INV-17754,Credit Card,28-Apr-24,,,,,,,,,,,
INV-64204,Wire Transfer,28-Apr-24,,,,,,,,,,,
INV-33632,Credit Card,10-Apr-24,,,,,,,,,,,
INV-27698,ACH Transfer,22-Apr-24,,,,,,,,,,,
INV-22823,Credit Card,12-Apr-24,,,,,,,,,,,
INV-87929,ACH Transfer,23-Apr-24,,,,,,,,,,,
INV-93747,Wire Transfer,27-Apr-24,,,,,,,,,,,
INV-33250,Wire Transfer,9-Apr-24,,,,,,,,,,,
INV-62933,Check,17-Apr-24,,,,,,,,,,,
INV-83234,Wire Transfer,16-Apr-24,,,,,,,,,,,
INV-75204,Wire Transfer,15-Apr-24,,,,,,,,,,,
INV-63517,Credit Card,25-Apr-24,,,,,,,,,,,
INV-34327,Check,4-May-24,,,,,,,,,,,
INV-97104,Wire Transfer,1-May-24,,,,,,,,,,,
INV-76168,Wire Transfer,20-Apr-24,,,,,,,,,,,
INV-41015,ACH Transfer,11-Apr-24,,,,,,,,,,,
INV-69160,Credit Card,2-May-24,,,,,,,,,,,
INV-35702,ACH Transfer,6-May-24,,,,,,,,,,,
INV-93194,Credit Card,7-Apr-24,,,,,,,,,,,
INV-45570,Wire Transfer,1-May-24,,,,,,,,,,,
INV-77080,Wire Transfer,7-Apr-24,,,,,,,,,,,
INV-67845,Check,28-Apr-24,,,,,,,,,,,
INV-58334,ACH Transfer,23-Apr-24,,,,,,,,,,,
INV-97322,ACH Transfer,19-Apr-24,,,,,,,,,,,
INV-93260,ACH Transfer,24-Apr-24,,,,,,,,,,,
INV-70797,Check,8-Apr-24,,,,,,,,,,,
INV-13704,Check,2-May-24,,,,,,,,,,,
INV-23807,ACH Transfer,29-Apr-24,,,,,,,,,,,
INV-95608,ACH Transfer,22-Apr-24,,,,,,,,,,,
INV-58702,Wire Transfer,16-Apr-24,,,,,,,,,,,
INV-74872,Check,20-Apr-24,,,,,,,,,,,
INV-26177,Wire Transfer,8-Apr-24,,,,,,,,,,,
INV-56344,ACH Transfer,20-Apr-24,,,,,,,,,,,
INV-65471,Wire Transfer,9-Apr-24,,,,,,,,,,,
INV-77780,Check,11-Apr-24,,,,,,,,,,,
INV-93780,Wire Transfer,29-Apr-24,,,,,,,,,,,
INV-11861,Check,17-Apr-24,,,,,,,,,,,
INV-27309,Credit Card,18-Apr-24,,,,,,,,,,,
INV-51292,Wire Transfer,24-Apr-24,,,,,,,,,,,
INV-58498,Wire Transfer,22-Apr-24,,,,,,,,,,,
INV-23574,Credit Card,25-Apr-24,,,,,,,,,,,
INV-61101,Wire Transfer,30-Apr-24,,,,,,,,,,,
INV-88742,ACH Transfer,26-Apr-24,,,,,,,,,,,
INV-84689,Credit Card,20-Apr-24,,,,,,,,,,,
INV-53581,Check,25-Apr-24,,,,,,,,,,,
INV-95304,Credit Card,10-Apr-24,,,,,,,,,,,
INV-15352,Check,28-Apr-24,,,,,,,,,,,
INV-28588,Wire Transfer,24-Apr-24,,,,,,,,,,,
INV-44691,Wire Transfer,29-Apr-24,,,,,,,,,,,
INV-58273,ACH Transfer,13-Apr-24,,,,,,,,,,,
INV-58257,Wire Transfer,16-Apr-24,,,,,,,,,,,
INV-86515,Wire Transfer,25-Apr-24,,,,,,,,,,,
INV-55164,ACH Transfer,12-Apr-24,,,,,,,,,,,
INV-55351,Credit Card,22-Apr-24,,,,,,,,,,,
INV-36524,Check,24-Apr-24,,,,,,,,,,,
INV-10576,Credit Card,21-Apr-24,,,,,,,,,,,
INV-19882,Check,13-Apr-24,,,,,,,,,,,
INV-44641,ACH Transfer,10-Apr-24,,,,,,,,,,,
INV-26720,Wire Transfer,13-Apr-24,,,,,,,,,,,
INV-30504,ACH Transfer,12-Apr-24,,,,,,,,,,,
INV-62755,Check,13-Apr-24,,,,,,,,,,,
INV-35333,Credit Card,7-Apr-24,,,,,,,,,,,
INV-74042,Credit Card,17-Apr-24,,,,,,,,,,,
INV-43313,Wire Transfer,15-Apr-24,,,,,,,,,,,
INV-44385,Credit Card,28-Apr-24,,,,,,,,,,,
INV-43249,Check,7-Apr-24,,,,,,,,,,,
INV-74925,Wire Transfer,21-Apr-24,,,,,,,,,,,
INV-94913,Wire Transfer,17-Apr-24,,,,,,,,,,,
INV-95795,Credit Card,29-Apr-24,,,,,,,,,,,
INV-34962,Credit Card,14-Apr-24,,,,,,,,,,,
INV-22533,Check,18-Apr-24,,,,,,,,,,,
INV-96218,ACH Transfer,22-Apr-24,,,,,,,,,,,
INV-64966,Check,2-May-24,,,,,,,,,,,
INV-46323,Wire Transfer,18-Apr-24,,,,,,,,,,,
INV-59844,Wire Transfer,7-Apr-24,,,,,,,,,,,
INV-67105,ACH Transfer,9-Apr-24,,,,,,,,,,,
INV-90660,ACH Transfer,9-Apr-24,,,,,,,,,,,
INV-73384,ACH Transfer,27-Apr-24,,,,,,,,,,,
INV-80702,ACH Transfer,6-May-24,,,,,,,,,,,
INV-77644,Check,23-Apr-24,,,,,,,,,,,
INV-46469,Credit Card,24-Apr-24,,,,,,,,,,,
INV-64754,Credit Card,9-Apr-24,,,,,,,,,,,
INV-37605,Credit Card,17-Apr-24,,,,,,,,,,,
INV-81986,Check,15-Apr-24,,,,,,,,,,,
INV-10564,Check,17-Apr-24,,,,,,,,,,,
INV-49515,Check,1-May-24,,,,,,,,,,,
INV-95163,ACH Transfer,19-Apr-24,,,,,,,,,,,
INV-56372,Wire Transfer,4-May-24,,,,,,,,,,,
INV-70306,Check,10-Apr-24,,,,,,,,,,,
INV-50450,ACH Transfer,9-Apr-24,,,,,,,,,,,
INV-43130,Wire Transfer,12-Apr-24,,,,,,,,,,,
INV-15967,Wire Transfer,25-Apr-24,,,,,,,,,,,
INV-22181,ACH Transfer,16-Apr-24,,,,,,,,,,,
INV-98594,Check,26-Apr-24,,,,,,,,,,,
INV-60548,Credit Card,2-May-24,,,,,,,,,,,
INV-72996,ACH Transfer,24-Apr-24,,,,,,,,,,,
INV-83073,Check,26-Apr-24,,,,,,,,,,,
INV-78912,Wire Transfer,3-May-24,,,,,,,,,,,
INV-63373,Credit Card,25-Apr-24,,,,,,,,,,,
INV-22304,Credit Card,30-Apr-24,,,,,,,,,,,
INV-35084,Check,5-May-24,,,,,,,,,,,
INV-31658,Check,29-Apr-24,,,,,,,,,,,
INV-29185,Wire Transfer,1-May-24,,,,,,,,,,,
INV-82092,Check,29-Apr-24,,,,,,,,,,,
INV-54139,Credit Card,2-May-24,,,,,,,,,,,
INV-88255,Credit Card,25-Apr-24,,,,,,,,,,,
INV-68698,ACH Transfer,4-May-24,,,,,,,,,,,
INV-15242,Wire Transfer,18-Apr-24,,,,,,,,,,,
INV-44640,Check,21-Apr-24,,,,,,,,,,,
INV-87062,Check,18-Apr-24,,,,,,,,,,,
INV-84132,Credit Card,26-Apr-24,,,,,,,,,,,
INV-64928,ACH Transfer,22-Apr-24,,,,,,,,,,,
INV-94962,Check,30-Apr-24,,,,,,,,,,,
INV-77982,Wire Transfer,1-May-24,,,,,,,,,,,
INV-48204,Credit Card,19-Apr-24,,,,,,,,,,,
INV-73597,Wire Transfer,11-Apr-24,,,,,,,,,,,
INV-20517,Credit Card,26-Apr-24,,,,,,,,,,,
INV-32747,Check,6-May-24,,,,,,,,,,,
INV-70602,Credit Card,6-May-24,,,,,,,,,,,
INV-66693,Check,3-May-24,,,,,,,,,,,
INV-73558,ACH Transfer,21-Apr-24,,,,,,,,,,,
INV-80533,Wire Transfer,12-Apr-24,,,,,,,,,,,
INV-24433,Check,20-Apr-24,,,,,,,,,,,
INV-41587,Wire Transfer,16-Apr-24,,,,,,,,,,,
INV-20388,Wire Transfer,8-Apr-24,,,,,,,,,,,
INV-67964,Wire Transfer,2-May-24,,,,,,,,,,,
INV-17636,Check,21-Apr-24,,,,,,,,,,,
INV-21515,Check,4-May-24,,,,,,,,,,,
INV-31771,Wire Transfer,18-Apr-24,,,,,,,,,,,
INV-88949,Check,30-Apr-24,,,,,,,,,,,
INV-54865,Check,7-Apr-24,,,,,,,,,,,
INV-20088,Credit Card,15-Apr-24,,,,,,,,,,,
INV-54095,Credit Card,24-Apr-24,,,,,,,,,,,
INV-21009,ACH Transfer,22-Apr-24,,,,,,,,,,,
INV-55815,Credit Card,8-Apr-24,,,,,,,,,,,
INV-72101,Check,12-Apr-24,,,,,,,,,,,
INV-43068,Wire Transfer,23-Apr-24,,,,,,,,,,,
INV-30631,Credit Card,25-Apr-24,,,,,,,,,,,
INV-24659,Wire Transfer,27-Apr-24,,,,,,,,,,,
INV-95672,Wire Transfer,14-Apr-24,,,,,,,,,,,
INV-63392,Credit Card,6-May-24,,,,,,,,,,,
INV-29212,Wire Transfer,2-May-24,,,,,,,,,,,
INV-46806,Credit Card,14-Apr-24,,,,,,,,,,,
INV-49009,Check,8-Apr-24,,,,,,,,,,,
INV-89585,Wire Transfer,29-Apr-24,,,,,,,,,,,
INV-61093,Credit Card,12-Apr-24,,,,,,,,,,,
INV-51927,Check,26-Apr-24,,,,,,,,,,,
INV-15913,ACH Transfer,6-May-24,,,,,,,,,,,
INV-24800,ACH Transfer,10-Apr-24,,,,,,,,,,,
INV-99550,Wire Transfer,10-Apr-24,,,,,,,,,,,
INV-31751,Check,11-Apr-24,,,,,,,,,,,
INV-28608,ACH Transfer,5-May-24,,,,,,,,,,,
INV-38542,Credit Card,4-May-24,,,,,,,,,,,
INV-10354,Credit Card,2-May-24,,,,,,,,,,,
INV-47522,Wire Transfer,20-Apr-24,,,,,,,,,,,
INV-18320,Wire Transfer,14-Apr-24,,,,,,,,,,,
INV-42871,ACH Transfer,11-Apr-24,,,,,,,,,,,
INV-73025,Check,4-May-24,,,,,,,,,,,
INV-91585,Check,19-Apr-24,,,,,,,,,,,
INV-69440,Check,14-Apr-24,,,,,,,,,,,
INV-72895,Check,1-May-24,,,,,,,,,,,
INV-17557,Wire Transfer,28-Apr-24,,,,,,,,,,,
INV-95279,ACH Transfer,2-May-24,,,,,,,,,,,
INV-12946,Credit Card,16-Apr-24,,,,,,,,,,,
INV-49889,Credit Card,20-Apr-24,,,,,,,,,,,
INV-50011,ACH Transfer,24-Apr-24,,,,,,,,,,,
INV-67211,ACH Transfer,9-Apr-24,,,,,,,,,,,
INV-66938,Wire Transfer,13-Apr-24,,,,,,,,,,,
INV-41021,Credit Card,23-Apr-24,,,,,,,,,,,
INV-67551,ACH Transfer,29-Apr-24,,,,,,,,,,,
INV-60513,Check,7-Apr-24,,,,,,,,,,,
INV-43169,Check,7-Apr-24,,,,,,,,,,,
INV-72346,ACH Transfer,12-Apr-24,,,,,,,,,,,
INV-78325,ACH Transfer,2-May-24,,,,,,,,,,,
INV-74402,Wire Transfer,6-May-24,,,,,,,,,,,
INV-72477,Wire Transfer,18-Apr-24,,,,,,,,,,,
INV-31987,Check,10-Apr-24,,,,,,,,,,,
INV-29397,Wire Transfer,24-Apr-24,,,,,,,,,,,
INV-80841,Wire Transfer,1-May-24,,,,,,,,,,,
INV-98174,Credit Card,20-Apr-24,,,,,,,,,,,
INV-30711,Check,22-Apr-24,,,,,,,,,,,
INV-53154,Credit Card,30-Apr-24,,,,,,,,,,,
INV-57495,Credit Card,22-Apr-24,,,,,,,,,,,
INV-16132,ACH Transfer,22-Apr-24,,,,,,,,,,,
INV-85370,ACH Transfer,5-May-24,,,,,,,,,,,
INV-97442,ACH Transfer,27-Apr-24,,,,,,,,,,,
INV-77236,Wire Transfer,2-May-24,,,,,,,,,,,
INV-42080,Check,22-Apr-24,,,,,,,,,,,
INV-67309,Wire Transfer,6-May-24,,,,,,,,,,,
INV-12713,Wire Transfer,14-Apr-24,,,,,,,,,,,
INV-72120,ACH Transfer,21-Apr-24,,,,,,,,,,,
INV-52130,Credit Card,13-Apr-24,,,,,,,,,,,
INV-21292,Wire Transfer,26-Apr-24,,,,,,,,,,,
INV-30225,Credit Card,15-Apr-24,,,,,,,,,,,
INV-42382,ACH Transfer,12-Apr-24,,,,,,,,,,,
INV-50664,Wire Transfer,20-Apr-24,,,,,,,,,,,
INV-42165,Check,30-Apr-24,,,,,,,,,,,
INV-10708,Wire Transfer,27-Apr-24,,,,,,,,,,,
INV-60417,Wire Transfer,21-Apr-24,,,,,,,,,,,
INV-74670,Credit Card,30-Apr-24,,,,,,,,,,,
INV-89864,Check,20-Apr-24,,,,,,,,,,,
INV-79324,Wire Transfer,24-Apr-24,,,,,,,,,,,
INV-33226,Credit Card,8-Apr-24,,,,,,,,,,,
INV-20098,Wire Transfer,24-Apr-24,,,,,,,,,,,
INV-45113,Check,1-May-24,,,,,,,,,,,
INV-37813,Check,12-Apr-24,,,,,,,,,,,
INV-83084,ACH Transfer,3-May-24,,,,,,,,,,,
INV-26061,Wire Transfer,6-May-24,,,,,,,,,,,
INV-99760,Credit Card,13-Apr-24,,,,,,,,,,,
INV-89804,ACH Transfer,11-Apr-24,,,,,,,,,,,
INV-56639,Check,28-Apr-24,,,,,,,,,,,
INV-76997,ACH Transfer,23-Apr-24,,,,,,,,,,,
INV-46864,ACH Transfer,19-Apr-24,,,,,,,,,,,
INV-73501,Credit Card,6-May-24,,,,,,,,,,,
INV-28773,ACH Transfer,8-Apr-24,,,,,,,,,,,
INV-81366,Credit Card,5-May-24,,,,,,,,,,,
INV-39613,ACH Transfer,3-May-24,,,,,,,,,,,
INV-23781,ACH Transfer,2-May-24,,,,,,,,,,,
INV-63588,ACH Transfer,15-Apr-24,,,,,,,,,,,
INV-65402,Wire Transfer,13-Apr-24,,,,,,,,,,,
INV-41368,ACH Transfer,6-May-24,,,,,,,,,,,
INV-18222,ACH Transfer,18-Apr-24,,,,,,,,,,,
INV-29592,Credit Card,4-May-24,,,,,,,,,,,
INV-15624,ACH Transfer,22-Apr-24,,,,,,,,,,,
INV-76754,ACH Transfer,10-Apr-24,,,,,,,,,,,
INV-72145,Credit Card,26-Apr-24,,,,,,,,,,,
INV-19120,Credit Card,21-Apr-24,,,,,,,,,,,
INV-48885,Check,9-Apr-24,,,,,,,,,,,
INV-32561,Wire Transfer,11-Apr-24,,,,,,,,,,,
INV-59919,Wire Transfer,9-Apr-24,,,,,,,,,,,
INV-97608,Check,12-Apr-24,,,,,,,,,,,
INV-76369,Credit Card,9-Apr-24,,,,,,,,,,,
INV-95571,Check,28-Apr-24,,,,,,,,,,,
INV-35032,Wire Transfer,24-Apr-24,,,,,,,,,,,
INV-86672,Credit Card,22-Apr-24,,,,,,,,,,,
INV-29562,Credit Card,26-Apr-24,,,,,,,,,,,
INV-69574,ACH Transfer,5-May-24,,,,,,,,,,,
INV-37234,ACH Transfer,6-May-24,,,,,,,,,,,
INV-73468,Wire Transfer,12-Apr-24,,,,,,,,,,,
INV-86303,Credit Card,7-Apr-24,,,,,,,,,,,
INV-18993,Wire Transfer,10-Apr-24,,,,,,,,,,,
INV-23854,ACH Transfer,27-Apr-24,,,,,,,,,,,
INV-56136,Wire Transfer,30-Apr-24,,,,,,,,,,,
INV-69554,ACH Transfer,28-Apr-24,,,,,,,,,,,
INV-98336,Check,14-Apr-24,,,,,,,,,,,
INV-94393,ACH Transfer,23-Apr-24,,,,,,,,,,,
INV-70449,Wire Transfer,1-May-24,,,,,,,,,,,
INV-12619,Check,22-Apr-24,,,,,,,,,,,
INV-85140,ACH Transfer,23-Apr-24,,,,,,,,,,,
INV-43542,Wire Transfer,26-Apr-24,,,,,,,,,,,
INV-40721,ACH Transfer,16-Apr-24,,,,,,,,,,,
INV-32397,Check,22-Apr-24,,,,,,,,,,,
INV-12485,Wire Transfer,20-Apr-24,,,,,,,,,,,
INV-48206,Wire Transfer,16-Apr-24,,,,,,,,,,,
INV-23875,Wire Transfer,2-May-24,,,,,,,,,,,
INV-51184,Wire Transfer,3-May-24,,,,,,,,,,,
INV-71836,Credit Card,9-Apr-24,,,,,,,,,,,
INV-25625,Check,25-Apr-24,,,,,,,,,,,
INV-72027,Credit Card,29-Apr-24,,,,,,,,,,,
INV-24130,ACH Transfer,7-Apr-24,,,,,,,,,,,
INV-15510,Wire Transfer,9-Apr-24,,,,,,,,,,,
INV-69050,Credit Card,13-Apr-24,,,,,,,,,,,
INV-62282,Credit Card,17-Apr-24,,,,,,,,,,,
INV-48009,ACH Transfer,24-Apr-24,,,,,,,,,,,
INV-45971,Wire Transfer,11-Apr-24,,,,,,,,,,,
INV-44531,Credit Card,12-Apr-24,,,,,,,,,,,
INV-66602,Wire Transfer,20-Apr-24,,,,,,,,,,,
INV-30485,Check,8-Apr-24,,,,,,,,,,,
INV-44592,ACH Transfer,26-Apr-24,,,,,,,,,,,
INV-84332,Credit Card,28-Apr-24,,,,,,,,,,,
INV-86072,ACH Transfer,20-Apr-24,,,,,,,,,,,
INV-79604,Credit Card,9-Apr-24,,,,,,,,,,,
INV-93959,Wire Transfer,23-Apr-24,,,,,,,,,,,
INV-60246,Check,25-Apr-24,,,,,,,,,,,
INV-26741,Check,1-May-24,,,,,,,,,,,
INV-95904,Wire Transfer,20-Apr-24,,,,,,,,,,,
INV-50297,Credit Card,19-Apr-24,,,,,,,,,,,
INV-17865,Wire Transfer,6-May-24,,,,,,,,,,,
INV-75040,Wire Transfer,5-May-24,,,,,,,,,,,
INV-14708,Check,13-Apr-24,,,,,,,,,,,
INV-44817,Credit Card,27-Apr-24,,,,,,,,,,,
INV-11575,Wire Transfer,26-Apr-24,,,,,,,,,,,
INV-45561,Check,6-May-24,,,,,,,,,,,
INV-15624,Check,21-Apr-24,,,,,,,,,,,
INV-86649,Credit Card,17-Apr-24,,,,,,,,,,,
INV-88685,Wire Transfer,24-Apr-24,,,,,,,,,,,
INV-17294,Credit Card,17-Apr-24,,,,,,,,,,,
INV-49277,Wire Transfer,22-Apr-24,,,,,,,,,,,
INV-12262,Credit Card,28-Apr-24,,,,,,,,,,,
INV-54074,Wire Transfer,14-Apr-24,,,,,,,,,,,
INV-29168,ACH Transfer,28-Apr-24,,,,,,,,,,,
INV-23322,ACH Transfer,8-Apr-24,,,,,,,,,,,
INV-79169,Wire Transfer,19-Apr-24,,,,,,,,,,,
INV-83400,Wire Transfer,27-Apr-24,,,,,,,,,,,
INV-63595,ACH Transfer,23-Apr-24,,,,,,,,,,,
INV-89454,Wire Transfer,21-Apr-24,,,,,,,,,,,
INV-35742,Wire Transfer,14-Apr-24,,,,,,,,,,,
INV-84504,Credit Card,27-Apr-24,,,,,,,,,,,
INV-16118,Credit Card,26-Apr-24,,,,,,,,,,,
INV-12489,Wire Transfer,2-May-24,,,,,,,,,,,
INV-58473,ACH Transfer,25-Apr-24,,,,,,,,,,,
INV-49176,Check,11-Apr-24,,,,,,,,,,,
INV-77338,Wire Transfer,16-Apr-24,,,,,,,,,,,
INV-88673,Credit Card,17-Apr-24,,,,,,,,,,,
INV-79613,Credit Card,15-Apr-24,,,,,,,,,,,
INV-28476,Check,12-Apr-24,,,,,,,,,,,
INV-93203,Credit Card,18-Apr-24,,,,,,,,,,,
INV-69304,Credit Card,26-Apr-24,,,,,,,,,,,
INV-66301,Credit Card,5-May-24,,,,,,,,,,,
INV-34769,Check,22-Apr-24,,,,,,,,,,,
INV-90014,Credit Card,11-Apr-24,,,,,,,,,,,
INV-67735,Credit Card,29-Apr-24,,,,,,,,,,,
INV-76406,Check,15-Apr-24,,,,,,,,,,,
INV-29398,Credit Card,17-Apr-24,,,,,,,,,,,
INV-30715,ACH Transfer,2-May-24,,,,,,,,,,,
INV-86334,Check,13-Apr-24,,,,,,,,,,,
INV-27820,ACH Transfer,22-Apr-24,,,,,,,,,,,
INV-92143,ACH Transfer,24-Apr-24,,,,,,,,,,,
INV-61338,Credit Card,11-Apr-24,,,,,,,,,,,
INV-48117,ACH Transfer,25-Apr-24,,,,,,,,,,,
INV-80031,ACH Transfer,18-Apr-24,,,,,,,,,,,
INV-47105,Credit Card,30-Apr-24,,,,,,,,,,,
INV-95118,Check,25-Apr-24,,,,,,,,,,,
INV-96347,Credit Card,7-Apr-24,,,,,,,,,,,
INV-83111,Check,17-Apr-24,,,,,,,,,,,
INV-57990,Check,12-Apr-24,,,,,,,,,,,
INV-90897,ACH Transfer,13-Apr-24,,,,,,,,,,,
INV-82561,ACH Transfer,16-Apr-24,,,,,,,,,,,
INV-32070,Wire Transfer,15-Apr-24,,,,,,,,,,,
INV-39358,Check,26-Apr-24,,,,,,,,,,,
INV-76304,Check,22-Apr-24,,,,,,,,,,,
INV-98128,Wire Transfer,4-May-24,,,,,,,,,,,
INV-78585,ACH Transfer,12-Apr-24,,,,,,,,,,,
INV-48764,ACH Transfer,9-Apr-24,,,,,,,,,,,
INV-55056,ACH Transfer,19-Apr-24,,,,,,,,,,,
INV-76602,ACH Transfer,15-Apr-24,,,,,,,,,,,
INV-18413,Wire Transfer,13-Apr-24,,,,,,,,,,,
INV-48908,Wire Transfer,26-Apr-24,,,,,,,,,,,
INV-98171,Check,14-Apr-24,,,,,,,,,,,
INV-12307,Credit Card,10-Apr-24,,,,,,,,,,,
INV-68667,Check,29-Apr-24,,,,,,,,,,,
INV-65644,Credit Card,19-Apr-24,,,,,,,,,,,
INV-40994,Credit Card,7-Apr-24,,,,,,,,,,,
INV-45393,Credit Card,15-Apr-24,,,,,,,,,,,
INV-49066,Credit Card,5-May-24,,,,,,,,,,,
INV-52225,Credit Card,13-Apr-24,,,,,,,,,,,
INV-76019,Credit Card,7-Apr-24,,,,,,,,,,,
INV-61118,ACH Transfer,20-Apr-24,,,,,,,,,,,
INV-97764,Check,26-Apr-24,,,,,,,,,,,
INV-15048,ACH Transfer,24-Apr-24,,,,,,,,,,,
INV-27538,Check,26-Apr-24,,,,,,,,,,,
INV-15781,ACH Transfer,30-Apr-24,,,,,,,,,,,
INV-77474,ACH Transfer,8-Apr-24,,,,,,,,,,,
INV-26869,Check,12-Apr-24,,,,,,,,,,,
INV-39634,Wire Transfer,18-Apr-24,,,,,,,,,,,
INV-97573,Check,30-Apr-24,,,,,,,,,,,
INV-68136,Check,28-Apr-24,,,,,,,,,,,
INV-63968,ACH Transfer,17-Apr-24,,,,,,,,,,,
INV-90238,Credit Card,25-Apr-24,,,,,,,,,,,
INV-10629,Wire Transfer,12-Apr-24,,,,,,,,,,,
INV-81770,Check,11-Apr-24,,,,,,,,,,,
INV-21305,Credit Card,5-May-24,,,,,,,,,,,
INV-60119,ACH Transfer,3-May-24,,,,,,,,,,,
INV-25616,Wire Transfer,7-Apr-24,,,,,,,,,,,
INV-43042,Credit Card,23-Apr-24,,,,,,,,,,,
INV-92515,ACH Transfer,29-Apr-24,,,,,,,,,,,
INV-47878,Credit Card,15-Apr-24,,,,,,,,,,,
INV-88043,Wire Transfer,9-Apr-24,,,,,,,,,,,
INV-97413,Wire Transfer,15-Apr-24,,,,,,,,,,,
INV-39826,Credit Card,17-Apr-24,,,,,,,,,,,
INV-73183,ACH Transfer,28-Apr-24,,,,,,,,,,,
INV-66485,ACH Transfer,21-Apr-24,,,,,,,,,,,
INV-80478,Credit Card,13-Apr-24,,,,,,,,,,,
INV-72134,Wire Transfer,20-Apr-24,,,,,,,,,,,
INV-46885,Check,8-Apr-24,,,,,,,,,,,
INV-88458,ACH Transfer,27-Apr-24,,,,,,,,,,,
INV-85641,ACH Transfer,1-May-24,,,,,,,,,,,
INV-49965,Check,10-Apr-24,,,,,,,,,,,
INV-35923,ACH Transfer,13-Apr-24,,,,,,,,,,,
INV-21489,Wire Transfer,23-Apr-24,,,,,,,,,,,
INV-92823,Wire Transfer,15-Apr-24,,,,,,,,,,,
INV-86735,Wire Transfer,27-Apr-24,,,,,,,,,,,
INV-79105,Credit Card,26-Apr-24,,,,,,,,,,,
INV-41787,Wire Transfer,19-Apr-24,,,,,,,,,,,
INV-64343,Credit Card,21-Apr-24,,,,,,,,,,,
INV-73267,Check,16-Apr-24,,,,,,,,,,,
INV-49815,Credit Card,24-Apr-24,,,,,,,,,,,
INV-31462,Credit Card,22-Apr-24,,,,,,,,,,,
INV-40394,ACH Transfer,9-Apr-24,,,,,,,,,,,
INV-32028,Wire Transfer,10-Apr-24,,,,,,,,,,,
INV-35352,Credit Card,2-May-24,,,,,,,,,,,
INV-54397,ACH Transfer,24-Apr-24,,,,,,,,,,,
INV-19788,ACH Transfer,20-Apr-24,,,,,,,,,,,
INV-55111,Credit Card,28-Apr-24,,,,,,,,,,,
INV-41741,Wire Transfer,29-Apr-24,,,,,,,,,,,
INV-16327,Check,2-May-24,,,,,,,,,,,
INV-81045,ACH Transfer,7-Apr-24,,,,,,,,,,,
INV-51291,Credit Card,11-Apr-24,,,,,,,,,,,
INV-34901,Credit Card,20-Apr-24,,,,,,,,,,,
INV-90478,Credit Card,29-Apr-24,,,,,,,,,,,
INV-89305,Wire Transfer,28-Apr-24,,,,,,,,,,,
INV-64152,Credit Card,5-May-24,,,,,,,,,,,
INV-52812,Wire Transfer,6-May-24,,,,,,,,,,,
INV-19842,ACH Transfer,27-Apr-24,,,,,,,,,,,
INV-70286,ACH Transfer,8-Apr-24,,,,,,,,,,,
INV-73178,Credit Card,29-Apr-24,,,,,,,,,,,
INV-64486,Credit Card,1-May-24,,,,,,,,,,,
INV-40181,Credit Card,2-May-24,,,,,,,,,,,
INV-15051,Credit Card,3-May-24,,,,,,,,,,,
INV-88546,Check,7-Apr-24,,,,,,,,,,,
INV-34642,Wire Transfer,21-Apr-24,,,,,,,,,,,
INV-44627,Check,14-Apr-24,,,,,,,,,,,
INV-93935,Check,10-Apr-24,,,,,,,,,,,
INV-59958,ACH Transfer,8-Apr-24,,,,,,,,,,,
INV-94445,Credit Card,28-Apr-24,,,,,,,,,,,
INV-42562,ACH Transfer,8-Apr-24,,,,,,,,,,,
INV-17738,Credit Card,9-Apr-24,,,,,,,,,,,
INV-57541,Wire Transfer,22-Apr-24,,,,,,,,,,,
INV-31207,ACH Transfer,18-Apr-24,,,,,,,,,,,
INV-53141,ACH Transfer,4-May-24,,,,,,,,,,,
INV-80377,Wire Transfer,21-Apr-24,,,,,,,,,,,
INV-31291,Check,19-Apr-24,,,,,,,,,,,
INV-77593,Check,14-Apr-24,,,,,,,,,,,
INV-64352,ACH Transfer,11-Apr-24,,,,,,,,,,,
INV-33601,Wire Transfer,1-May-24,,,,,,,,,,,
INV-96767,Wire Transfer,5-May-24,,,,,,,,,,,
INV-72853,Check,19-Apr-24,,,,,,,,,,,
INV-28966,ACH Transfer,12-Apr-24,,,,,,,,,,,
INV-69664,Check,1-May-24,,,,,,,,,,,
INV-20306,Wire Transfer,14-Apr-24,,,,,,,,,,,
INV-20423,Credit Card,23-Apr-24,,,,,,,,,,,
INV-86976,Credit Card,8-Apr-24,,,,,,,,,,,
INV-93664,Check,20-Apr-24,,,,,,,,,,,
INV-16903,Wire Transfer,24-Apr-24,,,,,,,,,,,
INV-65207,ACH Transfer,11-Apr-24,,,,,,,,,,,
INV-43929,Check,23-Apr-24,,,,,,,,,,,
INV-58068,ACH Transfer,10-Apr-24,,,,,,,,,,,
INV-47413,Check,15-Apr-24,,,,,,,,,,,
INV-12093,ACH Transfer,27-Apr-24,,,,,,,,,,,
INV-59446,Wire Transfer,8-Apr-24,,,,,,,,,,,
INV-54463,Check,28-Apr-24,,,,,,,,,,,
INV-62305,Credit Card,2-May-24,,,,,,,,,,,
INV-42928,Check,27-Apr-24,,,,,,,,,,,
INV-97535,Wire Transfer,7-Apr-24,,,,,,,,,,,
INV-80219,ACH Transfer,2-May-24,,,,,,,,,,,
INV-13389,Credit Card,25-Apr-24,,,,,,,,,,,
INV-40944,Wire Transfer,15-Apr-24,,,,,,,,,,,
INV-84431,ACH Transfer,21-Apr-24,,,,,,,,,,,
INV-96091,ACH Transfer,20-Apr-24,,,,,,,,,,,
INV-10339,Check,21-Apr-24,,,,,,,,,,,
INV-67433,ACH Transfer,21-Apr-24,,,,,,,,,,,
INV-56486,Wire Transfer,3-May-24,,,,,,,,,,,
INV-59752,ACH Transfer,9-Apr-24,,,,,,,,,,,
INV-52926,Credit Card,20-Apr-24,,,,,,,,,,,
INV-38625,Credit Card,25-Apr-24,,,,,,,,,,,
INV-40595,Wire Transfer,4-May-24,,,,,,,,,,,
INV-32688,Wire Transfer,23-Apr-24,,,,,,,,,,,
INV-75921,ACH Transfer,19-Apr-24,,,,,,,,,,,
INV-84870,ACH Transfer,27-Apr-24,,,,,,,,,,,
INV-97336,Wire Transfer,22-Apr-24,,,,,,,,,,,
INV-75013,Wire Transfer,19-Apr-24,,,,,,,,,,,
INV-99111,Wire Transfer,23-Apr-24,,,,,,,,,,,
INV-37678,Check,24-Apr-24,,,,,,,,,,,
INV-40363,Wire Transfer,15-Apr-24,,,,,,,,,,,
INV-19342,Credit Card,16-Apr-24,,,,,,,,,,,
INV-66172,Credit Card,1-May-24,,,,,,,,,,,
INV-70706,Credit Card,18-Apr-24,,,,,,,,,,,
INV-32697,Wire Transfer,22-Apr-24,,,,,,,,,,,
INV-77061,Credit Card,1-May-24,,,,,,,,,,,
INV-93063,Credit Card,25-Apr-24,,,,,,,,,,,
INV-57402,Credit Card,24-Apr-24,,,,,,,,,,,
INV-22412,ACH Transfer,25-Apr-24,,,,,,,,,,,
INV-55956,Check,17-Apr-24,,,,,,,,,,,
INV-93851,Credit Card,22-Apr-24,,,,,,,,,,,
INV-75287,ACH Transfer,3-May-24,,,,,,,,,,,
INV-81876,Check,28-Apr-24,,,,,,,,,,,
INV-24441,Check,10-Apr-24,,,,,,,,,,,
INV-89714,Check,9-Apr-24,,,,,,,,,,,
INV-93198,Credit Card,16-Apr-24,,,,,,,,,,,
INV-77744,Wire Transfer,13-Apr-24,,,,,,,,,,,
INV-34323,Check,23-Apr-24,,,,,,,,,,,
INV-68254,Check,25-Apr-24,,,,,,,,,,,
INV-75101,Credit Card,15-Apr-24,,,,,,,,,,,
INV-21142,Check,22-Apr-24,,,,,,,,,,,
INV-29599,Credit Card,26-Apr-24,,,,,,,,,,,
INV-89853,Wire Transfer,20-Apr-24,,,,,,,,,,,
INV-94162,Wire Transfer,26-Apr-24,,,,,,,,,,,
INV-12958,Check,28-Apr-24,,,,,,,,,,,
INV-90821,Credit Card,10-Apr-24,,,,,,,,,,,
INV-87036,Wire Transfer,29-Apr-24,,,,,,,,,,,
INV-17657,ACH Transfer,7-Apr-24,,,,,,,,,,,
INV-62717,Wire Transfer,25-Apr-24,,,,,,,,,,,
INV-40835,Wire Transfer,20-Apr-24,,,,,,,,,,,
INV-39631,Check,7-Apr-24,,,,,,,,,,,
INV-25722,Check,24-Apr-24,,,,,,,,,,,
INV-21122,Wire Transfer,9-Apr-24,,,,,,,,,,,
INV-39786,Credit Card,21-Apr-24,,,,,,,,,,,
INV-26243,Wire Transfer,29-Apr-24,,,,,,,,,,,
INV-26142,Credit Card,22-Apr-24,,,,,,,,,,,
INV-15139,Wire Transfer,17-Apr-24,,,,,,,,,,,
INV-13616,ACH Transfer,27-Apr-24,,,,,,,,,,,
INV-75935,ACH Transfer,14-Apr-24,,,,,,,,,,,
INV-44748,Check,5-May-24,,,,,,,,,,,
INV-57224,Check,7-Apr-24,,,,,,,,,,,
INV-32301,Check,11-Apr-24,,,,,,,,,,,
INV-89802,Wire Transfer,5-May-24,,,,,,,,,,,
INV-46528,Check,12-Apr-24,,,,,,,,,,,
INV-80701,ACH Transfer,20-Apr-24,,,,,,,,,,,
INV-29345,Check,19-Apr-24,,,,,,,,,,,
INV-64987,ACH Transfer,10-Apr-24,,,,,,,,,,,
INV-14095,Credit Card,21-Apr-24,,,,,,,,,,,
INV-15814,Wire Transfer,12-Apr-24,,,,,,,,,,,
INV-72806,Wire Transfer,17-Apr-24,,,,,,,,,,,
INV-23651,Wire Transfer,7-Apr-24,,,,,,,,,,,
INV-13827,Credit Card,1-May-24,,,,,,,,,,,
INV-24187,ACH Transfer,16-Apr-24,,,,,,,,,,,
INV-21456,Credit Card,13-Apr-24,,,,,,,,,,,
INV-99534,Check,4-May-24,,,,,,,,,,,
INV-65795,ACH Transfer,19-Apr-24,,,,,,,,,,,
INV-36377,Credit Card,11-Apr-24,,,,,,,,,,,
INV-97688,ACH Transfer,7-Apr-24,,,,,,,,,,,
INV-97604,Credit Card,8-Apr-24,,,,,,,,,,,
INV-14093,ACH Transfer,4-May-24,,,,,,,,,,,
INV-58836,Wire Transfer,6-May-24,,,,,,,,,,,
INV-67941,ACH Transfer,9-Apr-24,,,,,,,,,,,
INV-61109,Wire Transfer,1-May-24,,,,,,,,,,,
INV-38420,ACH Transfer,18-Apr-24,,,,,,,,,,,
INV-45143,Check,7-Apr-24,,,,,,,,,,,
INV-98070,Credit Card,8-Apr-24,,,,,,,,,,,
INV-75706,Check,14-Apr-24,,,,,,,,,,,
INV-82430,Wire Transfer,11-Apr-24,,,,,,,,,,,
INV-67108,Credit Card,1-May-24,,,,,,,,,,,
INV-18706,Credit Card,16-Apr-24,,,,,,,,,,,
INV-55957,ACH Transfer,22-Apr-24,,,,,,,,,,,
INV-89377,Wire Transfer,13-Apr-24,,,,,,,,,,,
INV-12685,Check,20-Apr-24,,,,,,,,,,,
INV-65360,ACH Transfer,12-Apr-24,,,,,,,,,,,
INV-75710,Wire Transfer,21-Apr-24,,,,,,,,,,,
INV-17447,Check,4-May-24,,,,,,,,,,,
INV-61732,Credit Card,21-Apr-24,,,,,,,,,,,
INV-51682,Wire Transfer,26-Apr-24,,,,,,,,,,,
INV-17899,Credit Card,1-May-24,,,,,,,,,,,
INV-37806,Credit Card,26-Apr-24,,,,,,,,,,,
INV-38758,Wire Transfer,13-Apr-24,,,,,,,,,,,
INV-31889,Check,13-Apr-24,,,,,,,,,,,
INV-70577,ACH Transfer,2-May-24,,,,,,,,,,,
INV-50576,Credit Card,15-Apr-24,,,,,,,,,,,
INV-90986,ACH Transfer,1-May-24,,,,,,,,,,,
INV-64946,Check,19-Apr-24,,,,,,,,,,,
INV-31208,Credit Card,29-Apr-24,,,,,,,,,,,
INV-78422,Credit Card,25-Apr-24,,,,,,,,,,,
INV-65867,Check,8-Apr-24,,,,,,,,,,,
INV-81083,Wire Transfer,28-Apr-24,,,,,,,,,,,
INV-70026,Wire Transfer,30-Apr-24,,,,,,,,,,,
INV-81855,Check,5-May-24,,,,,,,,,,,
INV-33562,ACH Transfer,20-Apr-24,,,,,,,,,,,
INV-15552,Credit Card,8-Apr-24,,,,,,,,,,,
INV-45281,ACH Transfer,24-Apr-24,,,,,,,,,,,
INV-83255,Wire Transfer,25-Apr-24,,,,,,,,,,,
INV-69347,Check,27-Apr-24,,,,,,,,,,,
INV-12290,Credit Card,24-Apr-24,,,,,,,,,,,
INV-53700,Check,7-Apr-24,,,,,,,,,,,
INV-87812,ACH Transfer,13-Apr-24,,,,,,,,,,,
INV-51751,Wire Transfer,19-Apr-24,,,,,,,,,,,
INV-18431,ACH Transfer,6-May-24,,,,,,,,,,,
INV-38336,ACH Transfer,15-Apr-24,,,,,,,,,,,
INV-36074,ACH Transfer,29-Apr-24,,,,,,,,,,,
INV-74340,Check,19-Apr-24,,,,,,,,,,,
INV-71796,Credit Card,22-Apr-24,,,,,,,,,,,
INV-25227,Wire Transfer,12-Apr-24,,,,,,,,,,,
INV-29873,Credit Card,2-May-24,,,,,,,,,,,
INV-62099,Wire Transfer,19-Apr-24,,,,,,,,,,,
INV-57866,Check,9-Apr-24,,,,,,,,,,,
INV-32268,Wire Transfer,28-Apr-24,,,,,,,,,,,
INV-77848,Check,1-May-24,,,,,,,,,,,
INV-56795,ACH Transfer,22-Apr-24,,,,,,,,,,,
INV-87917,Credit Card,13-Apr-24,,,,,,,,,,,
INV-67691,Check,28-Apr-24,,,,,,,,,,,
INV-46795,ACH Transfer,30-Apr-24,,,,,,,,,,,
INV-39335,ACH Transfer,25-Apr-24,,,,,,,,,,,
INV-83843,Credit Card,2-May-24,,,,,,,,,,,
INV-77870,Wire Transfer,2-May-24,,,,,,,,,,,
INV-39449,ACH Transfer,28-Apr-24,,,,,,,,,,,
INV-48862,ACH Transfer,10-Apr-24,,,,,,,,,,,
INV-29355,Credit Card,19-Apr-24,,,,,,,,,,,
INV-48224,Check,14-Apr-24,,,,,,,,,,,
INV-94962,Wire Transfer,14-Apr-24,,,,,,,,,,,
INV-56222,ACH Transfer,11-Apr-24,,,,,,,,,,,
INV-72095,Wire Transfer,6-May-24,,,,,,,,,,,
INV-71862,Check,18-Apr-24,,,,,,,,,,,
INV-13598,Check,16-Apr-24,,,,,,,,,,,
INV-60584,ACH Transfer,7-Apr-24,,,,,,,,,,,
INV-32202,Credit Card,25-Apr-24,,,,,,,,,,,
INV-66216,Check,25-Apr-24,,,,,,,,,,,
INV-49583,ACH Transfer,11-Apr-24,,,,,,,,,,,
INV-85378,Wire Transfer,16-Apr-24,,,,,,,,,,,
INV-92145,Wire Transfer,19-Apr-24,,,,,,,,,,,
INV-98871,Wire Transfer,24-Apr-24,,,,,,,,,,,
INV-99574,Credit Card,18-Apr-24,,,,,,,,,,,
INV-24692,Credit Card,18-Apr-24,,,,,,,,,,,
INV-61939,ACH Transfer,9-Apr-24,,,,,,,,,,,
INV-29298,ACH Transfer,20-Apr-24,,,,,,,,,,,
INV-21791,Check,2-May-24,,,,,,,,,,,
INV-75122,Credit Card,11-Apr-24,,,,,,,,,,,
INV-74951,ACH Transfer,9-Apr-24,,,,,,,,,,,
INV-35761,ACH Transfer,13-Apr-24,,,,,,,,,,,
INV-12549,Wire Transfer,20-Apr-24,,,,,,,,,,,
INV-68076,ACH Transfer,24-Apr-24,,,,,,,,,,,
INV-42975,Wire Transfer,12-Apr-24,,,,,,,,,,,
INV-86295,ACH Transfer,13-Apr-24,,,,,,,,,,,
INV-39523,Check,29-Apr-24,,,,,,,,,,,
INV-81266,Check,11-Apr-24,,,,,,,,,,,
INV-98411,Credit Card,30-Apr-24,,,,,,,,,,,
INV-25915,Check,27-Apr-24,,,,,,,,,,,
INV-93977,Credit Card,16-Apr-24,,,,,,,,,,,
INV-66990,Wire Transfer,16-Apr-24,,,,,,,,,,,
INV-17777,ACH Transfer,2-May-24,,,,,,,,,,,
INV-61318,Check,26-Apr-24,,,,,,,,,,,
INV-95220,Credit Card,9-Apr-24,,,,,,,,,,,
INV-25090,ACH Transfer,28-Apr-24,,,,,,,,,,,
INV-76955,Wire Transfer,11-Apr-24,,,,,,,,,,,
INV-71277,Credit Card,12-Apr-24,,,,,,,,,,,
INV-18141,ACH Transfer,3-May-24,,,,,,,,,,,
INV-48539,Credit Card,23-Apr-24,,,,,,,,,,,
INV-62104,Wire Transfer,11-Apr-24,,,,,,,,,,,
INV-30991,Check,21-Apr-24,,,,,,,,,,,
INV-84942,Check,18-Apr-24,,,,,,,,,,,
INV-61189,Check,15-Apr-24,,,,,,,,,,,
INV-20205,Wire Transfer,24-Apr-24,,,,,,,,,,,
INV-67002,Wire Transfer,21-Apr-24,,,,,,,,,,,
INV-26489,Check,9-Apr-24,,,,,,,,,,,
INV-45608,Check,26-Apr-24,,,,,,,,,,,
INV-62923,Check,9-Apr-24,,,,,,,,,,,
INV-56614,ACH Transfer,18-Apr-24,,,,,,,,,,,
INV-78254,Check,16-Apr-24,,,,,,,,,,,
INV-74917,Check,22-Apr-24,,,,,,,,,,,
INV-83235,Wire Transfer,28-Apr-24,,,,,,,,,,,
INV-45848,Wire Transfer,15-Apr-24,,,,,,,,,,,
INV-58707,Credit Card,4-May-24,,,,,,,,,,,
INV-65230,Check,21-Apr-24,,,,,,,,,,,
INV-66377,Check,29-Apr-24,,,,,,,,,,,
INV-32536,Credit Card,22-Apr-24,,,,,,,,,,,
INV-15708,Check,11-Apr-24,,,,,,,,,,,
INV-87624,Wire Transfer,26-Apr-24,,,,,,,,,,,
INV-47028,Wire Transfer,8-Apr-24,,,,,,,,,,,
INV-33902,Credit Card,2-May-24,,,,,,,,,,,
INV-77065,Credit Card,9-Apr-24,,,,,,,,,,,
INV-38389,Credit Card,2-May-24,,,,,,,,,,,
INV-81295,Credit Card,2-May-24,,,,,,,,,,,
INV-49439,Credit Card,11-Apr-24,,,,,,,,,,,
INV-97029,Wire Transfer,15-Apr-24,,,,,,,,,,,
INV-63022,Wire Transfer,21-Apr-24,,,,,,,,,,,
INV-13419,Check,13-Apr-24,,,,,,,,,,,
INV-21888,Credit Card,16-Apr-24,,,,,,,,,,,
INV-23841,Credit Card,4-May-24,,,,,,,,,,,
INV-78738,ACH Transfer,29-Apr-24,,,,,,,,,,,
INV-36607,Wire Transfer,26-Apr-24,,,,,,,,,,,
INV-74575,ACH Transfer,16-Apr-24,,,,,,,,,,,
INV-29507,ACH Transfer,7-Apr-24,,,,,,,,,,,
INV-86151,Credit Card,4-May-24,,,,,,,,,,,
INV-85887,ACH Transfer,9-Apr-24,,,,,,,,,,,
INV-13105,Wire Transfer,4-May-24,,,,,,,,,,,
INV-78291,Credit Card,1-May-24,,,,,,,,,,,
INV-27585,Wire Transfer,15-Apr-24,,,,,,,,,,,
INV-59058,Wire Transfer,4-May-24,,,,,,,,,,,
INV-46369,Credit Card,24-Apr-24,,,,,,,,,,,
INV-66874,Wire Transfer,1-May-24,,,,,,,,,,,
INV-27910,ACH Transfer,15-Apr-24,,,,,,,,,,,
INV-62855,Check,2-May-24,,,,,,,,,,,
INV-27436,Credit Card,27-Apr-24,,,,,,,,,,,
INV-50756,ACH Transfer,20-Apr-24,,,,,,,,,,,
INV-83184,Wire Transfer,16-Apr-24,,,,,,,,,,,
INV-31899,Check,27-Apr-24,,,,,,,,,,,
INV-30396,Check,7-Apr-24,,,,,,,,,,,
INV-97222,ACH Transfer,14-Apr-24,,,,,,,,,,,
INV-58965,Credit Card,28-Apr-24,,,,,,,,,,,
INV-11958,Check,6-May-24,,,,,,,,,,,
INV-78903,Wire Transfer,11-Apr-24,,,,,,,,,,,
INV-88257,Wire Transfer,30-Apr-24,,,,,,,,,,,
INV-57405,Check,19-Apr-24,,,,,,,,,,,
INV-24379,Credit Card,29-Apr-24,,,,,,,,,,,
INV-10600,Wire Transfer,13-Apr-24,,,,,,,,,,,
INV-94776,Check,13-Apr-24,,,,,,,,,,,
INV-94999,ACH Transfer,29-Apr-24,,,,,,,,,,,
INV-52196,Check,24-Apr-24,,,,,,,,,,,
INV-97850,Credit Card,10-Apr-24,,,,,,,,,,,
INV-44425,ACH Transfer,28-Apr-24,,,,,,,,,,,
INV-35367,Check,18-Apr-24,,,,,,,,,,,
INV-96936,ACH Transfer,30-Apr-24,,,,,,,,,,,
INV-51405,Check,14-Apr-24,,,,,,,,,,,
INV-89330,Credit Card,27-Apr-24,,,,,,,,,,,
INV-18962,ACH Transfer,24-Apr-24,,,,,,,,,,,
INV-42331,Wire Transfer,12-Apr-24,,,,,,,,,,,
INV-35249,ACH Transfer,26-Apr-24,,,,,,,,,,,
INV-38793,ACH Transfer,25-Apr-24,,,,,,,,,,,
INV-90213,Credit Card,1-May-24,,,,,,,,,,,
INV-14075,Wire Transfer,15-Apr-24,,,,,,,,,,,
INV-50542,Check,5-May-24,,,,,,,,,,,
INV-93096,Check,6-May-24,,,,,,,,,,,
INV-38195,Check,30-Apr-24,,,,,,,,,,,
INV-73658,Check,7-Apr-24,,,,,,,,,,,
INV-78022,ACH Transfer,4-May-24,,,,,,,,,,,
INV-72683,Credit Card,10-Apr-24,,,,,,,,,,,
INV-47918,Credit Card,20-Apr-24,,,,,,,,,,,
INV-94884,Credit Card,27-Apr-24,,,,,,,,,,,
INV-75001,Credit Card,23-Apr-24,,,,,,,,,,,
INV-14277,Credit Card,27-Apr-24,,,,,,,,,,,
INV-18832,Check,9-Apr-24,,,,,,,,,,,
INV-72584,Credit Card,8-Apr-24,,,,,,,,,,,
INV-76924,Credit Card,9-Apr-24,,,,,,,,,,,
INV-94801,Check,28-Apr-24,,,,,,,,,,,
INV-94103,Credit Card,13-Apr-24,,,,,,,,,,,
INV-59031,Wire Transfer,25-Apr-24,,,,,,,,,,,
INV-67786,Check,27-Apr-24,,,,,,,,,,,
INV-76486,Credit Card,3-May-24,,,,,,,,,,,
INV-27821,ACH Transfer,2-May-24,,,,,,,,,,,
INV-68176,Wire Transfer,25-Apr-24,,,,,,,,,,,
INV-14271,Check,17-Apr-24,,,,,,,,,,,
INV-22220,Credit Card,27-Apr-24,,,,,,,,,,,
INV-40941,Credit Card,7-Apr-24,,,,,,,,,,,
INV-66178,Credit Card,27-Apr-24,,,,,,,,,,,
INV-50387,Credit Card,24-Apr-24,,,,,,,,,,,
INV-21496,Wire Transfer,8-Apr-24,,,,,,,,,,,
INV-68513,Check,15-Apr-24,,,,,,,,,,,
INV-87279,Credit Card,2-May-24,,,,,,,,,,,
INV-20803,ACH Transfer,13-Apr-24,,,,,,,,,,,
INV-44805,Credit Card,25-Apr-24,,,,,,,,,,,
INV-54054,Wire Transfer,17-Apr-24,,,,,,,,,,,
INV-96176,Check,13-Apr-24,,,,,,,,,,,
INV-58815,Wire Transfer,13-Apr-24,,,,,,,,,,,
INV-70064,Check,1-May-24,,,,,,,,,,,
INV-93070,Wire Transfer,24-Apr-24,,,,,,,,,,,
INV-72985,ACH Transfer,19-Apr-24,,,,,,,,,,,
INV-97184,Wire Transfer,15-Apr-24,,,,,,,,,,,
INV-48601,Wire Transfer,29-Apr-24,,,,,,,,,,,
INV-86200,Check,21-Apr-24,,,,,,,,,,,
INV-59106,Wire Transfer,27-Apr-24,,,,,,,,,,,
INV-56452,Credit Card,18-Apr-24,,,,,,,,,,,
INV-92599,Wire Transfer,22-Apr-24,,,,,,,,,,,
INV-66453,Wire Transfer,1-May-24,,,,,,,,,,,
INV-35471,Credit Card,22-Apr-24,,,,,,,,,,,
INV-80220,Check,4-May-24,,,,,,,,,,,
INV-79324,Credit Card,13-Apr-24,,,,,,,,,,,
INV-13786,ACH Transfer,11-Apr-24,,,,,,,,,,,
INV-45336,Check,11-Apr-24,,,,,,,,,,,
INV-42861,Check,6-May-24,,,,,,,,,,,
INV-35712,Credit Card,20-Apr-24,,,,,,,,,,,
INV-58602,Credit Card,20-Apr-24,,,,,,,,,,,
INV-30226,Credit Card,19-Apr-24,,,,,,,,,,,
INV-89103,Check,28-Apr-24,,,,,,,,,,,
INV-17270,Credit Card,9-Apr-24,,,,,,,,,,,
INV-93783,ACH Transfer,14-Apr-24,,,,,,,,,,,
INV-96512,ACH Transfer,6-May-24,,,,,,,,,,,
INV-11315,Check,12-Apr-24,,,,,,,,,,,
INV-45973,ACH Transfer,27-Apr-24,,,,,,,,,,,
INV-28835,Wire Transfer,29-Apr-24,,,,,,,,,,,
INV-19307,Wire Transfer,5-May-24,,,,,,,,,,,
INV-11274,ACH Transfer,13-Apr-24,,,,,,,,,,,
INV-56076,Wire Transfer,21-Apr-24,,,,,,,,,,,
INV-85103,Wire Transfer,21-Apr-24,,,,,,,,,,,
INV-41488,Check,23-Apr-24,,,,,,,,,,,
INV-87312,Check,1-May-24,,,,,,,,,,,
INV-90157,ACH Transfer,19-Apr-24,,,,,,,,,,,
INV-38004,Wire Transfer,4-May-24,,,,,,,,,,,
INV-97743,Check,2-May-24,,,,,,,,,,,
INV-12195,ACH Transfer,27-Apr-24,,,,,,,,,,,
INV-39768,ACH Transfer,14-Apr-24,,,,,,,,,,,
INV-67857,Check,23-Apr-24,,,,,,,,,,,
INV-74245,ACH Transfer,20-Apr-24,,,,,,,,,,,
INV-84678,Check,17-Apr-24,,,,,,,,,,,
INV-79529,Check,10-Apr-24,,,,,,,,,,,
INV-49967,Credit Card,22-Apr-24,,,,,,,,,,,
INV-42990,ACH Transfer,13-Apr-24,,,,,,,,,,,
INV-14707,ACH Transfer,29-Apr-24,,,,,,,,,,,
INV-27424,Check,15-Apr-24,,,,,,,,,,,
INV-72670,Credit Card,3-May-24,,,,,,,,,,,
INV-93001,Check,8-Apr-24,,,,,,,,,,,
INV-16674,Check,6-May-24,,,,,,,,,,,
INV-35318,ACH Transfer,30-Apr-24,,,,,,,,,,,
INV-20125,Wire Transfer,2-May-24,,,,,,,,,,,
INV-41035,Check,21-Apr-24,,,,,,,,,,,
INV-85801,Credit Card,3-May-24,,,,,,,,,,,
INV-36792,Wire Transfer,18-Apr-24,,,,,,,,,,,
INV-53940,Check,19-Apr-24,,,,,,,,,,,
INV-25327,Credit Card,17-Apr-24,,,,,,,,,,,
INV-53716,ACH Transfer,2-May-24,,,,,,,,,,,
INV-39332,Wire Transfer,18-Apr-24,,,,,,,,,,,
INV-41984,Check,9-Apr-24,,,,,,,,,,,
INV-38621,ACH Transfer,13-Apr-24,,,,,,,,,,,
INV-16553,Credit Card,3-May-24,,,,,,,,,,,
INV-24711,Credit Card,8-Apr-24,,,,,,,,,,,
INV-66801,Check,6-May-24,,,,,,,,,,,
INV-88789,Credit Card,16-Apr-24,,,,,,,,,,,
INV-88065,Check,19-Apr-24,,,,,,,,,,,
INV-27948,Wire Transfer,22-Apr-24,,,,,,,,,,,
INV-68409,Credit Card,2-May-24,,,,,,,,,,,
INV-40076,ACH Transfer,7-Apr-24,,,,,,,,,,,
INV-53695,Wire Transfer,17-Apr-24,,,,,,,,,,,
INV-35215,Credit Card,11-Apr-24,,,,,,,,,,,
INV-88054,Credit Card,2-May-24,,,,,,,,,,,
INV-37222,Credit Card,30-Apr-24,,,,,,,,,,,
INV-10492,ACH Transfer,7-Apr-24,,,,,,,,,,,
INV-12455,ACH Transfer,24-Apr-24,,,,,,,,,,,
INV-52961,ACH Transfer,27-Apr-24,,,,,,,,,,,
INV-59109,ACH Transfer,27-Apr-24,,,,,,,,,,,
INV-50797,ACH Transfer,8-Apr-24,,,,,,,,,,,
INV-73559,ACH Transfer,17-Apr-24,,,,,,,,,,,
INV-27201,Check,7-Apr-24,,,,,,,,,,,
INV-44320,Credit Card,4-May-24,,,,,,,,,,,
INV-84232,Wire Transfer,14-Apr-24,,,,,,,,,,,
INV-39733,ACH Transfer,3-May-24,,,,,,,,,,,
INV-53331,Credit Card,28-Apr-24,,,,,,,,,,,
INV-22754,Wire Transfer,10-Apr-24,,,,,,,,,,,
INV-17579,Check,26-Apr-24,,,,,,,,,,,
INV-28213,ACH Transfer,24-Apr-24,,,,,,,,,,,
INV-74475,ACH Transfer,13-Apr-24,,,,,,,,,,,
INV-80602,ACH Transfer,27-Apr-24,,,,,,,,,,,
INV-40678,ACH Transfer,13-Apr-24,,,,,,,,,,,
INV-78890,Wire Transfer,8-Apr-24,,,,,,,,,,,
INV-71618,ACH Transfer,29-Apr-24,,,,,,,,,,,
INV-86290,Credit Card,27-Apr-24,,,,,,,,,,,
INV-79593,Credit Card,29-Apr-24,,,,,,,,,,,
INV-95951,Credit Card,13-Apr-24,,,,,,,,,,,
INV-69694,Check,18-Apr-24,,,,,,,,,,,
INV-56648,Check,19-Apr-24,,,,,,,,,,,
INV-80676,Check,14-Apr-24,,,,,,,,,,,
INV-82249,Check,22-Apr-24,,,,,,,,,,,
INV-90356,Check,21-Apr-24,,,,,,,,,,,
INV-33177,ACH Transfer,27-Apr-24,,,,,,,,,,,
INV-55390,Credit Card,17-Apr-24,,,,,,,,,,,
INV-14200,Check,9-Apr-24,,,,,,,,,,,
INV-37088,ACH Transfer,22-Apr-24,,,,,,,,,,,
INV-84059,Wire Transfer,19-Apr-24,,,,,,,,,,,
INV-97917,ACH Transfer,28-Apr-24,,,,,,,,,,,
INV-36340,Wire Transfer,5-May-24,,,,,,,,,,,
INV-86456,Wire Transfer,15-Apr-24,,,,,,,,,,,
INV-75575,Credit Card,8-Apr-24,,,,,,,,,,,
INV-22615,Credit Card,26-Apr-24,,,,,,,,,,,
INV-14591,ACH Transfer,26-Apr-24,,,,,,,,,,,
INV-65257,ACH Transfer,22-Apr-24,,,,,,,,,,,
INV-50598,ACH Transfer,28-Apr-24,,,,,,,,,,,
INV-45703,Wire Transfer,10-Apr-24,,,,,,,,,,,
INV-43077,ACH Transfer,9-Apr-24,,,,,,,,,,,
INV-54292,ACH Transfer,13-Apr-24,,,,,,,,,,,
INV-58292,ACH Transfer,1-May-24,,,,,,,,,,,
INV-37695,ACH Transfer,19-Apr-24,,,,,,,,,,,
INV-64863,ACH Transfer,2-May-24,,,,,,,,,,,
INV-69554,Check,6-May-24,,,,,,,,,,,
INV-37539,Check,15-Apr-24,,,,,,,,,,,
INV-32027,Wire Transfer,21-Apr-24,,,,,,,,,,,
INV-33133,Check,23-Apr-24,,,,,,,,,,,
INV-26730,Credit Card,28-Apr-24,,,,,,,,,,,
INV-79829,Wire Transfer,11-Apr-24,,,,,,,,,,,
INV-37280,Check,22-Apr-24,,,,,,,,,,,
INV-16099,Credit Card,7-Apr-24,,,,,,,,,,,
INV-85958,Check,8-Apr-24,,,,,,,,,,,
INV-99587,Credit Card,20-Apr-24,,,,,,,,,,,
INV-43344,Credit Card,17-Apr-24,,,,,,,,,,,
INV-10875,ACH Transfer,7-Apr-24,,,,,,,,,,,
INV-13220,Credit Card,14-Apr-24,,,,,,,,,,,
INV-13679,Check,21-Apr-24,,,,,,,,,,,
INV-71517,Check,1-May-24,,,,,,,,,,,
INV-78294,Credit Card,30-Apr-24,,,,,,,,,,,
INV-32632,ACH Transfer,22-Apr-24,,,,,,,,,,,
INV-90342,Check,17-Apr-24,,,,,,,,,,,
INV-32663,Wire Transfer,16-Apr-24,,,,,,,,,,,
INV-97379,Wire Transfer,3-May-24,,,,,,,,,,,
INV-74558,Check,30-Apr-24,,,,,,,,,,,
INV-66814,ACH Transfer,22-Apr-24,,,,,,,,,,,
INV-96738,Wire Transfer,27-Apr-24,,,,,,,,,,,
INV-28518,ACH Transfer,22-Apr-24,,,,,,,,,,,
INV-43254,Wire Transfer,14-Apr-24,,,,,,,,,,,
INV-97573,Credit Card,25-Apr-24,,,,,,,,,,,
INV-56687,Wire Transfer,28-Apr-24,,,,,,,,,,,
INV-41647,Wire Transfer,21-Apr-24,,,,,,,,,,,
INV-30701,Credit Card,10-Apr-24,,,,,,,,,,,
INV-10020,Wire Transfer,3-May-24,,,,,,,,,,,
INV-53387,Wire Transfer,22-Apr-24,,,,,,,,,,,
INV-32685,ACH Transfer,21-Apr-24,,,,,,,,,,,
INV-41339,ACH Transfer,9-Apr-24,,,,,,,,,,,
INV-34958,Wire Transfer,5-May-24,,,,,,,,,,,
INV-30636,Wire Transfer,12-Apr-24,,,,,,,,,,,
INV-84267,ACH Transfer,22-Apr-24,,,,,,,,,,,
INV-60000,Credit Card,21-Apr-24,,,,,,,,,,,
INV-69473,ACH Transfer,24-Apr-24,,,,,,,,,,,
INV-75247,Wire Transfer,29-Apr-24,,,,,,,,,,,
INV-72383,ACH Transfer,15-Apr-24,,,,,,,,,,,
INV-95559,Check,29-Apr-24,,,,,,,,,,,
INV-15034,ACH Transfer,21-Apr-24,,,,,,,,,,,
INV-69906,ACH Transfer,28-Apr-24,,,,,,,,,,,
INV-24456,Wire Transfer,18-Apr-24,,,,,,,,,,,
INV-31550,ACH Transfer,15-Apr-24,,,,,,,,,,,
INV-30091,Wire Transfer,20-Apr-24,,,,,,,,,,,
INV-56340,Check,14-Apr-24,,,,,,,,,,,
INV-78570,Wire Transfer,12-Apr-24,,,,,,,,,,,
INV-97805,Wire Transfer,4-May-24,,,,,,,,,,,
INV-64133,ACH Transfer,30-Apr-24,,,,,,,,,,,
INV-43911,Check,11-Apr-24,,,,,,,,,,,
INV-40785,Credit Card,13-Apr-24,,,,,,,,,,,
INV-75493,Wire Transfer,27-Apr-24,,,,,,,,,,,
INV-84475,Check,21-Apr-24,,,,,,,,,,,
INV-58421,Wire Transfer,1-May-24,,,,,,,,,,,
INV-81461,Check,5-May-24,,,,,,,,,,,
INV-25613,Credit Card,14-Apr-24,,,,,,,,,,,
INV-52845,Credit Card,7-Apr-24,,,,,,,,,,,
INV-72340,Check,10-Apr-24,,,,,,,,,,,
INV-24941,Wire Transfer,4-May-24,,,,,,,,,,,
INV-68869,Credit Card,28-Apr-24,,,,,,,,,,,
INV-47400,ACH Transfer,18-Apr-24,,,,,,,,,,,
INV-88119,Wire Transfer,1-May-24,,,,,,,,,,,
INV-56255,Check,27-Apr-24,,,,,,,,,,,
INV-15124,Credit Card,19-Apr-24,,,,,,,,,,,
INV-60725,Check,29-Apr-24,,,,,,,,,,,
INV-70799,Wire Transfer,2-May-24,,,,,,,,,,,
INV-86358,ACH Transfer,14-Apr-24,,,,,,,,,,,
INV-63355,Credit Card,17-Apr-24,,,,,,,,,,,
INV-53711,Credit Card,16-Apr-24,,,,,,,,,,,
INV-75673,ACH Transfer,15-Apr-24,,,,,,,,,,,
INV-52470,Check,13-Apr-24,,,,,,,,,,,
INV-34927,Check,25-Apr-24,,,,,,,,,,,
INV-58857,Check,16-Apr-24,,,,,,,,,,,
INV-92548,ACH Transfer,24-Apr-24,,,,,,,,,,,
INV-85573,ACH Transfer,4-May-24,,,,,,,,,,,
INV-66472,Wire Transfer,21-Apr-24,,,,,,,,,,,
INV-14234,Check,30-Apr-24,,,,,,,,,,,
INV-11465,Check,29-Apr-24,,,,,,,,,,,
INV-64005,Check,2-May-24,,,,,,,,,,,
INV-50132,Wire Transfer,27-Apr-24,,,,,,,,,,,
INV-74639,Credit Card,6-May-24,,,,,,,,,,,
INV-58728,Credit Card,27-Apr-24,,,,,,,,,,,
INV-93131,Check,10-Apr-24,,,,,,,,,,,
INV-79385,Wire Transfer,11-Apr-24,,,,,,,,,,,
INV-54952,Wire Transfer,20-Apr-24,,,,,,,,,,,
INV-75498,ACH Transfer,28-Apr-24,,,,,,,,,,,
INV-91265,ACH Transfer,20-Apr-24,,,,,,,,,,,
INV-38509,Wire Transfer,5-May-24,,,,,,,,,,,
INV-24919,Wire Transfer,22-Apr-24,,,,,,,,,,,
INV-99489,Check,3-May-24,,,,,,,,,,,
INV-89516,Wire Transfer,18-Apr-24,,,,,,,,,,,
INV-51416,Credit Card,8-Apr-24,,,,,,,,,,,
INV-71719,Credit Card,6-May-24,,,,,,,,,,,
INV-30374,Check,4-May-24,,,,,,,,,,,
INV-41329,Wire Transfer,3-May-24,,,,,,,,,,,
INV-54634,Credit Card,23-Apr-24,,,,,,,,,,,
INV-35961,Wire Transfer,19-Apr-24,,,,,,,,,,,
INV-53017,Wire Transfer,13-Apr-24,,,,,,,,,,,
INV-21635,Check,7-Apr-24,,,,,,,,,,,
INV-78274,Credit Card,10-Apr-24,,,,,,,,,,,
INV-22790,Credit Card,24-Apr-24,,,,,,,,,,,
INV-89579,Wire Transfer,1-May-24,,,,,,,,,,,
INV-70020,Credit Card,26-Apr-24,,,,,,,,,,,
INV-71206,Wire Transfer,18-Apr-24,,,,,,,,,,,
INV-34970,Credit Card,20-Apr-24,,,,,,,,,,,
INV-36379,Credit Card,19-Apr-24,,,,,,,,,,,
INV-83637,Check,15-Apr-24,,,,,,,,,,,
INV-84334,Credit Card,30-Apr-24,,,,,,,,,,,
INV-64005,ACH Transfer,7-Apr-24,,,,,,,,,,,
INV-84070,Credit Card,2-May-24,,,,,,,,,,,
INV-89545,Check,12-Apr-24,,,,,,,,,,,
INV-37719,ACH Transfer,10-Apr-24,,,,,,,,,,,
INV-36976,Wire Transfer,26-Apr-24,,,,,,,,,,,
INV-65586,Wire Transfer,22-Apr-24,,,,,,,,,,,
INV-46275,Credit Card,24-Apr-24,,,,,,,,,,,
INV-99519,Check,11-Apr-24,,,,,,,,,,,
INV-37492,ACH Transfer,16-Apr-24,,,,,,,,,,,
INV-54062,ACH Transfer,16-Apr-24,,,,,,,,,,,
INV-14539,Wire Transfer,8-Apr-24,,,,,,,,,,,
INV-25811,Check,4-May-24,,,,,,,,,,,
INV-37354,Credit Card,21-Apr-24,,,,,,,,,,,
INV-92434,Credit Card,6-May-24,,,,,,,,,,,
INV-74037,Check,25-Apr-24,,,,,,,,,,,
INV-60164,Check,6-May-24,,,,,,,,,,,
INV-66724,Check,20-Apr-24,,,,,,,,,,,
INV-83815,Wire Transfer,7-Apr-24,,,,,,,,,,,
INV-52873,Wire Transfer,21-Apr-24,,,,,,,,,,,
INV-48585,Credit Card,19-Apr-24,,,,,,,,,,,
INV-72613,Wire Transfer,8-Apr-24,,,,,,,,,,,
INV-63782,Credit Card,16-Apr-24,,,,,,,,,,,
INV-83230,Check,8-Apr-24,,,,,,,,,,,
INV-60455,Check,1-May-24,,,,,,,,,,,
INV-82126,Wire Transfer,18-Apr-24,,,,,,,,,,,
INV-55888,ACH Transfer,15-Apr-24,,,,,,,,,,,
INV-44190,Credit Card,12-Apr-24,,,,,,,,,,,
INV-74389,Wire Transfer,4-May-24,,,,,,,,,,,
INV-58525,Check,13-Apr-24,,,,,,,,,,,
INV-10072,Check,21-Apr-24,,,,,,,,,,,
INV-39652,Check,15-Apr-24,,,,,,,,,,,
INV-57626,Check,27-Apr-24,,,,,,,,,,,
INV-57621,Credit Card,30-Apr-24,,,,,,,,,,,
INV-26293,Credit Card,15-Apr-24,,,,,,,,,,,
INV-80694,Wire Transfer,20-Apr-24,,,,,,,,,,,
INV-45387,ACH Transfer,26-Apr-24,,,,,,,,,,,
INV-72892,Credit Card,28-Apr-24,,,,,,,,,,,
INV-37503,Credit Card,29-Apr-24,,,,,,,,,,,
INV-26309,Check,8-Apr-24,,,,,,,,,,,
INV-17051,ACH Transfer,22-Apr-24,,,,,,,,,,,
INV-78223,Credit Card,11-Apr-24,,,,,,,,,,,
INV-44123,Wire Transfer,16-Apr-24,,,,,,,,,,,
INV-91228,Credit Card,16-Apr-24,,,,,,,,,,,
INV-96692,Check,16-Apr-24,,,,,,,,,,,
INV-65963,Check,11-Apr-24,,,,,,,,,,,
INV-86947,ACH Transfer,20-Apr-24,,,,,,,,,,,
INV-51831,ACH Transfer,2-May-24,,,,,,,,,,,
INV-79108,Wire Transfer,8-Apr-24,,,,,,,,,,,
INV-92316,ACH Transfer,17-Apr-24,,,,,,,,,,,
INV-54323,ACH Transfer,16-Apr-24,,,,,,,,,,,
INV-83146,Wire Transfer,28-Apr-24,,,,,,,,,,,
INV-25186,ACH Transfer,14-Apr-24,,,,,,,,,,,
INV-62019,Check,23-Apr-24,,,,,,,,,,,
INV-63621,Credit Card,13-Apr-24,,,,,,,,,,,
INV-43711,Wire Transfer,30-Apr-24,,,,,,,,,,,
INV-30385,Credit Card,19-Apr-24,,,,,,,,,,,
INV-15413,Check,9-Apr-24,,,,,,,,,,,
INV-86005,Wire Transfer,6-May-24,,,,,,,,,,,
INV-64045,Check,15-Apr-24,,,,,,,,,,,
INV-87940,Wire Transfer,10-Apr-24,,,,,,,,,,,
INV-94057,Check,17-Apr-24,,,,,,,,,,,
INV-15659,Wire Transfer,9-Apr-24,,,,,,,,,,,
INV-41896,ACH Transfer,11-Apr-24,,,,,,,,,,,
INV-72059,Credit Card,28-Apr-24,,,,,,,,,,,
INV-34913,Check,28-Apr-24,,,,,,,,,,,
INV-21476,Wire Transfer,1-May-24,,,,,,,,,,,
INV-71869,Wire Transfer,27-Apr-24,,,,,,,,,,,
INV-41231,Credit Card,1-May-24,,,,,,,,,,,
INV-34224,Check,19-Apr-24,,,,,,,,,,,
INV-55736,Check,14-Apr-24,,,,,,,,,,,
INV-20087,Check,23-Apr-24,,,,,,,,,,,
INV-48229,Wire Transfer,4-May-24,,,,,,,,,,,
INV-55234,Check,3-May-24,,,,,,,,,,,
INV-96567,Wire Transfer,14-Apr-24,,,,,,,,,,,
INV-34773,Check,6-May-24,,,,,,,,,,,
INV-10926,Check,15-Apr-24,,,,,,,,,,,
INV-87113,ACH Transfer,10-Apr-24,,,,,,,,,,,
INV-55140,Wire Transfer,7-Apr-24,,,,,,,,,,,
INV-99893,Credit Card,8-Apr-24,,,,,,,,,,,
INV-84880,ACH Transfer,15-Apr-24,,,,,,,,,,,
INV-61569,Wire Transfer,2-May-24,,,,,,,,,,,
INV-28261,Credit Card,10-Apr-24,,,,,,,,,,,
INV-13065,Wire Transfer,23-Apr-24,,,,,,,,,,,
INV-90052,Credit Card,20-Apr-24,,,,,,,,,,,
INV-24620,Check,12-Apr-24,,,,,,,,,,,
INV-91142,Wire Transfer,15-Apr-24,,,,,,,,,,,
INV-14656,Credit Card,21-Apr-24,,,,,,,,,,,
INV-33820,Check,12-Apr-24,,,,,,,,,,,
INV-69256,Wire Transfer,15-Apr-24,,,,,,,,,,,
INV-23907,Credit Card,11-Apr-24,,,,,,,,,,,
INV-55156,Check,15-Apr-24,,,,,,,,,,,
INV-87295,Check,1-May-24,,,,,,,,,,,
INV-45998,Check,4-May-24,,,,,,,,,,,
INV-67448,Credit Card,3-May-24,,,,,,,,,,,
INV-17044,Credit Card,21-Apr-24,,,,,,,,,,,
INV-97204,Check,29-Apr-24,,,,,,,,,,,
INV-65071,ACH Transfer,8-Apr-24,,,,,,,,,,,
INV-77119,ACH Transfer,5-May-24,,,,,,,,,,,
INV-60959,Check,9-Apr-24,,,,,,,,,,,
INV-14153,Credit Card,20-Apr-24,,,,,,,,,,,
INV-44177,Credit Card,16-Apr-24,,,,,,,,,,,
INV-84739,Credit Card,24-Apr-24,,,,,,,,,,,
INV-48023,Wire Transfer,16-Apr-24,,,,,,,,,,,
INV-17685,ACH Transfer,8-Apr-24,,,,,,,,,,,
INV-65738,Wire Transfer,8-Apr-24,,,,,,,,,,,
INV-53702,Credit Card,30-Apr-24,,,,,,,,,,,
INV-98116,Wire Transfer,5-May-24,,,,,,,,,,,
INV-49033,Check,18-Apr-24,,,,,,,,,,,
INV-44289,Check,24-Apr-24,,,,,,,,,,,
INV-98119,Credit Card,21-Apr-24,,,,,,,,,,,
INV-21941,Credit Card,24-Apr-24,,,,,,,,,,,
INV-73538,Check,29-Apr-24,,,,,,,,,,,
INV-46387,ACH Transfer,7-Apr-24,,,,,,,,,,,
INV-34989,Check,24-Apr-24,,,,,,,,,,,
INV-81022,Wire Transfer,11-Apr-24,,,,,,,,,,,
INV-68892,Wire Transfer,18-Apr-24,,,,,,,,,,,
INV-57499,ACH Transfer,16-Apr-24,,,,,,,,,,,
INV-93569,Check,2-May-24,,,,,,,,,,,
INV-94288,Check,23-Apr-24,,,,,,,,,,,
INV-11143,Wire Transfer,16-Apr-24,,,,,,,,,,,
INV-86403,Wire Transfer,30-Apr-24,,,,,,,,,,,
INV-24274,Credit Card,15-Apr-24,,,,,,,,,,,
INV-31484,Credit Card,4-May-24,,,,,,,,,,,
INV-34812,Credit Card,28-Apr-24,,,,,,,,,,,
INV-51028,ACH Transfer,3-May-24,,,,,,,,,,,
INV-28958,ACH Transfer,13-Apr-24,,,,,,,,,,,
INV-89242,Credit Card,26-Apr-24,,,,,,,,,,,
INV-65481,Credit Card,13-Apr-24,,,,,,,,,,,
INV-27320,ACH Transfer,28-Apr-24,,,,,,,,,,,
INV-61707,ACH Transfer,21-Apr-24,,,,,,,,,,,
INV-92452,Credit Card,25-Apr-24,,,,,,,,,,,
INV-40817,Check,8-Apr-24,,,,,,,,,,,
INV-79797,Wire Transfer,10-Apr-24,,,,,,,,,,,
INV-54841,Wire Transfer,18-Apr-24,,,,,,,,,,,
INV-76826,ACH Transfer,14-Apr-24,,,,,,,,,,,
INV-65261,ACH Transfer,27-Apr-24,,,,,,,,,,,
INV-11152,Wire Transfer,5-May-24,,,,,,,,,,,
INV-48371,Wire Transfer,27-Apr-24,,,,,,,,,,,
INV-99674,Credit Card,2-May-24,,,,,,,,,,,
INV-82377,Check,11-Apr-24,,,,,,,,,,,
INV-28098,Credit Card,17-Apr-24,,,,,,,,,,,
INV-57117,ACH Transfer,9-Apr-24,,,,,,,,,,,
INV-52831,Check,25-Apr-24,,,,,,,,,,,
INV-68881,Check,5-May-24,,,,,,,,,,,
INV-21147,Wire Transfer,17-Apr-24,,,,,,,,,,,
INV-94285,ACH Transfer,12-Apr-24,,,,,,,,,,,
INV-65116,Credit Card,7-Apr-24,,,,,,,,,,,
INV-96443,ACH Transfer,22-Apr-24,,,,,,,,,,,
INV-80003,Check,17-Apr-24,,,,,,,,,,,
INV-18589,Credit Card,18-Apr-24,,,,,,,,,,,
INV-57493,Credit Card,2-May-24,,,,,,,,,,,
INV-36008,Wire Transfer,29-Apr-24,,,,,,,,,,,
INV-24309,Credit Card,12-Apr-24,,,,,,,,,,,
INV-80462,Credit Card,18-Apr-24,,,,,,,,,,,
INV-45816,Wire Transfer,25-Apr-24,,,,,,,,,,,
INV-83685,ACH Transfer,18-Apr-24,,,,,,,,,,,
INV-51793,ACH Transfer,27-Apr-24,,,,,,,,,,,
INV-35880,Check,28-Apr-24,,,,,,,,,,,
INV-20934,Wire Transfer,29-Apr-24,,,,,,,,,,,
INV-50174,Check,12-Apr-24,,,,,,,,,,,
INV-50891,Wire Transfer,24-Apr-24,,,,,,,,,,,
INV-32889,Check,21-Apr-24,,,,,,,,,,,
INV-23009,ACH Transfer,21-Apr-24,,,,,,,,,,,
INV-37024,Check,10-Apr-24,,,,,,,,,,,
INV-38764,Credit Card,24-Apr-24,,,,,,,,,,,
INV-69181,Credit Card,25-Apr-24,,,,,,,,,,,
INV-70643,Wire Transfer,23-Apr-24,,,,,,,,,,,
INV-47712,Credit Card,19-Apr-24,,,,,,,,,,,
INV-15330,Wire Transfer,22-Apr-24,,,,,,,,,,,
INV-19198,ACH Transfer,12-Apr-24,,,,,,,,,,,
INV-83242,Check,19-Apr-24,,,,,,,,,,,
INV-68483,Check,26-Apr-24,,,,,,,,,,,
INV-71882,ACH Transfer,6-May-24,,,,,,,,,,,
INV-94465,Wire Transfer,12-Apr-24,,,,,,,,,,,
INV-16819,Credit Card,3-May-24,,,,,,,,,,,
INV-39106,Check,11-Apr-24,,,,,,,,,,,
INV-29911,Wire Transfer,26-Apr-24,,,,,,,,,,,
INV-93062,Wire Transfer,16-Apr-24,,,,,,,,,,,
INV-71566,Credit Card,6-May-24,,,,,,,,,,,
INV-68170,Credit Card,10-Apr-24,,,,,,,,,,,
INV-86272,Wire Transfer,9-Apr-24,,,,,,,,,,,
INV-89263,Wire Transfer,14-Apr-24,,,,,,,,,,,
INV-20845,Wire Transfer,18-Apr-24,,,,,,,,,,,
INV-92509,Wire Transfer,29-Apr-24,,,,,,,,,,,
INV-70607,Credit Card,21-Apr-24,,,,,,,,,,,
INV-28238,Check,4-May-24,,,,,,,,,,,
INV-95191,Check,7-Apr-24,,,,,,,,,,,
INV-22463,Credit Card,26-Apr-24,,,,,,,,,,,
INV-81330,ACH Transfer,14-Apr-24,,,,,,,,,,,
INV-10093,Check,18-Apr-24,,,,,,,,,,,
INV-55743,Credit Card,11-Apr-24,,,,,,,,,,,
INV-76078,Check,22-Apr-24,,,,,,,,,,,
INV-13621,Wire Transfer,5-May-24,,,,,,,,,,,
INV-56103,Credit Card,9-Apr-24,,,,,,,,,,,
INV-21513,ACH Transfer,6-May-24,,,,,,,,,,,
INV-84419,Wire Transfer,13-Apr-24,,,,,,,,,,,
INV-75481,ACH Transfer,29-Apr-24,,,,,,,,,,,
INV-99770,Wire Transfer,20-Apr-24,,,,,,,,,,,
INV-34797,Credit Card,6-May-24,,,,,,,,,,,
INV-69254,Check,19-Apr-24,,,,,,,,,,,
INV-11104,Check,28-Apr-24,,,,,,,,,,,
INV-84835,ACH Transfer,15-Apr-24,,,,,,,,,,,
INV-45206,Wire Transfer,30-Apr-24,,,,,,,,,,,
INV-44816,Credit Card,16-Apr-24,,,,,,,,,,,
INV-28379,Credit Card,30-Apr-24,,,,,,,,,,,
INV-32489,Wire Transfer,30-Apr-24,,,,,,,,,,,
INV-33617,Check,10-Apr-24,,,,,,,,,,,
INV-65886,Check,11-Apr-24,,,,,,,,,,,
INV-31810,Credit Card,6-May-24,,,,,,,,,,,
INV-10635,Credit Card,21-Apr-24,,,,,,,,,,,
INV-91162,Credit Card,12-Apr-24,,,,,,,,,,,
INV-38054,Credit Card,27-Apr-24,,,,,,,,,,,
INV-26189,ACH Transfer,4-May-24,,,,,,,,,,,
INV-36403,Wire Transfer,30-Apr-24,,,,,,,,,,,
INV-66441,ACH Transfer,1-May-24,,,,,,,,,,,
INV-72719,Wire Transfer,3-May-24,,,,,,,,,,,
INV-88803,Check,7-Apr-24,,,,,,,,,,,
INV-95319,ACH Transfer,22-Apr-24,,,,,,,,,,,
INV-52876,ACH Transfer,19-Apr-24,,,,,,,,,,,
INV-29791,Check,20-Apr-24,,,,,,,,,,,
INV-23034,Credit Card,1-May-24,,,,,,,,,,,
INV-60748,ACH Transfer,22-Apr-24,,,,,,,,,,,
INV-86813,Wire Transfer,6-May-24,,,,,,,,,,,
INV-37065,Check,24-Apr-24,,,,,,,,,,,
INV-79494,ACH Transfer,5-May-24,,,,,,,,,,,
INV-31102,ACH Transfer,30-Apr-24,,,,,,,,,,,
INV-94613,Check,3-May-24,,,,,,,,,,,
INV-35083,Wire Transfer,19-Apr-24,,,,,,,,,,,
INV-20518,Check,5-May-24,,,,,,,,,,,
INV-60773,Check,14-Apr-24,,,,,,,,,,,
INV-16700,ACH Transfer,1-May-24,,,,,,,,,,,
INV-78291,Credit Card,12-Apr-24,,,,,,,,,,,
INV-77324,ACH Transfer,13-Apr-24,,,,,,,,,,,
INV-45156,Wire Transfer,16-Apr-24,,,,,,,,,,,
INV-88386,Check,14-Apr-24,,,,,,,,,,,
INV-69271,ACH Transfer,10-Apr-24,,,,,,,,,,,
INV-95697,Check,5-May-24,,,,,,,,,,,
INV-64317,ACH Transfer,20-Apr-24,,,,,,,,,,,
INV-80029,Credit Card,11-Apr-24,,,,,,,,,,,
INV-42484,Wire Transfer,13-Apr-24,,,,,,,,,,,
INV-41670,Check,19-Apr-24,,,,,,,,,,,
INV-60273,Credit Card,23-Apr-24,,,,,,,,,,,
INV-19330,Wire Transfer,8-Apr-24,,,,,,,,,,,
INV-17092,ACH Transfer,26-Apr-24,,,,,,,,,,,
INV-81025,Check,3-May-24,,,,,,,,,,,
INV-25857,ACH Transfer,6-May-24,,,,,,,,,,,
INV-35331,Wire Transfer,20-Apr-24,,,,,,,,,,,
INV-53520,Check,21-Apr-24,,,,,,,,,,,
INV-47610,Credit Card,29-Apr-24,,,,,,,,,,,
INV-36394,ACH Transfer,1-May-24,,,,,,,,,,,
INV-85525,Wire Transfer,15-Apr-24,,,,,,,,,,,
INV-38833,Wire Transfer,15-Apr-24,,,,,,,,,,,
INV-60436,Credit Card,11-Apr-24,,,,,,,,,,,
INV-63049,Check,5-May-24,,,,,,,,,,,
INV-15189,Credit Card,28-Apr-24,,,,,,,,,,,
INV-33549,ACH Transfer,30-Apr-24,,,,,,,,,,,
INV-65801,Check,4-May-24,,,,,,,,,,,
INV-58720,Wire Transfer,20-Apr-24,,,,,,,,,,,
INV-72042,Check,9-Apr-24,,,,,,,,,,,
INV-38601,Credit Card,8-Apr-24,,,,,,,,,,,
INV-68896,Credit Card,6-May-24,,,,,,,,,,,
INV-91480,Credit Card,15-Apr-24,,,,,,,,,,,
INV-45010,Wire Transfer,26-Apr-24,,,,,,,,,,,
INV-76044,Wire Transfer,17-Apr-24,,,,,,,,,,,
INV-33917,Credit Card,30-Apr-24,,,,,,,,,,,
INV-49209,ACH Transfer,3-May-24,,,,,,,,,,,
INV-63392,ACH Transfer,2-May-24,,,,,,,,,,,
INV-37894,Wire Transfer,4-May-24,,,,,,,,,,,
INV-68960,Check,22-Apr-24,,,,,,,,,,,
INV-16876,Check,5-May-24,,,,,,,,,,,
INV-68512,Wire Transfer,28-Apr-24,,,,,,,,,,,
INV-43948,Credit Card,15-Apr-24,,,,,,,,,,,
INV-85481,ACH Transfer,2-May-24,,,,,,,,,,,
INV-52104,Credit Card,29-Apr-24,,,,,,,,,,,
INV-41277,Credit Card,19-Apr-24,,,,,,,,,,,
INV-40978,ACH Transfer,2-May-24,,,,,,,,,,,
INV-22355,Check,3-May-24,,,,,,,,,,,
INV-75087,Credit Card,19-Apr-24,,,,,,,,,,,
INV-28432,Wire Transfer,4-May-24,,,,,,,,,,,
INV-76515,Credit Card,30-Apr-24,,,,,,,,,,,
INV-87170,Credit Card,27-Apr-24,,,,,,,,,,,
INV-38042,Credit Card,2-May-24,,,,,,,,,,,
INV-33130,ACH Transfer,13-Apr-24,,,,,,,,,,,
INV-64077,Credit Card,25-Apr-24,,,,,,,,,,,
INV-44514,Check,4-May-24,,,,,,,,,,,
INV-60782,Wire Transfer,5-May-24,,,,,,,,,,,
INV-40006,Credit Card,25-Apr-24,,,,,,,,,,,
INV-16234,ACH Transfer,4-May-24,,,,,,,,,,,
INV-68426,Credit Card,8-Apr-24,,,,,,,,,,,
INV-26949,ACH Transfer,7-Apr-24,,,,,,,,,,,
INV-60219,ACH Transfer,29-Apr-24,,,,,,,,,,,
INV-91351,Wire Transfer,12-Apr-24,,,,,,,,,,,
INV-56275,ACH Transfer,5-May-24,,,,,,,,,,,
INV-11215,ACH Transfer,25-Apr-24,,,,,,,,,,,
INV-87236,Wire Transfer,30-Apr-24,,,,,,,,,,,
INV-62853,Wire Transfer,29-Apr-24,,,,,,,,,,,
INV-67394,Check,11-Apr-24,,,,,,,,,,,
INV-18616,Wire Transfer,2-May-24,,,,,,,,,,,
INV-90806,ACH Transfer,16-Apr-24,,,,,,,,,,,
INV-28156,Credit Card,25-Apr-24,,,,,,,,,,,
INV-64266,ACH Transfer,23-Apr-24,,,,,,,,,,,
INV-86125,Check,29-Apr-24,,,,,,,,,,,
INV-84184,Check,10-Apr-24,,,,,,,,,,,
INV-80147,Wire Transfer,18-Apr-24,,,,,,,,,,,
INV-75585,Check,2-May-24,,,,,,,,,,,
INV-35036,Wire Transfer,25-Apr-24,,,,,,,,,,,
INV-35315,Wire Transfer,14-Apr-24,,,,,,,,,,,
INV-20500,Credit Card,9-Apr-24,,,,,,,,,,,
INV-33804,Credit Card,2-May-24,,,,,,,,,,,
INV-50443,Credit Card,20-Apr-24,,,,,,,,,,,
INV-78526,Wire Transfer,5-May-24,,,,,,,,,,,
INV-42758,ACH Transfer,20-Apr-24,,,,,,,,,,,
INV-42100,Credit Card,10-Apr-24,,,,,,,,,,,
INV-66973,ACH Transfer,30-Apr-24,,,,,,,,,,,
INV-39793,Wire Transfer,28-Apr-24,,,,,,,,,,,
INV-33016,Check,12-Apr-24,,,,,,,,,,,
INV-19740,Wire Transfer,4-May-24,,,,,,,,,,,
INV-37741,Check,25-Apr-24,,,,,,,,,,,
INV-64985,Credit Card,2-May-24,,,,,,,,,,,
INV-77611,Credit Card,8-Apr-24,,,,,,,,,,,
INV-64754,Credit Card,21-Apr-24,,,,,,,,,,,
INV-87433,Wire Transfer,20-Apr-24,,,,,,,,,,,
INV-39988,ACH Transfer,29-Apr-24,,,,,,,,,,,
INV-58312,Check,14-Apr-24,,,,,,,,,,,
INV-65152,Wire Transfer,30-Apr-24,,,,,,,,,,,
INV-94076,Credit Card,7-Apr-24,,,,,,,,,,,
INV-41991,ACH Transfer,20-Apr-24,,,,,,,,,,,
INV-91380,Credit Card,2-May-24,,,,,,,,,,,
INV-98953,ACH Transfer,16-Apr-24,,,,,,,,,,,
INV-56962,Check,13-Apr-24,,,,,,,,,,,
INV-62332,ACH Transfer,3-May-24,,,,,,,,,,,
INV-48482,Wire Transfer,22-Apr-24,,,,,,,,,,,
INV-48162,Wire Transfer,17-Apr-24,,,,,,,,,,,
INV-94589,ACH Transfer,2-May-24,,,,,,,,,,,
INV-36577,Credit Card,25-Apr-24,,,,,,,,,,,
INV-12887,Check,30-Apr-24,,,,,,,,,,,
INV-96307,ACH Transfer,8-Apr-24,,,,,,,,,,,
INV-51384,Wire Transfer,29-Apr-24,,,,,,,,,,,
INV-82088,Check,21-Apr-24,,,,,,,,,,,
INV-39100,Check,20-Apr-24,,,,,,,,,,,
INV-86880,Credit Card,6-May-24,,,,,,,,,,,
INV-77247,Wire Transfer,26-Apr-24,,,,,,,,,,,
INV-62261,Credit Card,18-Apr-24,,,,,,,,,,,
INV-85020,Credit Card,12-Apr-24,,,,,,,,,,,
INV-13595,Check,29-Apr-24,,,,,,,,,,,
INV-86263,Wire Transfer,17-Apr-24,,,,,,,,,,,
INV-89738,Check,27-Apr-24,,,,,,,,,,,
INV-74802,Check,19-Apr-24,,,,,,,,,,,
INV-94737,Wire Transfer,18-Apr-24,,,,,,,,,,,
INV-87669,Credit Card,29-Apr-24,,,,,,,,,,,
INV-71385,Wire Transfer,26-Apr-24,,,,,,,,,,,
INV-11869,Check,18-Apr-24,,,,,,,,,,,
INV-91337,Wire Transfer,7-Apr-24,,,,,,,,,,,
